"동별","독거노인별","항목","단위","2021 년","2022 년","2023 년","2024 년",
"서울특별시","합계","계","","392351","422776","448251","494926",
"서울특별시","합계","65~79세","","291042","310466","320570","356556",
"서울특별시","합계","80세 이상","","101309","112310","127681","138370",
"서울특별시","국민기초생활보장 수급권자","계","","110183","122508","129275","142005",
"서울특별시","국민기초생활보장 수급권자","65~79세","","76181","83607","87834","96231",
"서울특별시","국민기초생활보장 수급권자","80세 이상","","34002","38901","41441","45774",
"서울특별시","저소득노인","계","","14471","13645","12775","15543",
"서울특별시","저소득노인","65~79세","","8250","8068","7236","8916",
"서울특별시","저소득노인","80세 이상","","6221","5577","5539","6627",
"서울특별시","일   반","계","","267697","286623","306201","337378",
"서울특별시","일   반","65~79세","","206611","218791","225500","251409",
"서울특별시","일   반","80세 이상","","61086","67832","80701","85969",
"종로구","합계","계","","8573","8998","11178","9076",
"종로구","합계","65~79세","","6219","6372","7784","6296",
"종로구","합계","80세 이상","","2354","2626","3394","2780",
"종로구","국민기초생활보장 수급권자","계","","1839","2000","2231","2363",
"종로구","국민기초생활보장 수급권자","65~79세","","1356","1438","1581","1711",
"종로구","국민기초생활보장 수급권자","80세 이상","","483","562","650","652",
"종로구","저소득노인","계","","337","349","403","371",
"종로구","저소득노인","65~79세","","197","208","216","214",
"종로구","저소득노인","80세 이상","","140","141","187","157",
"종로구","일   반","계","","6397","6649","8544","6342",
"종로구","일   반","65~79세","","4666","4726","5987","4371",
"종로구","일   반","80세 이상","","1731","1923","2557","1971",
"사직동","합계","계","","490","513","556","510",
"사직동","합계","65~79세","","320","329","354","317",
"사직동","합계","80세 이상","","170","184","202","193",
"사직동","국민기초생활보장 수급권자","계","","60","56","54","69",
"사직동","국민기초생활보장 수급권자","65~79세","","41","39","35","41",
"사직동","국민기초생활보장 수급권자","80세 이상","","19","17","19","28",
"사직동","저소득노인","계","","10","10","14","21",
"사직동","저소득노인","65~79세","","6","6","5","21",
"사직동","저소득노인","80세 이상","","4","4","9","-",
"사직동","일   반","계","","420","447","488","420",
"사직동","일   반","65~79세","","273","284","314","255",
"사직동","일   반","80세 이상","","147","163","174","165",
"삼청동","합계","계","","189","213","193","177",
"삼청동","합계","65~79세","","126","146","121","115",
"삼청동","합계","80세 이상","","63","67","72","62",
"삼청동","국민기초생활보장 수급권자","계","","17","19","17","20",
"삼청동","국민기초생활보장 수급권자","65~79세","","12","14","12","12",
"삼청동","국민기초생활보장 수급권자","80세 이상","","5","5","5","8",
"삼청동","저소득노인","계","","6","4","10","6",
"삼청동","저소득노인","65~79세","","1","3","2","1",
"삼청동","저소득노인","80세 이상","","5","1","8","5",
"삼청동","일   반","계","","166","190","166","151",
"삼청동","일   반","65~79세","","113","129","107","102",
"삼청동","일   반","80세 이상","","53","61","59","49",
"부암동","합계","계","","418","459","458","438",
"부암동","합계","65~79세","","293","315","295","298",
"부암동","합계","80세 이상","","125","144","163","140",
"부암동","국민기초생활보장 수급권자","계","","61","58","44","56",
"부암동","국민기초생활보장 수급권자","65~79세","","40","38","24","32",
"부암동","국민기초생활보장 수급권자","80세 이상","","21","20","20","24",
"부암동","저소득노인","계","","20","16","12","14",
"부암동","저소득노인","65~79세","","13","10","3","5",
"부암동","저소득노인","80세 이상","","7","6","9","9",
"부암동","일   반","계","","337","385","402","368",
"부암동","일   반","65~79세","","240","267","268","261",
"부암동","일   반","80세 이상","","97","118","134","107",
"평창동","합계","계","","703","794","834","799",
"평창동","합계","65~79세","","456","508","522","476",
"평창동","합계","80세 이상","","247","286","312","323",
"평창동","국민기초생활보장 수급권자","계","","48","56","59","61",
"평창동","국민기초생활보장 수급권자","65~79세","","31","35","37","37",
"평창동","국민기초생활보장 수급권자","80세 이상","","17","21","22","24",
"평창동","저소득노인","계","","22","22","35","31",
"평창동","저소득노인","65~79세","","10","12","17","17",
"평창동","저소득노인","80세 이상","","12","10","18","14",
"평창동","일   반","계","","633","716","740","707",
"평창동","일   반","65~79세","","415","461","468","422",
"평창동","일   반","80세 이상","","218","255","272","285",
"무악동","합계","계","","291","327","436","340",
"무악동","합계","65~79세","","208","214","257","214",
"무악동","합계","80세 이상","","83","113","179","126",
"무악동","국민기초생활보장 수급권자","계","","59","88","81","103",
"무악동","국민기초생활보장 수급권자","65~79세","","35","55","43","74",
"무악동","국민기초생활보장 수급권자","80세 이상","","24","33","38","29",
"무악동","저소득노인","계","","11","20","32","9",
"무악동","저소득노인","65~79세","","5","6","14","2",
"무악동","저소득노인","80세 이상","","6","14","18","7",
"무악동","일   반","계","","221","219","323","228",
"무악동","일   반","65~79세","","168","153","200","138",
"무악동","일   반","80세 이상","","53","66","123","90",
"교남동","합계","계","","414","444","577","449",
"교남동","합계","65~79세","","306","314","385","315",
"교남동","합계","80세 이상","","108","130","192","134",
"교남동","국민기초생활보장 수급권자","계","","79","55","119","106",
"교남동","국민기초생활보장 수급권자","65~79세","","49","31","66","58",
"교남동","국민기초생활보장 수급권자","80세 이상","","30","24","53","48",
"교남동","저소득노인","계","","14","18","28","52",
"교남동","저소득노인","65~79세","","4","9","17","34",
"교남동","저소득노인","80세 이상","","10","9","11","18",
"교남동","일   반","계","","321","371","430","291",
"교남동","일   반","65~79세","","253","274","302","223",
"교남동","일   반","80세 이상","","68","97","128","68",
"청운효자동","합계","계","","514","549","641","536",
"청운효자동","합계","65~79세","","344","352","392","342",
"청운효자동","합계","80세 이상","","170","197","249","194",
"청운효자동","국민기초생활보장 수급권자","계","","71","72","98","88",
"청운효자동","국민기초생활보장 수급권자","65~79세","","35","29","51","46",
"청운효자동","국민기초생활보장 수급권자","80세 이상","","36","43","47","42",
"청운효자동","저소득노인","계","","23","23","34","43",
"청운효자동","저소득노인","65~79세","","10","11","15","18",
"청운효자동","저소득노인","80세 이상","","13","12","19","25",
"청운효자동","일   반","계","","420","454","509","405",
"청운효자동","일   반","65~79세","","299","312","326","278",
"청운효자동","일   반","80세 이상","","121","142","183","127",
"가회동","합계","계","","243","248","251","247",
"가회동","합계","65~79세","","175","181","165","168",
"가회동","합계","80세 이상","","68","67","86","79",
"가회동","국민기초생활보장 수급권자","계","","22","19","19","34",
"가회동","국민기초생활보장 수급권자","65~79세","","12","7","7","19",
"가회동","국민기초생활보장 수급권자","80세 이상","","10","12","12","15",
"가회동","저소득노인","계","","3","8","10","9",
"가회동","저소득노인","65~79세","","1","4","6","6",
"가회동","저소득노인","80세 이상","","2","4","4","3",
"가회동","일   반","계","","218","221","222","204",
"가회동","일   반","65~79세","","162","170","152","143",
"가회동","일   반","80세 이상","","56","51","70","61",
"종로1.2.3.4가동","합계","계","","1215","1111","1489","1127",
"종로1.2.3.4가동","합계","65~79세","","953","868","1178","882",
"종로1.2.3.4가동","합계","80세 이상","","262","243","311","245",
"종로1.2.3.4가동","국민기초생활보장 수급권자","계","","372","404","426","474",
"종로1.2.3.4가동","국민기초생활보장 수급권자","65~79세","","298","333","347","387",
"종로1.2.3.4가동","국민기초생활보장 수급권자","80세 이상","","74","71","79","87",
"종로1.2.3.4가동","저소득노인","계","","35","19","21","19",
"종로1.2.3.4가동","저소득노인","65~79세","","22","10","13","10",
"종로1.2.3.4가동","저소득노인","80세 이상","","13","9","8","9",
"종로1.2.3.4가동","일   반","계","","808","688","1042","634",
"종로1.2.3.4가동","일   반","65~79세","","633","525","818","485",
"종로1.2.3.4가동","일   반","80세 이상","","175","163","224","149",
"종로5.6가동","합계","계","","446","489","616","481",
"종로5.6가동","합계","65~79세","","334","370","465","356",
"종로5.6가동","합계","80세 이상","","112","119","151","125",
"종로5.6가동","국민기초생활보장 수급권자","계","","101","124","133","146",
"종로5.6가동","국민기초생활보장 수급권자","65~79세","","85","99","100","111",
"종로5.6가동","국민기초생활보장 수급권자","80세 이상","","16","25","33","35",
"종로5.6가동","저소득노인","계","","30","32","24","13",
"종로5.6가동","저소득노인","65~79세","","18","23","17","8",
"종로5.6가동","저소득노인","80세 이상","","12","9","7","5",
"종로5.6가동","일   반","계","","315","333","459","322",
"종로5.6가동","일   반","65~79세","","231","248","348","237",
"종로5.6가동","일   반","80세 이상","","84","85","111","85",
"이화동","합계","계","","430","456","601","432",
"이화동","합계","65~79세","","296","311","396","288",
"이화동","합계","80세 이상","","134","145","205","144",
"이화동","국민기초생활보장 수급권자","계","","101","100","134","107",
"이화동","국민기초생활보장 수급권자","65~79세","","66","64","89","76",
"이화동","국민기초생활보장 수급권자","80세 이상","","35","36","45","31",
"이화동","저소득노인","계","","26","40","33","30",
"이화동","저소득노인","65~79세","","14","25","14","12",
"이화동","저소득노인","80세 이상","","12","15","19","18",
"이화동","일   반","계","","303","316","434","295",
"이화동","일   반","65~79세","","216","222","293","200",
"이화동","일   반","80세 이상","","87","94","141","95",
"혜화동","합계","계","","708","766","846","741",
"혜화동","합계","65~79세","","456","476","513","443",
"혜화동","합계","80세 이상","","252","290","333","298",
"혜화동","국민기초생활보장 수급권자","계","","106","128","115","114",
"혜화동","국민기초생활보장 수급권자","65~79세","","62","76","71","69",
"혜화동","국민기초생활보장 수급권자","80세 이상","","44","52","44","45",
"혜화동","저소득노인","계","","20","19","37","14",
"혜화동","저소득노인","65~79세","","12","7","16","5",
"혜화동","저소득노인","80세 이상","","8","12","21","9",
"혜화동","일   반","계","","582","619","694","613",
"혜화동","일   반","65~79세","","382","393","426","369",
"혜화동","일   반","80세 이상","","200","226","268","244",
"창신1동","합계","계","","602","544","813","592",
"창신1동","합계","65~79세","","479","428","630","459",
"창신1동","합계","80세 이상","","123","116","183","133",
"창신1동","국민기초생활보장 수급권자","계","","208","201","234","216",
"창신1동","국민기초생활보장 수급권자","65~79세","","172","161","185","178",
"창신1동","국민기초생활보장 수급권자","80세 이상","","36","40","49","38",
"창신1동","저소득노인","계","","9","15","37","14",
"창신1동","저소득노인","65~79세","","5","10","28","11",
"창신1동","저소득노인","80세 이상","","4","5","9","3",
"창신1동","일   반","계","","385","328","542","362",
"창신1동","일   반","65~79세","","302","257","417","270",
"창신1동","일   반","80세 이상","","83","71","125","92",
"창신2동","합계","계","","587","659","951","685",
"창신2동","합계","65~79세","","467","503","705","510",
"창신2동","합계","80세 이상","","120","156","246","175",
"창신2동","국민기초생활보장 수급권자","계","","147","209","251","268",
"창신2동","국민기초생활보장 수급권자","65~79세","","114","149","182","193",
"창신2동","국민기초생활보장 수급권자","80세 이상","","33","60","69","75",
"창신2동","저소득노인","계","","16","34","26","32",
"창신2동","저소득노인","65~79세","","9","24","16","25",
"창신2동","저소득노인","80세 이상","","7","10","10","7",
"창신2동","일   반","계","","424","416","674","385",
"창신2동","일   반","65~79세","","344","330","507","292",
"창신2동","일   반","80세 이상","","80","86","167","93",
"창신3동","합계","계","","285","309","404","326",
"창신3동","합계","65~79세","","203","209","273","218",
"창신3동","합계","80세 이상","","82","100","131","108",
"창신3동","국민기초생활보장 수급권자","계","","60","77","85","111",
"창신3동","국민기초생활보장 수급권자","65~79세","","46","56","57","78",
"창신3동","국민기초생활보장 수급권자","80세 이상","","14","21","28","33",
"창신3동","저소득노인","계","","16","7","11","9",
"창신3동","저소득노인","65~79세","","9","5","8","6",
"창신3동","저소득노인","80세 이상","","7","2","3","3",
"창신3동","일   반","계","","209","225","308","206",
"창신3동","일   반","65~79세","","148","148","208","134",
"창신3동","일   반","80세 이상","","61","77","100","72",
"숭인1동","합계","계","","378","406","558","447",
"숭인1동","합계","65~79세","","268","290","388","316",
"숭인1동","합계","80세 이상","","110","116","170","131",
"숭인1동","국민기초생활보장 수급권자","계","","104","116","133","148",
"숭인1동","국민기초생활보장 수급권자","65~79세","","78","85","96","105",
"숭인1동","국민기초생활보장 수급권자","80세 이상","","26","31","37","43",
"숭인1동","저소득노인","계","","18","25","14","27",
"숭인1동","저소득노인","65~79세","","13","11","6","15",
"숭인1동","저소득노인","80세 이상","","5","14","8","12",
"숭인1동","일   반","계","","256","265","411","272",
"숭인1동","일   반","65~79세","","177","194","286","196",
"숭인1동","일   반","80세 이상","","79","71","125","76",
"숭인2동","합계","계","","660","711","954","749",
"숭인2동","합계","65~79세","","535","558","745","579",
"숭인2동","합계","80세 이상","","125","153","209","170",
"숭인2동","국민기초생활보장 수급권자","계","","223","218","229","242",
"숭인2동","국민기초생활보장 수급권자","65~79세","","180","167","179","195",
"숭인2동","국민기초생활보장 수급권자","80세 이상","","43","51","50","47",
"숭인2동","저소득노인","계","","58","37","25","28",
"숭인2동","저소득노인","65~79세","","45","32","19","18",
"숭인2동","저소득노인","80세 이상","","13","5","6","10",
"숭인2동","일   반","계","","379","456","700","479",
"숭인2동","일   반","65~79세","","310","359","547","366",
"숭인2동","일   반","80세 이상","","69","97","153","113",
"중구","합계","계","","7553","7425","7987","8088",
"중구","합계","65~79세","","5538","5417","5766","5850",
"중구","합계","80세 이상","","2015","2008","2221","2238",
"중구","국민기초생활보장 수급권자","계","","2168","2392","2553","2762",
"중구","국민기초생활보장 수급권자","65~79세","","1564","1733","1787","1950",
"중구","국민기초생활보장 수급권자","80세 이상","","604","659","766","812",
"중구","저소득노인","계","","265","366","324","173",
"중구","저소득노인","65~79세","","138","211","177","84",
"중구","저소득노인","80세 이상","","127","155","147","89",
"중구","일   반","계","","5120","4667","5110","5153",
"중구","일   반","65~79세","","3836","3473","3802","3816",
"중구","일   반","80세 이상","","1284","1194","1308","1337",
"소공동","합계","계","","79","70","87","85",
"소공동","합계","65~79세","","67","55","67","64",
"소공동","합계","80세 이상","","12","15","20","21",
"소공동","국민기초생활보장 수급권자","계","","19","17","17","16",
"소공동","국민기초생활보장 수급권자","65~79세","","17","15","15","13",
"소공동","국민기초생활보장 수급권자","80세 이상","","2","2","2","3",
"소공동","저소득노인","계","","0","-","-","1",
"소공동","저소득노인","65~79세","","0","-","-","1",
"소공동","저소득노인","80세 이상","","0","-","-","-",
"소공동","일   반","계","","60","53","70","68",
"소공동","일   반","65~79세","","50","40","52","50",
"소공동","일   반","80세 이상","","10","13","18","18",
"회현동","합계","계","","578","480","553","499",
"회현동","합계","65~79세","","455","377","433","390",
"회현동","합계","80세 이상","","123","103","120","109",
"회현동","국민기초생활보장 수급권자","계","","203","213","219","224",
"회현동","국민기초생활보장 수급권자","65~79세","","178","178","188","187",
"회현동","국민기초생활보장 수급권자","80세 이상","","25","35","31","37",
"회현동","저소득노인","계","","8","8","8","2",
"회현동","저소득노인","65~79세","","2","3","4","1",
"회현동","저소득노인","80세 이상","","6","5","4","1",
"회현동","일   반","계","","367","259","326","273",
"회현동","일   반","65~79세","","275","196","241","202",
"회현동","일   반","80세 이상","","92","63","85","71",
"명동","합계","계","","215","192","199","181",
"명동","합계","65~79세","","171","145","153","138",
"명동","합계","80세 이상","","44","47","46","43",
"명동","국민기초생활보장 수급권자","계","","41","30","24","23",
"명동","국민기초생활보장 수급권자","65~79세","","34","23","17","15",
"명동","국민기초생활보장 수급권자","80세 이상","","7","7","7","8",
"명동","저소득노인","계","","5","2","-","1",
"명동","저소득노인","65~79세","","4","1","-","-",
"명동","저소득노인","80세 이상","","1","1","-","1",
"명동","일   반","계","","169","160","175","157",
"명동","일   반","65~79세","","133","121","136","123",
"명동","일   반","80세 이상","","36","39","39","34",
"필동","합계","계","","355","313","316","352",
"필동","합계","65~79세","","253","221","224","252",
"필동","합계","80세 이상","","102","92","92","100",
"필동","국민기초생활보장 수급권자","계","","41","52","56","57",
"필동","국민기초생활보장 수급권자","65~79세","","30","38","39","40",
"필동","국민기초생활보장 수급권자","80세 이상","","11","14","17","17",
"필동","저소득노인","계","","12","9","8","6",
"필동","저소득노인","65~79세","","6","5","4","3",
"필동","저소득노인","80세 이상","","6","4","4","3",
"필동","일   반","계","","302","252","252","289",
"필동","일   반","65~79세","","217","178","181","209",
"필동","일   반","80세 이상","","85","74","71","80",
"장충동","합계","계","","267","252","271","291",
"장충동","합계","65~79세","","188","171","181","195",
"장충동","합계","80세 이상","","79","81","90","96",
"장충동","국민기초생활보장 수급권자","계","","54","57","60","74",
"장충동","국민기초생활보장 수급권자","65~79세","","42","39","42","52",
"장충동","국민기초생활보장 수급권자","80세 이상","","12","18","18","22",
"장충동","저소득노인","계","","4","6","6","1",
"장충동","저소득노인","65~79세","","2","4","4","1",
"장충동","저소득노인","80세 이상","","2","2","2","-",
"장충동","일   반","계","","209","189","205","216",
"장충동","일   반","65~79세","","144","128","135","142",
"장충동","일   반","80세 이상","","65","61","70","74",
"광희동","합계","계","","443","441","475","479",
"광희동","합계","65~79세","","349","342","367","367",
"광희동","합계","80세 이상","","94","99","108","112",
"광희동","국민기초생활보장 수급권자","계","","94","110","111","123",
"광희동","국민기초생활보장 수급권자","65~79세","","79","94","86","94",
"광희동","국민기초생활보장 수급권자","80세 이상","","15","16","25","29",
"광희동","저소득노인","계","","11","13","15","12",
"광희동","저소득노인","65~79세","","5","6","7","8",
"광희동","저소득노인","80세 이상","","6","7","8","4",
"광희동","일   반","계","","338","318","349","344",
"광희동","일   반","65~79세","","265","242","274","265",
"광희동","일   반","80세 이상","","73","76","75","79",
"을지로동","합계","계","","274","276","292","284",
"을지로동","합계","65~79세","","212","223","230","219",
"을지로동","합계","80세 이상","","62","53","62","65",
"을지로동","국민기초생활보장 수급권자","계","","78","91","91","91",
"을지로동","국민기초생활보장 수급권자","65~79세","","57","72","73","67",
"을지로동","국민기초생활보장 수급권자","80세 이상","","21","19","18","24",
"을지로동","저소득노인","계","","9","7","10","6",
"을지로동","저소득노인","65~79세","","4","3","5","2",
"을지로동","저소득노인","80세 이상","","5","4","5","4",
"을지로동","일   반","계","","187","178","191","187",
"을지로동","일   반","65~79세","","151","148","152","150",
"을지로동","일   반","80세 이상","","36","30","39","37",
"신당동","합계","계","","561","574","636","630",
"신당동","합계","65~79세","","431","439","474","483",
"신당동","합계","80세 이상","","130","135","162","147",
"신당동","국민기초생활보장 수급권자","계","","163","193","207","235",
"신당동","국민기초생활보장 수급권자","65~79세","","127","146","159","184",
"신당동","국민기초생활보장 수급권자","80세 이상","","36","47","48","51",
"신당동","저소득노인","계","","23","22","18","11",
"신당동","저소득노인","65~79세","","9","12","8","2",
"신당동","저소득노인","80세 이상","","14","10","10","9",
"신당동","일   반","계","","375","359","411","384",
"신당동","일   반","65~79세","","295","281","307","297",
"신당동","일   반","80세 이상","","80","78","104","87",
"다산동","합계","계","","713","709","765","809",
"다산동","합계","65~79세","","519","510","547","591",
"다산동","합계","80세 이상","","194","199","218","218",
"다산동","국민기초생활보장 수급권자","계","","166","190","206","237",
"다산동","국민기초생활보장 수급권자","65~79세","","118","140","127","153",
"다산동","국민기초생활보장 수급권자","80세 이상","","48","50","79","84",
"다산동","저소득노인","계","","24","43","38","18",
"다산동","저소득노인","65~79세","","7","21","17","6",
"다산동","저소득노인","80세 이상","","17","22","21","12",
"다산동","일   반","계","","523","476","521","554",
"다산동","일   반","65~79세","","394","349","403","432",
"다산동","일   반","80세 이상","","129","127","118","122",
"약수동","합계","계","","1097","1124","1204","1242",
"약수동","합계","65~79세","","715","735","785","813",
"약수동","합계","80세 이상","","382","389","419","429",
"약수동","국민기초생활보장 수급권자","계","","380","418","441","450",
"약수동","국민기초생활보장 수급권자","65~79세","","236","246","255","266",
"약수동","국민기초생활보장 수급권자","80세 이상","","144","172","186","184",
"약수동","저소득노인","계","","64","110","92","51",
"약수동","저소득노인","65~79세","","33","63","47","23",
"약수동","저소득노인","80세 이상","","31","47","45","28",
"약수동","일   반","계","","653","596","671","741",
"약수동","일   반","65~79세","","446","426","483","524",
"약수동","일   반","80세 이상","","207","170","188","217",
"청구동","합계","계","","783","825","868","786",
"청구동","합계","65~79세","","524","550","578","527",
"청구동","합계","80세 이상","","259","275","290","259",
"청구동","국민기초생활보장 수급권자","계","","284","318","340","353",
"청구동","국민기초생활보장 수급권자","65~79세","","177","201","213","225",
"청구동","국민기초생활보장 수급권자","80세 이상","","107","117","127","128",
"청구동","저소득노인","계","","29","47","43","24",
"청구동","저소득노인","65~79세","","17","30","30","16",
"청구동","저소득노인","80세 이상","","12","17","13","8",
"청구동","일   반","계","","470","460","485","409",
"청구동","일   반","65~79세","","330","319","335","286",
"청구동","일   반","80세 이상","","140","141","150","123",
"신당5동","합계","계","","586","572","619","644",
"신당5동","합계","65~79세","","454","443","469","484",
"신당5동","합계","80세 이상","","132","129","150","160",
"신당5동","국민기초생활보장 수급권자","계","","172","201","219","245",
"신당5동","국민기초생활보장 수급권자","65~79세","","122","156","162","177",
"신당5동","국민기초생활보장 수급권자","80세 이상","","50","45","57","68",
"신당5동","저소득노인","계","","28","31","19","9",
"신당5동","저소득노인","65~79세","","16","18","13","5",
"신당5동","저소득노인","80세 이상","","12","13","6","4",
"신당5동","일   반","계","","386","340","381","390",
"신당5동","일   반","65~79세","","316","269","294","302",
"신당5동","일   반","80세 이상","","70","71","87","88",
"동화동","합계","계","","357","337","354","391",
"동화동","합계","65~79세","","232","223","226","251",
"동화동","합계","80세 이상","","125","114","128","140",
"동화동","국민기초생활보장 수급권자","계","","67","67","72","97",
"동화동","국민기초생활보장 수급권자","65~79세","","42","44","42","63",
"동화동","국민기초생활보장 수급권자","80세 이상","","25","23","30","34",
"동화동","저소득노인","계","","11","15","17","10",
"동화동","저소득노인","65~79세","","6","9","9","4",
"동화동","저소득노인","80세 이상","","5","6","8","6",
"동화동","일   반","계","","279","255","265","284",
"동화동","일   반","65~79세","","184","170","175","184",
"동화동","일   반","80세 이상","","95","85","90","100",
"황학동","합계","계","","649","647","700","767",
"황학동","합계","65~79세","","517","514","542","599",
"황학동","합계","80세 이상","","132","133","158","168",
"황학동","국민기초생활보장 수급권자","계","","203","214","253","277",
"황학동","국민기초생활보장 수급권자","65~79세","","155","166","187","209",
"황학동","국민기초생활보장 수급권자","80세 이상","","48","48","66","68",
"황학동","저소득노인","계","","21","20","17","12",
"황학동","저소득노인","65~79세","","14","15","14","9",
"황학동","저소득노인","80세 이상","","7","5","3","3",
"황학동","일   반","계","","425","413","430","478",
"황학동","일   반","65~79세","","348","333","341","381",
"황학동","일   반","80세 이상","","77","80","89","97",
"중림동","합계","계","","596","613","648","648",
"중림동","합계","65~79세","","451","469","490","477",
"중림동","합계","80세 이상","","145","144","158","171",
"중림동","국민기초생활보장 수급권자","계","","203","221","237","260",
"중림동","국민기초생활보장 수급권자","65~79세","","150","175","182","205",
"중림동","국민기초생활보장 수급권자","80세 이상","","53","46","55","55",
"중림동","저소득노인","계","","16","33","33","9",
"중림동","저소득노인","65~79세","","13","21","15","3",
"중림동","저소득노인","80세 이상","","3","12","18","6",
"중림동","일   반","계","","377","359","378","379",
"중림동","일   반","65~79세","","288","273","293","269",
"중림동","일   반","80세 이상","","89","86","85","110",
"용산구","합계","계","","11170","9873","10498","13417",
"용산구","합계","65~79세","","7673","6903","7228","9231",
"용산구","합계","80세 이상","","3497","2970","3270","4186",
"용산구","국민기초생활보장 수급권자","계","","2650","2871","3029","3022",
"용산구","국민기초생활보장 수급권자","65~79세","","1826","1973","2073","2099",
"용산구","국민기초생활보장 수급권자","80세 이상","","824","898","956","923",
"용산구","저소득노인","계","","345","290","96","110",
"용산구","저소득노인","65~79세","","199","171","45","59",
"용산구","저소득노인","80세 이상","","146","119","51","51",
"용산구","일   반","계","","8175","6712","7373","10285",
"용산구","일   반","65~79세","","5648","4759","5110","7073",
"용산구","일   반","80세 이상","","2527","1953","2263","3212",
"후암동","합계","계","","967","884","954","1319",
"후암동","합계","65~79세","","667","620","674","922",
"후암동","합계","80세 이상","","300","264","280","397",
"후암동","국민기초생활보장 수급권자","계","","272","268","287","317",
"후암동","국민기초생활보장 수급권자","65~79세","","184","174","191","215",
"후암동","국민기초생활보장 수급권자","80세 이상","","88","94","96","102",
"후암동","저소득노인","계","","53","32","15","13",
"후암동","저소득노인","65~79세","","33","16","7","7",
"후암동","저소득노인","80세 이상","","20","16","8","6",
"후암동","일   반","계","","642","584","652","989",
"후암동","일   반","65~79세","","450","430","476","700",
"후암동","일   반","80세 이상","","192","154","176","289",
"용산2가동","합계","계","","586","541","573","812",
"용산2가동","합계","65~79세","","385","371","381","533",
"용산2가동","합계","80세 이상","","201","170","192","279",
"용산2가동","국민기초생활보장 수급권자","계","","151","168","192","208",
"용산2가동","국민기초생활보장 수급권자","65~79세","","95","112","126","140",
"용산2가동","국민기초생활보장 수급권자","80세 이상","","56","56","66","68",
"용산2가동","저소득노인","계","","19","19","7","7",
"용산2가동","저소득노인","65~79세","","5","8","-","2",
"용산2가동","저소득노인","80세 이상","","14","11","7","5",
"용산2가동","일   반","계","","416","354","374","597",
"용산2가동","일   반","65~79세","","285","251","255","391",
"용산2가동","일   반","80세 이상","","131","103","119","206",
"남영동","합계","계","","981","869","969","1533",
"남영동","합계","65~79세","","786","707","786","1255",
"남영동","합계","80세 이상","","195","162","183","278",
"남영동","국민기초생활보장 수급권자","계","","488","520","559","562",
"남영동","국민기초생활보장 수급권자","65~79세","","409","436","468","473",
"남영동","국민기초생활보장 수급권자","80세 이상","","79","84","91","89",
"남영동","저소득노인","계","","5","3","4","2",
"남영동","저소득노인","65~79세","","3","2","4","1",
"남영동","저소득노인","80세 이상","","2","1","-","1",
"남영동","일   반","계","","488","346","406","969",
"남영동","일   반","65~79세","","374","269","314","781",
"남영동","일   반","80세 이상","","114","77","92","188",
"청파동","합계","계","","1037","965","1065","921",
"청파동","합계","65~79세","","764","731","796","614",
"청파동","합계","80세 이상","","273","234","269","307",
"청파동","국민기초생활보장 수급권자","계","","291","339","373","416",
"청파동","국민기초생활보장 수급권자","65~79세","","206","228","252","288",
"청파동","국민기초생활보장 수급권자","80세 이상","","85","111","121","128",
"청파동","저소득노인","계","","33","29","8","5",
"청파동","저소득노인","65~79세","","20","20","5","3",
"청파동","저소득노인","80세 이상","","13","9","3","2",
"청파동","일   반","계","","713","597","684","500",
"청파동","일   반","65~79세","","538","483","539","323",
"청파동","일   반","80세 이상","","175","114","145","177",
"원효로1동","합계","계","","546","493","517","782",
"원효로1동","합계","65~79세","","394","361","379","556",
"원효로1동","합계","80세 이상","","152","132","138","226",
"원효로1동","국민기초생활보장 수급권자","계","","105","128","132","139",
"원효로1동","국민기초생활보장 수급권자","65~79세","","47","85","95","97",
"원효로1동","국민기초생활보장 수급권자","80세 이상","","58","43","37","42",
"원효로1동","저소득노인","계","","22","22","2","12",
"원효로1동","저소득노인","65~79세","","13","13","1","6",
"원효로1동","저소득노인","80세 이상","","9","9","1","6",
"원효로1동","일   반","계","","419","343","383","631",
"원효로1동","일   반","65~79세","","334","263","283","453",
"원효로1동","일   반","80세 이상","","85","80","100","178",
"원효로2동","합계","계","","547","538","570","1327",
"원효로2동","합계","65~79세","","360","353","373","951",
"원효로2동","합계","80세 이상","","187","185","197","376",
"원효로2동","국민기초생활보장 수급권자","계","","157","177","189","210",
"원효로2동","국민기초생활보장 수급권자","65~79세","","95","106","106","124",
"원효로2동","국민기초생활보장 수급권자","80세 이상","","62","71","83","86",
"원효로2동","저소득노인","계","","19","14","6","7",
"원효로2동","저소득노인","65~79세","","11","7","3","3",
"원효로2동","저소득노인","80세 이상","","8","7","3","4",
"원효로2동","일   반","계","","371","347","375","1110",
"원효로2동","일   반","65~79세","","254","240","264","824",
"원효로2동","일   반","80세 이상","","117","107","111","286",
"효창동","합계","계","","327","302","321","574",
"효창동","합계","65~79세","","239","212","221","399",
"효창동","합계","80세 이상","","88","90","100","175",
"효창동","국민기초생활보장 수급권자","계","","35","49","52","51",
"효창동","국민기초생활보장 수급권자","65~79세","","24","37","35","32",
"효창동","국민기초생활보장 수급권자","80세 이상","","11","12","17","19",
"효창동","저소득노인","계","","10","9","1","4",
"효창동","저소득노인","65~79세","","8","5","-","2",
"효창동","저소득노인","80세 이상","","2","4","1","2",
"효창동","일   반","계","","282","244","268","519",
"효창동","일   반","65~79세","","207","170","186","365",
"효창동","일   반","80세 이상","","75","74","82","154",
"용문동","합계","계","","507","489","532","843",
"용문동","합계","65~79세","","358","353","363","548",
"용문동","합계","80세 이상","","149","136","169","295",
"용문동","국민기초생활보장 수급권자","계","","170","183","207","224",
"용문동","국민기초생활보장 수급권자","65~79세","","107","121","126","139",
"용문동","국민기초생활보장 수급권자","80세 이상","","63","62","81","85",
"용문동","저소득노인","계","","14","17","4","7",
"용문동","저소득노인","65~79세","","6","11","1","5",
"용문동","저소득노인","80세 이상","","8","6","3","2",
"용문동","일   반","계","","323","289","321","612",
"용문동","일   반","65~79세","","245","221","236","404",
"용문동","일   반","80세 이상","","78","68","85","208",
"한강로동","합계","계","","907","767","806","702",
"한강로동","합계","65~79세","","596","514","537","427",
"한강로동","합계","80세 이상","","311","253","269","275",
"한강로동","국민기초생활보장 수급권자","계","","174","171","174","172",
"한강로동","국민기초생활보장 수급권자","65~79세","","125","112","115","116",
"한강로동","국민기초생활보장 수급권자","80세 이상","","49","59","59","56",
"한강로동","저소득노인","계","","14","14","3","13",
"한강로동","저소득노인","65~79세","","8","11","3","12",
"한강로동","저소득노인","80세 이상","","6","3","-","1",
"한강로동","일   반","계","","719","582","629","517",
"한강로동","일   반","65~79세","","463","391","419","299",
"한강로동","일   반","80세 이상","","256","191","210","218",
"이촌1동","합계","계","","864","704","746","353",
"이촌1동","합계","65~79세","","499","401","411","233",
"이촌1동","합계","80세 이상","","365","303","335","120",
"이촌1동","국민기초생활보장 수급권자","계","","22","21","18","24",
"이촌1동","국민기초생활보장 수급권자","65~79세","","12","12","11","15",
"이촌1동","국민기초생활보장 수급권자","80세 이상","","10","9","7","9",
"이촌1동","저소득노인","계","","4","7","1","2",
"이촌1동","저소득노인","65~79세","","2","3","-","-",
"이촌1동","저소득노인","80세 이상","","2","4","1","2",
"이촌1동","일   반","계","","838","676","727","327",
"이촌1동","일   반","65~79세","","485","386","400","218",
"이촌1동","일   반","80세 이상","","353","290","327","109",
"이촌2동","합계","계","","445","405","427","649",
"이촌2동","합계","65~79세","","301","269","279","430",
"이촌2동","합계","80세 이상","","144","136","148","219",
"이촌2동","국민기초생활보장 수급권자","계","","57","65","75","85",
"이촌2동","국민기초생활보장 수급권자","65~79세","","30","30","35","43",
"이촌2동","국민기초생활보장 수급권자","80세 이상","","27","35","40","42",
"이촌2동","저소득노인","계","","11","9","4","2",
"이촌2동","저소득노인","65~79세","","4","3","1","-",
"이촌2동","저소득노인","80세 이상","","7","6","3","2",
"이촌2동","일   반","계","","377","331","348","562",
"이촌2동","일   반","65~79세","","267","236","243","387",
"이촌2동","일   반","80세 이상","","110","95","105","175",
"이태원1동","합계","계","","398","341","375","893",
"이태원1동","합계","65~79세","","264","237","268","613",
"이태원1동","합계","80세 이상","","134","104","107","280",
"이태원1동","국민기초생활보장 수급권자","계","","74","74","78","86",
"이태원1동","국민기초생활보장 수급권자","65~79세","","54","52","54","62",
"이태원1동","국민기초생활보장 수급권자","80세 이상","","20","22","24","24",
"이태원1동","저소득노인","계","","10","7","7","6",
"이태원1동","저소득노인","65~79세","","6","5","5","4",
"이태원1동","저소득노인","80세 이상","","4","2","2","2",
"이태원1동","일   반","계","","314","260","290","801",
"이태원1동","일   반","65~79세","","204","180","209","547",
"이태원1동","일   반","80세 이상","","110","80","81","254",
"이태원2동","합계","계","","521","430","513","849",
"이태원2동","합계","65~79세","","328","284","315","468",
"이태원2동","합계","80세 이상","","193","146","198","381",
"이태원2동","국민기초생활보장 수급권자","계","","84","89","97","101",
"이태원2동","국민기초생활보장 수급권자","65~79세","","53","58","60","68",
"이태원2동","국민기초생활보장 수급권자","80세 이상","","31","31","37","33",
"이태원2동","저소득노인","계","","23","15","4","4",
"이태원2동","저소득노인","65~79세","","18","11","1","-",
"이태원2동","저소득노인","80세 이상","","5","4","3","4",
"이태원2동","일   반","계","","414","326","412","744",
"이태원2동","일   반","65~79세","","257","215","254","400",
"이태원2동","일   반","80세 이상","","157","111","158","344",
"한남동","합계","계","","1125","906","856","650",
"한남동","합계","65~79세","","793","646","604","468",
"한남동","합계","80세 이상","","332","260","252","182",
"한남동","국민기초생활보장 수급권자","계","","200","214","182","62",
"한남동","국민기초생활보장 수급권자","65~79세","","135","136","117","39",
"한남동","국민기초생활보장 수급권자","80세 이상","","65","78","65","23",
"한남동","저소득노인","계","","40","38","5","5",
"한남동","저소득노인","65~79세","","27","22","1","4",
"한남동","저소득노인","80세 이상","","13","16","4","1",
"한남동","일   반","계","","885","654","669","583",
"한남동","일   반","65~79세","","631","488","486","425",
"한남동","일   반","80세 이상","","254","166","183","158",
"서빙고동","합계","계","","531","451","483","578",
"서빙고동","합계","65~79세","","323","268","277","369",
"서빙고동","합계","80세 이상","","208","183","206","209",
"서빙고동","국민기초생활보장 수급권자","계","","91","96","111","136",
"서빙고동","국민기초생활보장 수급권자","65~79세","","57","60","67","80",
"서빙고동","국민기초생활보장 수급권자","80세 이상","","34","36","44","56",
"서빙고동","저소득노인","계","","16","15","10","7",
"서빙고동","저소득노인","65~79세","","3","10","6","4",
"서빙고동","저소득노인","80세 이상","","13","5","4","3",
"서빙고동","일   반","계","","424","340","362","435",
"서빙고동","일   반","65~79세","","263","198","204","285",
"서빙고동","일   반","80세 이상","","161","142","158","150",
"보광동","합계","계","","881","788","791","632",
"보광동","합계","65~79세","","616","576","564","445",
"보광동","합계","80세 이상","","265","212","227","187",
"보광동","국민기초생활보장 수급권자","계","","279","309","303","229",
"보광동","국민기초생활보장 수급권자","65~79세","","193","214","215","168",
"보광동","국민기초생활보장 수급권자","80세 이상","","86","95","88","61",
"보광동","저소득노인","계","","52","40","15","14",
"보광동","저소득노인","65~79세","","32","24","7","6",
"보광동","저소득노인","80세 이상","","20","16","8","8",
"보광동","일   반","계","","550","439","473","389",
"보광동","일   반","65~79세","","391","338","342","271",
"보광동","일   반","80세 이상","","159","101","131","118",
"성동구","합계","계","","11231","11313","12141","12612",
"성동구","합계","65~79세","","8319","8248","8762","8994",
"성동구","합계","80세 이상","","2912","3065","3379","3618",
"성동구","국민기초생활보장 수급권자","계","","2985","3255","3536","3776",
"성동구","국민기초생활보장 수급권자","65~79세","","2045","2182","2354","2509",
"성동구","국민기초생활보장 수급권자","80세 이상","","940","1073","1182","1267",
"성동구","저소득노인","계","","352","502","239","433",
"성동구","저소득노인","65~79세","","201","288","131","277",
"성동구","저소득노인","80세 이상","","151","214","108","156",
"성동구","일   반","계","","7894","7556","8366","8403",
"성동구","일   반","65~79세","","6073","5778","6277","6208",
"성동구","일   반","80세 이상","","1821","1778","2089","2195",
"왕십리2동","합계","계","","622","634","690","714",
"왕십리2동","합계","65~79세","","465","464","496","504",
"왕십리2동","합계","80세 이상","","157","170","194","210",
"왕십리2동","국민기초생활보장 수급권자","계","","152","177","198","218",
"왕십리2동","국민기초생활보장 수급권자","65~79세","","101","116","132","145",
"왕십리2동","국민기초생활보장 수급권자","80세 이상","","51","61","66","73",
"왕십리2동","저소득노인","계","","14","39","15","26",
"왕십리2동","저소득노인","65~79세","","11","27","7","17",
"왕십리2동","저소득노인","80세 이상","","3","12","8","9",
"왕십리2동","일   반","계","","456","418","477","470",
"왕십리2동","일   반","65~79세","","353","321","357","342",
"왕십리2동","일   반","80세 이상","","103","97","120","128",
"왕십리도선동","합계","계","","928","972","1002","1056",
"왕십리도선동","합계","65~79세","","656","679","696","720",
"왕십리도선동","합계","80세 이상","","272","293","306","336",
"왕십리도선동","국민기초생활보장 수급권자","계","","327","359","378","390",
"왕십리도선동","국민기초생활보장 수급권자","65~79세","","218","233","244","242",
"왕십리도선동","국민기초생활보장 수급권자","80세 이상","","109","126","134","148",
"왕십리도선동","저소득노인","계","","25","39","19","38",
"왕십리도선동","저소득노인","65~79세","","16","26","10","27",
"왕십리도선동","저소득노인","80세 이상","","9","13","9","11",
"왕십리도선동","일   반","계","","576","574","605","628",
"왕십리도선동","일   반","65~79세","","422","420","442","451",
"왕십리도선동","일   반","80세 이상","","154","154","163","177",
"마장동","합계","계","","1020","996","1070","1103",
"마장동","합계","65~79세","","743","702","744","763",
"마장동","합계","80세 이상","","277","294","326","340",
"마장동","국민기초생활보장 수급권자","계","","237","258","264","293",
"마장동","국민기초생활보장 수급권자","65~79세","","147","159","156","183",
"마장동","국민기초생활보장 수급권자","80세 이상","","90","99","108","110",
"마장동","저소득노인","계","","25","46","21","36",
"마장동","저소득노인","65~79세","","15","26","12","21",
"마장동","저소득노인","80세 이상","","10","20","9","15",
"마장동","일   반","계","","758","692","785","774",
"마장동","일   반","65~79세","","581","517","576","559",
"마장동","일   반","80세 이상","","177","175","209","215",
"사근동","합계","계","","406","385","406","412",
"사근동","합계","65~79세","","296","283","289","288",
"사근동","합계","80세 이상","","110","102","117","124",
"사근동","국민기초생활보장 수급권자","계","","68","72","80","87",
"사근동","국민기초생활보장 수급권자","65~79세","","41","44","45","52",
"사근동","국민기초생활보장 수급권자","80세 이상","","27","28","35","35",
"사근동","저소득노인","계","","16","18","6","11",
"사근동","저소득노인","65~79세","","3","5","-","3",
"사근동","저소득노인","80세 이상","","13","13","6","8",
"사근동","일   반","계","","322","295","320","314",
"사근동","일   반","65~79세","","252","234","244","233",
"사근동","일   반","80세 이상","","70","61","76","81",
"행당1동","합계","계","","496","487","500","531",
"행당1동","합계","65~79세","","375","351","351","367",
"행당1동","합계","80세 이상","","121","136","149","164",
"행당1동","국민기초생활보장 수급권자","계","","124","121","119","127",
"행당1동","국민기초생활보장 수급권자","65~79세","","94","84","77","81",
"행당1동","국민기초생활보장 수급권자","80세 이상","","30","37","42","46",
"행당1동","저소득노인","계","","17","23","9","14",
"행당1동","저소득노인","65~79세","","11","15","5","9",
"행당1동","저소득노인","80세 이상","","6","8","4","5",
"행당1동","일   반","계","","355","343","372","390",
"행당1동","일   반","65~79세","","270","252","269","277",
"행당1동","일   반","80세 이상","","85","91","103","113",
"행당2동","합계","계","","820","860","928","950",
"행당2동","합계","65~79세","","612","633","666","680",
"행당2동","합계","80세 이상","","208","227","262","270",
"행당2동","국민기초생활보장 수급권자","계","","281","321","347","383",
"행당2동","국민기초생활보장 수급권자","65~79세","","191","212","219","240",
"행당2동","국민기초생활보장 수급권자","80세 이상","","90","109","128","143",
"행당2동","저소득노인","계","","34","52","33","52",
"행당2동","저소득노인","65~79세","","21","29","16","36",
"행당2동","저소득노인","80세 이상","","13","23","17","16",
"행당2동","일   반","계","","505","487","548","515",
"행당2동","일   반","65~79세","","400","392","431","404",
"행당2동","일   반","80세 이상","","105","95","117","111",
"응봉동","합계","계","","522","488","511","519",
"응봉동","합계","65~79세","","371","334","346","343",
"응봉동","합계","80세 이상","","151","154","165","176",
"응봉동","국민기초생활보장 수급권자","계","","63","62","66","69",
"응봉동","국민기초생활보장 수급권자","65~79세","","40","39","39","43",
"응봉동","국민기초생활보장 수급권자","80세 이상","","23","23","27","26",
"응봉동","저소득노인","계","","18","27","10","20",
"응봉동","저소득노인","65~79세","","10","15","9","10",
"응봉동","저소득노인","80세 이상","","8","12","1","10",
"응봉동","일   반","계","","441","399","435","430",
"응봉동","일   반","65~79세","","321","280","298","290",
"응봉동","일   반","80세 이상","","120","119","137","140",
"금호1가동","합계","계","","676","719","759","781",
"금호1가동","합계","65~79세","","471","496","524","544",
"금호1가동","합계","80세 이상","","205","223","235","237",
"금호1가동","국민기초생활보장 수급권자","계","","272","300","308","324",
"금호1가동","국민기초생활보장 수급권자","65~79세","","160","166","174","185",
"금호1가동","국민기초생활보장 수급권자","80세 이상","","112","134","134","139",
"금호1가동","저소득노인","계","","19","29","17","31",
"금호1가동","저소득노인","65~79세","","12","20","12","22",
"금호1가동","저소득노인","80세 이상","","7","9","5","9",
"금호1가동","일   반","계","","385","390","434","426",
"금호1가동","일   반","65~79세","","299","310","338","337",
"금호1가동","일   반","80세 이상","","86","80","96","89",
"금호2.3가동","합계","계","","891","885","947","952",
"금호2.3가동","합계","65~79세","","646","631","664","665",
"금호2.3가동","합계","80세 이상","","245","254","283","287",
"금호2.3가동","국민기초생활보장 수급권자","계","","217","233","248","256",
"금호2.3가동","국민기초생활보장 수급권자","65~79세","","140","151","163","169",
"금호2.3가동","국민기초생활보장 수급권자","80세 이상","","77","82","85","87",
"금호2.3가동","저소득노인","계","","29","34","14","40",
"금호2.3가동","저소득노인","65~79세","","18","19","8","25",
"금호2.3가동","저소득노인","80세 이상","","11","15","6","15",
"금호2.3가동","일   반","계","","645","618","685","656",
"금호2.3가동","일   반","65~79세","","488","461","493","471",
"금호2.3가동","일   반","80세 이상","","157","157","192","185",
"금호4가동","합계","계","","613","634","694","732",
"금호4가동","합계","65~79세","","466","475","514","532",
"금호4가동","합계","80세 이상","","147","159","180","200",
"금호4가동","국민기초생활보장 수급권자","계","","160","178","198","220",
"금호4가동","국민기초생활보장 수급권자","65~79세","","115","124","134","149",
"금호4가동","국민기초생활보장 수급권자","80세 이상","","45","54","64","71",
"금호4가동","저소득노인","계","","21","26","9","18",
"금호4가동","저소득노인","65~79세","","10","11","4","12",
"금호4가동","저소득노인","80세 이상","","11","15","5","6",
"금호4가동","일   반","계","","432","430","487","494",
"금호4가동","일   반","65~79세","","341","340","376","371",
"금호4가동","일   반","80세 이상","","91","90","111","123",
"옥수동","합계","계","","799","811","851","896",
"옥수동","합계","65~79세","","582","588","615","617",
"옥수동","합계","80세 이상","","217","223","236","279",
"옥수동","국민기초생활보장 수급권자","계","","158","179","200","213",
"옥수동","국민기초생활보장 수급권자","65~79세","","114","120","133","134",
"옥수동","국민기초생활보장 수급권자","80세 이상","","44","59","67","79",
"옥수동","저소득노인","계","","18","31","16","36",
"옥수동","저소득노인","65~79세","","8","15","7","25",
"옥수동","저소득노인","80세 이상","","10","16","9","11",
"옥수동","일   반","계","","623","601","635","647",
"옥수동","일   반","65~79세","","460","453","475","458",
"옥수동","일   반","80세 이상","","163","148","160","189",
"성수1가1동","합계","계","","531","542","603","638",
"성수1가1동","합계","65~79세","","413","423","470","489",
"성수1가1동","합계","80세 이상","","118","119","133","149",
"성수1가1동","국민기초생활보장 수급권자","계","","129","147","160","178",
"성수1가1동","국민기초생활보장 수급권자","65~79세","","101","111","128","142",
"성수1가1동","국민기초생활보장 수급권자","80세 이상","","28","36","32","36",
"성수1가1동","저소득노인","계","","19","12","9","13",
"성수1가1동","저소득노인","65~79세","","12","6","4","9",
"성수1가1동","저소득노인","80세 이상","","7","6","5","4",
"성수1가1동","일   반","계","","383","383","434","447",
"성수1가1동","일   반","65~79세","","300","306","338","338",
"성수1가1동","일   반","80세 이상","","83","77","96","109",
"성수1가2동","합계","계","","410","425","460","491",
"성수1가2동","합계","65~79세","","308","319","334","352",
"성수1가2동","합계","80세 이상","","102","106","126","139",
"성수1가2동","국민기초생활보장 수급권자","계","","74","69","75","84",
"성수1가2동","국민기초생활보장 수급권자","65~79세","","50","51","55","60",
"성수1가2동","국민기초생활보장 수급권자","80세 이상","","24","18","20","24",
"성수1가2동","저소득노인","계","","12","16","10","16",
"성수1가2동","저소득노인","65~79세","","8","11","7","11",
"성수1가2동","저소득노인","80세 이상","","4","5","3","5",
"성수1가2동","일   반","계","","324","340","375","391",
"성수1가2동","일   반","65~79세","","250","257","272","281",
"성수1가2동","일   반","80세 이상","","74","83","103","110",
"성수2가1동","합계","계","","818","820","891","925",
"성수2가1동","합계","65~79세","","644","630","690","725",
"성수2가1동","합계","80세 이상","","174","190","201","200",
"성수2가1동","국민기초생활보장 수급권자","계","","233","251","266","288",
"성수2가1동","국민기초생활보장 수급권자","65~79세","","176","182","190","206",
"성수2가1동","국민기초생활보장 수급권자","80세 이상","","57","69","76","82",
"성수2가1동","저소득노인","계","","22","34","13","22",
"성수2가1동","저소득노인","65~79세","","12","19","7","13",
"성수2가1동","저소득노인","80세 이상","","10","15","6","9",
"성수2가1동","일   반","계","","563","535","612","615",
"성수2가1동","일   반","65~79세","","456","429","493","506",
"성수2가1동","일   반","80세 이상","","107","106","119","109",
"성수2가3동","합계","계","","437","361","393","391",
"성수2가3동","합계","65~79세","","316","263","277","270",
"성수2가3동","합계","80세 이상","","121","98","116","121",
"성수2가3동","국민기초생활보장 수급권자","계","","70","65","65","58",
"성수2가3동","국민기초생활보장 수급권자","65~79세","","46","44","42","40",
"성수2가3동","국민기초생활보장 수급권자","80세 이상","","24","21","23","18",
"성수2가3동","저소득노인","계","","10","11","2","8",
"성수2가3동","저소득노인","65~79세","","6","7","1","5",
"성수2가3동","저소득노인","80세 이상","","4","4","1","3",
"성수2가3동","일   반","계","","357","285","326","325",
"성수2가3동","일   반","65~79세","","264","212","234","225",
"성수2가3동","일   반","80세 이상","","93","73","92","100",
"송정동","합계","계","","535","541","587","612",
"송정동","합계","65~79세","","417","424","461","474",
"송정동","합계","80세 이상","","118","117","126","138",
"송정동","국민기초생활보장 수급권자","계","","183","196","231","231",
"송정동","국민기초생활보장 수급권자","65~79세","","141","154","183","186",
"송정동","국민기초생활보장 수급권자","80세 이상","","42","42","48","45",
"송정동","저소득노인","계","","24","32","14","25",
"송정동","저소득노인","65~79세","","14","19","8","13",
"송정동","저소득노인","80세 이상","","10","13","6","12",
"송정동","일   반","계","","328","313","342","356",
"송정동","일   반","65~79세","","262","251","270","275",
"송정동","일   반","80세 이상","","66","62","72","81",
"용답동","합계","계","","707","753","849","909",
"용답동","합계","65~79세","","538","553","625","661",
"용답동","합계","80세 이상","","169","200","224","248",
"용답동","국민기초생활보장 수급권자","계","","237","267","333","357",
"용답동","국민기초생활보장 수급권자","65~79세","","170","192","240","252",
"용답동","국민기초생활보장 수급권자","80세 이상","","67","75","93","105",
"용답동","저소득노인","계","","29","33","22","27",
"용답동","저소득노인","65~79세","","14","18","14","19",
"용답동","저소득노인","80세 이상","","15","15","8","8",
"용답동","일   반","계","","441","453","494","525",
"용답동","일   반","65~79세","","354","343","371","390",
"용답동","일   반","80세 이상","","87","110","123","135",
"광진구","합계","계","","12159","17429","13657","18923",
"광진구","합계","65~79세","","9125","12637","9993","13740",
"광진구","합계","80세 이상","","3034","4792","3664","5183",
"광진구","국민기초생활보장 수급권자","계","","3164","3489","3875","4260",
"광진구","국민기초생활보장 수급권자","65~79세","","2287","2504","2769","3047",
"광진구","국민기초생활보장 수급권자","80세 이상","","877","985","1106","1213",
"광진구","저소득노인","계","","366","1002","981","194",
"광진구","저소득노인","65~79세","","189","592","561","99",
"광진구","저소득노인","80세 이상","","177","410","420","95",
"광진구","일   반","계","","8629","12938","8801","14469",
"광진구","일   반","65~79세","","6649","9541","6663","10594",
"광진구","일   반","80세 이상","","1980","3397","2138","3875",
"화양동","합계","계","","671","850","682","915",
"화양동","합계","65~79세","","506","623","500","682",
"화양동","합계","80세 이상","","165","227","182","233",
"화양동","국민기초생활보장 수급권자","계","","153","157","164","188",
"화양동","국민기초생활보장 수급권자","65~79세","","111","109","117","142",
"화양동","국민기초생활보장 수급권자","80세 이상","","42","48","47","46",
"화양동","저소득노인","계","","8","22","22","6",
"화양동","저소득노인","65~79세","","5","15","16","4",
"화양동","저소득노인","80세 이상","","3","7","6","2",
"화양동","일   반","계","","510","671","496","721",
"화양동","일   반","65~79세","","390","499","367","536",
"화양동","일   반","80세 이상","","120","172","129","185",
"군자동","합계","계","","853","1219","927","1288",
"군자동","합계","65~79세","","640","883","660","902",
"군자동","합계","80세 이상","","213","336","267","386",
"군자동","국민기초생활보장 수급권자","계","","251","262","280","292",
"군자동","국민기초생활보장 수급권자","65~79세","","179","190","201","206",
"군자동","국민기초생활보장 수급권자","80세 이상","","72","72","79","86",
"군자동","저소득노인","계","","16","54","59","15",
"군자동","저소득노인","65~79세","","9","31","32","7",
"군자동","저소득노인","80세 이상","","7","23","27","8",
"군자동","일   반","계","","586","903","588","981",
"군자동","일   반","65~79세","","452","662","427","689",
"군자동","일   반","80세 이상","","134","241","161","292",
"중곡1동","합계","계","","666","1025","759","1090",
"중곡1동","합계","65~79세","","534","771","565","824",
"중곡1동","합계","80세 이상","","132","254","194","266",
"중곡1동","국민기초생활보장 수급권자","계","","211","236","254","274",
"중곡1동","국민기초생활보장 수급권자","65~79세","","153","167","179","204",
"중곡1동","국민기초생활보장 수급권자","80세 이상","","58","69","75","70",
"중곡1동","저소득노인","계","","20","70","70","12",
"중곡1동","저소득노인","65~79세","","10","47","46","8",
"중곡1동","저소득노인","80세 이상","","10","23","24","4",
"중곡1동","일   반","계","","435","719","435","804",
"중곡1동","일   반","65~79세","","371","557","340","612",
"중곡1동","일   반","80세 이상","","64","162","95","192",
"중곡2동","합계","계","","766","1170","921","1378",
"중곡2동","합계","65~79세","","604","911","727","1089",
"중곡2동","합계","80세 이상","","162","259","194","289",
"중곡2동","국민기초생활보장 수급권자","계","","194","234","279","332",
"중곡2동","국민기초생활보장 수급권자","65~79세","","148","188","221","260",
"중곡2동","국민기초생활보장 수급권자","80세 이상","","46","46","58","72",
"중곡2동","저소득노인","계","","37","86","90","14",
"중곡2동","저소득노인","65~79세","","22","55","63","6",
"중곡2동","저소득노인","80세 이상","","15","31","27","8",
"중곡2동","일   반","계","","535","850","552","1032",
"중곡2동","일   반","65~79세","","434","668","443","823",
"중곡2동","일   반","80세 이상","","101","182","109","209",
"중곡3동","합계","계","","852","1290","992","1491",
"중곡3동","합계","65~79세","","661","966","767","1129",
"중곡3동","합계","80세 이상","","191","324","225","362",
"중곡3동","국민기초생활보장 수급권자","계","","266","304","326","371",
"중곡3동","국민기초생활보장 수급권자","65~79세","","198","227","248","278",
"중곡3동","국민기초생활보장 수급권자","80세 이상","","68","77","78","93",
"중곡3동","저소득노인","계","","31","84","79","18",
"중곡3동","저소득노인","65~79세","","12","45","50","7",
"중곡3동","저소득노인","80세 이상","","19","39","29","11",
"중곡3동","일   반","계","","555","902","587","1102",
"중곡3동","일   반","65~79세","","451","694","469","844",
"중곡3동","일   반","80세 이상","","104","208","118","258",
"중곡4동","합계","계","","1236","1855","1354","1951",
"중곡4동","합계","65~79세","","965","1371","1024","1449",
"중곡4동","합계","80세 이상","","271","484","330","502",
"중곡4동","국민기초생활보장 수급권자","계","","363","413","446","475",
"중곡4동","국민기초생활보장 수급권자","65~79세","","261","294","313","331",
"중곡4동","국민기초생활보장 수급권자","80세 이상","","102","119","133","144",
"중곡4동","저소득노인","계","","50","154","134","20",
"중곡4동","저소득노인","65~79세","","27","95","74","14",
"중곡4동","저소득노인","80세 이상","","23","59","60","6",
"중곡4동","일   반","계","","823","1288","774","1456",
"중곡4동","일   반","65~79세","","677","982","637","1104",
"중곡4동","일   반","80세 이상","","146","306","137","352",
"능동","합계","계","","366","519","408","548",
"능동","합계","65~79세","","271","371","287","387",
"능동","합계","80세 이상","","95","148","121","161",
"능동","국민기초생활보장 수급권자","계","","81","91","103","114",
"능동","국민기초생활보장 수급권자","65~79세","","54","64","72","82",
"능동","국민기초생활보장 수급권자","80세 이상","","27","27","31","32",
"능동","저소득노인","계","","11","29","29","10",
"능동","저소득노인","65~79세","","6","20","17","6",
"능동","저소득노인","80세 이상","","5","9","12","4",
"능동","일   반","계","","274","399","276","424",
"능동","일   반","65~79세","","211","287","198","299",
"능동","일   반","80세 이상","","63","112","78","125",
"광장동","합계","계","","562","700","618","762",
"광장동","합계","65~79세","","358","430","366","444",
"광장동","합계","80세 이상","","204","270","252","318",
"광장동","국민기초생활보장 수급권자","계","","69","67","76","81",
"광장동","국민기초생활보장 수급권자","65~79세","","39","37","40","43",
"광장동","국민기초생활보장 수급권자","80세 이상","","30","30","36","38",
"광장동","저소득노인","계","","17","27","26","5",
"광장동","저소득노인","65~79세","","6","12","8","1",
"광장동","저소득노인","80세 이상","","11","15","18","4",
"광장동","일   반","계","","476","606","516","676",
"광장동","일   반","65~79세","","313","381","318","400",
"광장동","일   반","80세 이상","","163","225","198","276",
"자양1동","합계","계","","977","1523","1147","1643",
"자양1동","합계","65~79세","","738","1103","845","1191",
"자양1동","합계","80세 이상","","239","420","302","452",
"자양1동","국민기초생활보장 수급권자","계","","308","361","396","432",
"자양1동","국민기초생활보장 수급권자","65~79세","","228","263","285","309",
"자양1동","국민기초생활보장 수급권자","80세 이상","","80","98","111","123",
"자양1동","저소득노인","계","","29","88","85","20",
"자양1동","저소득노인","65~79세","","16","53","46","11",
"자양1동","저소득노인","80세 이상","","13","35","39","9",
"자양1동","일   반","계","","640","1074","666","1191",
"자양1동","일   반","65~79세","","494","787","514","871",
"자양1동","일   반","80세 이상","","146","287","152","320",
"자양2동","합계","계","","803","1181","908","1245",
"자양2동","합계","65~79세","","614","884","685","915",
"자양2동","합계","80세 이상","","189","297","223","330",
"자양2동","국민기초생활보장 수급권자","계","","220","234","264","289",
"자양2동","국민기초생활보장 수급권자","65~79세","","167","167","179","192",
"자양2동","국민기초생활보장 수급권자","80세 이상","","53","67","85","97",
"자양2동","저소득노인","계","","21","57","48","9",
"자양2동","저소득노인","65~79세","","14","30","17","4",
"자양2동","저소득노인","80세 이상","","7","27","31","5",
"자양2동","일   반","계","","562","890","596","947",
"자양2동","일   반","65~79세","","433","687","489","719",
"자양2동","일   반","80세 이상","","129","203","107","228",
"자양3동","합계","계","","764","958","862","1028",
"자양3동","합계","65~79세","","511","613","547","661",
"자양3동","합계","80세 이상","","253","345","315","367",
"자양3동","국민기초생활보장 수급권자","계","","97","107","125","132",
"자양3동","국민기초생활보장 수급권자","65~79세","","73","77","90","96",
"자양3동","국민기초생활보장 수급권자","80세 이상","","24","30","35","36",
"자양3동","저소득노인","계","","20","42","40","13",
"자양3동","저소득노인","65~79세","","6","18","15","5",
"자양3동","저소득노인","80세 이상","","14","24","25","8",
"자양3동","일   반","계","","647","809","697","883",
"자양3동","일   반","65~79세","","432","518","442","560",
"자양3동","일   반","80세 이상","","215","291","255","323",
"자양4동","합계","계","","1075","1568","1220","1702",
"자양4동","합계","65~79세","","843","1160","927","1283",
"자양4동","합계","80세 이상","","232","408","293","419",
"자양4동","국민기초생활보장 수급권자","계","","333","358","401","428",
"자양4동","국민기초생활보장 수급권자","65~79세","","251","263","298","322",
"자양4동","국민기초생활보장 수급권자","80세 이상","","82","95","103","106",
"자양4동","저소득노인","계","","26","76","78","14",
"자양4동","저소득노인","65~79세","","14","45","43","6",
"자양4동","저소득노인","80세 이상","","12","31","35","8",
"자양4동","일   반","계","","716","1134","741","1260",
"자양4동","일   반","65~79세","","578","852","586","955",
"자양4동","일   반","80세 이상","","138","282","155","305",
"구의1동","합계","계","","802","1192","943","1323",
"구의1동","합계","65~79세","","623","907","704","981",
"구의1동","합계","80세 이상","","179","285","239","342",
"구의1동","국민기초생활보장 수급권자","계","","214","244","276","307",
"구의1동","국민기초생활보장 수급권자","65~79세","","163","188","207","227",
"구의1동","국민기초생활보장 수급권자","80세 이상","","51","56","69","80",
"구의1동","저소득노인","계","","19","56","63","12",
"구의1동","저소득노인","65~79세","","10","35","43","6",
"구의1동","저소득노인","80세 이상","","9","21","20","6",
"구의1동","일   반","계","","569","892","604","1004",
"구의1동","일   반","65~79세","","450","684","454","748",
"구의1동","일   반","80세 이상","","119","208","150","256",
"구의2동","합계","계","","1008","1427","1126","1583",
"구의2동","합계","65~79세","","755","1032","861","1159",
"구의2동","합계","80세 이상","","253","395","265","424",
"구의2동","국민기초생활보장 수급권자","계","","259","287","341","388",
"구의2동","국민기초생활보장 수급권자","65~79세","","173","191","237","266",
"구의2동","국민기초생활보장 수급권자","80세 이상","","86","96","104","122",
"구의2동","저소득노인","계","","45","111","110","16",
"구의2동","저소득노인","65~79세","","22","65","65","9",
"구의2동","저소득노인","80세 이상","","23","46","45","7",
"구의2동","일   반","계","","704","1029","675","1179",
"구의2동","일   반","65~79세","","560","776","559","884",
"구의2동","일   반","80세 이상","","144","253","116","295",
"구의3동","합계","계","","758","952","790","976",
"구의3동","합계","65~79세","","502","612","528","644",
"구의3동","합계","80세 이상","","256","340","262","332",
"구의3동","국민기초생활보장 수급권자","계","","145","134","144","157",
"구의3동","국민기초생활보장 수급권자","65~79세","","89","79","82","89",
"구의3동","국민기초생활보장 수급권자","80세 이상","","56","55","62","68",
"구의3동","저소득노인","계","","16","46","48","10",
"구의3동","저소득노인","65~79세","","10","26","26","5",
"구의3동","저소득노인","80세 이상","","6","20","22","5",
"구의3동","일   반","계","","597","772","598","809",
"구의3동","일   반","65~79세","","403","507","420","550",
"구의3동","일   반","80세 이상","","194","265","178","259",
"동대문","합계","계","","17040","17653","18625","19403",
"동대문","합계","65~79세","","12803","13017","13464","13930",
"동대문","합계","80세 이상","","4237","4636","5161","5473",
"동대문","국민기초생활보장 수급권자","계","","5271","5675","5993","6471",
"동대문","국민기초생활보장 수급권자","65~79세","","3797","4007","4227","4573",
"동대문","국민기초생활보장 수급권자","80세 이상","","1474","1668","1766","1898",
"동대문","저소득노인","계","","493","773","446","393",
"동대문","저소득노인","65~79세","","281","505","248","213",
"동대문","저소득노인","80세 이상","","212","268","198","180",
"동대문","일   반","계","","11276","11205","12186","12539",
"동대문","일   반","65~79세","","8725","8505","8989","9144",
"동대문","일   반","80세 이상","","2551","2700","3197","3395",
"용신동","합계","계","","1973","2076","2207","2303",
"용신동","합계","65~79세","","1523","1541","1615","1678",
"용신동","합계","80세 이상","","450","535","592","625",
"용신동","국민기초생활보장 수급권자","계","","674","706","749","812",
"용신동","국민기초생활보장 수급권자","65~79세","","487","509","540","593",
"용신동","국민기초생활보장 수급권자","80세 이상","","187","197","209","219",
"용신동","저소득노인","계","","29","55","34","30",
"용신동","저소득노인","65~79세","","18","38","21","17",
"용신동","저소득노인","80세 이상","","11","17","13","13",
"용신동","일   반","계","","1270","1315","1424","1461",
"용신동","일   반","65~79세","","1018","994","1054","1068",
"용신동","일   반","80세 이상","","252","321","370","393",
"제기동","합계","계","","1931","1954","2001","2058",
"제기동","합계","65~79세","","1441","1403","1413","1471",
"제기동","합계","80세 이상","","490","551","588","587",
"제기동","국민기초생활보장 수급권자","계","","641","694","706","765",
"제기동","국민기초생활보장 수급권자","65~79세","","495","519","523","582",
"제기동","국민기초생활보장 수급권자","80세 이상","","146","175","183","183",
"제기동","저소득노인","계","","60","78","58","51",
"제기동","저소득노인","65~79세","","39","57","41","33",
"제기동","저소득노인","80세 이상","","21","21","17","18",
"제기동","일   반","계","","1230","1182","1237","1242",
"제기동","일   반","65~79세","","907","827","849","856",
"제기동","일   반","80세 이상","","323","355","388","386",
"전농1동","합계","계","","1852","1879","1991","2068",
"전농1동","합계","65~79세","","1400","1418","1473","1505",
"전농1동","합계","80세 이상","","452","461","518","563",
"전농1동","국민기초생활보장 수급권자","계","","678","701","741","813",
"전농1동","국민기초생활보장 수급권자","65~79세","","482","506","532","575",
"전농1동","국민기초생활보장 수급권자","80세 이상","","196","195","209","238",
"전농1동","저소득노인","계","","55","106","56","48",
"전농1동","저소득노인","65~79세","","35","72","35","30",
"전농1동","저소득노인","80세 이상","","20","34","21","18",
"전농1동","일   반","계","","1119","1072","1194","1207",
"전농1동","일   반","65~79세","","883","840","906","900",
"전농1동","일   반","80세 이상","","236","232","288","307",
"전농2동","합계","계","","803","859","906","945",
"전농2동","합계","65~79세","","596","626","648","660",
"전농2동","합계","80세 이상","","207","233","258","285",
"전농2동","국민기초생활보장 수급권자","계","","251","287","305","332",
"전농2동","국민기초생활보장 수급권자","65~79세","","165","186","201","211",
"전농2동","국민기초생활보장 수급권자","80세 이상","","86","101","104","121",
"전농2동","저소득노인","계","","25","43","26","21",
"전농2동","저소득노인","65~79세","","15","29","15","15",
"전농2동","저소득노인","80세 이상","","10","14","11","6",
"전농2동","일   반","계","","527","529","575","592",
"전농2동","일   반","65~79세","","416","411","432","434",
"전농2동","일   반","80세 이상","","111","118","143","158",
"답십리1동","합계","계","","944","981","1037","1096",
"답십리1동","합계","65~79세","","692","711","736","784",
"답십리1동","합계","80세 이상","","252","270","301","312",
"답십리1동","국민기초생활보장 수급권자","계","","250","283","300","321",
"답십리1동","국민기초생활보장 수급권자","65~79세","","176","185","195","217",
"답십리1동","국민기초생활보장 수급권자","80세 이상","","74","98","105","104",
"답십리1동","저소득노인","계","","29","43","25","24",
"답십리1동","저소득노인","65~79세","","13","27","10","10",
"답십리1동","저소득노인","80세 이상","","16","16","15","14",
"답십리1동","일   반","계","","665","655","712","751",
"답십리1동","일   반","65~79세","","503","499","531","557",
"답십리1동","일   반","80세 이상","","162","156","181","194",
"답십리2동","합계","계","","1306","1369","1464","1575",
"답십리2동","합계","65~79세","","968","988","1044","1116",
"답십리2동","합계","80세 이상","","338","381","420","459",
"답십리2동","국민기초생활보장 수급권자","계","","439","479","519","575",
"답십리2동","국민기초생활보장 수급권자","65~79세","","300","325","356","389",
"답십리2동","국민기초생활보장 수급권자","80세 이상","","139","154","163","186",
"답십리2동","저소득노인","계","","38","87","44","42",
"답십리2동","저소득노인","65~79세","","23","60","18","19",
"답십리2동","저소득노인","80세 이상","","15","27","26","23",
"답십리2동","일   반","계","","829","803","901","958",
"답십리2동","일   반","65~79세","","645","603","670","708",
"답십리2동","일   반","80세 이상","","184","200","231","250",
"장안1동","합계","계","","1492","1586","1676","1795",
"장안1동","합계","65~79세","","1163","1231","1287","1393",
"장안1동","합계","80세 이상","","329","355","389","402",
"장안1동","국민기초생활보장 수급권자","계","","375","416","459","485",
"장안1동","국민기초생활보장 수급권자","65~79세","","262","293","323","353",
"장안1동","국민기초생활보장 수급권자","80세 이상","","113","123","136","132",
"장안1동","저소득노인","계","","46","65","35","36",
"장안1동","저소득노인","65~79세","","25","40","20","22",
"장안1동","저소득노인","80세 이상","","21","25","15","14",
"장안1동","일   반","계","","1071","1105","1182","1274",
"장안1동","일   반","65~79세","","876","898","944","1018",
"장안1동","일   반","80세 이상","","195","207","238","256",
"장안2동","합계","계","","1209","1250","1339","1428",
"장안2동","합계","65~79세","","933","968","1015","1081",
"장안2동","합계","80세 이상","","276","282","324","347",
"장안2동","국민기초생활보장 수급권자","계","","304","316","356","390",
"장안2동","국민기초생활보장 수급권자","65~79세","","217","222","261","293",
"장안2동","국민기초생활보장 수급권자","80세 이상","","87","94","95","97",
"장안2동","저소득노인","계","","43","54","32","27",
"장안2동","저소득노인","65~79세","","18","26","12","10",
"장안2동","저소득노인","80세 이상","","25","28","20","17",
"장안2동","일   반","계","","862","880","951","1011",
"장안2동","일   반","65~79세","","698","720","742","778",
"장안2동","일   반","80세 이상","","164","160","209","233",
"청량리동","합계","계","","1849","1968","2095","2193",
"청량리동","합계","65~79세","","1396","1472","1538","1590",
"청량리동","합계","80세 이상","","453","496","557","603",
"청량리동","국민기초생활보장 수급권자","계","","769","837","893","954",
"청량리동","국민기초생활보장 수급권자","65~79세","","585","615","650","695",
"청량리동","국민기초생활보장 수급권자","80세 이상","","184","222","243","259",
"청량리동","저소득노인","계","","53","78","51","46",
"청량리동","저소득노인","65~79세","","35","55","34","24",
"청량리동","저소득노인","80세 이상","","18","23","17","22",
"청량리동","일   반","계","","1027","1053","1151","1193",
"청량리동","일   반","65~79세","","776","802","854","871",
"청량리동","일   반","80세 이상","","251","251","297","322",
"회기동","합계","계","","456","448","465","468",
"회기동","합계","65~79세","","302","299","300","305",
"회기동","합계","80세 이상","","154","149","165","163",
"회기동","국민기초생활보장 수급권자","계","","78","84","76","94",
"회기동","국민기초생활보장 수급권자","65~79세","","50","51","43","57",
"회기동","국민기초생활보장 수급권자","80세 이상","","28","33","33","37",
"회기동","저소득노인","계","","17","15","12","12",
"회기동","저소득노인","65~79세","","8","6","6","5",
"회기동","저소득노인","80세 이상","","9","9","6","7",
"회기동","일   반","계","","361","349","377","362",
"회기동","일   반","65~79세","","244","242","251","243",
"회기동","일   반","80세 이상","","117","107","126","119",
"휘경1동","합계","계","","500","495","506","505",
"휘경1동","합계","65~79세","","374","357","354","350",
"휘경1동","합계","80세 이상","","126","138","152","155",
"휘경1동","국민기초생활보장 수급권자","계","","104","110","103","116",
"휘경1동","국민기초생활보장 수급권자","65~79세","","78","77","70","79",
"휘경1동","국민기초생활보장 수급권자","80세 이상","","26","33","33","37",
"휘경1동","저소득노인","계","","16","18","9","10",
"휘경1동","저소득노인","65~79세","","8","12","4","6",
"휘경1동","저소득노인","80세 이상","","8","6","5","4",
"휘경1동","일   반","계","","380","367","394","379",
"휘경1동","일   반","65~79세","","288","268","280","265",
"휘경1동","일   반","80세 이상","","92","99","114","114",
"휘경2동","합계","계","","908","924","976","1018",
"휘경2동","합계","65~79세","","685","677","702","718",
"휘경2동","합계","80세 이상","","223","247","274","300",
"휘경2동","국민기초생활보장 수급권자","계","","176","181","188","215",
"휘경2동","국민기초생활보장 수급권자","65~79세","","119","121","125","138",
"휘경2동","국민기초생활보장 수급권자","80세 이상","","57","60","63","77",
"휘경2동","저소득노인","계","","24","34","17","15",
"휘경2동","저소득노인","65~79세","","10","22","8","6",
"휘경2동","저소득노인","80세 이상","","14","12","9","9",
"휘경2동","일   반","계","","708","709","771","788",
"휘경2동","일   반","65~79세","","556","534","569","574",
"휘경2동","일   반","80세 이상","","152","175","202","214",
"이문1동","합계","계","","831","843","895","860",
"이문1동","합계","65~79세","","586","582","591","543",
"이문1동","합계","80세 이상","","245","261","304","317",
"이문1동","국민기초생활보장 수급권자","계","","213","232","244","222",
"이문1동","국민기초생활보장 수급권자","65~79세","","165","169","174","147",
"이문1동","국민기초생활보장 수급권자","80세 이상","","48","63","70","75",
"이문1동","저소득노인","계","","24","45","24","12",
"이문1동","저소득노인","65~79세","","13","28","12","4",
"이문1동","저소득노인","80세 이상","","11","17","12","8",
"이문1동","일   반","계","","594","566","627","626",
"이문1동","일   반","65~79세","","408","385","405","392",
"이문1동","일   반","80세 이상","","186","181","222","234",
"이문2동","합계","계","","986","1021","1067","1091",
"이문2동","합계","65~79세","","744","744","748","736",
"이문2동","합계","80세 이상","","242","277","319","355",
"이문2동","국민기초생활보장 수급권자","계","","319","349","354","377",
"이문2동","국민기초생활보장 수급권자","65~79세","","216","229","234","244",
"이문2동","국민기초생활보장 수급권자","80세 이상","","103","120","120","133",
"이문2동","저소득노인","계","","34","52","23","19",
"이문2동","저소득노인","65~79세","","21","33","12","12",
"이문2동","저소득노인","80세 이상","","13","19","11","7",
"이문2동","일   반","계","","633","620","690","695",
"이문2동","일   반","65~79세","","507","482","502","480",
"이문2동","일   반","80세 이상","","126","138","188","215",
"중랑구","합계","계","","19260","20695","22438","23982",
"중랑구","합계","65~79세","","14851","15724","16977","18210",
"중랑구","합계","80세 이상","","4409","4971","5461","5772",
"중랑구","국민기초생활보장 수급권자","계","","7074","7778","8428","9283",
"중랑구","국민기초생활보장 수급권자","65~79세","","4865","5365","5868","6585",
"중랑구","국민기초생활보장 수급권자","80세 이상","","2209","2413","2560","2698",
"중랑구","저소득노인","계","","1366","470","391","331",
"중랑구","저소득노인","65~79세","","833","295","233","188",
"중랑구","저소득노인","80세 이상","","533","175","158","143",
"중랑구","일   반","계","","10820","12447","13619","14368",
"중랑구","일   반","65~79세","","9153","10064","10876","11437",
"중랑구","일   반","80세 이상","","1667","2383","2743","2931",
"면목2동","합계","계","","1455","1526","1643","1749",
"면목2동","합계","65~79세","","1127","1158","1246","1314",
"면목2동","합계","80세 이상","","328","368","397","435",
"면목2동","국민기초생활보장 수급권자","계","","467","510","562","618",
"면목2동","국민기초생활보장 수급권자","65~79세","","332","351","389","436",
"면목2동","국민기초생활보장 수급권자","80세 이상","","135","159","173","182",
"면목2동","저소득노인","계","","80","40","28","28",
"면목2동","저소득노인","65~79세","","45","23","14","14",
"면목2동","저소득노인","80세 이상","","35","17","14","14",
"면목2동","일   반","계","","908","976","1053","1103",
"면목2동","일   반","65~79세","","750","784","843","864",
"면목2동","일   반","80세 이상","","158","192","210","239",
"면목4동","합계","계","","1045","1104","1213","1287",
"면목4동","합계","65~79세","","833","866","920","974",
"면목4동","합계","80세 이상","","212","238","293","313",
"면목4동","국민기초생활보장 수급권자","계","","500","530","562","615",
"면목4동","국민기초생활보장 수급권자","65~79세","","384","406","420","439",
"면목4동","국민기초생활보장 수급권자","80세 이상","","116","124","142","176",
"면목4동","저소득노인","계","","112","27","22","14",
"면목4동","저소득노인","65~79세","","88","20","15","8",
"면목4동","저소득노인","80세 이상","","24","7","7","6",
"면목4동","일   반","계","","433","547","629","658",
"면목4동","일   반","65~79세","","361","440","485","527",
"면목4동","일   반","80세 이상","","72","107","144","131",
"면목5동","합계","계","","527","570","630","674",
"면목5동","합계","65~79세","","412","434","478","523",
"면목5동","합계","80세 이상","","115","136","152","151",
"면목5동","국민기초생활보장 수급권자","계","","163","184","203","226",
"면목5동","국민기초생활보장 수급권자","65~79세","","113","126","137","160",
"면목5동","국민기초생활보장 수급권자","80세 이상","","50","58","66","66",
"면목5동","저소득노인","계","","29","10","8","8",
"면목5동","저소득노인","65~79세","","17","5","4","5",
"면목5동","저소득노인","80세 이상","","12","5","4","3",
"면목5동","일   반","계","","335","376","419","440",
"면목5동","일   반","65~79세","","282","303","337","358",
"면목5동","일   반","80세 이상","","53","73","82","82",
"면목본동","합계","계","","1889","2040","2187","2333",
"면목본동","합계","65~79세","","1486","1583","1681","1820",
"면목본동","합계","80세 이상","","403","457","506","513",
"면목본동","국민기초생활보장 수급권자","계","","692","791","826","905",
"면목본동","국민기초생활보장 수급권자","65~79세","","479","554","576","661",
"면목본동","국민기초생활보장 수급권자","80세 이상","","213","237","250","244",
"면목본동","저소득노인","계","","136","44","33","20",
"면목본동","저소득노인","65~79세","","85","29","22","12",
"면목본동","저소득노인","80세 이상","","51","15","11","8",
"면목본동","일   반","계","","1061","1205","1328","1408",
"면목본동","일   반","65~79세","","922","1000","1083","1147",
"면목본동","일   반","80세 이상","","139","205","245","261",
"면목7동","합계","계","","1063","1108","1191","1252",
"면목7동","합계","65~79세","","831","848","898","946",
"면목7동","합계","80세 이상","","232","260","293","306",
"면목7동","국민기초생활보장 수급권자","계","","316","349","362","409",
"면목7동","국민기초생활보장 수급권자","65~79세","","205","223","229","273",
"면목7동","국민기초생활보장 수급권자","80세 이상","","111","126","133","136",
"면목7동","저소득노인","계","","59","28","21","19",
"면목7동","저소득노인","65~79세","","30","16","12","9",
"면목7동","저소득노인","80세 이상","","29","12","9","10",
"면목7동","일   반","계","","688","731","808","824",
"면목7동","일   반","65~79세","","596","609","657","664",
"면목7동","일   반","80세 이상","","92","122","151","160",
"면목3.8동","합계","계","","1443","1575","1686","1802",
"면목3.8동","합계","65~79세","","1115","1201","1285","1370",
"면목3.8동","합계","80세 이상","","328","374","401","432",
"면목3.8동","국민기초생활보장 수급권자","계","","546","568","610","634",
"면목3.8동","국민기초생활보장 수급권자","65~79세","","379","396","422","441",
"면목3.8동","국민기초생활보장 수급권자","80세 이상","","167","172","188","193",
"면목3.8동","저소득노인","계","","109","32","22","21",
"면목3.8동","저소득노인","65~79세","","67","20","14","15",
"면목3.8동","저소득노인","80세 이상","","42","12","8","6",
"면목3.8동","일   반","계","","788","975","1054","1147",
"면목3.8동","일   반","65~79세","","669","785","849","914",
"면목3.8동","일   반","80세 이상","","119","190","205","233",
"상봉1동","합계","계","","958","1051","1147","1225",
"상봉1동","합계","65~79세","","697","775","853","910",
"상봉1동","합계","80세 이상","","261","276","294","315",
"상봉1동","국민기초생활보장 수급권자","계","","395","441","486","529",
"상봉1동","국민기초생활보장 수급권자","65~79세","","267","309","342","381",
"상봉1동","국민기초생활보장 수급권자","80세 이상","","128","132","144","148",
"상봉1동","저소득노인","계","","69","22","25","23",
"상봉1동","저소득노인","65~79세","","39","10","14","12",
"상봉1동","저소득노인","80세 이상","","30","12","11","11",
"상봉1동","일   반","계","","494","588","636","673",
"상봉1동","일   반","65~79세","","391","456","497","517",
"상봉1동","일   반","80세 이상","","103","132","139","156",
"상봉2동","합계","계","","955","1000","1111","1175",
"상봉2동","합계","65~79세","","757","765","874","909",
"상봉2동","합계","80세 이상","","198","235","237","266",
"상봉2동","국민기초생활보장 수급권자","계","","284","309","365","430",
"상봉2동","국민기초생활보장 수급권자","65~79세","","208","225","277","326",
"상봉2동","국민기초생활보장 수급권자","80세 이상","","76","84","88","104",
"상봉2동","저소득노인","계","","52","19","12","14",
"상봉2동","저소득노인","65~79세","","29","11","7","9",
"상봉2동","저소득노인","80세 이상","","23","8","5","5",
"상봉2동","일   반","계","","619","672","734","731",
"상봉2동","일   반","65~79세","","520","529","590","574",
"상봉2동","일   반","80세 이상","","99","143","144","157",
"중화1동","합계","계","","864","937","971","1048",
"중화1동","합계","65~79세","","691","741","768","825",
"중화1동","합계","80세 이상","","173","196","203","223",
"중화1동","국민기초생활보장 수급권자","계","","270","284","301","344",
"중화1동","국민기초생활보장 수급권자","65~79세","","177","193","212","248",
"중화1동","국민기초생활보장 수급권자","80세 이상","","93","91","89","96",
"중화1동","저소득노인","계","","47","21","18","15",
"중화1동","저소득노인","65~79세","","28","19","15","12",
"중화1동","저소득노인","80세 이상","","19","2","3","3",
"중화1동","일   반","계","","547","632","652","689",
"중화1동","일   반","65~79세","","486","529","541","565",
"중화1동","일   반","80세 이상","","61","103","111","124",
"중화2동","합계","계","","1676","1765","1947","2123",
"중화2동","합계","65~79세","","1305","1360","1489","1629",
"중화2동","합계","80세 이상","","371","405","458","494",
"중화2동","국민기초생활보장 수급권자","계","","697","755","828","947",
"중화2동","국민기초생활보장 수급권자","65~79세","","508","559","616","718",
"중화2동","국민기초생활보장 수급권자","80세 이상","","189","196","212","229",
"중화2동","저소득노인","계","","122","33","30","23",
"중화2동","저소득노인","65~79세","","77","22","19","16",
"중화2동","저소득노인","80세 이상","","45","11","11","7",
"중화2동","일   반","계","","857","977","1089","1153",
"중화2동","일   반","65~79세","","720","779","854","895",
"중화2동","일   반","80세 이상","","137","198","235","258",
"묵1동","합계","계","","1113","1206","1300","1365",
"묵1동","합계","65~79세","","867","907","960","1015",
"묵1동","합계","80세 이상","","246","299","340","350",
"묵1동","국민기초생활보장 수급권자","계","","313","337","356","385",
"묵1동","국민기초생활보장 수급권자","65~79세","","192","203","218","248",
"묵1동","국민기초생활보장 수급권자","80세 이상","","121","134","138","137",
"묵1동","저소득노인","계","","68","28","21","19",
"묵1동","저소득노인","65~79세","","38","21","12","12",
"묵1동","저소득노인","80세 이상","","30","7","9","7",
"묵1동","일   반","계","","732","841","923","961",
"묵1동","일   반","65~79세","","637","683","730","755",
"묵1동","일   반","80세 이상","","95","158","193","206",
"묵2동","합계","계","","962","979","1067","1134",
"묵2동","합계","65~79세","","740","745","794","842",
"묵2동","합계","80세 이상","","222","234","273","292",
"묵2동","국민기초생활보장 수급권자","계","","315","319","350","410",
"묵2동","국민기초생활보장 수급권자","65~79세","","219","220","248","286",
"묵2동","국민기초생활보장 수급권자","80세 이상","","96","99","102","124",
"묵2동","저소득노인","계","","58","31","29","20",
"묵2동","저소득노인","65~79세","","39","17","14","8",
"묵2동","저소득노인","80세 이상","","19","14","15","12",
"묵2동","일   반","계","","589","629","688","704",
"묵2동","일   반","65~79세","","482","508","532","548",
"묵2동","일   반","80세 이상","","107","121","156","156",
"망우본동","합계","계","","1810","2094","2289","2461",
"망우본동","합계","65~79세","","1399","1611","1780","1924",
"망우본동","합계","80세 이상","","411","483","509","537",
"망우본동","국민기초생활보장 수급권자","계","","698","854","947","1044",
"망우본동","국민기초생활보장 수급권자","65~79세","","492","596","683","769",
"망우본동","국민기초생활보장 수급권자","80세 이상","","206","258","264","275",
"망우본동","저소득노인","계","","124","39","39","31",
"망우본동","저소득노인","65~79세","","71","25","22","14",
"망우본동","저소득노인","80세 이상","","53","14","17","17",
"망우본동","일   반","계","","988","1201","1303","1386",
"망우본동","일   반","65~79세","","836","990","1075","1141",
"망우본동","일   반","80세 이상","","152","211","228","245",
"망우3동","합계","계","","1106","1177","1271","1382",
"망우3동","합계","65~79세","","853","903","968","1062",
"망우3동","합계","80세 이상","","253","274","303","320",
"망우3동","국민기초생활보장 수급권자","계","","483","528","581","617",
"망우3동","국민기초생활보장 수급권자","65~79세","","359","388","437","475",
"망우3동","국민기초생활보장 수급권자","80세 이상","","124","140","144","142",
"망우3동","저소득노인","계","","81","24","16","19",
"망우3동","저소득노인","65~79세","","55","14","11","11",
"망우3동","저소득노인","80세 이상","","26","10","5","8",
"망우3동","일   반","계","","542","625","674","746",
"망우3동","일   반","65~79세","","439","501","520","576",
"망우3동","일   반","80세 이상","","103","124","154","170",
"신내1동","합계","계","","1260","1341","1475","1572",
"신내1동","합계","65~79세","","939","969","1065","1143",
"신내1동","합계","80세 이상","","321","372","410","429",
"신내1동","국민기초생활보장 수급권자","계","","495","526","566","610",
"신내1동","국민기초생활보장 수급권자","65~79세","","271","288","315","347",
"신내1동","국민기초생활보장 수급권자","80세 이상","","224","238","251","263",
"신내1동","저소득노인","계","","135","44","44","38",
"신내1동","저소득노인","65~79세","","71","28","29","24",
"신내1동","저소득노인","80세 이상","","64","16","15","14",
"신내1동","일   반","계","","630","771","865","924",
"신내1동","일   반","65~79세","","597","653","721","772",
"신내1동","일   반","80세 이상","","33","118","144","152",
"신내2동","합계","계","","1134","1222","1310","1400",
"신내2동","합계","65~79세","","799","858","918","1004",
"신내2동","합계","80세 이상","","335","364","392","396",
"신내2동","국민기초생활보장 수급권자","계","","440","493","523","560",
"신내2동","국민기초생활보장 수급권자","65~79세","","280","328","347","377",
"신내2동","국민기초생활보장 수급권자","80세 이상","","160","165","176","183",
"신내2동","저소득노인","계","","85","28","23","19",
"신내2동","저소득노인","65~79세","","54","15","9","7",
"신내2동","저소득노인","80세 이상","","31","13","14","12",
"신내2동","일   반","계","","609","701","764","821",
"신내2동","일   반","65~79세","","465","515","562","620",
"신내2동","일   반","80세 이상","","144","186","202","201",
"성북구","합계","계","","18225","18524","19763","28027",
"성북구","합계","65~79세","","13151","13130","13842","18946",
"성북구","합계","80세 이상","","5074","5394","5921","9081",
"성북구","국민기초생활보장 수급권자","계","","4725","6880","7495","6039",
"성북구","국민기초생활보장 수급권자","65~79세","","3151","4568","4987","4017",
"성북구","국민기초생활보장 수급권자","80세 이상","","1574","2312","2508","2022",
"성북구","저소득노인","계","","698","336","994","1273",
"성북구","저소득노인","65~79세","","394","166","582","560",
"성북구","저소득노인","80세 이상","","304","170","412","713",
"성북구","일   반","계","","12802","11308","11274","20715",
"성북구","일   반","65~79세","","9606","8396","8273","14369",
"성북구","일   반","80세 이상","","3196","2912","3001","6346",
"성북동","합계","계","","793","770","819","999",
"성북동","합계","65~79세","","535","509","528","629",
"성북동","합계","80세 이상","","258","261","291","370",
"성북동","국민기초생활보장 수급권자","계","","105","166","174","126",
"성북동","국민기초생활보장 수급권자","65~79세","","63","108","110","82",
"성북동","국민기초생활보장 수급권자","80세 이상","","42","58","64","44",
"성북동","저소득노인","계","","21","15","36","32",
"성북동","저소득노인","65~79세","","8","7","15","9",
"성북동","저소득노인","80세 이상","","13","8","21","23",
"성북동","일   반","계","","667","589","609","841",
"성북동","일   반","65~79세","","464","394","403","538",
"성북동","일   반","80세 이상","","203","195","206","303",
"삼선동","합계","계","","1068","1068","1148","1589",
"삼선동","합계","65~79세","","768","766","812","1077",
"삼선동","합계","80세 이상","","300","302","336","512",
"삼선동","국민기초생활보장 수급권자","계","","251","369","382","316",
"삼선동","국민기초생활보장 수급권자","65~79세","","181","271","281","220",
"삼선동","국민기초생활보장 수급권자","80세 이상","","70","98","101","96",
"삼선동","저소득노인","계","","48","21","50","70",
"삼선동","저소득노인","65~79세","","32","10","31","32",
"삼선동","저소득노인","80세 이상","","16","11","19","38",
"삼선동","일   반","계","","769","678","716","1203",
"삼선동","일   반","65~79세","","555","485","500","825",
"삼선동","일   반","80세 이상","","214","193","216","378",
"동선동","합계","계","","678","608","649","865",
"동선동","합계","65~79세","","484","425","440","575",
"동선동","합계","80세 이상","","194","183","209","290",
"동선동","국민기초생활보장 수급권자","계","","147","194","193","154",
"동선동","국민기초생활보장 수급권자","65~79세","","99","132","124","105",
"동선동","국민기초생활보장 수급권자","80세 이상","","48","62","69","49",
"동선동","저소득노인","계","","30","13","24","27",
"동선동","저소득노인","65~79세","","17","8","14","15",
"동선동","저소득노인","80세 이상","","13","5","10","12",
"동선동","일   반","계","","501","401","432","684",
"동선동","일   반","65~79세","","368","285","302","455",
"동선동","일   반","80세 이상","","133","116","130","229",
"돈암1동","합계","계","","679","713","744","1122",
"돈암1동","합계","65~79세","","486","499","524","747",
"돈암1동","합계","80세 이상","","193","214","220","375",
"돈암1동","국민기초생활보장 수급권자","계","","221","370","391","282",
"돈암1동","국민기초생활보장 수급권자","65~79세","","146","234","243","179",
"돈암1동","국민기초생활보장 수급권자","80세 이상","","75","136","148","103",
"돈암1동","저소득노인","계","","31","14","30","57",
"돈암1동","저소득노인","65~79세","","18","9","13","23",
"돈암1동","저소득노인","80세 이상","","13","5","17","34",
"돈암1동","일   반","계","","427","329","323","783",
"돈암1동","일   반","65~79세","","322","256","268","545",
"돈암1동","일   반","80세 이상","","105","73","55","238",
"돈암2동","합계","계","","574","595","629","867",
"돈암2동","합계","65~79세","","383","385","398","549",
"돈암2동","합계","80세 이상","","191","210","231","318",
"돈암2동","국민기초생활보장 수급권자","계","","138","198","211","174",
"돈암2동","국민기초생활보장 수급권자","65~79세","","77","122","131","100",
"돈암2동","국민기초생활보장 수급권자","80세 이상","","61","76","80","74",
"돈암2동","저소득노인","계","","15","16","22","27",
"돈암2동","저소득노인","65~79세","","10","9","15","17",
"돈암2동","저소득노인","80세 이상","","5","7","7","10",
"돈암2동","일   반","계","","421","381","396","666",
"돈암2동","일   반","65~79세","","296","254","252","432",
"돈암2동","일   반","80세 이상","","125","127","144","234",
"안암동","합계","계","","621","617","650","875",
"안암동","합계","65~79세","","436","413","438","585",
"안암동","합계","80세 이상","","185","204","212","290",
"안암동","국민기초생활보장 수급권자","계","","146","179","174","161",
"안암동","국민기초생활보장 수급권자","65~79세","","116","129","124","113",
"안암동","국민기초생활보장 수급권자","80세 이상","","30","50","50","48",
"안암동","저소득노인","계","","24","18","26","37",
"안암동","저소득노인","65~79세","","9","5","14","16",
"안암동","저소득노인","80세 이상","","15","13","12","21",
"안암동","일   반","계","","451","420","450","677",
"안암동","일   반","65~79세","","311","279","300","456",
"안암동","일   반","80세 이상","","140","141","150","221",
"보문동","합계","계","","705","715","773","1043",
"보문동","합계","65~79세","","510","527","561","722",
"보문동","합계","80세 이상","","195","188","212","321",
"보문동","국민기초생활보장 수급권자","계","","143","200","225","186",
"보문동","국민기초생활보장 수급권자","65~79세","","94","138","154","124",
"보문동","국민기초생활보장 수급권자","80세 이상","","49","62","71","62",
"보문동","저소득노인","계","","34","19","32","58",
"보문동","저소득노인","65~79세","","16","10","18","29",
"보문동","저소득노인","80세 이상","","18","9","14","29",
"보문동","일   반","계","","528","496","516","799",
"보문동","일   반","65~79세","","400","379","389","569",
"보문동","일   반","80세 이상","","128","117","127","230",
"정능1동","합계","계","","637","629","661","946",
"정능1동","합계","65~79세","","462","452","465","643",
"정능1동","합계","80세 이상","","175","177","196","303",
"정능1동","국민기초생활보장 수급권자","계","","146","205","222","190",
"정능1동","국민기초생활보장 수급권자","65~79세","","99","131","145","119",
"정능1동","국민기초생활보장 수급권자","80세 이상","","47","74","77","71",
"정능1동","저소득노인","계","","23","10","27","47",
"정능1동","저소득노인","65~79세","","14","5","19","26",
"정능1동","저소득노인","80세 이상","","9","5","8","21",
"정능1동","일   반","계","","468","414","412","709",
"정능1동","일   반","65~79세","","349","316","301","498",
"정능1동","일   반","80세 이상","","119","98","111","211",
"정능2동","합계","계","","998","987","1078","1457",
"정능2동","합계","65~79세","","742","697","747","967",
"정능2동","합계","80세 이상","","256","290","331","490",
"정능2동","국민기초생활보장 수급권자","계","","196","288","320","262",
"정능2동","국민기초생활보장 수급권자","65~79세","","132","192","215","170",
"정능2동","국민기초생활보장 수급권자","80세 이상","","64","96","105","92",
"정능2동","저소득노인","계","","42","15","66","61",
"정능2동","저소득노인","65~79세","","26","10","43","27",
"정능2동","저소득노인","80세 이상","","16","5","23","34",
"정능2동","일   반","계","","760","684","692","1134",
"정능2동","일   반","65~79세","","584","495","489","770",
"정능2동","일   반","80세 이상","","176","189","203","364",
"정능3동","합계","계","","974","973","1012","1292",
"정능3동","합계","65~79세","","683","667","693","811",
"정능3동","합계","80세 이상","","291","306","319","481",
"정능3동","국민기초생활보장 수급권자","계","","259","373","428","274",
"정능3동","국민기초생활보장 수급권자","65~79세","","153","226","263","154",
"정능3동","국민기초생활보장 수급권자","80세 이상","","106","147","165","120",
"정능3동","저소득노인","계","","51","18","83","57",
"정능3동","저소득노인","65~79세","","26","11","36","28",
"정능3동","저소득노인","80세 이상","","25","7","47","29",
"정능3동","일   반","계","","664","582","501","961",
"정능3동","일   반","65~79세","","504","430","394","629",
"정능3동","일   반","80세 이상","","160","152","107","332",
"정능4동","합계","계","","1161","1203","1281","1779",
"정능4동","합계","65~79세","","846","869","921","1233",
"정능4동","합계","80세 이상","","315","334","360","546",
"정능4동","국민기초생활보장 수급권자","계","","256","376","399","335",
"정능4동","국민기초생활보장 수급권자","65~79세","","165","250","260","227",
"정능4동","국민기초생활보장 수급권자","80세 이상","","91","126","139","108",
"정능4동","저소득노인","계","","46","17","104","84",
"정능4동","저소득노인","65~79세","","31","5","64","39",
"정능4동","저소득노인","80세 이상","","15","12","40","45",
"정능4동","일   반","계","","859","810","778","1360",
"정능4동","일   반","65~79세","","650","614","597","967",
"정능4동","일   반","80세 이상","","209","196","181","393",
"길음1동","합계","계","","859","888","935","1359",
"길음1동","합계","65~79세","","638","635","648","883",
"길음1동","합계","80세 이상","","221","253","287","476",
"길음1동","국민기초생활보장 수급권자","계","","217","344","377","303",
"길음1동","국민기초생활보장 수급권자","65~79세","","147","231","241","183",
"길음1동","국민기초생활보장 수급권자","80세 이상","","70","113","136","120",
"길음1동","저소득노인","계","","42","27","43","69",
"길음1동","저소득노인","65~79세","","22","11","22","34",
"길음1동","저소득노인","80세 이상","","20","16","21","35",
"길음1동","일   반","계","","600","517","515","987",
"길음1동","일   반","65~79세","","469","393","385","666",
"길음1동","일   반","80세 이상","","131","124","130","321",
"길음2동","합계","계","","668","680","706","1021",
"길음2동","합계","65~79세","","522","532","551","751",
"길음2동","합계","80세 이상","","146","148","155","270",
"길음2동","국민기초생활보장 수급권자","계","","194","294","333","245",
"길음2동","국민기초생활보장 수급권자","65~79세","","139","188","223","168",
"길음2동","국민기초생활보장 수급권자","80세 이상","","55","106","110","77",
"길음2동","저소득노인","계","","19","16","37","50",
"길음2동","저소득노인","65~79세","","9","8","26","25",
"길음2동","저소득노인","80세 이상","","10","8","11","25",
"길음2동","일   반","계","","455","370","336","726",
"길음2동","일   반","65~79세","","374","336","302","558",
"길음2동","일   반","80세 이상","","81","34","34","168",
"종암동","합계","계","","1685","1738","1856","2673",
"종암동","합계","65~79세","","1080","1102","1174","1672",
"종암동","합계","80세 이상","","605","636","682","1001",
"종암동","국민기초생활보장 수급권자","계","","422","613","677","597",
"종암동","국민기초생활보장 수급권자","65~79세","","271","379","426","389",
"종암동","국민기초생활보장 수급권자","80세 이상","","151","234","251","208",
"종암동","저소득노인","계","","64","19","78","120",
"종암동","저소득노인","65~79세","","34","10","46","40",
"종암동","저소득노인","80세 이상","","30","9","32","80",
"종암동","일   반","계","","1199","1106","1101","1956",
"종암동","일   반","65~79세","","775","713","702","1243",
"종암동","일   반","80세 이상","","424","393","399","713",
"월곡1동","합계","계","","1079","1118","1211","1800",
"월곡1동","합계","65~79세","","791","810","860","1242",
"월곡1동","합계","80세 이상","","288","308","351","558",
"월곡1동","국민기초생활보장 수급권자","계","","315","466","517","427",
"월곡1동","국민기초생활보장 수급권자","65~79세","","195","296","327","283",
"월곡1동","국민기초생활보장 수급권자","80세 이상","","120","170","190","144",
"월곡1동","저소득노인","계","","28","15","52","80",
"월곡1동","저소득노인","65~79세","","19","9","35","34",
"월곡1동","저소득노인","80세 이상","","9","6","17","46",
"월곡1동","일   반","계","","736","637","642","1293",
"월곡1동","일   반","65~79세","","577","505","498","925",
"월곡1동","일   반","80세 이상","","159","132","144","368",
"월곡2동","합계","계","","890","895","948","1395",
"월곡2동","합계","65~79세","","640","621","653","924",
"월곡2동","합계","80세 이상","","250","274","295","471",
"월곡2동","국민기초생활보장 수급권자","계","","255","353","381","322",
"월곡2동","국민기초생활보장 수급권자","65~79세","","179","225","246","208",
"월곡2동","국민기초생활보장 수급권자","80세 이상","","76","128","135","114",
"월곡2동","저소득노인","계","","37","17","70","79",
"월곡2동","저소득노인","65~79세","","23","7","44","30",
"월곡2동","저소득노인","80세 이상","","14","10","26","49",
"월곡2동","일   반","계","","598","525","497","994",
"월곡2동","일   반","65~79세","","438","389","363","686",
"월곡2동","일   반","80세 이상","","160","136","134","308",
"장위1동","합계","계","","1058","1141","1226","1892",
"장위1동","합계","65~79세","","813","861","934","1395",
"장위1동","합계","80세 이상","","245","280","292","497",
"장위1동","국민기초생활보장 수급권자","계","","356","577","630","486",
"장위1동","국민기초생활보장 수급권자","65~79세","","251","402","446","356",
"장위1동","국민기초생활보장 수급권자","80세 이상","","105","175","184","130",
"장위1동","저소득노인","계","","37","14","74","95",
"장위1동","저소득노인","65~79세","","25","7","48","46",
"장위1동","저소득노인","80세 이상","","12","7","26","49",
"장위1동","일   반","계","","665","550","522","1311",
"장위1동","일   반","65~79세","","537","452","440","993",
"장위1동","일   반","80세 이상","","128","98","82","318",
"장위2동","합계","계","","817","848","922","1379",
"장위2동","합계","65~79세","","591","607","652","939",
"장위2동","합계","80세 이상","","226","241","270","440",
"장위2동","국민기초생활보장 수급권자","계","","285","414","464","345",
"장위2동","국민기초생활보장 수급권자","65~79세","","180","277","320","225",
"장위2동","국민기초생활보장 수급권자","80세 이상","","105","137","144","120",
"장위2동","저소득노인","계","","26","15","32","62",
"장위2동","저소득노인","65~79세","","14","8","19","22",
"장위2동","저소득노인","80세 이상","","12","7","13","40",
"장위2동","일   반","계","","506","419","426","972",
"장위2동","일   반","65~79세","","397","322","313","692",
"장위2동","일   반","80세 이상","","109","97","113","280",
"장위3동","합계","계","","460","467","522","766",
"장위3동","합계","65~79세","","364","361","397","558",
"장위3동","합계","80세 이상","","96","106","125","208",
"장위3동","국민기초생활보장 수급권자","계","","149","202","230","178",
"장위3동","국민기초생활보장 수급권자","65~79세","","102","144","162","120",
"장위3동","국민기초생활보장 수급권자","80세 이상","","47","58","68","58",
"장위3동","저소득노인","계","","22","13","32","44",
"장위3동","저소득노인","65~79세","","11","4","18","21",
"장위3동","저소득노인","80세 이상","","11","9","14","23",
"장위3동","일   반","계","","289","252","260","544",
"장위3동","일   반","65~79세","","251","213","217","417",
"장위3동","일   반","80세 이상","","38","39","43","127",
"석관동","합계","계","","1821","1871","1993","2908",
"석관동","합계","65~79세","","1377","1392","1446","2044",
"석관동","합계","80세 이상","","444","479","547","864",
"석관동","국민기초생활보장 수급권자","계","","524","699","767","676",
"석관동","국민기초생활보장 수급권자","65~79세","","362","493","546","492",
"석관동","국민기초생활보장 수급권자","80세 이상","","162","206","221","184",
"석관동","저소득노인","계","","58","24","76","117",
"석관동","저소득노인","65~79세","","30","13","42","47",
"석관동","저소득노인","80세 이상","","28","11","34","70",
"석관동","일   반","계","","1239","1148","1150","2115",
"석관동","일   반","65~79세","","985","886","858","1505",
"석관동","일   반","80세 이상","","254","262","292","610",
"강북구","합계","계","","25195","26603","20398","21570",
"강북구","합계","65~79세","","18812","19325","14862","15562",
"강북구","합계","80세 이상","","6383","7278","5536","6008",
"강북구","국민기초생활보장 수급권자","계","","5984","6760","7635","5923",
"강북구","국민기초생활보장 수급권자","65~79세","","4269","4705","5241","3780",
"강북구","국민기초생활보장 수급권자","80세 이상","","1715","2055","2394","2143",
"강북구","저소득노인","계","","1039","854","767","1107",
"강북구","저소득노인","65~79세","","671","510","463","568",
"강북구","저소득노인","80세 이상","","368","344","304","539",
"강북구","일   반","계","","18172","18989","11996","14540",
"강북구","일   반","65~79세","","13872","14110","9158","11214",
"강북구","일   반","80세 이상","","4300","4879","2838","3326",
"번1동","합계","계","","1469","1578","1207","1231",
"번1동","합계","65~79세","","1126","1213","921","933",
"번1동","합계","80세 이상","","343","365","286","298",
"번1동","국민기초생활보장 수급권자","계","","327","380","401","323",
"번1동","국민기초생활보장 수급권자","65~79세","","237","280","301","233",
"번1동","국민기초생활보장 수급권자","80세 이상","","90","100","100","90",
"번1동","저소득노인","계","","41","35","34","48",
"번1동","저소득노인","65~79세","","33","28","26","31",
"번1동","저소득노인","80세 이상","","8","7","8","17",
"번1동","일   반","계","","1101","1163","772","860",
"번1동","일   반","65~79세","","856","905","594","669",
"번1동","일   반","80세 이상","","245","258","178","191",
"번2동","합계","계","","1798","1894","1352","1427",
"번2동","합계","65~79세","","1331","1361","974","1000",
"번2동","합계","80세 이상","","467","533","378","427",
"번2동","국민기초생활보장 수급권자","계","","476","548","636","470",
"번2동","국민기초생활보장 수급권자","65~79세","","335","382","437","292",
"번2동","국민기초생활보장 수급권자","80세 이상","","141","166","199","178",
"번2동","저소득노인","계","","121","96","94","104",
"번2동","저소득노인","65~79세","","82","49","55","54",
"번2동","저소득노인","80세 이상","","39","47","39","50",
"번2동","일   반","계","","1201","1250","622","853",
"번2동","일   반","65~79세","","914","930","482","654",
"번2동","일   반","80세 이상","","287","320","140","199",
"번3동","합계","계","","2299","2532","1695","1740",
"번3동","합계","65~79세","","1801","1886","1217","1204",
"번3동","합계","80세 이상","","498","646","478","536",
"번3동","국민기초생활보장 수급권자","계","","782","857","1059","765",
"번3동","국민기초생활보장 수급권자","65~79세","","592","617","709","464",
"번3동","국민기초생활보장 수급권자","80세 이상","","190","240","350","301",
"번3동","저소득노인","계","","104","88","73","149",
"번3동","저소득노인","65~79세","","79","59","49","76",
"번3동","저소득노인","80세 이상","","25","29","24","73",
"번3동","일   반","계","","1413","1587","563","826",
"번3동","일   반","65~79세","","1130","1210","459","664",
"번3동","일   반","80세 이상","","283","377","104","162",
"수유1동","합계","계","","1802","1843","1449","1524",
"수유1동","합계","65~79세","","1354","1331","1064","1120",
"수유1동","합계","80세 이상","","448","512","385","404",
"수유1동","국민기초생활보장 수급권자","계","","438","470","509","408",
"수유1동","국민기초생활보장 수급권자","65~79세","","320","322","350","266",
"수유1동","국민기초생활보장 수급권자","80세 이상","","118","148","159","142",
"수유1동","저소득노인","계","","72","55","57","67",
"수유1동","저소득노인","65~79세","","49","33","35","33",
"수유1동","저소득노인","80세 이상","","23","22","22","34",
"수유1동","일   반","계","","1292","1318","883","1049",
"수유1동","일   반","65~79세","","985","976","679","821",
"수유1동","일   반","80세 이상","","307","342","204","228",
"수유2동","합계","계","","1602","1710","1318","1396",
"수유2동","합계","65~79세","","1101","1145","896","943",
"수유2동","합계","80세 이상","","501","565","422","453",
"수유2동","국민기초생활보장 수급권자","계","","357","419","434","302",
"수유2동","국민기초생활보장 수급권자","65~79세","","229","255","266","150",
"수유2동","국민기초생활보장 수급권자","80세 이상","","128","164","168","152",
"수유2동","저소득노인","계","","65","54","59","54",
"수유2동","저소득노인","65~79세","","35","31","32","28",
"수유2동","저소득노인","80세 이상","","30","23","27","26",
"수유2동","일   반","계","","1180","1237","825","1040",
"수유2동","일   반","65~79세","","837","859","598","765",
"수유2동","일   반","80세 이상","","343","378","227","275",
"수유3동","합계","계","","1883","2010","1586","1697",
"수유3동","합계","65~79세","","1431","1483","1173","1253",
"수유3동","합계","80세 이상","","452","527","413","444",
"수유3동","국민기초생활보장 수급권자","계","","406","488","554","395",
"수유3동","국민기초생활보장 수급권자","65~79세","","295","357","390","262",
"수유3동","국민기초생활보장 수급권자","80세 이상","","111","131","164","133",
"수유3동","저소득노인","계","","66","49","43","86",
"수유3동","저소득노인","65~79세","","45","32","32","52",
"수유3동","저소득노인","80세 이상","","21","17","11","34",
"수유3동","일   반","계","","1411","1473","989","1216",
"수유3동","일   반","65~79세","","1091","1094","751","939",
"수유3동","일   반","80세 이상","","320","379","238","277",
"삼양동","합계","계","","2073","2122","1625","1753",
"삼양동","합계","65~79세","","1592","1586","1201","1299",
"삼양동","합계","80세 이상","","481","536","424","454",
"삼양동","국민기초생활보장 수급권자","계","","496","546","599","526",
"삼양동","국민기초생활보장 수급권자","65~79세","","372","400","421","363",
"삼양동","국민기초생활보장 수급권자","80세 이상","","124","146","178","163",
"삼양동","저소득노인","계","","76","65","57","86",
"삼양동","저소득노인","65~79세","","47","35","30","44",
"삼양동","저소득노인","80세 이상","","29","30","27","42",
"삼양동","일   반","계","","1501","1511","969","1141",
"삼양동","일   반","65~79세","","1173","1151","750","892",
"삼양동","일   반","80세 이상","","328","360","219","249",
"미아동","합계","계","","1903","2005","1601","1768",
"미아동","합계","65~79세","","1463","1493","1179","1299",
"미아동","합계","80세 이상","","440","512","422","469",
"미아동","국민기초생활보장 수급권자","계","","410","445","527","425",
"미아동","국민기초생활보장 수급권자","65~79세","","315","335","382","293",
"미아동","국민기초생활보장 수급권자","80세 이상","","95","110","145","132",
"미아동","저소득노인","계","","90","76","54","74",
"미아동","저소득노인","65~79세","","61","41","25","38",
"미아동","저소득노인","80세 이상","","29","35","29","36",
"미아동","일   반","계","","1403","1484","1020","1269",
"미아동","일   반","65~79세","","1087","1117","772","968",
"미아동","일   반","80세 이상","","316","367","248","301",
"송중동","합계","계","","2058","2124","1700","1779",
"송중동","합계","65~79세","","1555","1564","1276","1324",
"송중동","합계","80세 이상","","503","560","424","455",
"송중동","국민기초생활보장 수급권자","계","","428","481","521","400",
"송중동","국민기초생활보장 수급권자","65~79세","","300","329","370","267",
"송중동","국민기초생활보장 수급권자","80세 이상","","128","152","151","133",
"송중동","저소득노인","계","","82","69","68","89",
"송중동","저소득노인","65~79세","","53","42","45","46",
"송중동","저소득노인","80세 이상","","29","27","23","43",
"송중동","일   반","계","","1548","1574","1111","1290",
"송중동","일   반","65~79세","","1202","1193","861","1011",
"송중동","일   반","80세 이상","","346","381","250","279",
"송천동","합계","계","","2659","2734","2146","2162",
"송천동","합계","65~79세","","2023","2038","1598","1595",
"송천동","합계","80세 이상","","636","696","548","567",
"송천동","국민기초생활보장 수급권자","계","","603","675","743","594",
"송천동","국민기초생활보장 수급권자","65~79세","","451","496","545","411",
"송천동","국민기초생활보장 수급권자","80세 이상","","152","179","198","183",
"송천동","저소득노인","계","","88","69","58","84",
"송천동","저소득노인","65~79세","","54","43","37","49",
"송천동","저소득노인","80세 이상","","34","26","21","35",
"송천동","일   반","계","","1968","1990","1345","1484",
"송천동","일   반","65~79세","","1518","1499","1016","1135",
"송천동","일   반","80세 이상","","450","491","329","349",
"삼각산동","합계","계","","1507","1660","1178","1277",
"삼각산동","합계","65~79세","","1054","1120","816","897",
"삼각산동","합계","80세 이상","","453","540","362","380",
"삼각산동","국민기초생활보장 수급권자","계","","463","515","576","501",
"삼각산동","국민기초생활보장 수급권자","65~79세","","299","316","364","299",
"삼각산동","국민기초생활보장 수급권자","80세 이상","","164","199","212","202",
"삼각산동","저소득노인","계","","43","49","41","86",
"삼각산동","저소득노인","65~79세","","27","36","28","40",
"삼각산동","저소득노인","80세 이상","","16","13","13","46",
"삼각산동","일   반","계","","1001","1096","561","690",
"삼각산동","일   반","65~79세","","728","768","424","558",
"삼각산동","일   반","80세 이상","","273","328","137","132",
"우이동","합계","계","","1674","1727","1416","1532",
"우이동","합계","65~79세","","1199","1196","1002","1067",
"우이동","합계","80세 이상","","475","531","414","465",
"우이동","국민기초생활보장 수급권자","계","","301","331","390","298",
"우이동","국민기초생활보장 수급권자","65~79세","","196","210","255","182",
"우이동","국민기초생활보장 수급권자","80세 이상","","105","121","135","116",
"우이동","저소득노인","계","","79","68","58","73",
"우이동","저소득노인","65~79세","","48","40","35","37",
"우이동","저소득노인","80세 이상","","31","28","23","36",
"우이동","일   반","계","","1294","1328","968","1161",
"우이동","일   반","65~79세","","955","946","712","848",
"우이동","일   반","80세 이상","","339","382","256","313",
"인수동","합계","계","","2468","2664","2125","2284",
"인수동","합계","65~79세","","1782","1909","1545","1628",
"인수동","합계","80세 이상","","686","755","580","656",
"인수동","국민기초생활보장 수급권자","계","","497","605","686","516",
"인수동","국민기초생활보장 수급권자","65~79세","","328","406","451","298",
"인수동","국민기초생활보장 수급권자","80세 이상","","169","199","235","218",
"인수동","저소득노인","계","","112","81","71","107",
"인수동","저소득노인","65~79세","","58","41","34","40",
"인수동","저소득노인","80세 이상","","54","40","37","67",
"인수동","일   반","계","","1859","1978","1368","1661",
"인수동","일   반","65~79세","","1396","1462","1060","1290",
"인수동","일   반","80세 이상","","463","516","308","371",
"도봉구","합계","계","","14961","16031","17136","19132",
"도봉구","합계","65~79세","","10891","11494","12129","13560",
"도봉구","합계","80세 이상","","4070","4537","5007","5572",
"도봉구","국민기초생활보장 수급권자","계","","3927","4458","4964","5591",
"도봉구","국민기초생활보장 수급권자","65~79세","","2577","2895","3221","3681",
"도봉구","국민기초생활보장 수급권자","80세 이상","","1350","1563","1743","1910",
"도봉구","저소득노인","계","","743","652","1133","1099",
"도봉구","저소득노인","65~79세","","391","331","631","620",
"도봉구","저소득노인","80세 이상","","352","321","502","479",
"도봉구","일   반","계","","10291","10921","11039","12442",
"도봉구","일   반","65~79세","","7923","8268","8277","9259",
"도봉구","일   반","80세 이상","","2368","2653","2762","3183",
"창1동","합계","계","","1077","1130","1223","1345",
"창1동","합계","65~79세","","754","795","851","927",
"창1동","합계","80세 이상","","323","335","372","418",
"창1동","국민기초생활보장 수급권자","계","","185","208","238","270",
"창1동","국민기초생활보장 수급권자","65~79세","","109","129","152","170",
"창1동","국민기초생활보장 수급권자","80세 이상","","76","79","86","100",
"창1동","저소득노인","계","","25","27","42","47",
"창1동","저소득노인","65~79세","","11","13","20","24",
"창1동","저소득노인","80세 이상","","14","14","22","23",
"창1동","일   반","계","","867","895","943","1028",
"창1동","일   반","65~79세","","634","653","679","733",
"창1동","일   반","80세 이상","","233","242","264","295",
"창2동","합계","계","","1135","1211","1294","1454",
"창2동","합계","65~79세","","837","869","910","1051",
"창2동","합계","80세 이상","","298","342","384","403",
"창2동","국민기초생활보장 수급권자","계","","274","312","335","412",
"창2동","국민기초생활보장 수급권자","65~79세","","177","182","205","270",
"창2동","국민기초생활보장 수급권자","80세 이상","","97","130","130","142",
"창2동","저소득노인","계","","53","46","104","105",
"창2동","저소득노인","65~79세","","33","25","57","52",
"창2동","저소득노인","80세 이상","","20","21","47","53",
"창2동","일   반","계","","808","853","855","937",
"창2동","일   반","65~79세","","627","662","648","729",
"창2동","일   반","80세 이상","","181","191","207","208",
"창3동","합계","계","","815","861","906","982",
"창3동","합계","65~79세","","591","619","654","694",
"창3동","합계","80세 이상","","224","242","252","288",
"창3동","국민기초생활보장 수급권자","계","","293","308","374","408",
"창3동","국민기초생활보장 수급권자","65~79세","","194","207","241","264",
"창3동","국민기초생활보장 수급권자","80세 이상","","99","101","133","144",
"창3동","저소득노인","계","","45","35","46","49",
"창3동","저소득노인","65~79세","","20","18","28","30",
"창3동","저소득노인","80세 이상","","25","17","18","19",
"창3동","일   반","계","","477","518","486","525",
"창3동","일   반","65~79세","","377","394","385","400",
"창3동","일   반","80세 이상","","100","124","101","125",
"창4동","합계","계","","841","880","945","1101",
"창4동","합계","65~79세","","565","598","640","750",
"창4동","합계","80세 이상","","276","282","305","351",
"창4동","국민기초생활보장 수급권자","계","","98","112","122","151",
"창4동","국민기초생활보장 수급권자","65~79세","","54","70","76","95",
"창4동","국민기초생활보장 수급권자","80세 이상","","44","42","46","56",
"창4동","저소득노인","계","","33","28","32","32",
"창4동","저소득노인","65~79세","","15","10","13","12",
"창4동","저소득노인","80세 이상","","18","18","19","20",
"창4동","일   반","계","","710","740","791","918",
"창4동","일   반","65~79세","","496","518","551","643",
"창4동","일   반","80세 이상","","214","222","240","275",
"창5동","합계","계","","851","937","981","1096",
"창5동","합계","65~79세","","600","654","678","769",
"창5동","합계","80세 이상","","251","283","303","327",
"창5동","국민기초생활보장 수급권자","계","","147","167","193","223",
"창5동","국민기초생활보장 수급권자","65~79세","","94","104","120","130",
"창5동","국민기초생활보장 수급권자","80세 이상","","53","63","73","93",
"창5동","저소득노인","계","","32","29","47","34",
"창5동","저소득노인","65~79세","","17","13","21","20",
"창5동","저소득노인","80세 이상","","15","16","26","14",
"창5동","일   반","계","","672","741","741","839",
"창5동","일   반","65~79세","","489","537","537","619",
"창5동","일   반","80세 이상","","183","204","204","220",
"도봉1동","합계","계","","1679","1800","1911","2143",
"도봉1동","합계","65~79세","","1269","1318","1383","1548",
"도봉1동","합계","80세 이상","","410","482","528","595",
"도봉1동","국민기초생활보장 수급권자","계","","481","568","632","711",
"도봉1동","국민기초생활보장 수급권자","65~79세","","345","393","442","488",
"도봉1동","국민기초생활보장 수급권자","80세 이상","","136","175","190","223",
"도봉1동","저소득노인","계","","83","73","151","138",
"도봉1동","저소득노인","65~79세","","36","33","85","80",
"도봉1동","저소득노인","80세 이상","","47","40","66","58",
"도봉1동","일   반","계","","1115","1159","1128","1294",
"도봉1동","일   반","65~79세","","888","892","856","980",
"도봉1동","일   반","80세 이상","","227","267","272","314",
"도봉2동","합계","계","","1462","1580","1681","1876",
"도봉2동","합계","65~79세","","1068","1128","1183","1320",
"도봉2동","합계","80세 이상","","394","452","498","556",
"도봉2동","국민기초생활보장 수급권자","계","","396","470","501","544",
"도봉2동","국민기초생활보장 수급권자","65~79세","","253","301","318","353",
"도봉2동","국민기초생활보장 수급권자","80세 이상","","143","169","183","191",
"도봉2동","저소득노인","계","","82","69","93","84",
"도봉2동","저소득노인","65~79세","","45","36","45","45",
"도봉2동","저소득노인","80세 이상","","37","33","48","39",
"도봉2동","일   반","계","","984","1041","1087","1248",
"도봉2동","일   반","65~79세","","770","791","820","922",
"도봉2동","일   반","80세 이상","","214","250","267","326",
"쌍문1동","합계","계","","1003","1084","1144","1295",
"쌍문1동","합계","65~79세","","731","784","810","917",
"쌍문1동","합계","80세 이상","","272","300","334","378",
"쌍문1동","국민기초생활보장 수급권자","계","","324","346","358","424",
"쌍문1동","국민기초생활보장 수급권자","65~79세","","202","202","215","269",
"쌍문1동","국민기초생활보장 수급권자","80세 이상","","122","144","143","155",
"쌍문1동","저소득노인","계","","56","52","113","115",
"쌍문1동","저소득노인","65~79세","","32","33","74","74",
"쌍문1동","저소득노인","80세 이상","","24","19","39","41",
"쌍문1동","일   반","계","","623","686","673","756",
"쌍문1동","일   반","65~79세","","497","549","521","574",
"쌍문1동","일   반","80세 이상","","126","137","152","182",
"쌍문2동","합계","계","","1043","1126","1220","1351",
"쌍문2동","합계","65~79세","","720","772","846","955",
"쌍문2동","합계","80세 이상","","323","354","374","396",
"쌍문2동","국민기초생활보장 수급권자","계","","278","313","375","431",
"쌍문2동","국민기초생활보장 수급권자","65~79세","","181","196","241","287",
"쌍문2동","국민기초생활보장 수급권자","80세 이상","","97","117","134","144",
"쌍문2동","저소득노인","계","","76","65","101","91",
"쌍문2동","저소득노인","65~79세","","37","28","57","54",
"쌍문2동","저소득노인","80세 이상","","39","37","44","37",
"쌍문2동","일   반","계","","689","748","744","829",
"쌍문2동","일   반","65~79세","","502","548","548","614",
"쌍문2동","일   반","80세 이상","","187","200","196","215",
"쌍문3동","합계","계","","873","915","974","1054",
"쌍문3동","합계","65~79세","","686","687","715","752",
"쌍문3동","합계","80세 이상","","187","228","259","302",
"쌍문3동","국민기초생활보장 수급권자","계","","265","277","291","306",
"쌍문3동","국민기초생활보장 수급권자","65~79세","","181","191","196","206",
"쌍문3동","국민기초생활보장 수급권자","80세 이상","","84","86","95","100",
"쌍문3동","저소득노인","계","","42","40","82","70",
"쌍문3동","저소득노인","65~79세","","30","25","48","41",
"쌍문3동","저소득노인","80세 이상","","12","15","34","29",
"쌍문3동","일   반","계","","566","598","601","678",
"쌍문3동","일   반","65~79세","","475","471","471","505",
"쌍문3동","일   반","80세 이상","","91","127","130","173",
"쌍문4동","합계","계","","541","588","645","725",
"쌍문4동","합계","65~79세","","358","392","424","489",
"쌍문4동","합계","80세 이상","","183","196","221","236",
"쌍문4동","국민기초생활보장 수급권자","계","","73","82","108","127",
"쌍문4동","국민기초생활보장 수급권자","65~79세","","30","34","24","64",
"쌍문4동","국민기초생활보장 수급권자","80세 이상","","43","48","84","63",
"쌍문4동","저소득노인","계","","27","29","47","53",
"쌍문4동","저소득노인","65~79세","","12","14","25","25",
"쌍문4동","저소득노인","80세 이상","","15","15","22","28",
"쌍문4동","일   반","계","","441","477","490","545",
"쌍문4동","일   반","65~79세","","316","344","375","400",
"쌍문4동","일   반","80세 이상","","125","133","115","145",
"방학1동","합계","계","","1420","1547","1666","1872",
"방학1동","합계","65~79세","","1091","1190","1254","1410",
"방학1동","합계","80세 이상","","329","357","412","462",
"방학1동","국민기초생활보장 수급권자","계","","483","546","604","652",
"방학1동","국민기초생활보장 수급권자","65~79세","","360","404","448","486",
"방학1동","국민기초생활보장 수급권자","80세 이상","","123","142","156","166",
"방학1동","저소득노인","계","","72","53","86","86",
"방학1동","저소득노인","65~79세","","39","28","48","50",
"방학1동","저소득노인","80세 이상","","33","25","38","36",
"방학1동","일   반","계","","865","948","976","1134",
"방학1동","일   반","65~79세","","692","758","758","874",
"방학1동","일   반","80세 이상","","173","190","218","260",
"방학2동","합계","계","","1327","1446","1548","1722",
"방학2동","합계","65~79세","","1004","1077","1141","1266",
"방학2동","합계","80세 이상","","323","369","407","456",
"방학2동","국민기초생활보장 수급권자","계","","544","649","717","797",
"방학2동","국민기초생활보장 수급권자","65~79세","","359","434","481","530",
"방학2동","국민기초생활보장 수급권자","80세 이상","","185","215","236","267",
"방학2동","저소득노인","계","","77","71","112","117",
"방학2동","저소득노인","65~79세","","39","35","73","75",
"방학2동","저소득노인","80세 이상","","38","36","39","42",
"방학2동","일   반","계","","706","726","719","808",
"방학2동","일   반","65~79세","","606","608","587","661",
"방학2동","일   반","80세 이상","","100","118","132","147",
"방학3동","합계","계","","894","926","998","1116",
"방학3동","합계","65~79세","","617","611","640","712",
"방학3동","합계","80세 이상","","277","315","358","404",
"방학3동","국민기초생활보장 수급권자","계","","86","100","116","135",
"방학3동","국민기초생활보장 수급권자","65~79세","","38","48","62","69",
"방학3동","국민기초생활보장 수급권자","80세 이상","","48","52","54","66",
"방학3동","저소득노인","계","","40","35","77","78",
"방학3동","저소득노인","65~79세","","25","20","37","38",
"방학3동","저소득노인","80세 이상","","15","15","40","40",
"방학3동","일   반","계","","768","791","805","903",
"방학3동","일   반","65~79세","","554","543","541","605",
"방학3동","일   반","80세 이상","","214","248","264","298",
"노원구","합계","계","","23770","24701","36839","27817",
"노원구","합계","65~79세","","17416","17764","25500","19596",
"노원구","합계","80세 이상","","6354","6937","11339","8221",
"노원구","국민기초생활보장 수급권자","계","","8770","9519","10115","10894",
"노원구","국민기초생활보장 수급권자","65~79세","","5917","6272","6657","7169",
"노원구","국민기초생활보장 수급권자","80세 이상","","2853","3247","3458","3725",
"노원구","저소득노인","계","","830","738","482","551",
"노원구","저소득노인","65~79세","","460","383","211","251",
"노원구","저소득노인","80세 이상","","370","355","271","300",
"노원구","일   반","계","","14170","14444","26242","16372",
"노원구","일   반","65~79세","","11039","11109","18632","12176",
"노원구","일   반","80세 이상","","3131","3335","7610","4196",
"월계1동","합계","계","","969","987","1374","1121",
"월계1동","합계","65~79세","","748","726","984","806",
"월계1동","합계","80세 이상","","221","261","390","315",
"월계1동","국민기초생활보장 수급권자","계","","268","262","299","320",
"월계1동","국민기초생활보장 수급권자","65~79세","","190","180","204","218",
"월계1동","국민기초생활보장 수급권자","80세 이상","","78","82","95","102",
"월계1동","저소득노인","계","","29","32","19","17",
"월계1동","저소득노인","65~79세","","16","13","6","8",
"월계1동","저소득노인","80세 이상","","13","19","13","9",
"월계1동","일   반","계","","672","693","1056","784",
"월계1동","일   반","65~79세","","542","533","774","580",
"월계1동","일   반","80세 이상","","130","160","282","204",
"월계2동","합계","계","","1839","1925","3183","2127",
"월계2동","합계","65~79세","","1406","1454","2286","1574",
"월계2동","합계","80세 이상","","433","471","897","553",
"월계2동","국민기초생활보장 수급권자","계","","1019","1055","1107","1163",
"월계2동","국민기초생활보장 수급권자","65~79세","","703","721","751","788",
"월계2동","국민기초생활보장 수급권자","80세 이상","","316","334","356","375",
"월계2동","저소득노인","계","","55","58","39","33",
"월계2동","저소득노인","65~79세","","34","35","26","22",
"월계2동","저소득노인","80세 이상","","21","23","13","11",
"월계2동","일   반","계","","765","812","2037","931",
"월계2동","일   반","65~79세","","669","698","1509","764",
"월계2동","일   반","80세 이상","","96","114","528","167",
"월계3동","합계","계","","1663","1732","2613","2009",
"월계3동","합계","65~79세","","1219","1251","1836","1412",
"월계3동","합계","80세 이상","","444","481","777","597",
"월계3동","국민기초생활보장 수급권자","계","","639","705","760","829",
"월계3동","국민기초생활보장 수급권자","65~79세","","448","476","517","563",
"월계3동","국민기초생활보장 수급권자","80세 이상","","191","229","243","266",
"월계3동","저소득노인","계","","56","46","26","28",
"월계3동","저소득노인","65~79세","","30","21","14","13",
"월계3동","저소득노인","80세 이상","","26","25","12","15",
"월계3동","일   반","계","","968","981","1827","1152",
"월계3동","일   반","65~79세","","741","754","1305","836",
"월계3동","일   반","80세 이상","","227","227","522","316",
"공릉1동","합계","계","","1810","1916","1480","2183",
"공릉1동","합계","65~79세","","1422","1486","1026","1652",
"공릉1동","합계","80세 이상","","388","430","454","531",
"공릉1동","국민기초생활보장 수급권자","계","","733","788","845","896",
"공릉1동","국민기초생활보장 수급권자","65~79세","","532","568","605","639",
"공릉1동","국민기초생활보장 수급권자","80세 이상","","201","220","240","257",
"공릉1동","저소득노인","계","","47","44","28","33",
"공릉1동","저소득노인","65~79세","","21","18","7","14",
"공릉1동","저소득노인","80세 이상","","26","26","21","19",
"공릉1동","일   반","계","","1030","1084","607","1254",
"공릉1동","일   반","65~79세","","869","900","414","999",
"공릉1동","일   반","80세 이상","","161","184","193","255",
"공릉2동","합계","계","","1130","1194","2407","1360",
"공릉2동","합계","65~79세","","849","906","1803","995",
"공릉2동","합계","80세 이상","","281","288","604","365",
"공릉2동","국민기초생활보장 수급권자","계","","245","300","319","345",
"공릉2동","국민기초생활보장 수급권자","65~79세","","166","201","210","230",
"공릉2동","국민기초생활보장 수급권자","80세 이상","","79","99","109","115",
"공릉2동","저소득노인","계","","35","37","21","32",
"공릉2동","저소득노인","65~79세","","14","18","8","15",
"공릉2동","저소득노인","80세 이상","","21","19","13","17",
"공릉2동","일   반","계","","850","857","2067","983",
"공릉2동","일   반","65~79세","","669","687","1585","750",
"공릉2동","일   반","80세 이상","","181","170","482","233",
"하계1동","합계","계","","1590","1633","2363","1831",
"하계1동","합계","65~79세","","1164","1173","1684","1305",
"하계1동","합계","80세 이상","","426","460","679","526",
"하계1동","국민기초생활보장 수급권자","계","","947","1001","1047","1121",
"하계1동","국민기초생활보장 수급권자","65~79세","","664","684","720","778",
"하계1동","국민기초생활보장 수급권자","80세 이상","","283","317","327","343",
"하계1동","저소득노인","계","","46","38","27","27",
"하계1동","저소득노인","65~79세","","33","26","13","12",
"하계1동","저소득노인","80세 이상","","13","12","14","15",
"하계1동","일   반","계","","597","594","1289","683",
"하계1동","일   반","65~79세","","467","463","951","515",
"하계1동","일   반","80세 이상","","130","131","338","168",
"하계2동","합계","계","","799","850","2089","950",
"하계2동","합계","65~79세","","559","589","1441","633",
"하계2동","합계","80세 이상","","240","261","648","317",
"하계2동","국민기초생활보장 수급권자","계","","291","334","360","386",
"하계2동","국민기초생활보장 수급권자","65~79세","","194","212","215","229",
"하계2동","국민기초생활보장 수급권자","80세 이상","","97","122","145","157",
"하계2동","저소득노인","계","","35","27","18","30",
"하계2동","저소득노인","65~79세","","21","17","13","16",
"하계2동","저소득노인","80세 이상","","14","10","5","14",
"하계2동","일   반","계","","473","489","1711","534",
"하계2동","일   반","65~79세","","344","360","1213","388",
"하계2동","일   반","80세 이상","","129","129","498","146",
"중계본동","합계","계","","588","572","1033","554",
"중계본동","합계","65~79세","","433","407","680","378",
"중계본동","합계","80세 이상","","155","165","353","176",
"중계본동","국민기초생활보장 수급권자","계","","130","126","124","123",
"중계본동","국민기초생활보장 수급권자","65~79세","","84","77","74","73",
"중계본동","국민기초생활보장 수급권자","80세 이상","","46","49","50","50",
"중계본동","저소득노인","계","","32","25","18","21",
"중계본동","저소득노인","65~79세","","17","14","3","10",
"중계본동","저소득노인","80세 이상","","15","11","15","11",
"중계본동","일   반","계","","426","421","891","410",
"중계본동","일   반","65~79세","","332","316","603","295",
"중계본동","일   반","80세 이상","","94","105","288","115",
"중계1동","합계","계","","542","559","808","648",
"중계1동","합계","65~79세","","381","384","546","447",
"중계1동","합계","80세 이상","","161","175","262","201",
"중계1동","국민기초생활보장 수급권자","계","","171","196","214","260",
"중계1동","국민기초생활보장 수급권자","65~79세","","103","117","135","167",
"중계1동","국민기초생활보장 수급권자","80세 이상","","68","79","79","93",
"중계1동","저소득노인","계","","21","19","13","13",
"중계1동","저소득노인","65~79세","","8","8","5","7",
"중계1동","저소득노인","80세 이상","","13","11","8","6",
"중계1동","일   반","계","","350","344","581","375",
"중계1동","일   반","65~79세","","270","259","406","273",
"중계1동","일   반","80세 이상","","80","85","175","102",
"중계4동","합계","계","","1284","1328","1355","1461",
"중계4동","합계","65~79세","","938","949","908","1007",
"중계4동","합계","80세 이상","","346","379","447","454",
"중계4동","국민기초생활보장 수급권자","계","","650","696","745","783",
"중계4동","국민기초생활보장 수급권자","65~79세","","448","464","496","509",
"중계4동","국민기초생활보장 수급권자","80세 이상","","202","232","249","274",
"중계4동","저소득노인","계","","43","30","24","26",
"중계4동","저소득노인","65~79세","","21","10","8","11",
"중계4동","저소득노인","80세 이상","","22","20","16","15",
"중계4동","일   반","계","","591","602","586","652",
"중계4동","일   반","65~79세","","469","475","404","487",
"중계4동","일   반","80세 이상","","122","127","182","165",
"중계2.3동","합계","계","","2530","2594","2408","2836",
"중계2.3동","합계","65~79세","","1792","1807","1547","1897",
"중계2.3동","합계","80세 이상","","738","787","861","939",
"중계2.3동","국민기초생활보장 수급권자","계","","1288","1405","1463","1558",
"중계2.3동","국민기초생활보장 수급권자","65~79세","","858","909","923","964",
"중계2.3동","국민기초생활보장 수급권자","80세 이상","","430","496","540","594",
"중계2.3동","저소득노인","계","","100","89","60","72",
"중계2.3동","저소득노인","65~79세","","66","59","35","40",
"중계2.3동","저소득노인","80세 이상","","34","30","25","32",
"중계2.3동","일   반","계","","1142","1100","885","1206",
"중계2.3동","일   반","65~79세","","868","839","589","893",
"중계2.3동","일   반","80세 이상","","274","261","296","313",
"상계1동","합계","계","","1522","1633","2006","1924",
"상계1동","합계","65~79세","","1126","1188","1362","1364",
"상계1동","합계","80세 이상","","396","445","644","560",
"상계1동","국민기초생활보장 수급권자","계","","460","543","580","642",
"상계1동","국민기초생활보장 수급권자","65~79세","","285","333","358","392",
"상계1동","국민기초생활보장 수급권자","80세 이상","","175","210","222","250",
"상계1동","저소득노인","계","","59","52","36","35",
"상계1동","저소득노인","65~79세","","40","35","17","14",
"상계1동","저소득노인","80세 이상","","19","17","19","21",
"상계1동","일   반","계","","1003","1038","1390","1247",
"상계1동","일   반","65~79세","","801","820","987","958",
"상계1동","일   반","80세 이상","","202","218","403","289",
"상계2동","합계","계","","854","895","3007","1037",
"상계2동","합계","65~79세","","641","654","2044","748",
"상계2동","합계","80세 이상","","213","241","963","289",
"상계2동","국민기초생활보장 수급권자","계","","258","289","259","356",
"상계2동","국민기초생활보장 수급권자","65~79세","","178","201","186","256",
"상계2동","국민기초생활보장 수급권자","80세 이상","","80","88","73","100",
"상계2동","저소득노인","계","","35","28","19","22",
"상계2동","저소득노인","65~79세","","16","7","3","3",
"상계2동","저소득노인","80세 이상","","19","21","16","19",
"상계2동","일   반","계","","561","578","2729","659",
"상계2동","일   반","65~79세","","447","446","1855","489",
"상계2동","일   반","80세 이상","","114","132","874","170",
"상계3.4동","합계","계","","1972","1977","2404","2245",
"상계3.4동","합계","65~79세","","1465","1422","1564","1600",
"상계3.4동","합계","80세 이상","","507","555","840","645",
"상계3.4동","국민기초생활보장 수급권자","계","","871","921","957","1006",
"상계3.4동","국민기초생활보장 수급권자","65~79세","","583","590","611","653",
"상계3.4동","국민기초생활보장 수급권자","80세 이상","","288","331","346","353",
"상계3.4동","저소득노인","계","","99","80","51","56",
"상계3.4동","저소득노인","65~79세","","54","38","20","20",
"상계3.4동","저소득노인","80세 이상","","45","42","31","36",
"상계3.4동","일   반","계","","1002","976","1396","1183",
"상계3.4동","일   반","65~79세","","828","794","933","927",
"상계3.4동","일   반","80세 이상","","174","182","463","256",
"상계5동","합계","계","","1455","1547","2374","1746",
"상계5동","합계","65~79세","","1070","1096","1688","1209",
"상계5동","합계","80세 이상","","385","451","686","537",
"상계5동","국민기초생활보장 수급권자","계","","447","495","579","614",
"상계5동","국민기초생활보장 수급권자","65~79세","","297","323","393","426",
"상계5동","국민기초생활보장 수급권자","80세 이상","","150","172","186","188",
"상계5동","저소득노인","계","","61","56","34","43",
"상계5동","저소득노인","65~79세","","37","32","20","23",
"상계5동","저소득노인","80세 이상","","24","24","14","20",
"상계5동","일   반","계","","947","996","1761","1089",
"상계5동","일   반","65~79세","","736","741","1275","760",
"상계5동","일   반","80세 이상","","211","255","486","329",
"상계6.7동","합계","계","","1253","1305","929","1459",
"상계6.7동","합계","65~79세","","845","873","601","983",
"상계6.7동","합계","80세 이상","","408","432","328","476",
"상계6.7동","국민기초생활보장 수급권자","계","","142","165","188","210",
"상계6.7동","국민기초생활보장 수급권자","65~79세","","79","92","111","126",
"상계6.7동","국민기초생활보장 수급권자","80세 이상","","63","73","77","84",
"상계6.7동","저소득노인","계","","29","33","26","30",
"상계6.7동","저소득노인","65~79세","","10","15","6","13",
"상계6.7동","저소득노인","80세 이상","","19","18","20","17",
"상계6.7동","일   반","계","","1082","1107","715","1219",
"상계6.7동","일   반","65~79세","","756","766","484","844",
"상계6.7동","일   반","80세 이상","","326","341","231","375",
"상계8동","합계","계","","639","659","1034","748",
"상계8동","합계","65~79세","","453","454","733","514",
"상계8동","합계","80세 이상","","186","205","301","234",
"상계8동","국민기초생활보장 수급권자","계","","45","53","64","78",
"상계8동","국민기초생활보장 수급권자","65~79세","","22","26","32","38",
"상계8동","국민기초생활보장 수급권자","80세 이상","","23","27","32","40",
"상계8동","저소득노인","계","","10","7","4","8",
"상계8동","저소득노인","65~79세","","4","3","2","2",
"상계8동","저소득노인","80세 이상","","6","4","2","6",
"상계8동","일   반","계","","584","599","966","662",
"상계8동","일   반","65~79세","","427","425","699","474",
"상계8동","일   반","80세 이상","","157","174","267","188",
"상계9동","합계","계","","777","826","2240","943",
"상계9동","합계","65~79세","","522","559","1573","636",
"상계9동","합계","80세 이상","","255","267","667","307",
"상계9동","국민기초생활보장 수급권자","계","","97","111","126","125",
"상계9동","국민기초생활보장 수급권자","65~79세","","54","62","73","75",
"상계9동","국민기초생활보장 수급권자","80세 이상","","43","49","53","50",
"상계9동","저소득노인","계","","25","25","10","15",
"상계9동","저소득노인","65~79세","","11","8","2","5",
"상계9동","저소득노인","80세 이상","","14","17","8","10",
"상계9동","일   반","계","","655","690","2104","803",
"상계9동","일   반","65~79세","","457","489","1498","556",
"상계9동","일   반","80세 이상","","198","201","606","247",
"상계10동","합계","계","","554","569","1732","635",
"상계10동","합계","65~79세","","383","386","1194","436",
"상계10동","합계","80세 이상","","171","183","538","199",
"상계10동","국민기초생활보장 수급권자","계","","69","74","79","79",
"상계10동","국민기초생활보장 수급권자","65~79세","","29","36","43","45",
"상계10동","국민기초생활보장 수급권자","80세 이상","","40","38","36","34",
"상계10동","저소득노인","계","","13","12","9","10",
"상계10동","저소득노인","65~79세","","7","6","3","3",
"상계10동","저소득노인","80세 이상","","6","6","6","7",
"상계10동","일   반","계","","472","483","1644","546",
"상계10동","일   반","65~79세","","347","344","1148","388",
"상계10동","일   반","80세 이상","","125","139","496","158",
"은평구","합계","계","","20800","22087","23291","24602",
"은평구","합계","65~79세","","13782","16276","16905","16066",
"은평구","합계","80세 이상","","7018","5811","6386","8536",
"은평구","국민기초생활보장 수급권자","계","","6273","6927","7630","8985",
"은평구","국민기초생활보장 수급권자","65~79세","","4267","4617","5095","5930",
"은평구","국민기초생활보장 수급권자","80세 이상","","2006","2310","2535","3055",
"은평구","저소득노인","계","","695","625","547","1616",
"은평구","저소득노인","65~79세","","405","354","309","929",
"은평구","저소득노인","80세 이상","","290","271","238","687",
"은평구","일   반","계","","13832","14535","15114","14001",
"은평구","일   반","65~79세","","9110","11305","11501","9207",
"은평구","일   반","80세 이상","","4722","3230","3613","4794",
"녹번동","합계","계","","1965","2106","2238","2354",
"녹번동","합계","65~79세","","1605","1549","1626","1704",
"녹번동","합계","80세 이상","","360","557","612","650",
"녹번동","국민기초생활보장 수급권자","계","","524","587","665","793",
"녹번동","국민기초생활보장 수급권자","65~79세","","372","412","461","542",
"녹번동","국민기초생활보장 수급권자","80세 이상","","152","175","204","251",
"녹번동","저소득노인","계","","57","53","49","122",
"녹번동","저소득노인","65~79세","","30","23","25","76",
"녹번동","저소득노인","80세 이상","","27","30","24","46",
"녹번동","일   반","계","","1384","1466","1524","1439",
"녹번동","일   반","65~79세","","1203","1114","1140","1086",
"녹번동","일   반","80세 이상","","181","352","384","353",
"불광1동","합계","계","","1995","2143","2263","2392",
"불광1동","합계","65~79세","","1636","1550","1621","1726",
"불광1동","합계","80세 이상","","359","593","642","666",
"불광1동","국민기초생활보장 수급권자","계","","601","675","758","820",
"불광1동","국민기초생활보장 수급권자","65~79세","","428","459","514","560",
"불광1동","국민기초생활보장 수급권자","80세 이상","","173","216","244","260",
"불광1동","저소득노인","계","","61","46","42","143",
"불광1동","저소득노인","65~79세","","38","29","22","90",
"불광1동","저소득노인","80세 이상","","23","17","20","53",
"불광1동","일   반","계","","1333","1422","1463","1429",
"불광1동","일   반","65~79세","","1170","1062","1085","1076",
"불광1동","일   반","80세 이상","","163","360","378","353",
"불광2동","합계","계","","1817","1989","2113","2235",
"불광2동","합계","65~79세","","1163","1504","1575","1648",
"불광2동","합계","80세 이상","","654","485","538","587",
"불광2동","국민기초생활보장 수급권자","계","","641","718","808","928",
"불광2동","국민기초생활보장 수급권자","65~79세","","453","496","568","635",
"불광2동","국민기초생활보장 수급권자","80세 이상","","188","222","240","293",
"불광2동","저소득노인","계","","57","51","45","152",
"불광2동","저소득노인","65~79세","","34","33","32","88",
"불광2동","저소득노인","80세 이상","","23","18","13","64",
"불광2동","일   반","계","","1119","1220","1260","1155",
"불광2동","일   반","65~79세","","676","975","975","925",
"불광2동","일   반","80세 이상","","443","245","285","230",
"갈현1동","합계","계","","1209","853","876","909",
"갈현1동","합계","65~79세","","789","655","667","679",
"갈현1동","합계","80세 이상","","420","198","209","230",
"갈현1동","국민기초생활보장 수급권자","계","","423","358","330","378",
"갈현1동","국민기초생활보장 수급권자","65~79세","","293","229","204","191",
"갈현1동","국민기초생활보장 수급권자","80세 이상","","130","129","126","187",
"갈현1동","저소득노인","계","","49","37","27","63",
"갈현1동","저소득노인","65~79세","","31","21","12","35",
"갈현1동","저소득노인","80세 이상","","18","16","15","28",
"갈현1동","일   반","계","","737","458","519","468",
"갈현1동","일   반","65~79세","","465","405","451","453",
"갈현1동","일   반","80세 이상","","272","53","68","15",
"갈현2동","합계","계","","1128","1223","1295","1407",
"갈현2동","합계","65~79세","","730","923","954","1037",
"갈현2동","합계","80세 이상","","398","300","341","370",
"갈현2동","국민기초생활보장 수급권자","계","","301","352","403","501",
"갈현2동","국민기초생활보장 수급권자","65~79세","","203","236","270","347",
"갈현2동","국민기초생활보장 수급권자","80세 이상","","98","116","133","154",
"갈현2동","저소득노인","계","","45","38","36","96",
"갈현2동","저소득노인","65~79세","","26","17","15","55",
"갈현2동","저소득노인","80세 이상","","19","21","21","41",
"갈현2동","일   반","계","","782","833","856","810",
"갈현2동","일   반","65~79세","","501","670","669","635",
"갈현2동","일   반","80세 이상","","281","163","187","175",
"구산동","합계","계","","1235","1344","1413","1504",
"구산동","합계","65~79세","","784","997","1033","1103",
"구산동","합계","80세 이상","","451","347","380","401",
"구산동","국민기초생활보장 수급권자","계","","385","415","468","613",
"구산동","국민기초생활보장 수급권자","65~79세","","270","276","306","412",
"구산동","국민기초생활보장 수급권자","80세 이상","","115","139","162","201",
"구산동","저소득노인","계","","50","47","43","89",
"구산동","저소득노인","65~79세","","26","27","27","52",
"구산동","저소득노인","80세 이상","","24","20","16","37",
"구산동","일   반","계","","800","882","902","802",
"구산동","일   반","65~79세","","488","694","700","639",
"구산동","일   반","80세 이상","","312","188","202","163",
"대조동","합계","계","","1459","1531","1608","1738",
"대조동","합계","65~79세","","913","1122","1155","1255",
"대조동","합계","80세 이상","","546","409","453","483",
"대조동","국민기초생활보장 수급권자","계","","435","487","518","588",
"대조동","국민기초생활보장 수급권자","65~79세","","297","338","357","403",
"대조동","국민기초생활보장 수급권자","80세 이상","","138","149","161","185",
"대조동","저소득노인","계","","40","44","33","109",
"대조동","저소득노인","65~79세","","20","22","13","72",
"대조동","저소득노인","80세 이상","","20","22","20","37",
"대조동","일   반","계","","984","1000","1057","1041",
"대조동","일   반","65~79세","","596","762","785","780",
"대조동","일   반","80세 이상","","388","238","272","261",
"응암1동","합계","계","","1163","1252","1326","1371",
"응암1동","합계","65~79세","","725","931","971","980",
"응암1동","합계","80세 이상","","438","321","355","391",
"응암1동","국민기초생활보장 수급권자","계","","278","323","363","370",
"응암1동","국민기초생활보장 수급권자","65~79세","","187","217","245","242",
"응암1동","국민기초생활보장 수급권자","80세 이상","","91","106","118","128",
"응암1동","저소득노인","계","","29","24","23","72",
"응암1동","저소득노인","65~79세","","15","12","11","35",
"응암1동","저소득노인","80세 이상","","14","12","12","37",
"응암1동","일   반","계","","856","905","940","929",
"응암1동","일   반","65~79세","","523","702","715","703",
"응암1동","일   반","80세 이상","","333","203","225","226",
"응암2동","합계","계","","846","931","924","986",
"응암2동","합계","65~79세","","518","675","677","698",
"응암2동","합계","80세 이상","","328","256","247","288",
"응암2동","국민기초생활보장 수급권자","계","","333","355","369","447",
"응암2동","국민기초생활보장 수급권자","65~79세","","208","224","243","284",
"응암2동","국민기초생활보장 수급권자","80세 이상","","125","131","126","163",
"응암2동","저소득노인","계","","25","26","25","76",
"응암2동","저소득노인","65~79세","","14","15","13","39",
"응암2동","저소득노인","80세 이상","","11","11","12","37",
"응암2동","일   반","계","","488","550","530","463",
"응암2동","일   반","65~79세","","296","436","421","375",
"응암2동","일   반","80세 이상","","192","114","109","88",
"응암3동","합계","계","","1706","1843","1957","2095",
"응암3동","합계","65~79세","","1004","1304","1353","689",
"응암3동","합계","80세 이상","","702","539","604","1406",
"응암3동","국민기초생활보장 수급권자","계","","527","608","669","795",
"응암3동","국민기초생활보장 수급권자","65~79세","","351","408","448","538",
"응암3동","국민기초생활보장 수급권자","80세 이상","","176","200","221","257",
"응암3동","저소득노인","계","","57","47","40","145",
"응암3동","저소득노인","65~79세","","36","27","20","79",
"응암3동","저소득노인","80세 이상","","21","20","20","66",
"응암3동","일   반","계","","1122","1188","1248","1155",
"응암3동","일   반","65~79세","","617","869","885","72",
"응암3동","일   반","80세 이상","","505","319","363","1083",
"역촌동","합계","계","","1982","2168","2300","2424",
"역촌동","합계","65~79세","","1237","1594","1661","780",
"역촌동","합계","80세 이상","","745","574","639","1644",
"역촌동","국민기초생활보장 수급권자","계","","579","666","739","816",
"역촌동","국민기초생활보장 수급권자","65~79세","","383","436","473","525",
"역촌동","국민기초생활보장 수급권자","80세 이상","","196","230","266","291",
"역촌동","저소득노인","계","","89","83","80","211",
"역촌동","저소득노인","65~79세","","62","55","55","118",
"역촌동","저소득노인","80세 이상","","27","28","25","93",
"역촌동","일   반","계","","1314","1419","1481","1397",
"역촌동","일   반","65~79세","","792","1103","1133","137",
"역촌동","일   반","80세 이상","","522","316","348","1260",
"신사1동","합계","계","","1006","1105","1155","1216",
"신사1동","합계","65~79세","","632","826","849","898",
"신사1동","합계","80세 이상","","374","279","306","318",
"신사1동","국민기초생활보장 수급권자","계","","252","272","295","376",
"신사1동","국민기초생활보장 수급권자","65~79세","","167","176","200","262",
"신사1동","국민기초생활보장 수급권자","80세 이상","","85","96","95","114",
"신사1동","저소득노인","계","","33","29","22","54",
"신사1동","저소득노인","65~79세","","19","17","11","32",
"신사1동","저소득노인","80세 이상","","14","12","11","22",
"신사1동","일   반","계","","721","804","838","786",
"신사1동","일   반","65~79세","","446","633","638","604",
"신사1동","일   반","80세 이상","","275","171","200","182",
"신사2동","합계","계","","907","935","981","1059",
"신사2동","합계","65~79세","","553","666","693","748",
"신사2동","합계","80세 이상","","354","269","288","311",
"신사2동","국민기초생활보장 수급권자","계","","251","270","306","375",
"신사2동","국민기초생활보장 수급권자","65~79세","","159","167","195","228",
"신사2동","국민기초생활보장 수급권자","80세 이상","","92","103","111","147",
"신사2동","저소득노인","계","","27","24","16","66",
"신사2동","저소득노인","65~79세","","13","10","9","36",
"신사2동","저소득노인","80세 이상","","14","14","7","30",
"신사2동","일   반","계","","629","641","659","618",
"신사2동","일   반","65~79세","","381","489","489","484",
"신사2동","일   반","80세 이상","","248","152","170","134",
"증산동","합계","계","","699","756","781","687",
"증산동","합계","65~79세","","453","574","586","524",
"증산동","합계","80세 이상","","246","182","195","163",
"증산동","국민기초생활보장 수급권자","계","","152","168","199","234",
"증산동","국민기초생활보장 수급권자","65~79세","","106","111","142","160",
"증산동","국민기초생활보장 수급권자","80세 이상","","46","57","57","74",
"증산동","저소득노인","계","","22","16","14","42",
"증산동","저소득노인","65~79세","","14","13","9","24",
"증산동","저소득노인","80세 이상","","8","3","5","18",
"증산동","일   반","계","","525","572","568","411",
"증산동","일   반","65~79세","","333","450","435","340",
"증산동","일   반","80세 이상","","192","122","133","71",
"수색동","합계","계","","495","570","648","732",
"수색동","합계","65~79세","","305","417","459","522",
"수색동","합계","80세 이상","","190","153","189","210",
"수색동","국민기초생활보장 수급권자","계","","209","239","264","354",
"수색동","국민기초생활보장 수급권자","65~79세","","144","159","176","230",
"수색동","국민기초생활보장 수급권자","80세 이상","","65","80","88","124",
"수색동","저소득노인","계","","9","11","12","59",
"수색동","저소득노인","65~79세","","3","4","8","33",
"수색동","저소득노인","80세 이상","","6","7","4","26",
"수색동","일   반","계","","277","320","372","319",
"수색동","일   반","65~79세","","158","254","275","259",
"수색동","일   반","80세 이상","","119","66","97","60",
"진관동","합계","계","","1188","1338","1413","1493",
"진관동","합계","65~79세","","735","989","1025","1075",
"진관동","합계","80세 이상","","453","349","388","418",
"진관동","국민기초생활보장 수급권자","계","","382","434","476","597",
"진관동","국민기초생활보장 수급권자","65~79세","","246","273","293","371",
"진관동","국민기초생활보장 수급권자","80세 이상","","136","161","183","226",
"진관동","저소득노인","계","","45","49","40","117",
"진관동","저소득노인","65~79세","","24","29","27","65",
"진관동","저소득노인","80세 이상","","21","20","13","52",
"진관동","일   반","계","","761","855","897","779",
"진관동","일   반","65~79세","","465","687","705","639",
"진관동","일   반","80세 이상","","296","168","192","140",
"서대문구","합계","계","","13620","13663","14318","14894",
"서대문구","합계","65~79세","","9651","9563","9867","10213",
"서대문구","합계","80세 이상","","3969","4100","4451","4681",
"서대문구","국민기초생활보장 수급권자","계","","3478","3820","3880","4343",
"서대문구","국민기초생활보장 수급권자","65~79세","","2259","2445","2665","2768",
"서대문구","국민기초생활보장 수급권자","80세 이상","","1219","1375","1215","1575",
"서대문구","저소득노인","계","","801","144","329","525",
"서대문구","저소득노인","65~79세","","466","65","224","274",
"서대문구","저소득노인","80세 이상","","335","79","105","251",
"서대문구","일   반","계","","9341","9699","10109","10026",
"서대문구","일   반","65~79세","","6926","7053","6978","7171",
"서대문구","일   반","80세 이상","","2415","2646","3131","2855",
"천연동","합계","계","","1001","1000","1033","1072",
"천연동","합계","65~79세","","679","675","685","713",
"천연동","합계","80세 이상","","322","325","348","359",
"천연동","국민기초생활보장 수급권자","계","","341","372","383","383",
"천연동","국민기초생활보장 수급권자","65~79세","","199","225","252","234",
"천연동","국민기초생활보장 수급권자","80세 이상","","142","147","131","149",
"천연동","저소득노인","계","","23","6","12","16",
"천연동","저소득노인","65~79세","","11","3","10","6",
"천연동","저소득노인","80세 이상","","12","3","2","10",
"천연동","일   반","계","","637","622","638","673",
"천연동","일   반","65~79세","","469","447","423","473",
"천연동","일   반","80세 이상","","168","175","215","200",
"북아현동","합계","계","","633","646","669","699",
"북아현동","합계","65~79세","","456","457","478","487",
"북아현동","합계","80세 이상","","177","189","191","212",
"북아현동","국민기초생활보장 수급권자","계","","190","203","210","218",
"북아현동","국민기초생활보장 수급권자","65~79세","","135","139","162","150",
"북아현동","국민기초생활보장 수급권자","80세 이상","","55","64","48","68",
"북아현동","저소득노인","계","","25","6","12","18",
"북아현동","저소득노인","65~79세","","14","2","4","8",
"북아현동","저소득노인","80세 이상","","11","4","8","10",
"북아현동","일   반","계","","418","437","447","463",
"북아현동","일   반","65~79세","","307","316","312","329",
"북아현동","일   반","80세 이상","","111","121","135","134",
"충현동","합계","계","","938","941","987","1009",
"충현동","합계","65~79세","","667","661","688","720",
"충현동","합계","80세 이상","","271","280","299","289",
"충현동","국민기초생활보장 수급권자","계","","247","265","290","292",
"충현동","국민기초생활보장 수급권자","65~79세","","168","175","208","199",
"충현동","국민기초생활보장 수급권자","80세 이상","","79","90","82","93",
"충현동","저소득노인","계","","40","14","21","36",
"충현동","저소득노인","65~79세","","23","6","9","27",
"충현동","저소득노인","80세 이상","","17","8","12","9",
"충현동","일   반","계","","651","662","676","681",
"충현동","일   반","65~79세","","476","480","471","494",
"충현동","일   반","80세 이상","","175","182","205","187",
"신촌동","합계","계","","609","593","646","641",
"신촌동","합계","65~79세","","418","392","425","416",
"신촌동","합계","80세 이상","","191","201","221","225",
"신촌동","국민기초생활보장 수급권자","계","","93","96","107","109",
"신촌동","국민기초생활보장 수급권자","65~79세","","58","62","71","70",
"신촌동","국민기초생활보장 수급권자","80세 이상","","35","34","36","39",
"신촌동","저소득노인","계","","42","19","14","20",
"신촌동","저소득노인","65~79세","","18","7","4","7",
"신촌동","저소득노인","80세 이상","","24","12","10","13",
"신촌동","일   반","계","","474","478","525","512",
"신촌동","일   반","65~79세","","342","323","350","339",
"신촌동","일   반","80세 이상","","132","155","175","173",
"연희동","합계","계","","1408","1435","1479","1561",
"연희동","합계","65~79세","","966","983","986","996",
"연희동","합계","80세 이상","","442","452","493","565",
"연희동","국민기초생활보장 수급권자","계","","252","281","291","342",
"연희동","국민기초생활보장 수급권자","65~79세","","155","176","207","212",
"연희동","국민기초생활보장 수급권자","80세 이상","","97","105","84","130",
"연희동","저소득노인","계","","49","13","23","33",
"연희동","저소득노인","65~79세","","28","6","13","18",
"연희동","저소득노인","80세 이상","","21","7","10","15",
"연희동","일   반","계","","1107","1141","1165","1186",
"연희동","일   반","65~79세","","783","801","766","766",
"연희동","일   반","80세 이상","","324","340","399","420",
"홍제1동","합계","계","","1104","1127","1195","1272",
"홍제1동","합계","65~79세","","784","790","841","895",
"홍제1동","합계","80세 이상","","320","337","354","377",
"홍제1동","국민기초생활보장 수급권자","계","","246","267","267","276",
"홍제1동","국민기초생활보장 수급권자","65~79세","","171","182","193","183",
"홍제1동","국민기초생활보장 수급권자","80세 이상","","75","85","74","93",
"홍제1동","저소득노인","계","","62","18","31","45",
"홍제1동","저소득노인","65~79세","","32","9","15","16",
"홍제1동","저소득노인","80세 이상","","30","9","16","29",
"홍제1동","일   반","계","","796","842","897","951",
"홍제1동","일   반","65~79세","","581","599","633","696",
"홍제1동","일   반","80세 이상","","215","243","264","255",
"홍제3동","합계","계","","1061","1009","1054","1090",
"홍제3동","합계","65~79세","","715","674","690","717",
"홍제3동","합계","80세 이상","","346","335","364","373",
"홍제3동","국민기초생활보장 수급권자","계","","255","284","315","325",
"홍제3동","국민기초생활보장 수급권자","65~79세","","153","165","204","190",
"홍제3동","국민기초생활보장 수급권자","80세 이상","","102","119","111","135",
"홍제3동","저소득노인","계","","90","9","41","64",
"홍제3동","저소득노인","65~79세","","50","5","30","30",
"홍제3동","저소득노인","80세 이상","","40","4","11","34",
"홍제3동","일   반","계","","716","716","698","701",
"홍제3동","일   반","65~79세","","512","504","456","497",
"홍제3동","일   반","80세 이상","","204","212","242","204",
"홍제2동","합계","계","","701","709","724","727",
"홍제2동","합계","65~79세","","507","506","503","490",
"홍제2동","합계","80세 이상","","194","203","221","237",
"홍제2동","국민기초생활보장 수급권자","계","","214","251","136","278",
"홍제2동","국민기초생활보장 수급권자","65~79세","","142","167","54","163",
"홍제2동","국민기초생활보장 수급권자","80세 이상","","72","84","82","115",
"홍제2동","저소득노인","계","","51","9","15","24",
"홍제2동","저소득노인","65~79세","","28","4","10","7",
"홍제2동","저소득노인","80세 이상","","23","5","5","17",
"홍제2동","일   반","계","","436","449","573","425",
"홍제2동","일   반","65~79세","","337","335","439","320",
"홍제2동","일   반","80세 이상","","99","114","134","105",
"홍은1동","합계","계","","1120","1129","1181","1212",
"홍은1동","합계","65~79세","","772","776","792","805",
"홍은1동","합계","80세 이상","","348","353","389","407",
"홍은1동","국민기초생활보장 수급권자","계","","294","309","328","364",
"홍은1동","국민기초생활보장 수급권자","65~79세","","180","188","216","213",
"홍은1동","국민기초생활보장 수급권자","80세 이상","","114","121","112","151",
"홍은1동","저소득노인","계","","76","12","39","53",
"홍은1동","저소득노인","65~79세","","43","4","31","26",
"홍은1동","저소득노인","80세 이상","","33","8","8","27",
"홍은1동","일   반","계","","750","808","814","795",
"홍은1동","일   반","65~79세","","549","584","545","566",
"홍은1동","일   반","80세 이상","","201","224","269","229",
"홍은2동","합계","계","","1226","1209","1275","1299",
"홍은2동","합계","65~79세","","864","847","874","913",
"홍은2동","합계","80세 이상","","362","362","401","386",
"홍은2동","국민기초생활보장 수급권자","계","","276","303","256","355",
"홍은2동","국민기초생활보장 수급권자","65~79세","","191","196","172","227",
"홍은2동","국민기초생활보장 수급권자","80세 이상","","85","107","84","128",
"홍은2동","저소득노인","계","","96","6","26","57",
"홍은2동","저소득노인","65~79세","","63","1","21","33",
"홍은2동","저소득노인","80세 이상","","33","5","5","24",
"홍은2동","일   반","계","","854","900","993","887",
"홍은2동","일   반","65~79세","","610","650","681","653",
"홍은2동","일   반","80세 이상","","244","250","312","234",
"남가좌1동","합계","계","","430","422","444","469",
"남가좌1동","합계","65~79세","","331","323","333","340",
"남가좌1동","합계","80세 이상","","99","99","111","129",
"남가좌1동","국민기초생활보장 수급권자","계","","101","118","130","140",
"남가좌1동","국민기초생활보장 수급권자","65~79세","","64","75","88","95",
"남가좌1동","국민기초생활보장 수급권자","80세 이상","","37","43","42","45",
"남가좌1동","저소득노인","계","","22","5","5","12",
"남가좌1동","저소득노인","65~79세","","14","2","5","8",
"남가좌1동","저소득노인","80세 이상","","8","3","-","4",
"남가좌1동","일   반","계","","307","299","309","317",
"남가좌1동","일   반","65~79세","","253","246","240","237",
"남가좌1동","일   반","80세 이상","","54","53","69","80",
"남가좌2동","합계","계","","1239","1280","1368","1432",
"남가좌2동","합계","65~79세","","903","915","968","1013",
"남가좌2동","합계","80세 이상","","336","365","400","419",
"남가좌2동","국민기초생활보장 수급권자","계","","407","441","470","507",
"남가좌2동","국민기초생활보장 수급권자","65~79세","","274","295","338","343",
"남가좌2동","국민기초생활보장 수급권자","80세 이상","","133","146","132","164",
"남가좌2동","저소득노인","계","","65","7","27","39",
"남가좌2동","저소득노인","65~79세","","41","5","22","26",
"남가좌2동","저소득노인","80세 이상","","24","2","5","13",
"남가좌2동","일   반","계","","767","832","871","886",
"남가좌2동","일   반","65~79세","","588","615","608","644",
"남가좌2동","일   반","80세 이상","","179","217","263","242",
"북가좌1동","합계","계","","569","559","585","612",
"북가좌1동","합계","65~79세","","409","399","397","425",
"북가좌1동","합계","80세 이상","","160","160","188","187",
"북가좌1동","국민기초생활보장 수급권자","계","","144","154","164","184",
"북가좌1동","국민기초생활보장 수급권자","65~79세","","91","97","114","114",
"북가좌1동","국민기초생활보장 수급권자","80세 이상","","53","57","50","70",
"북가좌1동","저소득노인","계","","37","10","15","30",
"북가좌1동","저소득노인","65~79세","","25","5","7","18",
"북가좌1동","저소득노인","80세 이상","","12","5","8","12",
"북가좌1동","일   반","계","","388","395","406","398",
"북가좌1동","일   반","65~79세","","293","297","276","293",
"북가좌1동","일   반","80세 이상","","95","98","130","105",
"북가좌2동","합계","계","","1581","1604","1678","1799",
"북가좌2동","합계","65~79세","","1180","1165","1207","1283",
"북가좌2동","합계","80세 이상","","401","439","471","516",
"북가좌2동","국민기초생활보장 수급권자","계","","418","476","533","570",
"북가좌2동","국민기초생활보장 수급권자","65~79세","","278","303","386","375",
"북가좌2동","국민기초생활보장 수급권자","80세 이상","","140","173","147","195",
"북가좌2동","저소득노인","계","","123","10","48","78",
"북가좌2동","저소득노인","65~79세","","76","6","43","44",
"북가좌2동","저소득노인","80세 이상","","47","4","5","34",
"북가좌2동","일   반","계","","1040","1118","1097","1151",
"북가좌2동","일   반","65~79세","","826","856","778","864",
"북가좌2동","일   반","80세 이상","","214","262","319","287",
"마포구","합계","계","","13329","13821","14065","14426",
"마포구","합계","65~79세","","9102","9375","9715","9840",
"마포구","합계","80세 이상","","4227","4446","4350","4586",
"마포구","국민기초생활보장 수급권자","계","","3059","3152","3593","3939",
"마포구","국민기초생활보장 수급권자","65~79세","","2009","2054","2377","2528",
"마포구","국민기초생활보장 수급권자","80세 이상","","1050","1098","1216","1411",
"마포구","저소득노인","계","","554","859","396","650",
"마포구","저소득노인","65~79세","","300","526","239","411",
"마포구","저소득노인","80세 이상","","254","333","157","239",
"마포구","일   반","계","","9716","9810","10076","9837",
"마포구","일   반","65~79세","","6793","6795","7099","6901",
"마포구","일   반","80세 이상","","2923","3015","2977","2936",
"아현동","합계","계","","617","928","805","812",
"아현동","합계","65~79세","","443","638","559","569",
"아현동","합계","80세 이상","","174","290","246","243",
"아현동","국민기초생활보장 수급권자","계","","145","177","204","245",
"아현동","국민기초생활보장 수급권자","65~79세","","86","110","126","162",
"아현동","국민기초생활보장 수급권자","80세 이상","","59","67","78","83",
"아현동","저소득노인","계","","21","24","25","38",
"아현동","저소득노인","65~79세","","16","17","17","25",
"아현동","저소득노인","80세 이상","","5","7","8","13",
"아현동","일   반","계","","451","727","576","529",
"아현동","일   반","65~79세","","341","511","416","382",
"아현동","일   반","80세 이상","","110","216","160","147",
"공덕동","합계","계","","1805","1713","1790","1830",
"공덕동","합계","65~79세","","1222","1180","1221","1254",
"공덕동","합계","80세 이상","","583","533","569","576",
"공덕동","국민기초생활보장 수급권자","계","","467","418","444","502",
"공덕동","국민기초생활보장 수급권자","65~79세","","290","274","306","333",
"공덕동","국민기초생활보장 수급권자","80세 이상","","177","144","138","169",
"공덕동","저소득노인","계","","84","79","53","74",
"공덕동","저소득노인","65~79세","","43","44","30","43",
"공덕동","저소득노인","80세 이상","","41","35","23","31",
"공덕동","일   반","계","","1254","1216","1293","1254",
"공덕동","일   반","65~79세","","889","862","885","878",
"공덕동","일   반","80세 이상","","365","354","408","376",
"도화동","합계","계","","818","914","929","941",
"도화동","합계","65~79세","","557","611","610","608",
"도화동","합계","80세 이상","","261","303","319","333",
"도화동","국민기초생활보장 수급권자","계","","203","86","237","249",
"도화동","국민기초생활보장 수급권자","65~79세","","129","49","146","147",
"도화동","국민기초생활보장 수급권자","80세 이상","","74","37","91","102",
"도화동","저소득노인","계","","16","35","17","26",
"도화동","저소득노인","65~79세","","9","19","10","15",
"도화동","저소득노인","80세 이상","","7","16","7","11",
"도화동","일   반","계","","599","793","675","666",
"도화동","일   반","65~79세","","419","543","454","446",
"도화동","일   반","80세 이상","","180","250","221","220",
"용강동","합계","계","","661","709","721","732",
"용강동","합계","65~79세","","457","488","480","489",
"용강동","합계","80세 이상","","204","221","241","243",
"용강동","국민기초생활보장 수급권자","계","","165","181","193","205",
"용강동","국민기초생활보장 수급권자","65~79세","","108","117","123","127",
"용강동","국민기초생활보장 수급권자","80세 이상","","57","64","70","78",
"용강동","저소득노인","계","","23","49","22","39",
"용강동","저소득노인","65~79세","","10","32","11","27",
"용강동","저소득노인","80세 이상","","13","17","11","12",
"용강동","일   반","계","","473","479","506","488",
"용강동","일   반","65~79세","","339","339","346","335",
"용강동","일   반","80세 이상","","134","140","160","153",
"대흥동","합계","계","","627","649","685","692",
"대흥동","합계","65~79세","","469","464","473","480",
"대흥동","합계","80세 이상","","158","185","212","212",
"대흥동","국민기초생활보장 수급권자","계","","180","140","196","190",
"대흥동","국민기초생활보장 수급권자","65~79세","","145","99","139","122",
"대흥동","국민기초생활보장 수급권자","80세 이상","","35","41","57","68",
"대흥동","저소득노인","계","","31","31","11","22",
"대흥동","저소득노인","65~79세","","18","20","7","18",
"대흥동","저소득노인","80세 이상","","13","11","4","4",
"대흥동","일   반","계","","416","478","478","480",
"대흥동","일   반","65~79세","","306","345","327","340",
"대흥동","일   반","80세 이상","","110","133","151","140",
"염리동","합계","계","","544","778","588","594",
"염리동","합계","65~79세","","161","538","417","404",
"염리동","합계","80세 이상","","383","240","171","190",
"염리동","국민기초생활보장 수급권자","계","","141","163","165","186",
"염리동","국민기초생활보장 수급권자","65~79세","","44","111","110","118",
"염리동","국민기초생활보장 수급권자","80세 이상","","97","52","55","68",
"염리동","저소득노인","계","","22","49","17","30",
"염리동","저소득노인","65~79세","","5","32","13","20",
"염리동","저소득노인","80세 이상","","17","17","4","10",
"염리동","일   반","계","","381","566","406","378",
"염리동","일   반","65~79세","","112","395","294","266",
"염리동","일   반","80세 이상","","269","171","112","112",
"신수동","합계","계","","716","704","745","763",
"신수동","합계","65~79세","","527","493","498","509",
"신수동","합계","80세 이상","","189","211","247","254",
"신수동","국민기초생활보장 수급권자","계","","111","125","137","155",
"신수동","국민기초생활보장 수급권자","65~79세","","75","77","83","89",
"신수동","국민기초생활보장 수급권자","80세 이상","","36","48","54","66",
"신수동","저소득노인","계","","12","53","16","23",
"신수동","저소득노인","65~79세","","8","35","12","14",
"신수동","저소득노인","80세 이상","","4","18","4","9",
"신수동","일   반","계","","593","526","592","585",
"신수동","일   반","65~79세","","444","381","403","406",
"신수동","일   반","80세 이상","","149","145","189","179",
"서강동","합계","계","","772","658","693","739",
"서강동","합계","65~79세","","538","446","455","487",
"서강동","합계","80세 이상","","234","212","238","252",
"서강동","국민기초생활보장 수급권자","계","","106","112","122","141",
"서강동","국민기초생활보장 수급권자","65~79세","","77","79","81","93",
"서강동","국민기초생활보장 수급권자","80세 이상","","29","33","41","48",
"서강동","저소득노인","계","","22","41","20","34",
"서강동","저소득노인","65~79세","","15","28","15","25",
"서강동","저소득노인","80세 이상","","7","13","5","9",
"서강동","일   반","계","","644","505","551","564",
"서강동","일   반","65~79세","","446","339","359","369",
"서강동","일   반","80세 이상","","198","166","192","195",
"서교동","합계","계","","791","815","858","872",
"서교동","합계","65~79세","","561","254","598","594",
"서교동","합계","80세 이상","","230","561","260","278",
"서교동","국민기초생활보장 수급권자","계","","93","103","107","106",
"서교동","국민기초생활보장 수급권자","65~79세","","76","45","87","80",
"서교동","국민기초생활보장 수급권자","80세 이상","","17","58","20","26",
"서교동","저소득노인","계","","33","19","17","28",
"서교동","저소득노인","65~79세","","21","1","11","19",
"서교동","저소득노인","80세 이상","","12","18","6","9",
"서교동","일   반","계","","665","693","734","738",
"서교동","일   반","65~79세","","464","208","500","495",
"서교동","일   반","80세 이상","","201","485","234","243",
"합정동","합계","계","","646","650","678","710",
"합정동","합계","65~79세","","476","471","474","489",
"합정동","합계","80세 이상","","170","179","204","221",
"합정동","국민기초생활보장 수급권자","계","","122","124","130","144",
"합정동","국민기초생활보장 수급권자","65~79세","","88","93","93","96",
"합정동","국민기초생활보장 수급권자","80세 이상","","34","31","37","48",
"합정동","저소득노인","계","","20","23","14","31",
"합정동","저소득노인","65~79세","","11","13","7","20",
"합정동","저소득노인","80세 이상","","9","10","7","11",
"합정동","일   반","계","","504","503","534","535",
"합정동","일   반","65~79세","","377","365","374","373",
"합정동","일   반","80세 이상","","127","138","160","162",
"망원1동","합계","계","","832","858","902","923",
"망원1동","합계","65~79세","","671","613","645","638",
"망원1동","합계","80세 이상","","161","245","257","285",
"망원1동","국민기초생활보장 수급권자","계","","208","203","223","253",
"망원1동","국민기초생활보장 수급권자","65~79세","","174","135","150","165",
"망원1동","국민기초생활보장 수급권자","80세 이상","","34","68","73","88",
"망원1동","저소득노인","계","","48","63","18","24",
"망원1동","저소득노인","65~79세","","22","31","11","14",
"망원1동","저소득노인","80세 이상","","26","32","7","10",
"망원1동","일   반","계","","576","592","661","646",
"망원1동","일   반","65~79세","","475","447","484","459",
"망원1동","일   반","80세 이상","","101","145","177","187",
"망원2동","합계","계","","671","686","720","729",
"망원2동","합계","65~79세","","484","474","490","483",
"망원2동","합계","80세 이상","","187","212","230","246",
"망원2동","국민기초생활보장 수급권자","계","","153","142","159","173",
"망원2동","국민기초생활보장 수급권자","65~79세","","93","85","93","98",
"망원2동","국민기초생활보장 수급권자","80세 이상","","60","57","66","75",
"망원2동","저소득노인","계","","29","43","18","27",
"망원2동","저소득노인","65~79세","","15","23","8","15",
"망원2동","저소득노인","80세 이상","","14","20","10","12",
"망원2동","일   반","계","","489","501","543","529",
"망원2동","일   반","65~79세","","376","366","389","370",
"망원2동","일   반","80세 이상","","113","135","154","159",
"연남동","합계","계","","520","546","567","579",
"연남동","합계","65~79세","","156","387","399","398",
"연남동","합계","80세 이상","","364","159","168","181",
"연남동","국민기초생활보장 수급권자","계","","83","99","113","118",
"연남동","국민기초생활보장 수급권자","65~79세","","21","63","75","78",
"연남동","국민기초생활보장 수급권자","80세 이상","","62","36","38","40",
"연남동","저소득노인","계","","24","39","20","31",
"연남동","저소득노인","65~79세","","10","21","14","20",
"연남동","저소득노인","80세 이상","","14","18","6","11",
"연남동","일   반","계","","413","408","434","430",
"연남동","일   반","65~79세","","125","303","310","300",
"연남동","일   반","80세 이상","","288","105","124","130",
"성산1동","합계","계","","806","679","720","729",
"성산1동","합계","65~79세","","583","495","526","518",
"성산1동","합계","80세 이상","","223","184","194","211",
"성산1동","국민기초생활보장 수급권자","계","","132","211","168","158",
"성산1동","국민기초생활보장 수급권자","65~79세","","86","137","113","108",
"성산1동","국민기초생활보장 수급권자","80세 이상","","46","74","55","50",
"성산1동","저소득노인","계","","27","37","23","30",
"성산1동","저소득노인","65~79세","","17","25","14","16",
"성산1동","저소득노인","80세 이상","","10","12","9","14",
"성산1동","일   반","계","","647","431","529","541",
"성산1동","일   반","65~79세","","480","333","399","394",
"성산1동","일   반","80세 이상","","167","98","130","147",
"성산2동","합계","계","","1669","1799","1870","1928",
"성산2동","합계","65~79세","","1231","1284","1291","1301",
"성산2동","합계","80세 이상","","438","515","579","627",
"성산2동","국민기초생활보장 수급권자","계","","578","643","721","795",
"성산2동","국민기초생활보장 수급권자","65~79세","","417","453","489","518",
"성산2동","국민기초생활보장 수급권자","80세 이상","","161","190","232","277",
"성산2동","저소득노인","계","","81","153","65","115",
"성산2동","저소득노인","65~79세","","52","108","41","76",
"성산2동","저소득노인","80세 이상","","29","45","24","39",
"성산2동","일   반","계","","1010","1003","1084","1018",
"성산2동","일   반","65~79세","","762","723","761","707",
"성산2동","일   반","80세 이상","","248","280","323","311",
"상암동","합계","계","","834","735","794","853",
"상암동","합계","65~79세","","566","539","579","619",
"상암동","합계","80세 이상","","268","196","215","234",
"상암동","국민기초생활보장 수급권자","계","","172","225","274","319",
"상암동","국민기초생활보장 수급권자","65~79세","","100","127","163","194",
"상암동","국민기초생활보장 수급권자","80세 이상","","72","98","111","125",
"상암동","저소득노인","계","","61","121","40","78",
"상암동","저소득노인","65~79세","","28","77","18","44",
"상암동","저소득노인","80세 이상","","33","44","22","34",
"상암동","일   반","계","","601","389","480","456",
"상암동","일   반","65~79세","","438","335","398","381",
"상암동","일   반","80세 이상","","163","54","82","75",
"양천구","합계","계","","15131","16744","17825","19007",
"양천구","합계","65~79세","","11571","12576","13301","14158",
"양천구","합계","80세 이상","","3560","4168","4524","4849",
"양천구","국민기초생활보장 수급권자","계","","4680","5103","5791","6389",
"양천구","국민기초생활보장 수급권자","65~79세","","3205","3453","3904","3799",
"양천구","국민기초생활보장 수급권자","80세 이상","","1475","1650","1887","2590",
"양천구","저소득노인","계","","558","529","471","439",
"양천구","저소득노인","65~79세","","291","272","255","260",
"양천구","저소득노인","80세 이상","","267","257","216","179",
"양천구","일   반","계","","9893","11112","11563","12179",
"양천구","일   반","65~79세","","8075","8851","9142","10099",
"양천구","일   반","80세 이상","","1818","2261","2421","2080",
"목1동","합계","계","","504","557","586","618",
"목1동","합계","65~79세","","378","404","417","424",
"목1동","합계","80세 이상","","126","153","169","194",
"목1동","국민기초생활보장 수급권자","계","","131","149","160","169",
"목1동","국민기초생활보장 수급권자","65~79세","","86","91","100","95",
"목1동","국민기초생활보장 수급권자","80세 이상","","45","58","60","74",
"목1동","저소득노인","계","","10","12","16","11",
"목1동","저소득노인","65~79세","","5","7","7","7",
"목1동","저소득노인","80세 이상","","5","5","9","4",
"목1동","일   반","계","","363","396","410","438",
"목1동","일   반","65~79세","","287","306","310","322",
"목1동","일   반","80세 이상","","76","90","100","116",
"목2동","합계","계","","878","960","1001","1077",
"목2동","합계","65~79세","","681","728","760","820",
"목2동","합계","80세 이상","","197","232","241","257",
"목2동","국민기초생활보장 수급권자","계","","266","269","302","344",
"목2동","국민기초생활보장 수급권자","65~79세","","186","192","207","247",
"목2동","국민기초생활보장 수급권자","80세 이상","","80","77","95","97",
"목2동","저소득노인","계","","37","31","28","24",
"목2동","저소득노인","65~79세","","14","13","14","10",
"목2동","저소득노인","80세 이상","","23","18","14","14",
"목2동","일   반","계","","575","660","671","709",
"목2동","일   반","65~79세","","481","523","539","563",
"목2동","일   반","80세 이상","","94","137","132","146",
"목3동","합계","계","","744","839","917","970",
"목3동","합계","65~79세","","561","640","693","738",
"목3동","합계","80세 이상","","183","199","224","232",
"목3동","국민기초생활보장 수급권자","계","","217","257","301","337",
"목3동","국민기초생활보장 수급권자","65~79세","","152","187","215","245",
"목3동","국민기초생활보장 수급권자","80세 이상","","65","70","86","92",
"목3동","저소득노인","계","","28","32","20","21",
"목3동","저소득노인","65~79세","","14","16","11","11",
"목3동","저소득노인","80세 이상","","14","16","9","10",
"목3동","일   반","계","","499","550","596","612",
"목3동","일   반","65~79세","","395","437","467","482",
"목3동","일   반","80세 이상","","104","113","129","130",
"목4동","합계","계","","762","848","879","931",
"목4동","합계","65~79세","","573","617","634","669",
"목4동","합계","80세 이상","","189","231","245","262",
"목4동","국민기초생활보장 수급권자","계","","219","240","258","289",
"목4동","국민기초생활보장 수급권자","65~79세","","149","161","169","188",
"목4동","국민기초생활보장 수급권자","80세 이상","","70","79","89","101",
"목4동","저소득노인","계","","23","25","25","24",
"목4동","저소득노인","65~79세","","12","14","15","15",
"목4동","저소득노인","80세 이상","","11","11","10","9",
"목4동","일   반","계","","520","583","596","618",
"목4동","일   반","65~79세","","412","442","450","466",
"목4동","일   반","80세 이상","","108","141","146","152",
"목5동","합계","계","","558","633","621","640",
"목5동","합계","65~79세","","365","428","424","434",
"목5동","합계","80세 이상","","193","205","197","206",
"목5동","국민기초생활보장 수급권자","계","","11","13","13","15",
"목5동","국민기초생활보장 수급권자","65~79세","","7","8","8","10",
"목5동","국민기초생활보장 수급권자","80세 이상","","4","5","5","5",
"목5동","저소득노인","계","","4","5","3","3",
"목5동","저소득노인","65~79세","","0","2","1","1",
"목5동","저소득노인","80세 이상","","4","3","2","2",
"목5동","일   반","계","","543","615","605","622",
"목5동","일   반","65~79세","","358","418","415","423",
"목5동","일   반","80세 이상","","185","197","190","199",
"신월1동","합계","계","","1234","1388","1474","1607",
"신월1동","합계","65~79세","","983","1094","1147","1260",
"신월1동","합계","80세 이상","","251","294","327","347",
"신월1동","국민기초생활보장 수급권자","계","","504","562","605","680",
"신월1동","국민기초생활보장 수급권자","65~79세","","354","404","428","495",
"신월1동","국민기초생활보장 수급권자","80세 이상","","150","158","177","185",
"신월1동","저소득노인","계","","43","44","36","33",
"신월1동","저소득노인","65~79세","","26","23","19","21",
"신월1동","저소득노인","80세 이상","","17","21","17","12",
"신월1동","일   반","계","","687","782","833","894",
"신월1동","일   반","65~79세","","603","667","700","744",
"신월1동","일   반","80세 이상","","84","115","133","150",
"신월2동","합계","계","","810","893","994","1084",
"신월2동","합계","65~79세","","646","690","763","839",
"신월2동","합계","80세 이상","","164","203","231","245",
"신월2동","국민기초생활보장 수급권자","계","","211","230","284","323",
"신월2동","국민기초생활보장 수급권자","65~79세","","136","145","182","210",
"신월2동","국민기초생활보장 수급권자","80세 이상","","75","85","102","113",
"신월2동","저소득노인","계","","38","34","27","28",
"신월2동","저소득노인","65~79세","","20","19","15","18",
"신월2동","저소득노인","80세 이상","","18","15","12","10",
"신월2동","일   반","계","","561","629","683","733",
"신월2동","일   반","65~79세","","490","526","566","611",
"신월2동","일   반","80세 이상","","71","103","117","122",
"신월3동","합계","계","","1064","1157","1275","1365",
"신월3동","합계","65~79세","","837","883","979","1060",
"신월3동","합계","80세 이상","","227","274","296","305",
"신월3동","국민기초생활보장 수급권자","계","","436","452","507","551",
"신월3동","국민기초생활보장 수급권자","65~79세","","320","319","368","403",
"신월3동","국민기초생활보장 수급권자","80세 이상","","116","133","139","148",
"신월3동","저소득노인","계","","43","37","36","35",
"신월3동","저소득노인","65~79세","","27","25","23","25",
"신월3동","저소득노인","80세 이상","","16","12","13","10",
"신월3동","일   반","계","","585","668","732","779",
"신월3동","일   반","65~79세","","490","539","588","632",
"신월3동","일   반","80세 이상","","95","129","144","147",
"신월4동","합계","계","","596","660","711","740",
"신월4동","합계","65~79세","","462","495","531","541",
"신월4동","합계","80세 이상","","134","165","180","199",
"신월4동","국민기초생활보장 수급권자","계","","116","123","143","151",
"신월4동","국민기초생활보장 수급권자","65~79세","","75","78","91","97",
"신월4동","국민기초생활보장 수급권자","80세 이상","","41","45","52","54",
"신월4동","저소득노인","계","","31","27","28","15",
"신월4동","저소득노인","65~79세","","11","8","13","5",
"신월4동","저소득노인","80세 이상","","20","19","15","10",
"신월4동","일   반","계","","449","510","540","574",
"신월4동","일   반","65~79세","","376","409","427","439",
"신월4동","일   반","80세 이상","","73","101","113","135",
"신월5동","합계","계","","597","650","674","737",
"신월5동","합계","65~79세","","482","514","534","572",
"신월5동","합계","80세 이상","","115","136","140","165",
"신월5동","국민기초생활보장 수급권자","계","","198","211","238","265",
"신월5동","국민기초생활보장 수급권자","65~79세","","146","153","171","186",
"신월5동","국민기초생활보장 수급권자","80세 이상","","52","58","67","79",
"신월5동","저소득노인","계","","24","19","17","13",
"신월5동","저소득노인","65~79세","","15","10","11","8",
"신월5동","저소득노인","80세 이상","","9","9","6","5",
"신월5동","일   반","계","","375","420","419","459",
"신월5동","일   반","65~79세","","321","351","352","378",
"신월5동","일   반","80세 이상","","54","69","67","81",
"신월6동","합계","계","","364","389","414","427",
"신월6동","합계","65~79세","","301","312","330","346",
"신월6동","합계","80세 이상","","63","77","84","81",
"신월6동","국민기초생활보장 수급권자","계","","68","89","102","109",
"신월6동","국민기초생활보장 수급권자","65~79세","","45","59","68","71",
"신월6동","국민기초생활보장 수급권자","80세 이상","","23","30","34","38",
"신월6동","저소득노인","계","","9","7","5","4",
"신월6동","저소득노인","65~79세","","6","3","3","2",
"신월6동","저소득노인","80세 이상","","3","4","2","2",
"신월6동","일   반","계","","287","293","307","314",
"신월6동","일   반","65~79세","","250","250","259","273",
"신월6동","일   반","80세 이상","","37","43","48","41",
"신월7동","합계","계","","1164","1276","1370","1488",
"신월7동","합계","65~79세","","846","922","971","1045",
"신월7동","합계","80세 이상","","318","354","399","443",
"신월7동","국민기초생활보장 수급권자","계","","300","314","369","425",
"신월7동","국민기초생활보장 수급권자","65~79세","","197","206","237","268",
"신월7동","국민기초생활보장 수급권자","80세 이상","","103","108","132","157",
"신월7동","저소득노인","계","","87","74","67","63",
"신월7동","저소득노인","65~79세","","41","30","26","35",
"신월7동","저소득노인","80세 이상","","46","44","41","28",
"신월7동","일   반","계","","777","888","934","1000",
"신월7동","일   반","65~79세","","608","686","708","742",
"신월7동","일   반","80세 이상","","169","202","226","258",
"신정1동","합계","계","","466","510","523","541",
"신정1동","합계","65~79세","","328","351","347","363",
"신정1동","합계","80세 이상","","138","159","176","178",
"신정1동","국민기초생활보장 수급권자","계","","74","82","95","105",
"신정1동","국민기초생활보장 수급권자","65~79세","","52","56","61","72",
"신정1동","국민기초생활보장 수급권자","80세 이상","","22","26","34","33",
"신정1동","저소득노인","계","","16","15","11","13",
"신정1동","저소득노인","65~79세","","7","5","4","6",
"신정1동","저소득노인","80세 이상","","9","10","7","7",
"신정1동","일   반","계","","376","413","417","423",
"신정1동","일   반","65~79세","","269","290","282","285",
"신정1동","일   반","80세 이상","","107","123","135","138",
"신정2동","합계","계","","597","640","687","724",
"신정2동","합계","65~79세","","440","469","493","510",
"신정2동","합계","80세 이상","","157","171","194","214",
"신정2동","국민기초생활보장 수급권자","계","","260","284","328","352",
"신정2동","국민기초생활보장 수급권자","65~79세","","169","181","205","221",
"신정2동","국민기초생활보장 수급권자","80세 이상","","91","103","123","131",
"신정2동","저소득노인","계","","22","27","20","18",
"신정2동","저소득노인","65~79세","","15","21","15","12",
"신정2동","저소득노인","80세 이상","","7","6","5","6",
"신정2동","일   반","계","","315","329","339","354",
"신정2동","일   반","65~79세","","256","267","273","277",
"신정2동","일   반","80세 이상","","59","62","66","77",
"신정3동","합계","계","","1575","1760","1911","2025",
"신정3동","합계","65~79세","","1222","1352","1473","1536",
"신정3동","합계","80세 이상","","353","408","438","489",
"신정3동","국민기초생활보장 수급권자","계","","502","567","669","732",
"신정3동","국민기초생활보장 수급권자","65~79세","","342","386","464","228",
"신정3동","국민기초생활보장 수급권자","80세 이상","","160","181","205","504",
"신정3동","저소득노인","계","","62","67","60","52",
"신정3동","저소득노인","65~79세","","33","36","35","33",
"신정3동","저소득노인","80세 이상","","29","31","25","19",
"신정3동","일   반","계","","1011","1126","1182","1241",
"신정3동","일   반","65~79세","","847","930","974","1275",
"신정3동","일   반","80세 이상","","164","196","208","-34",
"신정4동","합계","계","","1493","1664","1759","1920",
"신정4동","합계","65~79세","","1201","1301","1362","1479",
"신정4동","합계","80세 이상","","292","363","397","441",
"신정4동","국민기초생활보장 수급권자","계","","466","524","580","654",
"신정4동","국민기초생활보장 수급권자","65~79세","","326","358","401","194",
"신정4동","국민기초생활보장 수급권자","80세 이상","","140","166","179","460",
"신정4동","저소득노인","계","","35","31","33","37",
"신정4동","저소득노인","65~79세","","20","19","23","25",
"신정4동","저소득노인","80세 이상","","15","12","10","12",
"신정4동","일   반","계","","992","1109","1146","1229",
"신정4동","일   반","65~79세","","855","924","938","1260",
"신정4동","일   반","80세 이상","","137","185","208","-31",
"신정6동","합계","계","","349","398","403","410",
"신정6동","합계","65~79세","","238","270","267","283",
"신정6동","합계","80세 이상","","111","128","136","127",
"신정6동","국민기초생활보장 수급권자","계","","13","14","15","11",
"신정6동","국민기초생활보장 수급권자","65~79세","","10","7","7","5",
"신정6동","국민기초생활보장 수급권자","80세 이상","","3","7","8","6",
"신정6동","저소득노인","계","","4","5","3","2",
"신정6동","저소득노인","65~79세","","0","-","-","-",
"신정6동","저소득노인","80세 이상","","4","5","3","2",
"신정6동","일   반","계","","332","379","385","397",
"신정6동","일   반","65~79세","","228","263","260","278",
"신정6동","일   반","80세 이상","","104","116","125","119",
"신정7동","합계","계","","1376","1522","1626","1703",
"신정7동","합계","65~79세","","1027","1106","1176","1239",
"신정7동","합계","80세 이상","","349","416","450","464",
"신정7동","국민기초생활보장 수급권자","계","","688","723","822","877",
"신정7동","국민기초생활보장 수급권자","65~79세","","453","462","522","564",
"신정7동","국민기초생활보장 수급권자","80세 이상","","235","261","300","313",
"신정7동","저소득노인","계","","42","37","36","43",
"신정7동","저소득노인","65~79세","","25","21","20","26",
"신정7동","저소득노인","80세 이상","","17","16","16","17",
"신정7동","일   반","계","","646","762","768","783",
"신정7동","일   반","65~79세","","549","623","634","649",
"신정7동","일   반","80세 이상","","97","139","134","134",
"강서구","합계","계","","22863","24691","26046","40551",
"강서구","합계","65~79세","","17209","18473","19493","29272",
"강서구","합계","80세 이상","","5654","6218","6553","11279",
"강서구","국민기초생활보장 수급권자","계","","8818","9757","10606","11609",
"강서구","국민기초생활보장 수급권자","65~79세","","6046","6670","7326","7594",
"강서구","국민기초생활보장 수급권자","80세 이상","","2772","3087","3280","4015",
"강서구","저소득노인","계","","698","676","642","1077",
"강서구","저소득노인","65~79세","","402","411","391","678",
"강서구","저소득노인","80세 이상","","296","265","251","399",
"강서구","일   반","계","","13347","14258","14798","27865",
"강서구","일   반","65~79세","","10761","11392","11776","21000",
"강서구","일   반","80세 이상","","2586","2866","3022","6865",
"염창동","합계","계","","629","677","681","804",
"염창동","합계","65~79세","","487","516","512","587",
"염창동","합계","80세 이상","","142","161","169","217",
"염창동","국민기초생활보장 수급권자","계","","73","72","78","85",
"염창동","국민기초생활보장 수급권자","65~79세","","42","41","43","51",
"염창동","국민기초생활보장 수급권자","80세 이상","","31","31","35","34",
"염창동","저소득노인","계","","15","16","16","18",
"염창동","저소득노인","65~79세","","8","7","10","8",
"염창동","저소득노인","80세 이상","","7","9","6","10",
"염창동","일   반","계","","541","589","587","701",
"염창동","일   반","65~79세","","437","468","459","528",
"염창동","일   반","80세 이상","","104","121","128","173",
"등촌1동","합계","계","","758","778","835","967",
"등촌1동","합계","65~79세","","419","430","472","546",
"등촌1동","합계","80세 이상","","339","348","363","421",
"등촌1동","국민기초생활보장 수급권자","계","","86","82","95","95",
"등촌1동","국민기초생활보장 수급권자","65~79세","","56","51","60","47",
"등촌1동","국민기초생활보장 수급권자","80세 이상","","30","31","35","48",
"등촌1동","저소득노인","계","","12","6","10","19",
"등촌1동","저소득노인","65~79세","","5","1","4","12",
"등촌1동","저소득노인","80세 이상","","7","5","6","7",
"등촌1동","일   반","계","","660","690","730","853",
"등촌1동","일   반","65~79세","","358","378","408","487",
"등촌1동","일   반","80세 이상","","302","312","322","366",
"등촌2동","합계","계","","530","576","604","839",
"등촌2동","합계","65~79세","","398","419","449","603",
"등촌2동","합계","80세 이상","","132","157","155","236",
"등촌2동","국민기초생활보장 수급권자","계","","106","104","129","144",
"등촌2동","국민기초생활보장 수급권자","65~79세","","66","62","80","91",
"등촌2동","국민기초생활보장 수급권자","80세 이상","","40","42","49","53",
"등촌2동","저소득노인","계","","17","21","18","36",
"등촌2동","저소득노인","65~79세","","9","9","8","23",
"등촌2동","저소득노인","80세 이상","","8","12","10","13",
"등촌2동","일   반","계","","407","451","457","659",
"등촌2동","일   반","65~79세","","323","348","361","489",
"등촌2동","일   반","80세 이상","","84","103","96","170",
"등촌3동","합계","계","","2696","2864","3055","5656",
"등촌3동","합계","65~79세","","1863","1994","2152","3810",
"등촌3동","합계","80세 이상","","833","870","903","1846",
"등촌3동","국민기초생활보장 수급권자","계","","1777","1905","2092","2269",
"등촌3동","국민기초생활보장 수급권자","65~79세","","1247","1341","1477","1399",
"등촌3동","국민기초생활보장 수급권자","80세 이상","","530","564","615","870",
"등촌3동","저소득노인","계","","61","65","60","105",
"등촌3동","저소득노인","65~79세","","31","44","39","66",
"등촌3동","저소득노인","80세 이상","","30","21","21","39",
"등촌3동","일   반","계","","858","894","903","3282",
"등촌3동","일   반","65~79세","","585","609","636","2345",
"등촌3동","일   반","80세 이상","","273","285","267","937",
"화곡1동","합계","계","","1978","2087","2261","3362",
"화곡1동","합계","65~79세","","1559","1652","1791","2629",
"화곡1동","합계","80세 이상","","419","435","470","733",
"화곡1동","국민기초생활보장 수급권자","계","","522","576","671","749",
"화곡1동","국민기초생활보장 수급권자","65~79세","","384","423","497","556",
"화곡1동","국민기초생활보장 수급권자","80세 이상","","138","153","174","193",
"화곡1동","저소득노인","계","","58","64","61","94",
"화곡1동","저소득노인","65~79세","","30","35","33","57",
"화곡1동","저소득노인","80세 이상","","28","29","28","37",
"화곡1동","일   반","계","","1398","1447","1529","2519",
"화곡1동","일   반","65~79세","","1145","1194","1261","2016",
"화곡1동","일   반","80세 이상","","253","253","268","503",
"화곡2동","합계","계","","674","757","802","1206",
"화곡2동","합계","65~79세","","531","597","628","901",
"화곡2동","합계","80세 이상","","143","160","174","305",
"화곡2동","국민기초생활보장 수급권자","계","","216","249","270","304",
"화곡2동","국민기초생활보장 수급권자","65~79세","","153","178","189","204",
"화곡2동","국민기초생활보장 수급권자","80세 이상","","63","71","81","100",
"화곡2동","저소득노인","계","","29","25","25","44",
"화곡2동","저소득노인","65~79세","","17","20","21","34",
"화곡2동","저소득노인","80세 이상","","12","5","4","10",
"화곡2동","일   반","계","","429","483","507","858",
"화곡2동","일   반","65~79세","","361","399","418","663",
"화곡2동","일   반","80세 이상","","68","84","89","195",
"화곡3동","합계","계","","781","826","850","1160",
"화곡3동","합계","65~79세","","583","620","628","839",
"화곡3동","합계","80세 이상","","198","206","222","321",
"화곡3동","국민기초생활보장 수급권자","계","","183","187","194","227",
"화곡3동","국민기초생활보장 수급권자","65~79세","","116","119","126","151",
"화곡3동","국민기초생활보장 수급권자","80세 이상","","67","68","68","76",
"화곡3동","저소득노인","계","","13","18","19","21",
"화곡3동","저소득노인","65~79세","","9","13","11","15",
"화곡3동","저소득노인","80세 이상","","4","5","8","6",
"화곡3동","일   반","계","","585","621","637","912",
"화곡3동","일   반","65~79세","","458","488","491","673",
"화곡3동","일   반","80세 이상","","127","133","146","239",
"화곡4동","합계","계","","903","979","1051","1623",
"화곡4동","합계","65~79세","","728","767","816","1025",
"화곡4동","합계","80세 이상","","175","212","235","598",
"화곡4동","국민기초생활보장 수급권자","계","","303","337","393","431",
"화곡4동","국민기초생활보장 수급권자","65~79세","","208","238","275","121",
"화곡4동","국민기초생활보장 수급권자","80세 이상","","95","99","118","310",
"화곡4동","저소득노인","계","","30","28","27","45",
"화곡4동","저소득노인","65~79세","","16","16","12","26",
"화곡4동","저소득노인","80세 이상","","14","12","15","19",
"화곡4동","일   반","계","","570","614","631","1147",
"화곡4동","일   반","65~79세","","504","513","529","878",
"화곡4동","일   반","80세 이상","","66","101","102","269",
"화곡본동","합계","계","","1212","1332","1427","2229",
"화곡본동","합계","65~79세","","960","1044","1113","1670",
"화곡본동","합계","80세 이상","","252","288","314","559",
"화곡본동","국민기초생활보장 수급권자","계","","404","441","501","578",
"화곡본동","국민기초생활보장 수급권자","65~79세","","260","285","341","393",
"화곡본동","국민기초생활보장 수급권자","80세 이상","","144","156","160","185",
"화곡본동","저소득노인","계","","59","40","38","70",
"화곡본동","저소득노인","65~79세","","28","17","20","42",
"화곡본동","저소득노인","80세 이상","","31","23","18","28",
"화곡본동","일   반","계","","749","851","888","1581",
"화곡본동","일   반","65~79세","","672","742","752","1235",
"화곡본동","일   반","80세 이상","","77","109","136","346",
"화곡6동","합계","계","","917","999","1053","1564",
"화곡6동","합계","65~79세","","711","776","808","1100",
"화곡6동","합계","80세 이상","","206","223","245","464",
"화곡6동","국민기초생활보장 수급권자","계","","270","305","327","385",
"화곡6동","국민기초생활보장 수급권자","65~79세","","162","192","214","175",
"화곡6동","국민기초생활보장 수급권자","80세 이상","","108","113","113","210",
"화곡6동","저소득노인","계","","32","28","23","29",
"화곡6동","저소득노인","65~79세","","20","18","12","14",
"화곡6동","저소득노인","80세 이상","","12","10","11","15",
"화곡6동","일   반","계","","615","666","703","1150",
"화곡6동","일   반","65~79세","","529","566","582","911",
"화곡6동","일   반","80세 이상","","86","100","121","239",
"화곡8동","합계","계","","1011","1071","1132","1595",
"화곡8동","합계","65~79세","","832","861","911","1229",
"화곡8동","합계","80세 이상","","179","210","221","366",
"화곡8동","국민기초생활보장 수급권자","계","","272","288","328","363",
"화곡8동","국민기초생활보장 수급권자","65~79세","","192","203","239","263",
"화곡8동","국민기초생활보장 수급권자","80세 이상","","80","85","89","100",
"화곡8동","저소득노인","계","","40","31","30","41",
"화곡8동","저소득노인","65~79세","","29","21","19","22",
"화곡8동","저소득노인","80세 이상","","11","10","11","19",
"화곡8동","일   반","계","","699","752","774","1191",
"화곡8동","일   반","65~79세","","611","637","653","944",
"화곡8동","일   반","80세 이상","","88","115","121","247",
"가양1동","합계","계","","539","568","584","745",
"가양1동","합계","65~79세","","413","441","452","567",
"가양1동","합계","80세 이상","","126","127","132","178",
"가양1동","국민기초생활보장 수급권자","계","","67","60","68","86",
"가양1동","국민기초생활보장 수급권자","65~79세","","34","31","34","50",
"가양1동","국민기초생활보장 수급권자","80세 이상","","33","29","34","36",
"가양1동","저소득노인","계","","19","20","22","34",
"가양1동","저소득노인","65~79세","","9","7","9","19",
"가양1동","저소득노인","80세 이상","","10","13","13","15",
"가양1동","일   반","계","","453","488","494","625",
"가양1동","일   반","65~79세","","370","403","409","498",
"가양1동","일   반","80세 이상","","83","85","85","127",
"가양2동","합계","계","","1690","1926","1982","3838",
"가양2동","합계","65~79세","","1253","1408","1463","2795",
"가양2동","합계","80세 이상","","437","518","519","1043",
"가양2동","국민기초생활보장 수급권자","계","","1205","1403","1477","1596",
"가양2동","국민기초생활보장 수급권자","65~79세","","838","971","1026","1123",
"가양2동","국민기초생활보장 수급권자","80세 이상","","367","432","451","473",
"가양2동","저소득노인","계","","44","54","45","104",
"가양2동","저소득노인","65~79세","","29","36","29","67",
"가양2동","저소득노인","80세 이상","","15","18","16","37",
"가양2동","일   반","계","","441","469","460","2138",
"가양2동","일   반","65~79세","","386","401","408","1605",
"가양2동","일   반","80세 이상","","55","68","52","533",
"가양3동","합계","계","","1328","1425","1515","2571",
"가양3동","합계","65~79세","","986","1059","1125","1840",
"가양3동","합계","80세 이상","","342","366","390","731",
"가양3동","국민기초생활보장 수급권자","계","","817","884","921","966",
"가양3동","국민기초생활보장 수급권자","65~79세","","561","597","617","647",
"가양3동","국민기초생활보장 수급권자","80세 이상","","256","287","304","319",
"가양3동","저소득노인","계","","43","42","45","65",
"가양3동","저소득노인","65~79세","","28","25","28","46",
"가양3동","저소득노인","80세 이상","","15","17","17","19",
"가양3동","일   반","계","","468","499","549","1540",
"가양3동","일   반","65~79세","","397","437","480","1147",
"가양3동","일   반","80세 이상","","71","62","69","393",
"발산1동","합계","계","","893","995","1095","1750",
"발산1동","합계","65~79세","","699","752","819","1271",
"발산1동","합계","80세 이상","","194","243","276","479",
"발산1동","국민기초생활보장 수급권자","계","","281","319","400","456",
"발산1동","국민기초생활보장 수급권자","65~79세","","188","201","266","308",
"발산1동","국민기초생활보장 수급권자","80세 이상","","93","118","134","148",
"발산1동","저소득노인","계","","42","47","43","70",
"발산1동","저소득노인","65~79세","","27","32","31","47",
"발산1동","저소득노인","80세 이상","","15","15","12","23",
"발산1동","일   반","계","","570","629","652","1224",
"발산1동","일   반","65~79세","","484","519","522","916",
"발산1동","일   반","80세 이상","","86","110","130","308",
"우장산동","합계","계","","904","996","1011","1331",
"우장산동","합계","65~79세","","695","768","767","994",
"우장산동","합계","80세 이상","","209","228","244","337",
"우장산동","국민기초생활보장 수급권자","계","","169","196","199","214",
"우장산동","국민기초생활보장 수급권자","65~79세","","114","126","130","140",
"우장산동","국민기초생활보장 수급권자","80세 이상","","55","70","69","74",
"우장산동","저소득노인","계","","12","14","15","19",
"우장산동","저소득노인","65~79세","","4","3","5","9",
"우장산동","저소득노인","80세 이상","","8","11","10","10",
"우장산동","일   반","계","","723","786","797","1098",
"우장산동","일   반","65~79세","","577","639","632","845",
"우장산동","일   반","80세 이상","","146","147","165","253",
"공항동","합계","계","","1021","1051","1081","1697",
"공항동","합계","65~79세","","816","841","860","1321",
"공항동","합계","80세 이상","","205","210","221","376",
"공항동","국민기초생활보장 수급권자","계","","333","374","367","427",
"공항동","국민기초생활보장 수급권자","65~79세","","235","262","256","307",
"공항동","국민기초생활보장 수급권자","80세 이상","","98","112","111","120",
"공항동","저소득노인","계","","55","44","39","89",
"공항동","저소득노인","65~79세","","35","34","31","56",
"공항동","저소득노인","80세 이상","","20","10","8","33",
"공항동","일   반","계","","633","633","675","1181",
"공항동","일   반","65~79세","","546","545","573","958",
"공항동","일   반","80세 이상","","87","88","102","223",
"방화1동","합계","계","","1228","1314","1368","1742",
"방화1동","합계","65~79세","","936","1008","1062","1325",
"방화1동","합계","80세 이상","","292","306","306","417",
"방화1동","국민기초생활보장 수급권자","계","","307","351","369","388",
"방화1동","국민기초생활보장 수급권자","65~79세","","201","235","260","282",
"방화1동","국민기초생활보장 수급권자","80세 이상","","106","116","109","106",
"방화1동","저소득노인","계","","50","35","29","48",
"방화1동","저소득노인","65~79세","","26","20","18","29",
"방화1동","저소득노인","80세 이상","","24","15","11","19",
"방화1동","일   반","계","","871","928","970","1306",
"방화1동","일   반","65~79세","","709","753","784","1014",
"방화1동","일   반","80세 이상","","162","175","186","292",
"방화2동","합계","계","","1449","1571","1667","2718",
"방화2동","합계","65~79세","","1078","1148","1226","1981",
"방화2동","합계","80세 이상","","371","423","441","737",
"방화2동","국민기초생활보장 수급권자","계","","609","684","727","814",
"방화2동","국민기초생활보장 수급권자","65~79세","","417","464","503","578",
"방화2동","국민기초생활보장 수급권자","80세 이상","","192","220","224","236",
"방화2동","저소득노인","계","","40","40","41","63",
"방화2동","저소득노인","65~79세","","27","30","30","46",
"방화2동","저소득노인","80세 이상","","13","10","11","17",
"방화2동","일   반","계","","800","847","899","1841",
"방화2동","일   반","65~79세","","634","654","693","1357",
"방화2동","일   반","80세 이상","","166","193","206","484",
"방화3동","합계","계","","1722","1899","1992","3154",
"방화3동","합계","65~79세","","1262","1372","1439","2239",
"방화3동","합계","80세 이상","","460","527","553","915",
"방화3동","국민기초생활보장 수급권자","계","","818","940","1000","1032",
"방화3동","국민기초생활보장 수급권자","65~79세","","572","650","693","708",
"방화3동","국민기초생활보장 수급권자","80세 이상","","246","290","307","324",
"방화3동","저소득노인","계","","27","38","36","63",
"방화3동","저소득노인","65~79세","","15","23","21","40",
"방화3동","저소득노인","80세 이상","","12","15","15","23",
"방화3동","일   반","계","","877","921","956","2059",
"방화3동","일   반","65~79세","","675","699","725","1491",
"방화3동","일   반","80세 이상","","202","222","231","568",
"구로구","합계","계","","15983","17186","18521","21474",
"구로구","합계","65~79세","","12041","12868","13703","15633",
"구로구","합계","80세 이상","","3942","4318","4818","5841",
"구로구","국민기초생활보장 수급권자","계","","3770","4345","4799","5361",
"구로구","국민기초생활보장 수급권자","65~79세","","2535","2902","3232","3625",
"구로구","국민기초생활보장 수급권자","80세 이상","","1235","1443","1567","1736",
"구로구","저소득노인","계","","576","524","470","313",
"구로구","저소득노인","65~79세","","325","293","268","162",
"구로구","저소득노인","80세 이상","","251","231","202","151",
"구로구","일   반","계","","11637","12317","13252","15800",
"구로구","일   반","65~79세","","9181","9673","10203","11846",
"구로구","일   반","80세 이상","","2456","2644","3049","3954",
"신도림동","합계","계","","621","655","682","805",
"신도림동","합계","65~79세","","460","478","480","558",
"신도림동","합계","80세 이상","","161","177","202","247",
"신도림동","국민기초생활보장 수급권자","계","","53","65","69","75",
"신도림동","국민기초생활보장 수급권자","65~79세","","32","40","39","39",
"신도림동","국민기초생활보장 수급권자","80세 이상","","21","25","30","36",
"신도림동","저소득노인","계","","19","18","13","9",
"신도림동","저소득노인","65~79세","","7","6","3","2",
"신도림동","저소득노인","80세 이상","","12","12","10","7",
"신도림동","일   반","계","","549","572","600","721",
"신도림동","일   반","65~79세","","421","432","438","517",
"신도림동","일   반","80세 이상","","128","140","162","204",
"구로1동","합계","계","","380","403","433","544",
"구로1동","합계","65~79세","","280","307","322","397",
"구로1동","합계","80세 이상","","100","96","111","147",
"구로1동","국민기초생활보장 수급권자","계","","25","34","42","45",
"구로1동","국민기초생활보장 수급권자","65~79세","","16","16","24","27",
"구로1동","국민기초생활보장 수급권자","80세 이상","","9","18","18","18",
"구로1동","저소득노인","계","","12","11","12","6",
"구로1동","저소득노인","65~79세","","2","5","7","4",
"구로1동","저소득노인","80세 이상","","10","6","5","2",
"구로1동","일   반","계","","343","358","379","493",
"구로1동","일   반","65~79세","","262","286","291","366",
"구로1동","일   반","80세 이상","","81","72","88","127",
"구로2동","합계","계","","1634","1702","1835","2226",
"구로2동","합계","65~79세","","1209","1245","1340","1600",
"구로2동","합계","80세 이상","","425","457","495","626",
"구로2동","국민기초생활보장 수급권자","계","","416","465","487","555",
"구로2동","국민기초생활보장 수급권자","65~79세","","280","309","336","390",
"구로2동","국민기초생활보장 수급권자","80세 이상","","136","156","151","165",
"구로2동","저소득노인","계","","53","50","45","25",
"구로2동","저소득노인","65~79세","","31","29","29","14",
"구로2동","저소득노인","80세 이상","","22","21","16","11",
"구로2동","일   반","계","","1165","1187","1303","1646",
"구로2동","일   반","65~79세","","898","907","975","1196",
"구로2동","일   반","80세 이상","","267","280","328","450",
"구로3동","합계","계","","760","810","883","1070",
"구로3동","합계","65~79세","","563","612","669","747",
"구로3동","합계","80세 이상","","197","198","214","323",
"구로3동","국민기초생활보장 수급권자","계","","139","152","160","179",
"구로3동","국민기초생활보장 수급권자","65~79세","","90","98","111","121",
"구로3동","국민기초생활보장 수급권자","80세 이상","","49","54","49","58",
"구로3동","저소득노인","계","","33","24","25","18",
"구로3동","저소득노인","65~79세","","18","15","18","12",
"구로3동","저소득노인","80세 이상","","15","9","7","6",
"구로3동","일   반","계","","588","634","698","873",
"구로3동","일   반","65~79세","","455","499","540","614",
"구로3동","일   반","80세 이상","","133","135","158","259",
"구로4동","합계","계","","1338","1433","1511","1826",
"구로4동","합계","65~79세","","985","1056","1085","1295",
"구로4동","합계","80세 이상","","353","377","426","531",
"구로4동","국민기초생활보장 수급권자","계","","364","421","451","513",
"구로4동","국민기초생활보장 수급권자","65~79세","","247","283","303","347",
"구로4동","국민기초생활보장 수급권자","80세 이상","","117","138","148","166",
"구로4동","저소득노인","계","","43","36","33","25",
"구로4동","저소득노인","65~79세","","28","23","20","12",
"구로4동","저소득노인","80세 이상","","15","13","13","13",
"구로4동","일   반","계","","931","976","1027","1288",
"구로4동","일   반","65~79세","","710","750","762","936",
"구로4동","일   반","80세 이상","","221","226","265","352",
"구로5동","합계","계","","1034","1132","1231","1376",
"구로5동","합계","65~79세","","774","841","891","1010",
"구로5동","합계","80세 이상","","260","291","340","366",
"구로5동","국민기초생활보장 수급권자","계","","186","224","239","266",
"구로5동","국민기초생활보장 수급권자","65~79세","","122","149","158","181",
"구로5동","국민기초생활보장 수급권자","80세 이상","","64","75","81","85",
"구로5동","저소득노인","계","","34","31","30","20",
"구로5동","저소득노인","65~79세","","23","19","17","9",
"구로5동","저소득노인","80세 이상","","11","12","13","11",
"구로5동","일   반","계","","814","877","962","1090",
"구로5동","일   반","65~79세","","629","673","716","820",
"구로5동","일   반","80세 이상","","185","204","246","270",
"가리봉동","합계","계","","838","843","939","1103",
"가리봉동","합계","65~79세","","646","642","712","796",
"가리봉동","합계","80세 이상","","192","201","227","307",
"가리봉동","국민기초생활보장 수급권자","계","","251","285","316","355",
"가리봉동","국민기초생활보장 수급권자","65~79세","","188","219","242","274",
"가리봉동","국민기초생활보장 수급권자","80세 이상","","63","66","74","81",
"가리봉동","저소득노인","계","","13","15","11","9",
"가리봉동","저소득노인","65~79세","","9","11","5","4",
"가리봉동","저소득노인","80세 이상","","4","4","6","5",
"가리봉동","일   반","계","","574","543","612","739",
"가리봉동","일   반","65~79세","","449","412","465","518",
"가리봉동","일   반","80세 이상","","125","131","147","221",
"고척1동","합계","계","","931","960","1036","1176",
"고척1동","합계","65~79세","","688","702","737","822",
"고척1동","합계","80세 이상","","243","258","299","354",
"고척1동","국민기초생활보장 수급권자","계","","178","186","200","223",
"고척1동","국민기초생활보장 수급권자","65~79세","","125","123","127","145",
"고척1동","국민기초생활보장 수급권자","80세 이상","","53","63","73","78",
"고척1동","저소득노인","계","","21","30","26","18",
"고척1동","저소득노인","65~79세","","14","16","11","6",
"고척1동","저소득노인","80세 이상","","7","14","15","12",
"고척1동","일   반","계","","732","744","810","935",
"고척1동","일   반","65~79세","","549","563","599","671",
"고척1동","일   반","80세 이상","","183","181","211","264",
"고척2동","합계","계","","1274","1385","1494","1668",
"고척2동","합계","65~79세","","942","1006","1081","1201",
"고척2동","합계","80세 이상","","332","379","413","467",
"고척2동","국민기초생활보장 수급권자","계","","338","398","446","484",
"고척2동","국민기초생활보장 수급권자","65~79세","","222","259","292","322",
"고척2동","국민기초생활보장 수급권자","80세 이상","","116","139","154","162",
"고척2동","저소득노인","계","","51","41","33","12",
"고척2동","저소득노인","65~79세","","31","26","20","7",
"고척2동","저소득노인","80세 이상","","20","15","13","5",
"고척2동","일   반","계","","885","946","1015","1172",
"고척2동","일   반","65~79세","","689","721","769","872",
"고척2동","일   반","80세 이상","","196","225","246","300",
"개봉1동","합계","계","","1507","1624","1785","2041",
"개봉1동","합계","65~79세","","1167","1249","1360","1559",
"개봉1동","합계","80세 이상","","340","375","425","482",
"개봉1동","국민기초생활보장 수급권자","계","","417","446","523","571",
"개봉1동","국민기초생활보장 수급권자","65~79세","","280","298","363","407",
"개봉1동","국민기초생활보장 수급권자","80세 이상","","137","148","160","164",
"개봉1동","저소득노인","계","","51","40","36","24",
"개봉1동","저소득노인","65~79세","","35","24","25","19",
"개봉1동","저소득노인","80세 이상","","16","16","11","5",
"개봉1동","일   반","계","","1039","1138","1226","1446",
"개봉1동","일   반","65~79세","","852","927","972","1133",
"개봉1동","일   반","80세 이상","","187","211","254","313",
"개봉2동","합계","계","","1110","1191","1279","1497",
"개봉2동","합계","65~79세","","858","908","958","1124",
"개봉2동","합계","80세 이상","","252","283","321","373",
"개봉2동","국민기초생활보장 수급권자","계","","255","291","312","339",
"개봉2동","국민기초생활보장 수급권자","65~79세","","168","191","204","226",
"개봉2동","국민기초생활보장 수급권자","80세 이상","","87","100","108","113",
"개봉2동","저소득노인","계","","38","27","25","16",
"개봉2동","저소득노인","65~79세","","20","15","15","5",
"개봉2동","저소득노인","80세 이상","","18","12","10","11",
"개봉2동","일   반","계","","817","873","942","1142",
"개봉2동","일   반","65~79세","","670","702","739","893",
"개봉2동","일   반","80세 이상","","147","171","203","249",
"개봉3동","합계","계","","929","992","1066","1188",
"개봉3동","합계","65~79세","","703","759","817","897",
"개봉3동","합계","80세 이상","","226","233","249","291",
"개봉3동","국민기초생활보장 수급권자","계","","184","203","216","250",
"개봉3동","국민기초생활보장 수급권자","65~79세","","122","135","139","167",
"개봉3동","국민기초생활보장 수급권자","80세 이상","","62","68","77","83",
"개봉3동","저소득노인","계","","32","37","34","19",
"개봉3동","저소득노인","65~79세","","14","19","20","8",
"개봉3동","저소득노인","80세 이상","","18","18","14","11",
"개봉3동","일   반","계","","713","752","816","919",
"개봉3동","일   반","65~79세","","567","605","658","722",
"개봉3동","일   반","80세 이상","","146","147","158","197",
"오류1동","합계","계","","1019","1114","1184","1371",
"오류1동","합계","65~79세","","747","808","847","985",
"오류1동","합계","80세 이상","","272","306","337","386",
"오류1동","국민기초생활보장 수급권자","계","","349","404","426","451",
"오류1동","국민기초생활보장 수급권자","65~79세","","229","254","270","297",
"오류1동","국민기초생활보장 수급권자","80세 이상","","120","150","156","154",
"오류1동","저소득노인","계","","38","45","41","31",
"오류1동","저소득노인","65~79세","","20","25","23","18",
"오류1동","저소득노인","80세 이상","","18","20","18","13",
"오류1동","일   반","계","","632","665","717","889",
"오류1동","일   반","65~79세","","498","529","554","670",
"오류1동","일   반","80세 이상","","134","136","163","219",
"오류2동","합계","계","","1396","1544","1632","1845",
"오류2동","합계","65~79세","","1064","1167","1214","1312",
"오류2동","합계","80세 이상","","332","377","418","533",
"오류2동","국민기초생활보장 수급권자","계","","338","438","493","568",
"오류2동","국민기초생활보장 수급권자","65~79세","","226","298","325","346",
"오류2동","국민기초생활보장 수급권자","80세 이상","","112","140","168","222",
"오류2동","저소득노인","계","","69","53","53","32",
"오류2동","저소득노인","65~79세","","32","23","25","14",
"오류2동","저소득노인","80세 이상","","37","30","28","18",
"오류2동","일   반","계","","989","1053","1086","1245",
"오류2동","일   반","65~79세","","806","846","864","952",
"오류2동","일   반","80세 이상","","183","207","222","293",
"수궁동","합계","계","","984","1110","1205","1364",
"수궁동","합계","65~79세","","765","852","922","1021",
"수궁동","합계","80세 이상","","219","258","283","343",
"수궁동","국민기초생활보장 수급권자","계","","208","251","319","355",
"수궁동","국민기초생활보장 수급권자","65~79세","","138","167","219","233",
"수궁동","국민기초생활보장 수급권자","80세 이상","","70","84","100","122",
"수궁동","저소득노인","계","","61","59","47","42",
"수궁동","저소득노인","65~79세","","38","34","26","24",
"수궁동","저소득노인","80세 이상","","23","25","21","18",
"수궁동","일   반","계","","715","800","839","967",
"수궁동","일   반","65~79세","","589","651","677","764",
"수궁동","일   반","80세 이상","","126","149","162","203",
"항동","합계","계","","228","288","326","374",
"항동","합계","65~79세","","190","236","268","309",
"항동","합계","80세 이상","","38","52","58","65",
"항동","국민기초생활보장 수급권자","계","","69","82","100","132",
"항동","국민기초생활보장 수급권자","65~79세","","50","63","80","103",
"항동","국민기초생활보장 수급권자","80세 이상","","19","19","20","29",
"항동","저소득노인","계","","8","7","6","7",
"항동","저소득노인","65~79세","","3","3","4","4",
"항동","저소득노인","80세 이상","","5","4","2","3",
"항동","일   반","계","","151","199","220","235",
"항동","일   반","65~79세","","137","170","184","202",
"항동","일   반","80세 이상","","14","29","36","33",
"금천구","합계","계","","10731","11425","12219","19795",
"금천구","합계","65~79세","","8102","8640","9157","14467",
"금천구","합계","80세 이상","","2629","2785","3062","5328",
"금천구","국민기초생활보장 수급권자","계","","3535","3929","3131","4887",
"금천구","국민기초생활보장 수급권자","65~79세","","2470","2708","1957","3426",
"금천구","국민기초생활보장 수급권자","80세 이상","","1065","1221","1174","1461",
"금천구","저소득노인","계","","504","722","669","1587",
"금천구","저소득노인","65~79세","","268","480","433","983",
"금천구","저소득노인","80세 이상","","236","242","236","604",
"금천구","일   반","계","","6692","6774","8419","13321",
"금천구","일   반","65~79세","","5364","5452","6767","10058",
"금천구","일   반","80세 이상","","1328","1322","1652","3263",
"가산동","합계","계","","731","815","902","1348",
"가산동","합계","65~79세","","580","631","704","1034",
"가산동","합계","80세 이상","","151","184","198","314",
"가산동","국민기초생활보장 수급권자","계","","245","264","220","333",
"가산동","국민기초생활보장 수급권자","65~79세","","191","201","153","256",
"가산동","국민기초생활보장 수급권자","80세 이상","","54","63","67","77",
"가산동","저소득노인","계","","47","25","24","64",
"가산동","저소득노인","65~79세","","33","21","18","42",
"가산동","저소득노인","80세 이상","","14","4","6","22",
"가산동","일   반","계","","439","526","658","951",
"가산동","일   반","65~79세","","356","409","533","736",
"가산동","일   반","80세 이상","","83","117","125","215",
"독산1동","합계","계","","1413","1441","1521","2653",
"독산1동","합계","65~79세","","1081","1101","1141","1902",
"독산1동","합계","80세 이상","","332","340","380","751",
"독산1동","국민기초생활보장 수급권자","계","","474","512","377","679",
"독산1동","국민기초생활보장 수급권자","65~79세","","331","355","232","452",
"독산1동","국민기초생활보장 수급권자","80세 이상","","143","157","145","227",
"독산1동","저소득노인","계","","38","90","80","256",
"독산1동","저소득노인","65~79세","","25","64","50","154",
"독산1동","저소득노인","80세 이상","","13","26","30","102",
"독산1동","일   반","계","","901","839","1064","1718",
"독산1동","일   반","65~79세","","725","682","859","1296",
"독산1동","일   반","80세 이상","","176","157","205","422",
"독산2동","합계","계","","1075","1121","1193","1922",
"독산2동","합계","65~79세","","832","865","916","1442",
"독산2동","합계","80세 이상","","243","256","277","480",
"독산2동","국민기초생활보장 수급권자","계","","328","399","329","478",
"독산2동","국민기초생활보장 수급권자","65~79세","","231","283","216","345",
"독산2동","국민기초생활보장 수급권자","80세 이상","","97","116","113","133",
"독산2동","저소득노인","계","","70","62","56","139",
"독산2동","저소득노인","65~79세","","44","41","38","89",
"독산2동","저소득노인","80세 이상","","26","21","18","50",
"독산2동","일   반","계","","677","660","808","1305",
"독산2동","일   반","65~79세","","557","541","662","1008",
"독산2동","일   반","80세 이상","","120","119","146","297",
"독산3동","합계","계","","1258","1316","1436","2275",
"독산3동","합계","65~79세","","924","1002","1076","1703",
"독산3동","합계","80세 이상","","334","314","360","572",
"독산3동","국민기초생활보장 수급권자","계","","336","381","288","526",
"독산3동","국민기초생활보장 수급권자","65~79세","","239","267","180","388",
"독산3동","국민기초생활보장 수급권자","80세 이상","","97","114","108","138",
"독산3동","저소득노인","계","","60","74","80","145",
"독산3동","저소득노인","65~79세","","27","42","51","93",
"독산3동","저소득노인","80세 이상","","33","32","29","52",
"독산3동","일   반","계","","862","861","1068","1604",
"독산3동","일   반","65~79세","","658","693","845","1222",
"독산3동","일   반","80세 이상","","204","168","223","382",
"독산4동","합계","계","","752","792","875","1346",
"독산4동","합계","65~79세","","592","622","695","1072",
"독산4동","합계","80세 이상","","160","170","180","274",
"독산4동","국민기초생활보장 수급권자","계","","222","252","190","311",
"독산4동","국민기초생활보장 수급권자","65~79세","","125","178","121","241",
"독산4동","국민기초생활보장 수급권자","80세 이상","","97","74","69","70",
"독산4동","저소득노인","계","","30","42","44","90",
"독산4동","저소득노인","65~79세","","22","31","32","64",
"독산4동","저소득노인","80세 이상","","8","11","12","26",
"독산4동","일   반","계","","500","498","641","945",
"독산4동","일   반","65~79세","","445","413","542","767",
"독산4동","일   반","80세 이상","","55","85","99","178",
"시흥1동","합계","계","","1720","1869","1971","3095",
"시흥1동","합계","65~79세","","1319","1415","1474","2240",
"시흥1동","합계","80세 이상","","401","454","497","855",
"시흥1동","국민기초생활보장 수급권자","계","","494","565","408","699",
"시흥1동","국민기초생활보장 수급권자","65~79세","","343","390","243","490",
"시흥1동","국민기초생활보장 수급권자","80세 이상","","151","175","165","209",
"시흥1동","저소득노인","계","","66","121","99","248",
"시흥1동","저소득노인","65~79세","","44","75","56","152",
"시흥1동","저소득노인","80세 이상","","22","46","43","96",
"시흥1동","일   반","계","","1160","1183","1464","2148",
"시흥1동","일   반","65~79세","","932","950","1175","1598",
"시흥1동","일   반","80세 이상","","228","233","289","550",
"시흥2동","합계","계","","887","999","1042","1852",
"시흥2동","합계","65~79세","","635","719","734","1262",
"시흥2동","합계","80세 이상","","252","280","308","590",
"시흥2동","국민기초생활보장 수급권자","계","","397","447","370","526",
"시흥2동","국민기초생활보장 수급권자","65~79세","","249","281","210","335",
"시흥2동","국민기초생활보장 수급권자","80세 이상","","148","166","160","191",
"시흥2동","저소득노인","계","","55","84","85","195",
"시흥2동","저소득노인","65~79세","","33","59","56","114",
"시흥2동","저소득노인","80세 이상","","22","25","29","81",
"시흥2동","일   반","계","","435","468","587","1131",
"시흥2동","일   반","65~79세","","353","379","468","813",
"시흥2동","일   반","80세 이상","","82","89","119","318",
"시흥3동","합계","계","","556","548","580","872",
"시흥3동","합계","65~79세","","400","409","428","621",
"시흥3동","합계","80세 이상","","156","139","152","251",
"시흥3동","국민기초생활보장 수급권자","계","","102","125","98","157",
"시흥3동","국민기초생활보장 수급권자","65~79세","","62","74","52","95",
"시흥3동","국민기초생활보장 수급권자","80세 이상","","40","51","46","62",
"시흥3동","저소득노인","계","","31","41","33","70",
"시흥3동","저소득노인","65~79세","","14","24","19","38",
"시흥3동","저소득노인","80세 이상","","17","17","14","32",
"시흥3동","일   반","계","","423","382","449","645",
"시흥3동","일   반","65~79세","","324","311","357","488",
"시흥3동","일   반","80세 이상","","99","71","92","157",
"시흥4동","합계","계","","1002","1097","1165","1952",
"시흥4동","합계","65~79세","","783","850","893","1424",
"시흥4동","합계","80세 이상","","219","247","272","528",
"시흥4동","국민기초생활보장 수급권자","계","","415","410","331","507",
"시흥4동","국민기초생활보장 수급권자","65~79세","","356","291","219","358",
"시흥4동","국민기초생활보장 수급권자","80세 이상","","59","119","112","149",
"시흥4동","저소득노인","계","","39","76","70","180",
"시흥4동","저소득노인","65~79세","","9","50","47","108",
"시흥4동","저소득노인","80세 이상","","30","26","23","72",
"시흥4동","일   반","계","","548","611","764","1265",
"시흥4동","일   반","65~79세","","418","509","627","958",
"시흥4동","일   반","80세 이상","","130","102","137","307",
"시흥5동","합계","계","","1337","1427","1534","2480",
"시흥5동","합계","65~79세","","956","1026","1096","1767",
"시흥5동","합계","80세 이상","","381","401","438","713",
"시흥5동","국민기초생활보장 수급권자","계","","522","574","520","671",
"시흥5동","국민기초생활보장 수급권자","65~79세","","343","388","331","466",
"시흥5동","국민기초생활보장 수급권자","80세 이상","","179","186","189","205",
"시흥5동","저소득노인","계","","68","107","98","200",
"시흥5동","저소득노인","65~79세","","17","73","66","129",
"시흥5동","저소득노인","80세 이상","","51","34","32","71",
"시흥5동","일   반","계","","747","746","916","1609",
"시흥5동","일   반","65~79세","","596","565","699","1172",
"시흥5동","일   반","80세 이상","","151","181","217","437",
"영등포구","합계","계","","15208","15344","16508","17340",
"영등포구","합계","65~79세","","11129","11265","6027","12838",
"영등포구","합계","80세 이상","","4079","4079","10481","4502",
"영등포구","국민기초생활보장 수급권자","계","","3455","4297","1514","3598",
"영등포구","국민기초생활보장 수급권자","65~79세","","2548","3066","613","2451",
"영등포구","국민기초생활보장 수급권자","80세 이상","","907","1231","901","1147",
"영등포구","저소득노인","계","","427","347","756","212",
"영등포구","저소득노인","65~79세","","217","232","241","108",
"영등포구","저소득노인","80세 이상","","210","115","515","104",
"영등포구","일   반","계","","11326","10700","14238","13530",
"영등포구","일   반","65~79세","","8364","7967","5173","10279",
"영등포구","일   반","80세 이상","","2962","2733","9065","3251",
"영등포본동","합계","계","","1224","1264","1344","1403",
"영등포본동","합계","65~79세","","941","970","578","1072",
"영등포본동","합계","80세 이상","","283","294","766","331",
"영등포본동","국민기초생활보장 수급권자","계","","325","431","103","352",
"영등포본동","국민기초생활보장 수급권자","65~79세","","272","345","48","266",
"영등포본동","국민기초생활보장 수급권자","80세 이상","","53","86","55","86",
"영등포본동","저소득노인","계","","17","20","49","10",
"영등포본동","저소득노인","65~79세","","13","15","18","9",
"영등포본동","저소득노인","80세 이상","","4","5","31","1",
"영등포본동","일   반","계","","882","813","1192","1041",
"영등포본동","일   반","65~79세","","656","610","512","797",
"영등포본동","일   반","80세 이상","","226","203","680","244",
"영등포동","합계","계","","1372","1317","1483","1588",
"영등포동","합계","65~79세","","1123","1075","872","1292",
"영등포동","합계","80세 이상","","249","242","611","296",
"영등포동","국민기초생활보장 수급권자","계","","571","594","107","508",
"영등포동","국민기초생활보장 수급권자","65~79세","","493","509","52","421",
"영등포동","국민기초생활보장 수급권자","80세 이상","","78","85","55","87",
"영등포동","저소득노인","계","","21","26","54","13",
"영등포동","저소득노인","65~79세","","11","18","26","8",
"영등포동","저소득노인","80세 이상","","10","8","28","5",
"영등포동","일   반","계","","780","697","1322","1067",
"영등포동","일   반","65~79세","","619","548","794","863",
"영등포동","일   반","80세 이상","","161","149","528","204",
"여의동","합계","계","","964","964","1032","1057",
"여의동","합계","65~79세","","591","588","259","625",
"여의동","합계","80세 이상","","373","376","773","432",
"여의동","국민기초생활보장 수급권자","계","","38","39","41","33",
"여의동","국민기초생활보장 수급권자","65~79세","","19","20","12","14",
"여의동","국민기초생활보장 수급권자","80세 이상","","19","19","29","19",
"여의동","저소득노인","계","","7","8","7","4",
"여의동","저소득노인","65~79세","","2","6","2","1",
"여의동","저소득노인","80세 이상","","5","2","5","3",
"여의동","일   반","계","","919","917","984","1020",
"여의동","일   반","65~79세","","570","562","245","610",
"여의동","일   반","80세 이상","","349","355","739","410",
"당산1동","합계","계","","872","891","953","982",
"당산1동","합계","65~79세","","639","655","369","725",
"당산1동","합계","80세 이상","","233","236","584","257",
"당산1동","국민기초생활보장 수급권자","계","","158","209","89","167",
"당산1동","국민기초생활보장 수급권자","65~79세","","121","151","37","111",
"당산1동","국민기초생활보장 수급권자","80세 이상","","37","58","52","56",
"당산1동","저소득노인","계","","30","21","38","13",
"당산1동","저소득노인","65~79세","","19","16","13","5",
"당산1동","저소득노인","80세 이상","","11","5","25","8",
"당산1동","일   반","계","","684","661","826","802",
"당산1동","일   반","65~79세","","499","488","319","609",
"당산1동","일   반","80세 이상","","185","173","507","193",
"당산2동","합계","계","","763","754","776","827",
"당산2동","합계","65~79세","","526","532","234","568",
"당산2동","합계","80세 이상","","237","222","542","259",
"당산2동","국민기초생활보장 수급권자","계","","70","89","51","64",
"당산2동","국민기초생활보장 수급권자","65~79세","","44","53","17","31",
"당산2동","국민기초생활보장 수급권자","80세 이상","","26","36","34","33",
"당산2동","저소득노인","계","","21","11","24","7",
"당산2동","저소득노인","65~79세","","12","9","9","3",
"당산2동","저소득노인","80세 이상","","9","2","15","4",
"당산2동","일   반","계","","672","654","701","756",
"당산2동","일   반","65~79세","","470","470","208","534",
"당산2동","일   반","80세 이상","","202","184","493","222",
"도림동","합계","계","","934","918","1019","1099",
"도림동","합계","65~79세","","654","652","386","785",
"도림동","합계","80세 이상","","280","266","633","314",
"도림동","국민기초생활보장 수급권자","계","","226","327","104","279",
"도림동","국민기초생활보장 수급권자","65~79세","","167","228","46","184",
"도림동","국민기초생활보장 수급권자","80세 이상","","59","99","58","95",
"도림동","저소득노인","계","","38","37","38","14",
"도림동","저소득노인","65~79세","","20","21","17","4",
"도림동","저소득노인","80세 이상","","18","16","21","10",
"도림동","일   반","계","","670","554","877","806",
"도림동","일   반","65~79세","","467","403","323","597",
"도림동","일   반","80세 이상","","203","151","554","209",
"문래동","합계","계","","792","811","855","884",
"문래동","합계","65~79세","","545","551","271","599",
"문래동","합계","80세 이상","","247","260","584","285",
"문래동","국민기초생활보장 수급권자","계","","117","116","68","78",
"문래동","국민기초생활보장 수급권자","65~79세","","82","86","28","54",
"문래동","국민기초생활보장 수급권자","80세 이상","","35","30","40","24",
"문래동","저소득노인","계","","18","13","30","11",
"문래동","저소득노인","65~79세","","10","7","12","5",
"문래동","저소득노인","80세 이상","","8","6","18","6",
"문래동","일   반","계","","657","682","757","795",
"문래동","일   반","65~79세","","453","458","231","540",
"문래동","일   반","80세 이상","","204","224","526","255",
"양평1동","합계","계","","598","592","635","666",
"양평1동","합계","65~79세","","423","418","207","452",
"양평1동","합계","80세 이상","","175","174","428","214",
"양평1동","국민기초생활보장 수급권자","계","","90","115","77","89",
"양평1동","국민기초생활보장 수급권자","65~79세","","55","71","33","46",
"양평1동","국민기초생활보장 수급권자","80세 이상","","35","44","44","43",
"양평1동","저소득노인","계","","18","10","18","6",
"양평1동","저소득노인","65~79세","","7","6","5","2",
"양평1동","저소득노인","80세 이상","","11","4","13","4",
"양평1동","일   반","계","","490","467","540","571",
"양평1동","일   반","65~79세","","361","341","169","404",
"양평1동","일   반","80세 이상","","129","126","371","167",
"양평2동","합계","계","","475","487","538","574",
"양평2동","합계","65~79세","","339","361","178","420",
"양평2동","합계","80세 이상","","136","126","360","154",
"양평2동","국민기초생활보장 수급권자","계","","88","101","65","83",
"양평2동","국민기초생활보장 수급권자","65~79세","","62","73","27","53",
"양평2동","국민기초생활보장 수급권자","80세 이상","","26","28","38","30",
"양평2동","저소득노인","계","","12","11","24","4",
"양평2동","저소득노인","65~79세","","7","8","7","2",
"양평2동","저소득노인","80세 이상","","5","3","17","2",
"양평2동","일   반","계","","375","375","449","487",
"양평2동","일   반","65~79세","","270","280","144","365",
"양평2동","일   반","80세 이상","","105","95","305","122",
"신길1동","합계","계","","1113","1188","1276","1330",
"신길1동","합계","65~79세","","806","867","469","978",
"신길1동","합계","80세 이상","","307","321","807","352",
"신길1동","국민기초생활보장 수급권자","계","","279","362","111","337",
"신길1동","국민기초생활보장 수급권자","65~79세","","207","244","48","225",
"신길1동","국민기초생활보장 수급권자","80세 이상","","72","118","63","112",
"신길1동","저소득노인","계","","61","36","80","27",
"신길1동","저소득노인","65~79세","","27","19","21","13",
"신길1동","저소득노인","80세 이상","","34","17","59","14",
"신길1동","일   반","계","","773","790","1085","966",
"신길1동","일   반","65~79세","","572","604","400","740",
"신길1동","일   반","80세 이상","","201","186","685","226",
"신길3동","합계","계","","869","866","915","956",
"신길3동","합계","65~79세","","648","642","302","693",
"신길3동","합계","80세 이상","","221","224","613","263",
"신길3동","국민기초생활보장 수급권자","계","","235","263","88","224",
"신길3동","국민기초생활보장 수급권자","65~79세","","165","180","33","155",
"신길3동","국민기초생활보장 수급권자","80세 이상","","70","83","55","69",
"신길3동","저소득노인","계","","29","30","49","18",
"신길3동","저소득노인","65~79세","","12","25","12","10",
"신길3동","저소득노인","80세 이상","","17","5","37","8",
"신길3동","일   반","계","","605","573","778","714",
"신길3동","일   반","65~79세","","471","437","257","528",
"신길3동","일   반","80세 이상","","134","136","521","186",
"신길4동","합계","계","","713","713","770","823",
"신길4동","합계","65~79세","","539","535","272","625",
"신길4동","합계","80세 이상","","174","178","498","198",
"신길4동","국민기초생활보장 수급권자","계","","215","313","96","278",
"신길4동","국민기초생활보장 수급권자","65~79세","","160","221","37","185",
"신길4동","국민기초생활보장 수급권자","80세 이상","","55","92","59","93",
"신길4동","저소득노인","계","","27","12","63","11",
"신길4동","저소득노인","65~79세","","14","5","14","6",
"신길4동","저소득노인","80세 이상","","13","7","49","5",
"신길4동","일   반","계","","471","388","611","534",
"신길4동","일   반","65~79세","","365","309","221","434",
"신길4동","일   반","80세 이상","","106","79","390","100",
"신길5동","합계","계","","540","563","608","635",
"신길5동","합계","65~79세","","411","433","217","490",
"신길5동","합계","80세 이상","","129","130","391","145",
"신길5동","국민기초생활보장 수급권자","계","","178","217","99","230",
"신길5동","국민기초생활보장 수급권자","65~79세","","125","152","36","163",
"신길5동","국민기초생활보장 수급권자","80세 이상","","53","65","63","67",
"신길5동","저소득노인","계","","21","15","63","14",
"신길5동","저소득노인","65~79세","","9","9","27","8",
"신길5동","저소득노인","80세 이상","","12","6","36","6",
"신길5동","일   반","계","","341","331","446","391",
"신길5동","일   반","65~79세","","277","272","154","319",
"신길5동","일   반","80세 이상","","64","59","292","72",
"신길6동","합계","계","","797","784","826","857",
"신길6동","합계","65~79세","","598","596","269","626",
"신길6동","합계","80세 이상","","199","188","557","231",
"신길6동","국민기초생활보장 수급권자","계","","151","213","87","178",
"신길6동","국민기초생활보장 수급권자","65~79세","","99","139","34","113",
"신길6동","국민기초생활보장 수급권자","80세 이상","","52","74","53","65",
"신길6동","저소득노인","계","","20","19","52","8",
"신길6동","저소득노인","65~79세","","11","15","17","6",
"신길6동","저소득노인","80세 이상","","9","4","35","2",
"신길6동","일   반","계","","626","552","687","671",
"신길6동","일   반","65~79세","","488","442","218","507",
"신길6동","일   반","80세 이상","","138","110","469","164",
"신길7동","합계","계","","410","444","469","492",
"신길7동","합계","65~79세","","296","325","149","334",
"신길7동","합계","80세 이상","","114","119","320","158",
"신길7동","국민기초생활보장 수급권자","계","","73","97","61","91",
"신길7동","국민기초생활보장 수급권자","65~79세","","45","63","22","53",
"신길7동","국민기초생활보장 수급권자","80세 이상","","28","34","39","38",
"신길7동","저소득노인","계","","13","21","18","8",
"신길7동","저소득노인","65~79세","","6","11","2","3",
"신길7동","저소득노인","80세 이상","","7","10","16","5",
"신길7동","일   반","계","","324","326","390","393",
"신길7동","일   반","65~79세","","245","251","125","278",
"신길7동","일   반","80세 이상","","79","75","265","115",
"대림1동","합계","계","","848","854","908","968",
"대림1동","합계","65~79세","","633","627","282","720",
"대림1동","합계","80세 이상","","215","227","626","248",
"대림1동","국민기초생활보장 수급권자","계","","175","254","84","154",
"대림1동","국민기초생활보장 수급권자","65~79세","","128","177","31","96",
"대림1동","국민기초생활보장 수급권자","80세 이상","","47","77","53","58",
"대림1동","저소득노인","계","","24","22","47","11",
"대림1동","저소득노인","65~79세","","9","15","12","5",
"대림1동","저소득노인","80세 이상","","15","7","35","6",
"대림1동","일   반","계","","649","578","777","803",
"대림1동","일   반","65~79세","","496","435","239","619",
"대림1동","일   반","80세 이상","","153","143","538","184",
"대림2동","합계","계","","832","826","888","916",
"대림2동","합계","65~79세","","609","607","272","892",
"대림2동","합계","80세 이상","","223","219","616","24",
"대림2동","국민기초생활보장 수급권자","계","","204","240","83","196",
"대림2동","국민기초생활보장 수급권자","65~79세","","128","154","31","118",
"대림2동","국민기초생활보장 수급권자","80세 이상","","76","86","52","78",
"대림2동","저소득노인","계","","19","16","39","11",
"대림2동","저소득노인","65~79세","","14","12","11","8",
"대림2동","저소득노인","80세 이상","","5","4","28","3",
"대림2동","일   반","계","","609","570","766","709",
"대림2동","일   반","65~79세","","467","441","230","766",
"대림2동","일   반","80세 이상","","142","129","536","-57",
"대림3동","합계","계","","1092","1108","1213","1283",
"대림3동","합계","65~79세","","808","831","441","942",
"대림3동","합계","80세 이상","","284","277","772","341",
"대림3동","국민기초생활보장 수급권자","계","","262","317","100","257",
"대림3동","국민기초생활보장 수급권자","65~79세","","176","200","41","163",
"대림3동","국민기초생활보장 수급권자","80세 이상","","86","117","59","94",
"대림3동","저소득노인","계","","31","19","63","22",
"대림3동","저소득노인","65~79세","","14","15","16","10",
"대림3동","저소득노인","80세 이상","","17","4","47","12",
"대림3동","일   반","계","","799","772","1050","1004",
"대림3동","일   반","65~79세","","618","616","384","769",
"대림3동","일   반","80세 이상","","181","156","666","235",
"동작구","합계","계","","14691","15104","15892","16473",
"동작구","합계","65~79세","","10982","11031","11440","11839",
"동작구","합계","80세 이상","","3709","4073","4452","4634",
"동작구","국민기초생활보장 수급권자","계","","3741","4105","4387","4816",
"동작구","국민기초생활보장 수급권자","65~79세","","2520","2736","2917","3253",
"동작구","국민기초생활보장 수급권자","80세 이상","","1221","1369","1470","1563",
"동작구","저소득노인","계","","421","464","280","491",
"동작구","저소득노인","65~79세","","199","253","139","284",
"동작구","저소득노인","80세 이상","","222","211","141","207",
"동작구","일   반","계","","10529","10535","11225","11166",
"동작구","일   반","65~79세","","8263","8042","8384","8302",
"동작구","일   반","80세 이상","","2266","2493","2841","2864",
"노량진1동","합계","계","","1296","1389","1455","1554",
"노량진1동","합계","65~79세","","937","979","1004","1073",
"노량진1동","합계","80세 이상","","359","410","451","481",
"노량진1동","국민기초생활보장 수급권자","계","","387","423","453","498",
"노량진1동","국민기초생활보장 수급권자","65~79세","","248","274","283","313",
"노량진1동","국민기초생활보장 수급권자","80세 이상","","139","149","170","185",
"노량진1동","저소득노인","계","","30","44","21","47",
"노량진1동","저소득노인","65~79세","","15","28","15","32",
"노량진1동","저소득노인","80세 이상","","15","16","6","15",
"노량진1동","일   반","계","","879","922","981","1009",
"노량진1동","일   반","65~79세","","674","677","706","728",
"노량진1동","일   반","80세 이상","","205","245","275","281",
"노량진2동","합계","계","","785","803","821","693",
"노량진2동","합계","65~79세","","587","601","612","541",
"노량진2동","합계","80세 이상","","198","202","209","152",
"노량진2동","국민기초생활보장 수급권자","계","","258","302","302","253",
"노량진2동","국민기초생활보장 수급권자","65~79세","","184","214","218","196",
"노량진2동","국민기초생활보장 수급권자","80세 이상","","74","88","84","57",
"노량진2동","저소득노인","계","","28","31","20","19",
"노량진2동","저소득노인","65~79세","","14","19","10","11",
"노량진2동","저소득노인","80세 이상","","14","12","10","8",
"노량진2동","일   반","계","","499","470","499","421",
"노량진2동","일   반","65~79세","","389","368","384","334",
"노량진2동","일   반","80세 이상","","110","102","115","87",
"상도1동","합계","계","","1369","1510","1575","1627",
"상도1동","합계","65~79세","","996","1076","1107","1130",
"상도1동","합계","80세 이상","","373","434","468","497",
"상도1동","국민기초생활보장 수급권자","계","","406","459","496","517",
"상도1동","국민기초생활보장 수급권자","65~79세","","235","267","286","309",
"상도1동","국민기초생활보장 수급권자","80세 이상","","171","192","210","208",
"상도1동","저소득노인","계","","55","51","43","79",
"상도1동","저소득노인","65~79세","","26","29","24","51",
"상도1동","저소득노인","80세 이상","","29","22","19","28",
"상도1동","일   반","계","","908","1000","1036","1031",
"상도1동","일   반","65~79세","","735","780","797","770",
"상도1동","일   반","80세 이상","","173","220","239","261",
"상도2동","합계","계","","798","818","863","912",
"상도2동","합계","65~79세","","578","574","586","623",
"상도2동","합계","80세 이상","","220","244","277","289",
"상도2동","국민기초생활보장 수급권자","계","","149","157","173","187",
"상도2동","국민기초생활보장 수급권자","65~79세","","103","100","105","118",
"상도2동","국민기초생활보장 수급권자","80세 이상","","46","57","68","69",
"상도2동","저소득노인","계","","21","31","18","29",
"상도2동","저소득노인","65~79세","","9","14","4","13",
"상도2동","저소득노인","80세 이상","","12","17","14","16",
"상도2동","일   반","계","","628","630","672","696",
"상도2동","일   반","65~79세","","466","460","477","492",
"상도2동","일   반","80세 이상","","162","170","195","204",
"상도3동","합계","계","","1004","1093","1155","1225",
"상도3동","합계","65~79세","","748","798","842","893",
"상도3동","합계","80세 이상","","256","295","313","332",
"상도3동","국민기초생활보장 수급권자","계","","276","298","329","352",
"상도3동","국민기초생활보장 수급권자","65~79세","","179","199","221","224",
"상도3동","국민기초생활보장 수급권자","80세 이상","","97","99","108","128",
"상도3동","저소득노인","계","","41","41","28","50",
"상도3동","저소득노인","65~79세","","23","26","17","26",
"상도3동","저소득노인","80세 이상","","18","15","11","24",
"상도3동","일   반","계","","687","754","798","823",
"상도3동","일   반","65~79세","","546","573","604","643",
"상도3동","일   반","80세 이상","","141","181","194","180",
"상도4동","합계","계","","1366","1453","1530","1629",
"상도4동","합계","65~79세","","1049","1087","1121","1188",
"상도4동","합계","80세 이상","","317","366","409","441",
"상도4동","국민기초생활보장 수급권자","계","","370","403","456","488",
"상도4동","국민기초생활보장 수급권자","65~79세","","251","270","308","330",
"상도4동","국민기초생활보장 수급권자","80세 이상","","119","133","148","158",
"상도4동","저소득노인","계","","51","41","31","49",
"상도4동","저소득노인","65~79세","","24","17","15","29",
"상도4동","저소득노인","80세 이상","","27","24","16","20",
"상도4동","일   반","계","","945","1009","1043","1092",
"상도4동","일   반","65~79세","","774","800","798","829",
"상도4동","일   반","80세 이상","","171","209","245","263",
"흑석동","합계","계","","658","999","1019","1013",
"흑석동","합계","65~79세","","490","674","653","650",
"흑석동","합계","80세 이상","","168","325","366","363",
"흑석동","국민기초생활보장 수급권자","계","","166","243","217","242",
"흑석동","국민기초생활보장 수급권자","65~79세","","118","145","128","139",
"흑석동","국민기초생활보장 수급권자","80세 이상","","48","98","89","103",
"흑석동","저소득노인","계","","14","29","14","24",
"흑석동","저소득노인","65~79세","","6","16","8","11",
"흑석동","저소득노인","80세 이상","","8","13","6","13",
"흑석동","일   반","계","","478","727","788","747",
"흑석동","일   반","65~79세","","366","513","517","500",
"흑석동","일   반","80세 이상","","112","214","271","247",
"사당1동","합계","계","","903","943","1011","1045",
"사당1동","합계","65~79세","","731","742","789","808",
"사당1동","합계","80세 이상","","172","201","222","237",
"사당1동","국민기초생활보장 수급권자","계","","230","241","259","273",
"사당1동","국민기초생활보장 수급권자","65~79세","","168","178","192","198",
"사당1동","국민기초생활보장 수급권자","80세 이상","","62","63","67","75",
"사당1동","저소득노인","계","","26","25","11","13",
"사당1동","저소득노인","65~79세","","13","13","5","6",
"사당1동","저소득노인","80세 이상","","13","12","6","7",
"사당1동","일   반","계","","647","677","741","759",
"사당1동","일   반","65~79세","","550","551","592","604",
"사당1동","일   반","80세 이상","","97","126","149","155",
"사당2동","합계","계","","1073","1131","1208","1276",
"사당2동","합계","65~79세","","823","835","877","926",
"사당2동","합계","80세 이상","","250","296","331","350",
"사당2동","국민기초생활보장 수급권자","계","","192","244","275","306",
"사당2동","국민기초생활보장 수급권자","65~79세","","141","183","201","218",
"사당2동","국민기초생활보장 수급권자","80세 이상","","51","61","74","88",
"사당2동","저소득노인","계","","25","32","21","47",
"사당2동","저소득노인","65~79세","","13","14","11","31",
"사당2동","저소득노인","80세 이상","","12","18","10","16",
"사당2동","일   반","계","","856","855","912","923",
"사당2동","일   반","65~79세","","669","638","665","677",
"사당2동","일   반","80세 이상","","187","217","247","246",
"사당3동","합계","계","","742","799","851","902",
"사당3동","합계","65~79세","","576","613","647","673",
"사당3동","합계","80세 이상","","166","186","204","229",
"사당3동","국민기초생활보장 수급권자","계","","136","153","175","203",
"사당3동","국민기초생활보장 수급권자","65~79세","","95","112","131","158",
"사당3동","국민기초생활보장 수급권자","80세 이상","","41","41","44","45",
"사당3동","저소득노인","계","","14","24","9","19",
"사당3동","저소득노인","65~79세","","6","15","-","10",
"사당3동","저소득노인","80세 이상","","8","9","9","9",
"사당3동","일   반","계","","592","622","667","680",
"사당3동","일   반","65~79세","","475","486","516","505",
"사당3동","일   반","80세 이상","","117","136","151","175",
"사당4동","합계","계","","633","658","708","777",
"사당4동","합계","65~79세","","480","489","519","566",
"사당4동","합계","80세 이상","","153","169","189","211",
"사당4동","국민기초생활보장 수급권자","계","","171","182","207","374",
"사당4동","국민기초생활보장 수급권자","65~79세","","109","119","136","292",
"사당4동","국민기초생활보장 수급권자","80세 이상","","62","63","71","82",
"사당4동","저소득노인","계","","14","21","13","16",
"사당4동","저소득노인","65~79세","","5","8","4","7",
"사당4동","저소득노인","80세 이상","","9","13","9","9",
"사당4동","일   반","계","","448","455","488","387",
"사당4동","일   반","65~79세","","366","362","379","267",
"사당4동","일   반","80세 이상","","82","93","109","120",
"사당5동","합계","계","","507","541","557","577",
"사당5동","합계","65~79세","","388","407","412","430",
"사당5동","합계","80세 이상","","119","134","145","147",
"사당5동","국민기초생활보장 수급권자","계","","104","126","138","137",
"사당5동","국민기초생활보장 수급권자","65~79세","","69","76","86","85",
"사당5동","국민기초생활보장 수급권자","80세 이상","","35","50","52","52",
"사당5동","저소득노인","계","","20","15","8","15",
"사당5동","저소득노인","65~79세","","6","9","4","8",
"사당5동","저소득노인","80세 이상","","14","6","4","7",
"사당5동","일   반","계","","383","400","411","425",
"사당5동","일   반","65~79세","","313","322","322","337",
"사당5동","일   반","80세 이상","","70","78","89","88",
"대방동","합계","계","","1400","1343","1409","1382",
"대방동","합계","65~79세","","1025","961","1011","989",
"대방동","합계","80세 이상","","375","382","398","393",
"대방동","국민기초생활보장 수급권자","계","","421","475","471","500",
"대방동","국민기초생활보장 수급권자","65~79세","","297","329","326","344",
"대방동","국민기초생활보장 수급권자","80세 이상","","124","146","145","156",
"대방동","저소득노인","계","","38","41","24","52",
"대방동","저소득노인","65~79세","","20","27","15","34",
"대방동","저소득노인","80세 이상","","18","14","9","18",
"대방동","일   반","계","","941","827","914","830",
"대방동","일   반","65~79세","","708","605","670","611",
"대방동","일   반","80세 이상","","233","222","244","219",
"신대방1동","합계","계","","872","925","990","1071",
"신대방1동","합계","65~79세","","674","693","732","785",
"신대방1동","합계","80세 이상","","198","232","258","286",
"신대방1동","국민기초생활보장 수급권자","계","","200","230","250","282",
"신대방1동","국민기초생활보장 수급권자","65~79세","","143","160","176","202",
"신대방1동","국민기초생활보장 수급권자","80세 이상","","57","70","74","80",
"신대방1동","저소득노인","계","","16","21","12","21",
"신대방1동","저소득노인","65~79세","","5","8","4","9",
"신대방1동","저소득노인","80세 이상","","11","13","8","12",
"신대방1동","일   반","계","","656","674","728","768",
"신대방1동","일   반","65~79세","","526","525","552","574",
"신대방1동","일   반","80세 이상","","130","149","176","194",
"신대방2동","합계","계","","1285","699","740","790",
"신대방2동","합계","65~79세","","900","502","528","564",
"신대방2동","합계","80세 이상","","385","197","212","226",
"신대방2동","국민기초생활보장 수급권자","계","","275","169","186","204",
"신대방2동","국민기초생활보장 수급권자","65~79세","","180","110","120","127",
"신대방2동","국민기초생활보장 수급권자","80세 이상","","95","59","66","77",
"신대방2동","저소득노인","계","","28","17","7","11",
"신대방2동","저소득노인","65~79세","","14","10","3","6",
"신대방2동","저소득노인","80세 이상","","14","7","4","5",
"신대방2동","일   반","계","","982","513","547","575",
"신대방2동","일   반","65~79세","","706","382","405","431",
"신대방2동","일   반","80세 이상","","276","131","142","144",
"관악구","합계","계","","20308","21113","22579","24154",
"관악구","합계","65~79세","","15688","16078","16940","17937",
"관악구","합계","80세 이상","","4620","5035","5639","6217",
"관악구","국민기초생활보장 수급권자","계","","6325","6799","7417","8017",
"관악구","국민기초생활보장 수급권자","65~79세","","4302","4584","5063","5556",
"관악구","국민기초생활보장 수급권자","80세 이상","","2023","2215","2354","2461",
"관악구","저소득노인","계","","573","795","438","397",
"관악구","저소득노인","65~79세","","327","503","262","231",
"관악구","저소득노인","80세 이상","","246","292","176","166",
"관악구","일   반","계","","13410","13519","14724","15740",
"관악구","일   반","65~79세","","11059","10991","11615","12150",
"관악구","일   반","80세 이상","","2351","2528","3109","3590",
"보라매동","합계","계","","1114","1163","1254","1339",
"보라매동","합계","65~79세","","840","859","924","988",
"보라매동","합계","80세 이상","","274","304","330","351",
"보라매동","국민기초생활보장 수급권자","계","","302","334","376","410",
"보라매동","국민기초생활보장 수급권자","65~79세","","219","234","273","298",
"보라매동","국민기초생활보장 수급권자","80세 이상","","83","100","103","112",
"보라매동","저소득노인","계","","32","42","19","23",
"보라매동","저소득노인","65~79세","","17","26","7","7",
"보라매동","저소득노인","80세 이상","","15","16","12","16",
"보라매동","일   반","계","","780","787","859","906",
"보라매동","일   반","65~79세","","604","599","644","683",
"보라매동","일   반","80세 이상","","176","188","215","223",
"청림동","합계","계","","654","682","720","748",
"청림동","합계","65~79세","","468","490","505","516",
"청림동","합계","80세 이상","","186","192","215","232",
"청림동","국민기초생활보장 수급권자","계","","218","235","238","257",
"청림동","국민기초생활보장 수급권자","65~79세","","139","144","142","159",
"청림동","국민기초생활보장 수급권자","80세 이상","","79","91","96","98",
"청림동","저소득노인","계","","10","23","10","11",
"청림동","저소득노인","65~79세","","4","15","6","6",
"청림동","저소득노인","80세 이상","","6","8","4","5",
"청림동","일   반","계","","426","424","472","480",
"청림동","일   반","65~79세","","325","331","357","351",
"청림동","일   반","80세 이상","","101","93","115","129",
"성현동","합계","계","","1315","1403","1496","1547",
"성현동","합계","65~79세","","978","1032","1076","1093",
"성현동","합계","80세 이상","","337","371","420","454",
"성현동","국민기초생활보장 수급권자","계","","547","589","633","688",
"성현동","국민기초생활보장 수급권자","65~79세","","351","367","389","432",
"성현동","국민기초생활보장 수급권자","80세 이상","","196","222","244","256",
"성현동","저소득노인","계","","41","74","33","34",
"성현동","저소득노인","65~79세","","25","51","19","19",
"성현동","저소득노인","80세 이상","","16","23","14","15",
"성현동","일   반","계","","727","740","830","825",
"성현동","일   반","65~79세","","602","614","668","642",
"성현동","일   반","80세 이상","","125","126","162","183",
"행운동","합계","계","","1101","1139","1205","1299",
"행운동","합계","65~79세","","859","871","921","972",
"행운동","합계","80세 이상","","242","268","284","327",
"행운동","국민기초생활보장 수급권자","계","","354","375","407","456",
"행운동","국민기초생활보장 수급권자","65~79세","","223","235","269","307",
"행운동","국민기초생활보장 수급권자","80세 이상","","131","140","138","149",
"행운동","저소득노인","계","","30","46","28","24",
"행운동","저소득노인","65~79세","","22","35","21","18",
"행운동","저소득노인","80세 이상","","8","11","7","6",
"행운동","일   반","계","","717","718","770","819",
"행운동","일   반","65~79세","","614","601","631","647",
"행운동","일   반","80세 이상","","103","117","139","172",
"낙성대동","합계","계","","528","536","581","617",
"낙성대동","합계","65~79세","","419","410","433","447",
"낙성대동","합계","80세 이상","","109","126","148","170",
"낙성대동","국민기초생활보장 수급권자","계","","119","125","147","166",
"낙성대동","국민기초생활보장 수급권자","65~79세","","91","87","105","119",
"낙성대동","국민기초생활보장 수급권자","80세 이상","","28","38","42","47",
"낙성대동","저소득노인","계","","11","12","3","1",
"낙성대동","저소득노인","65~79세","","4","8","2","1",
"낙성대동","저소득노인","80세 이상","","7","4","1","",
"낙성대동","일   반","계","","398","399","431","450",
"낙성대동","일   반","65~79세","","324","315","326","327",
"낙성대동","일   반","80세 이상","","74","84","105","123",
"청룡동","합계","계","","1248","1290","1388","1498",
"청룡동","합계","65~79세","","985","1000","1062","1125",
"청룡동","합계","80세 이상","","263","290","326","373",
"청룡동","국민기초생활보장 수급권자","계","","406","416","445","491",
"청룡동","국민기초생활보장 수급권자","65~79세","","301","306","325","359",
"청룡동","국민기초생활보장 수급권자","80세 이상","","105","110","120","132",
"청룡동","저소득노인","계","","20","40","20","16",
"청룡동","저소득노인","65~79세","","13","21","11","10",
"청룡동","저소득노인","80세 이상","","7","19","9","6",
"청룡동","일   반","계","","822","834","923","991",
"청룡동","일   반","65~79세","","671","673","726","756",
"청룡동","일   반","80세 이상","","151","161","197","235",
"은천동","합계","계","","1454","1519","1592","1691",
"은천동","합계","65~79세","","1138","1169","1198","1253",
"은천동","합계","80세 이상","","316","350","394","438",
"은천동","국민기초생활보장 수급권자","계","","496","551","582","626",
"은천동","국민기초생활보장 수급권자","65~79세","","334","379","392","424",
"은천동","국민기초생활보장 수급권자","80세 이상","","162","172","190","202",
"은천동","저소득노인","계","","49","73","34","26",
"은천동","저소득노인","65~79세","","24","44","21","17",
"은천동","저소득노인","80세 이상","","25","29","13","9",
"은천동","일   반","계","","909","895","976","1039",
"은천동","일   반","65~79세","","780","746","785","812",
"은천동","일   반","80세 이상","","129","149","191","227",
"중앙동","합계","계","","676","695","735","796",
"중앙동","합계","65~79세","","524","535","550","585",
"중앙동","합계","80세 이상","","152","160","185","211",
"중앙동","국민기초생활보장 수급권자","계","","216","219","228","250",
"중앙동","국민기초생활보장 수급권자","65~79세","","145","151","150","166",
"중앙동","국민기초생활보장 수급권자","80세 이상","","71","68","78","84",
"중앙동","저소득노인","계","","14","14","12","9",
"중앙동","저소득노인","65~79세","","9","8","7","6",
"중앙동","저소득노인","80세 이상","","5","6","5","3",
"중앙동","일   반","계","","446","462","495","537",
"중앙동","일   반","65~79세","","370","376","393","413",
"중앙동","일   반","80세 이상","","76","86","102","124",
"인헌동","합계","계","","908","945","1007","1064",
"인헌동","합계","65~79세","","711","716","736","767",
"인헌동","합계","80세 이상","","197","229","271","297",
"인헌동","국민기초생활보장 수급권자","계","","192","206","220","239",
"인헌동","국민기초생활보장 수급권자","65~79세","","120","133","142","166",
"인헌동","국민기초생활보장 수급권자","80세 이상","","72","73","78","73",
"인헌동","저소득노인","계","","28","47","22","24",
"인헌동","저소득노인","65~79세","","16","23","12","14",
"인헌동","저소득노인","80세 이상","","12","24","10","10",
"인헌동","일   반","계","","688","692","765","801",
"인헌동","일   반","65~79세","","575","560","582","587",
"인헌동","일   반","80세 이상","","113","132","183","214",
"남현동","합계","계","","573","610","663","719",
"남현동","합계","65~79세","","481","509","543","569",
"남현동","합계","80세 이상","","92","101","120","150",
"남현동","국민기초생활보장 수급권자","계","","125","130","151","149",
"남현동","국민기초생활보장 수급권자","65~79세","","87","94","114","110",
"남현동","국민기초생활보장 수급권자","80세 이상","","38","36","37","39",
"남현동","저소득노인","계","","19","24","14","10",
"남현동","저소득노인","65~79세","","13","14","9","6",
"남현동","저소득노인","80세 이상","","6","10","5","4",
"남현동","일   반","계","","429","456","498","560",
"남현동","일   반","65~79세","","381","401","420","453",
"남현동","일   반","80세 이상","","48","55","78","107",
"서원동","합계","계","","795","836","896","967",
"서원동","합계","65~79세","","630","642","681","731",
"서원동","합계","80세 이상","","165","194","215","236",
"서원동","국민기초생활보장 수급권자","계","","190","219","243","276",
"서원동","국민기초생활보장 수급권자","65~79세","","136","150","168","190",
"서원동","국민기초생활보장 수급권자","80세 이상","","54","69","75","86",
"서원동","저소득노인","계","","22","37","16","17",
"서원동","저소득노인","65~79세","","7","24","8","9",
"서원동","저소득노인","80세 이상","","15","13","8","8",
"서원동","일   반","계","","583","580","637","674",
"서원동","일   반","65~79세","","487","468","505","532",
"서원동","일   반","80세 이상","","96","112","132","142",
"신원동","합계","계","","971","977","1038","1130",
"신원동","합계","65~79세","","750","740","772","828",
"신원동","합계","80세 이상","","221","237","266","302",
"신원동","국민기초생활보장 수급권자","계","","324","347","387","402",
"신원동","국민기초생활보장 수급권자","65~79세","","236","250","281","295",
"신원동","국민기초생활보장 수급권자","80세 이상","","88","97","106","107",
"신원동","저소득노인","계","","35","36","26","28",
"신원동","저소득노인","65~79세","","21","23","13","11",
"신원동","저소득노인","80세 이상","","14","13","13","17",
"신원동","일   반","계","","612","594","625","700",
"신원동","일   반","65~79세","","493","467","478","522",
"신원동","일   반","80세 이상","","119","127","147","178",
"서림동","합계","계","","824","892","978","1050",
"서림동","합계","65~79세","","629","685","751","793",
"서림동","합계","80세 이상","","195","207","227","257",
"서림동","국민기초생활보장 수급권자","계","","204","241","274","302",
"서림동","국민기초생활보장 수급권자","65~79세","","149","177","201","223",
"서림동","국민기초생활보장 수급권자","80세 이상","","55","64","73","79",
"서림동","저소득노인","계","","15","27","19","14",
"서림동","저소득노인","65~79세","","9","21","14","11",
"서림동","저소득노인","80세 이상","","6","6","5","3",
"서림동","일   반","계","","605","624","685","734",
"서림동","일   반","65~79세","","471","487","536","559",
"서림동","일   반","80세 이상","","134","137","149","175",
"신사동","합계","계","","984","1017","1080","1164",
"신사동","합계","65~79세","","774","799","828","883",
"신사동","합계","80세 이상","","210","218","252","281",
"신사동","국민기초생활보장 수급권자","계","","323","347","371","399",
"신사동","국민기초생활보장 수급권자","65~79세","","216","227","255","265",
"신사동","국민기초생활보장 수급권자","80세 이상","","107","120","116","134",
"신사동","저소득노인","계","","21","32","19","15",
"신사동","저소득노인","65~79세","","11","22","14","12",
"신사동","저소득노인","80세 이상","","10","10","5","3",
"신사동","일   반","계","","640","638","690","750",
"신사동","일   반","65~79세","","547","550","559","606",
"신사동","일   반","80세 이상","","93","88","131","144",
"신림동","합계","계","","625","624","682","737",
"신림동","합계","65~79세","","521","513","545","592",
"신림동","합계","80세 이상","","104","111","137","145",
"신림동","국민기초생활보장 수급권자","계","","195","201","227","255",
"신림동","국민기초생활보장 수급권자","65~79세","","161","158","180","202",
"신림동","국민기초생활보장 수급권자","80세 이상","","34","43","47","53",
"신림동","저소득노인","계","","6","12","8","10",
"신림동","저소득노인","65~79세","","3","5","5","6",
"신림동","저소득노인","80세 이상","","3","7","3","4",
"신림동","일   반","계","","424","411","447","472",
"신림동","일   반","65~79세","","357","350","360","384",
"신림동","일   반","80세 이상","","67","61","87","88",
"난향동","합계","계","","609","612","645","699",
"난향동","합계","65~79세","","449","458","473","500",
"난향동","합계","80세 이상","","160","154","172","199",
"난향동","국민기초생활보장 수급권자","계","","190","210","218","253",
"난향동","국민기초생활보장 수급권자","65~79세","","115","119","132","158",
"난향동","국민기초생활보장 수급권자","80세 이상","","75","91","86","95",
"난향동","저소득노인","계","","25","30","21","17",
"난향동","저소득노인","65~79세","","13","17","10","8",
"난향동","저소득노인","80세 이상","","12","13","11","9",
"난향동","일   반","계","","394","372","406","429",
"난향동","일   반","65~79세","","321","322","331","334",
"난향동","일   반","80세 이상","","73","50","75","95",
"조원동","합계","계","","750","788","855","941",
"조원동","합계","65~79세","","579","605","653","714",
"조원동","합계","80세 이상","","171","183","202","227",
"조원동","국민기초생활보장 수급권자","계","","225","241","269","305",
"조원동","국민기초생활보장 수급권자","65~79세","","156","166","193","233",
"조원동","국민기초생활보장 수급권자","80세 이상","","69","75","76","72",
"조원동","저소득노인","계","","14","17","9","7",
"조원동","저소득노인","65~79세","","8","14","5","5",
"조원동","저소득노인","80세 이상","","6","3","4","2",
"조원동","일   반","계","","511","530","577","629",
"조원동","일   반","65~79세","","415","425","455","476",
"조원동","일   반","80세 이상","","96","105","122","153",
"대학동","합계","계","","826","875","968","1069",
"대학동","합계","65~79세","","652","673","727","809",
"대학동","합계","80세 이상","","174","202","241","260",
"대학동","국민기초생활보장 수급권자","계","","187","223","259","297",
"대학동","국민기초생활보장 수급권자","65~79세","","157","185","214","248",
"대학동","국민기초생활보장 수급권자","80세 이상","","30","38","45","49",
"대학동","저소득노인","계","","27","27","19","15",
"대학동","저소득노인","65~79세","","19","23","12","10",
"대학동","저소득노인","80세 이상","","8","4","7","5",
"대학동","일   반","계","","612","625","690","757",
"대학동","일   반","65~79세","","476","465","501","551",
"대학동","일   반","80세 이상","","136","160","189","206",
"삼성동","합계","계","","1518","1586","1677","1719",
"삼성동","합계","65~79세","","1129","1154","1207","1230",
"삼성동","합계","80세 이상","","389","432","470","489",
"삼성동","국민기초생활보장 수급권자","계","","640","632","684","733",
"삼성동","국민기초생활보장 수급권자","65~79세","","401","386","420","451",
"삼성동","국민기초생활보장 수급권자","80세 이상","","239","246","264","282",
"삼성동","저소득노인","계","","59","59","32","27",
"삼성동","저소득노인","65~79세","","32","34","21","17",
"삼성동","저소득노인","80세 이상","","27","25","11","10",
"삼성동","일   반","계","","819","895","961","959",
"삼성동","일   반","65~79세","","696","734","766","762",
"삼성동","일   반","80세 이상","","123","161","195","197",
"미성동","합계","계","","1317","1365","1446","1554",
"미성동","합계","65~79세","","1023","1037","1101","1200",
"미성동","합계","80세 이상","","294","328","345","354",
"미성동","국민기초생활보장 수급권자","계","","332","359","404","343",
"미성동","국민기초생활보장 수급권자","65~79세","","209","225","267","249",
"미성동","국민기초생활보장 수급권자","80세 이상","","123","134","137","94",
"미성동","저소득노인","계","","50","56","39","37",
"미성동","저소득노인","65~79세","","33","32","25","21",
"미성동","저소득노인","80세 이상","","17","24","14","16",
"미성동","일   반","계","","935","950","1003","1174",
"미성동","일   반","65~79세","","781","780","809","930",
"미성동","일   반","80세 이상","","154","170","194","244",
"난곡동","합계","계","","1518","1559","1673","1806",
"난곡동","합계","65~79세","","1149","1181","1254","1342",
"난곡동","합계","80세 이상","","369","378","419","464",
"난곡동","국민기초생활보장 수급권자","계","","540","599","654","720",
"난곡동","국민기초생활보장 수급권자","65~79세","","356","411","451","502",
"난곡동","국민기초생활보장 수급권자","80세 이상","","184","188","203","218",
"난곡동","저소득노인","계","","45","67","35","32",
"난곡동","저소득노인","65~79세","","24","43","20","17",
"난곡동","저소득노인","80세 이상","","21","24","15","15",
"난곡동","일   반","계","","933","893","984","1054",
"난곡동","일   반","65~79세","","769","727","783","823",
"난곡동","일   반","80세 이상","","164","166","201","231",
"서초구","합계","계","","10318","10737","10945","11476",
"서초구","합계","65~79세","","7784","8020","8160","8479",
"서초구","합계","80세 이상","","2534","2717","2785","2997",
"서초구","국민기초생활보장 수급권자","계","","1899","2061","2332","2538",
"서초구","국민기초생활보장 수급권자","65~79세","","1332","1455","1714","1828",
"서초구","국민기초생활보장 수급권자","80세 이상","","567","606","618","710",
"서초구","저소득노인","계","","447","475","220","219",
"서초구","저소득노인","65~79세","","267","342","138","141",
"서초구","저소득노인","80세 이상","","180","133","82","78",
"서초구","일   반","계","","7972","8201","8393","8719",
"서초구","일   반","65~79세","","6185","6223","6308","6510",
"서초구","일   반","80세 이상","","1787","1978","2085","2209",
"서초1동","합계","계","","610","643","638","679",
"서초1동","합계","65~79세","","446","473","470","486",
"서초1동","합계","80세 이상","","164","170","168","193",
"서초1동","국민기초생활보장 수급권자","계","","118","122","140","158",
"서초1동","국민기초생활보장 수급권자","65~79세","","81","85","98","106",
"서초1동","국민기초생활보장 수급권자","80세 이상","","37","37","42","52",
"서초1동","저소득노인","계","","25","21","10","9",
"서초1동","저소득노인","65~79세","","13","15","4","3",
"서초1동","저소득노인","80세 이상","","12","6","6","6",
"서초1동","일   반","계","","467","500","488","512",
"서초1동","일   반","65~79세","","352","373","368","377",
"서초1동","일   반","80세 이상","","115","127","120","135",
"서초2동","합계","계","","429","473","424","435",
"서초2동","합계","65~79세","","330","365","321","330",
"서초2동","합계","80세 이상","","99","108","103","105",
"서초2동","국민기초생활보장 수급권자","계","","38","51","45","44",
"서초2동","국민기초생활보장 수급권자","65~79세","","31","39","34","32",
"서초2동","국민기초생활보장 수급권자","80세 이상","","7","12","11","12",
"서초2동","저소득노인","계","","10","17","8","5",
"서초2동","저소득노인","65~79세","","4","11","5","2",
"서초2동","저소득노인","80세 이상","","6","6","3","3",
"서초2동","일   반","계","","381","405","371","386",
"서초2동","일   반","65~79세","","295","315","282","296",
"서초2동","일   반","80세 이상","","86","90","89","90",
"서초3동","합계","계","","812","837","839","902",
"서초3동","합계","65~79세","","599","605","614","663",
"서초3동","합계","80세 이상","","213","232","225","239",
"서초3동","국민기초생활보장 수급권자","계","","105","99","110","127",
"서초3동","국민기초생활보장 수급권자","65~79세","","72","66","77","91",
"서초3동","국민기초생활보장 수급권자","80세 이상","","33","33","33","36",
"서초3동","저소득노인","계","","22","22","10","9",
"서초3동","저소득노인","65~79세","","11","14","4","5",
"서초3동","저소득노인","80세 이상","","11","8","6","4",
"서초3동","일   반","계","","685","716","719","766",
"서초3동","일   반","65~79세","","516","525","533","567",
"서초3동","일   반","80세 이상","","169","191","186","199",
"서초4동","합계","계","","493","495","510","519",
"서초4동","합계","65~79세","","353","336","345","348",
"서초4동","합계","80세 이상","","140","159","165","171",
"서초4동","국민기초생활보장 수급권자","계","","25","25","29","35",
"서초4동","국민기초생활보장 수급권자","65~79세","","18","17","18","23",
"서초4동","국민기초생활보장 수급권자","80세 이상","","7","8","11","12",
"서초4동","저소득노인","계","","6","5","3","2",
"서초4동","저소득노인","65~79세","","5","3","-2","1",
"서초4동","저소득노인","80세 이상","","1","2","5","1",
"서초4동","일   반","계","","462","465","478","482",
"서초4동","일   반","65~79세","","330","316","329","324",
"서초4동","일   반","80세 이상","","132","149","149","158",
"잠원동","합계","계","","611","623","632","666",
"잠원동","합계","65~79세","","454","466","462","488",
"잠원동","합계","80세 이상","","157","157","170","178",
"잠원동","국민기초생활보장 수급권자","계","","81","94","106","125",
"잠원동","국민기초생활보장 수급권자","65~79세","","59","71","82","98",
"잠원동","국민기초생활보장 수급권자","80세 이상","","22","23","24","27",
"잠원동","저소득노인","계","","16","22","9","9",
"잠원동","저소득노인","65~79세","","9","15","4","4",
"잠원동","저소득노인","80세 이상","","7","7","5","5",
"잠원동","일   반","계","","514","507","517","532",
"잠원동","일   반","65~79세","","386","380","376","386",
"잠원동","일   반","80세 이상","","128","127","141","146",
"반포본동","합계","계","","3","3","3","2",
"반포본동","합계","65~79세","","3","2","2","2",
"반포본동","합계","80세 이상","","0","1","1","-",
"반포본동","국민기초생활보장 수급권자","계","","0","-","-","-",
"반포본동","국민기초생활보장 수급권자","65~79세","","0","-","-","-",
"반포본동","국민기초생활보장 수급권자","80세 이상","","0","-","-","-",
"반포본동","저소득노인","계","","0","-","-","-",
"반포본동","저소득노인","65~79세","","0","-","-","-",
"반포본동","저소득노인","80세 이상","","0","-","-","-",
"반포본동","일   반","계","","3","3","3","2",
"반포본동","일   반","65~79세","","3","2","2","2",
"반포본동","일   반","80세 이상","","0","1","1","-",
"반포1동","합계","계","","694","736","763","786",
"반포1동","합계","65~79세","","557","594","608","610",
"반포1동","합계","80세 이상","","137","142","155","176",
"반포1동","국민기초생활보장 수급권자","계","","124","126","151","164",
"반포1동","국민기초생활보장 수급권자","65~79세","","99","94","128","130",
"반포1동","국민기초생활보장 수급권자","80세 이상","","25","32","23","34",
"반포1동","저소득노인","계","","18","15","4","6",
"반포1동","저소득노인","65~79세","","12","12","3","3",
"반포1동","저소득노인","80세 이상","","6","3","1","3",
"반포1동","일   반","계","","552","595","608","616",
"반포1동","일   반","65~79세","","446","488","477","477",
"반포1동","일   반","80세 이상","","106","107","131","139",
"반포2동","합계","계","","211","217","308","331",
"반포2동","합계","65~79세","","153","152","223","230",
"반포2동","합계","80세 이상","","58","65","85","101",
"반포2동","국민기초생활보장 수급권자","계","","5","5","11","11",
"반포2동","국민기초생활보장 수급권자","65~79세","","3","3","4","6",
"반포2동","국민기초생활보장 수급권자","80세 이상","","2","2","7","5",
"반포2동","저소득노인","계","","2","-","5","9",
"반포2동","저소득노인","65~79세","","0","-","2","4",
"반포2동","저소득노인","80세 이상","","2","-","3","5",
"반포2동","일   반","계","","204","212","292","311",
"반포2동","일   반","65~79세","","150","149","217","220",
"반포2동","일   반","80세 이상","","54","63","75","91",
"반포3동","합계","계","","439","459","461","475",
"반포3동","합계","65~79세","","295","294","296","311",
"반포3동","합계","80세 이상","","144","165","165","164",
"반포3동","국민기초생활보장 수급권자","계","","8","7","12","13",
"반포3동","국민기초생활보장 수급권자","65~79세","","7","6","4","10",
"반포3동","국민기초생활보장 수급권자","80세 이상","","1","1","8","3",
"반포3동","저소득노인","계","","8","9","6","1",
"반포3동","저소득노인","65~79세","","4","5","2","-",
"반포3동","저소득노인","80세 이상","","4","4","4","1",
"반포3동","일   반","계","","423","443","443","461",
"반포3동","일   반","65~79세","","284","283","290","301",
"반포3동","일   반","80세 이상","","139","160","153","160",
"반포4동","합계","계","","400","439","441","426",
"반포4동","합계","65~79세","","292","323","328","298",
"반포4동","합계","80세 이상","","108","116","113","128",
"반포4동","국민기초생활보장 수급권자","계","","22","31","32","30",
"반포4동","국민기초생활보장 수급권자","65~79세","","14","20","23","22",
"반포4동","국민기초생활보장 수급권자","80세 이상","","8","11","9","8",
"반포4동","저소득노인","계","","7","6","5","5",
"반포4동","저소득노인","65~79세","","3","5","4","3",
"반포4동","저소득노인","80세 이상","","4","1","1","2",
"반포4동","일   반","계","","371","402","404","391",
"반포4동","일   반","65~79세","","275","298","301","273",
"반포4동","일   반","80세 이상","","96","104","103","118",
"방배본동","합계","계","","516","533","549","574",
"방배본동","합계","65~79세","","362","374","392","399",
"방배본동","합계","80세 이상","","154","159","157","175",
"방배본동","국민기초생활보장 수급권자","계","","70","75","101","105",
"방배본동","국민기초생활보장 수급권자","65~79세","","53","57","73","77",
"방배본동","국민기초생활보장 수급권자","80세 이상","","17","18","28","28",
"방배본동","저소득노인","계","","28","17","11","13",
"방배본동","저소득노인","65~79세","","19","11","5","4",
"방배본동","저소득노인","80세 이상","","9","6","6","9",
"방배본동","일   반","계","","418","441","437","456",
"방배본동","일   반","65~79세","","290","306","314","318",
"방배본동","일   반","80세 이상","","128","135","123","138",
"방배1동","합계","계","","503","543","561","593",
"방배1동","합계","65~79세","","374","407","417","444",
"방배1동","합계","80세 이상","","129","136","144","149",
"방배1동","국민기초생활보장 수급권자","계","","97","109","123","141",
"방배1동","국민기초생활보장 수급권자","65~79세","","62","73","86","101",
"방배1동","국민기초생활보장 수급권자","80세 이상","","35","36","37","40",
"방배1동","저소득노인","계","","19","28","17","17",
"방배1동","저소득노인","65~79세","","13","24","16","15",
"방배1동","저소득노인","80세 이상","","6","4","1","2",
"방배1동","일   반","계","","387","406","421","435",
"방배1동","일   반","65~79세","","299","310","315","328",
"방배1동","일   반","80세 이상","","88","96","106","107",
"방배2동","합계","계","","729","738","737","769",
"방배2동","합계","65~79세","","571","548","542","550",
"방배2동","합계","80세 이상","","158","190","195","219",
"방배2동","국민기초생활보장 수급권자","계","","187","203","206","219",
"방배2동","국민기초생활보장 수급권자","65~79세","","125","142","148","147",
"방배2동","국민기초생활보장 수급권자","80세 이상","","62","61","58","72",
"방배2동","저소득노인","계","","34","46","18","23",
"방배2동","저소득노인","65~79세","","20","34","14","19",
"방배2동","저소득노인","80세 이상","","14","12","4","4",
"방배2동","일   반","계","","508","489","513","527",
"방배2동","일   반","65~79세","","426","372","380","384",
"방배2동","일   반","80세 이상","","82","117","133","143",
"방배3동","합계","계","","435","382","353","340",
"방배3동","합계","65~79세","","325","279","256","240",
"방배3동","합계","80세 이상","","110","103","97","100",
"방배3동","국민기초생활보장 수급권자","계","","44","36","42","38",
"방배3동","국민기초생활보장 수급권자","65~79세","","28","26","31","25",
"방배3동","국민기초생활보장 수급권자","80세 이상","","16","10","11","13",
"방배3동","저소득노인","계","","18","17","11","11",
"방배3동","저소득노인","65~79세","","14","12","11","10",
"방배3동","저소득노인","80세 이상","","4","5","-","1",
"방배3동","일   반","계","","373","329","300","291",
"방배3동","일   반","65~79세","","283","241","214","205",
"방배3동","일   반","80세 이상","","90","88","86","86",
"방배4동","합계","계","","655","653","665","696",
"방배4동","합계","65~79세","","467","464","470","486",
"방배4동","합계","80세 이상","","188","189","195","210",
"방배4동","국민기초생활보장 수급권자","계","","99","111","126","126",
"방배4동","국민기초생활보장 수급권자","65~79세","","67","73","79","78",
"방배4동","국민기초생활보장 수급권자","80세 이상","","32","38","47","48",
"방배4동","저소득노인","계","","27","21","8","10",
"방배4동","저소득노인","65~79세","","10","14","4","7",
"방배4동","저소득노인","80세 이상","","17","7","4","3",
"방배4동","일   반","계","","529","521","531","560",
"방배4동","일   반","65~79세","","390","377","387","401",
"방배4동","일   반","80세 이상","","139","144","144","159",
"양재1동","합계","계","","1433","1545","1614","1725",
"양재1동","합계","65~79세","","1129","1221","1275","1377",
"양재1동","합계","80세 이상","","304","324","339","348",
"양재1동","국민기초생활보장 수급권자","계","","549","579","686","732",
"양재1동","국민기초생활보장 수급권자","65~79세","","382","406","509","543",
"양재1동","국민기초생활보장 수급권자","80세 이상","","167","173","177","189",
"양재1동","저소득노인","계","","117","133","51","50",
"양재1동","저소득노인","65~79세","","63","93","29","29",
"양재1동","저소득노인","80세 이상","","54","40","22","21",
"양재1동","일   반","계","","767","833","877","943",
"양재1동","일   반","65~79세","","684","722","737","805",
"양재1동","일   반","80세 이상","","83","111","140","138",
"양재2동","합계","계","","742","806","829","889",
"양재2동","합계","65~79세","","610","651","674","712",
"양재2동","합계","80세 이상","","132","155","155","177",
"양재2동","국민기초생활보장 수급권자","계","","189","239","252","299",
"양재2동","국민기초생활보장 수급권자","65~79세","","148","183","210","228",
"양재2동","국민기초생활보장 수급권자","80세 이상","","41","56","42","71",
"양재2동","저소득노인","계","","52","45","24","22",
"양재2동","저소득노인","65~79세","","39","36","19","19",
"양재2동","저소득노인","80세 이상","","13","9","5","3",
"양재2동","일   반","계","","501","522","553","568",
"양재2동","일   반","65~79세","","423","432","445","465",
"양재2동","일   반","80세 이상","","78","90","108","103",
"내곡동","합계","계","","603","612","618","669",
"내곡동","합계","65~79세","","464","466","465","505",
"내곡동","합계","80세 이상","","139","146","153","164",
"내곡동","국민기초생활보장 수급권자","계","","138","149","160","171",
"내곡동","국민기초생활보장 수급권자","65~79세","","83","94","110","111",
"내곡동","국민기초생활보장 수급권자","80세 이상","","55","55","50","60",
"내곡동","저소득노인","계","","38","51","20","18",
"내곡동","저소득노인","65~79세","","28","38","14","13",
"내곡동","저소득노인","80세 이상","","10","13","6","5",
"내곡동","일   반","계","","427","412","438","480",
"내곡동","일   반","65~79세","","353","334","341","381",
"내곡동","일   반","80세 이상","","74","78","97","99",
"강남구","합계","계","","15432","19102","20973","23747",
"강남구","합계","65~79세","","11869","13986","15616","17512",
"강남구","합계","80세 이상","","3563","5116","5357","6235",
"강남구","국민기초생활보장 수급권자","계","","3970","3492","3660","5218",
"강남구","국민기초생활보장 수급권자","65~79세","","2987","2531","2640","3819",
"강남구","국민기초생활보장 수급권자","80세 이상","","983","961","1020","1399",
"강남구","저소득노인","계","","324","233","423","1173",
"강남구","저소득노인","65~79세","","190","132","260","785",
"강남구","저소득노인","80세 이상","","134","101","163","388",
"강남구","일   반","계","","11138","15377","16890","17356",
"강남구","일   반","65~79세","","8692","11323","12716","12908",
"강남구","일   반","80세 이상","","2446","4054","4174","4448",
"신사동","합계","계","","518","562","578","605",
"신사동","합계","65~79세","","372","380","384","390",
"신사동","합계","80세 이상","","146","182","194","215",
"신사동","국민기초생활보장 수급권자","계","","66","59","54","66",
"신사동","국민기초생활보장 수급권자","65~79세","","49","42","35","44",
"신사동","국민기초생활보장 수급권자","80세 이상","","17","17","19","22",
"신사동","저소득노인","계","","6","7","10","13",
"신사동","저소득노인","65~79세","","4","4","6","10",
"신사동","저소득노인","80세 이상","","2","3","4","3",
"신사동","일   반","계","","446","496","514","526",
"신사동","일   반","65~79세","","319","334","343","336",
"신사동","일   반","80세 이상","","127","162","171","190",
"논현1동","합계","계","","700","809","905","989",
"논현1동","합계","65~79세","","550","644","720","782",
"논현1동","합계","80세 이상","","150","165","185","207",
"논현1동","국민기초생활보장 수급권자","계","","165","153","161","216",
"논현1동","국민기초생활보장 수급권자","65~79세","","138","128","138","184",
"논현1동","국민기초생활보장 수급권자","80세 이상","","27","25","23","32",
"논현1동","저소득노인","계","","4","4","6","22",
"논현1동","저소득노인","65~79세","","3","4","6","19",
"논현1동","저소득노인","80세 이상","","1","-","-","3",
"논현1동","일   반","계","","531","652","738","751",
"논현1동","일   반","65~79세","","409","512","576","579",
"논현1동","일   반","80세 이상","","122","140","162","172",
"논현2동","합계","계","","614","667","731","779",
"논현2동","합계","65~79세","","473","517","554","572",
"논현2동","합계","80세 이상","","141","150","177","207",
"논현2동","국민기초생활보장 수급권자","계","","97","80","74","118",
"논현2동","국민기초생활보장 수급권자","65~79세","","79","64","56","89",
"논현2동","국민기초생활보장 수급권자","80세 이상","","18","16","18","29",
"논현2동","저소득노인","계","","5","3","10","26",
"논현2동","저소득노인","65~79세","","2","2","6","16",
"논현2동","저소득노인","80세 이상","","3","1","4","10",
"논현2동","일   반","계","","512","584","647","635",
"논현2동","일   반","65~79세","","392","451","492","467",
"논현2동","일   반","80세 이상","","120","133","155","168",
"압구정동","합계","계","","820","812","876","876",
"압구정동","합계","65~79세","","546","540","564","556",
"압구정동","합계","80세 이상","","274","272","312","320",
"압구정동","국민기초생활보장 수급권자","계","","34","28","29","36",
"압구정동","국민기초생활보장 수급권자","65~79세","","30","21","17","26",
"압구정동","국민기초생활보장 수급권자","80세 이상","","4","7","12","10",
"압구정동","저소득노인","계","","6","4","5","10",
"압구정동","저소득노인","65~79세","","3","2","3","2",
"압구정동","저소득노인","80세 이상","","3","2","2","8",
"압구정동","일   반","계","","780","780","842","830",
"압구정동","일   반","65~79세","","513","517","544","528",
"압구정동","일   반","80세 이상","","267","263","298","302",
"청담동","합계","계","","618","617","671","682",
"청담동","합계","65~79세","","486","471","502","492",
"청담동","합계","80세 이상","","132","146","169","190",
"청담동","국민기초생활보장 수급권자","계","","52","47","40","63",
"청담동","국민기초생활보장 수급권자","65~79세","","40","33","29","44",
"청담동","국민기초생활보장 수급권자","80세 이상","","12","14","11","19",
"청담동","저소득노인","계","","10","4","6","9",
"청담동","저소득노인","65~79세","","5","1","2","6",
"청담동","저소득노인","80세 이상","","5","3","4","3",
"청담동","일   반","계","","556","566","625","610",
"청담동","일   반","65~79세","","441","437","471","442",
"청담동","일   반","80세 이상","","115","129","154","168",
"삼성1동","합계","계","","325","352","388","404",
"삼성1동","합계","65~79세","","254","264","286","280",
"삼성1동","합계","80세 이상","","71","88","102","124",
"삼성1동","국민기초생활보장 수급권자","계","","29","21","24","30",
"삼성1동","국민기초생활보장 수급권자","65~79세","","16","14","17","17",
"삼성1동","국민기초생활보장 수급권자","80세 이상","","13","7","7","13",
"삼성1동","저소득노인","계","","2","3","2","6",
"삼성1동","저소득노인","65~79세","","0","-","-","1",
"삼성1동","저소득노인","80세 이상","","2","3","2","5",
"삼성1동","일   반","계","","294","328","362","368",
"삼성1동","일   반","65~79세","","238","250","269","262",
"삼성1동","일   반","80세 이상","","56","78","93","106",
"삼성2동","합계","계","","688","772","825","867",
"삼성2동","합계","65~79세","","534","568","592","605",
"삼성2동","합계","80세 이상","","154","204","233","262",
"삼성2동","국민기초생활보장 수급권자","계","","102","96","95","133",
"삼성2동","국민기초생활보장 수급권자","65~79세","","74","61","59","87",
"삼성2동","국민기초생활보장 수급권자","80세 이상","","28","35","36","46",
"삼성2동","저소득노인","계","","11","13","17","21",
"삼성2동","저소득노인","65~79세","","10","11","13","13",
"삼성2동","저소득노인","80세 이상","","1","2","4","8",
"삼성2동","일   반","계","","575","663","713","713",
"삼성2동","일   반","65~79세","","450","496","520","505",
"삼성2동","일   반","80세 이상","","125","167","193","208",
"대치1동","합계","계","","229","212","240","229",
"대치1동","합계","65~79세","","168","153","168","152",
"대치1동","합계","80세 이상","","61","59","72","77",
"대치1동","국민기초생활보장 수급권자","계","","3","2","2","3",
"대치1동","국민기초생활보장 수급권자","65~79세","","2","-","-","1",
"대치1동","국민기초생활보장 수급권자","80세 이상","","1","2","2","2",
"대치1동","저소득노인","계","","1","2","1","2",
"대치1동","저소득노인","65~79세","","0","1","-","-",
"대치1동","저소득노인","80세 이상","","1","1","1","2",
"대치1동","일   반","계","","225","208","237","224",
"대치1동","일   반","65~79세","","166","152","168","151",
"대치1동","일   반","80세 이상","","59","56","69","73",
"대치2동","합계","계","","600","594","638","638",
"대치2동","합계","65~79세","","474","464","484","486",
"대치2동","합계","80세 이상","","126","130","154","152",
"대치2동","국민기초생활보장 수급권자","계","","49","33","37","48",
"대치2동","국민기초생활보장 수급권자","65~79세","","38","22","22","35",
"대치2동","국민기초생활보장 수급권자","80세 이상","","11","11","15","13",
"대치2동","저소득노인","계","","5","4","7","11",
"대치2동","저소득노인","65~79세","","2","2","5","9",
"대치2동","저소득노인","80세 이상","","3","2","2","2",
"대치2동","일   반","계","","546","557","594","579",
"대치2동","일   반","65~79세","","434","440","457","442",
"대치2동","일   반","80세 이상","","112","117","137","137",
"대치4동","합계","계","","452","561","589","641",
"대치4동","합계","65~79세","","372","460","476","503",
"대치4동","합계","80세 이상","","80","101","113","138",
"대치4동","국민기초생활보장 수급권자","계","","117","105","102","134",
"대치4동","국민기초생활보장 수급권자","65~79세","","94","89","85","114",
"대치4동","국민기초생활보장 수급권자","80세 이상","","23","16","17","20",
"대치4동","저소득노인","계","","8","7","5","15",
"대치4동","저소득노인","65~79세","","6","6","4","10",
"대치4동","저소득노인","80세 이상","","2","1","1","5",
"대치4동","일   반","계","","327","449","482","492",
"대치4동","일   반","65~79세","","272","365","387","379",
"대치4동","일   반","80세 이상","","55","84","95","113",
"역삼1동","합계","계","","930","1083","1228","1338",
"역삼1동","합계","65~79세","","744","873","991","1096",
"역삼1동","합계","80세 이상","","186","210","237","242",
"역삼1동","국민기초생활보장 수급권자","계","","221","197","197","263",
"역삼1동","국민기초생활보장 수급권자","65~79세","","188","164","163","226",
"역삼1동","국민기초생활보장 수급권자","80세 이상","","33","33","34","37",
"역삼1동","저소득노인","계","","21","8","18","32",
"역삼1동","저소득노인","65~79세","","9","5","12","21",
"역삼1동","저소득노인","80세 이상","","12","3","6","11",
"역삼1동","일   반","계","","688","878","1013","1043",
"역삼1동","일   반","65~79세","","547","704","816","849",
"역삼1동","일   반","80세 이상","","141","174","197","194",
"역삼2동","합계","계","","684","731","780","821",
"역삼2동","합계","65~79세","","541","208","584","619",
"역삼2동","합계","80세 이상","","143","523","196","202",
"역삼2동","국민기초생활보장 수급권자","계","","85","81","85","127",
"역삼2동","국민기초생활보장 수급권자","65~79세","","73","69","70","104",
"역삼2동","국민기초생활보장 수급권자","80세 이상","","12","12","15","23",
"역삼2동","저소득노인","계","","10","6","13","21",
"역삼2동","저소득노인","65~79세","","6","4","7","16",
"역삼2동","저소득노인","80세 이상","","4","2","6","5",
"역삼2동","일   반","계","","589","644","682","673",
"역삼2동","일   반","65~79세","","462","135","507","499",
"역삼2동","일   반","80세 이상","","127","509","175","174",
"도곡1동","합계","계","","457","477","510","514",
"도곡1동","합계","65~79세","","336","361","381","387",
"도곡1동","합계","80세 이상","","121","116","129","127",
"도곡1동","국민기초생활보장 수급권자","계","","36","33","32","43",
"도곡1동","국민기초생활보장 수급권자","65~79세","","27","26","24","35",
"도곡1동","국민기초생활보장 수급권자","80세 이상","","9","7","8","8",
"도곡1동","저소득노인","계","","10","7","8","8",
"도곡1동","저소득노인","65~79세","","5","6","7","8",
"도곡1동","저소득노인","80세 이상","","5","1","1","",
"도곡1동","일   반","계","","411","437","470","463",
"도곡1동","일   반","65~79세","","304","329","350","344",
"도곡1동","일   반","80세 이상","","107","108","120","119",
"도곡2동","합계","계","","674","661","713","736",
"도곡2동","합계","65~79세","","495","475","498","497",
"도곡2동","합계","80세 이상","","179","186","215","239",
"도곡2동","국민기초생활보장 수급권자","계","","18","16","20","28",
"도곡2동","국민기초생활보장 수급권자","65~79세","","14","13","15","20",
"도곡2동","국민기초생활보장 수급권자","80세 이상","","4","3","5","8",
"도곡2동","저소득노인","계","","5","2","4","7",
"도곡2동","저소득노인","65~79세","","1","1","1","3",
"도곡2동","저소득노인","80세 이상","","4","1","3","4",
"도곡2동","일   반","계","","651","643","689","701",
"도곡2동","일   반","65~79세","","480","461","482","474",
"도곡2동","일   반","80세 이상","","171","182","207","227",
"개포1동","합계","계","","357","407","599","677",
"개포1동","합계","65~79세","","279","298","475","528",
"개포1동","합계","80세 이상","","78","109","124","149",
"개포1동","국민기초생활보장 수급권자","계","","70","57","48","68",
"개포1동","국민기초생활보장 수급권자","65~79세","","46","36","28","44",
"개포1동","국민기초생활보장 수급권자","80세 이상","","24","21","20","24",
"개포1동","저소득노인","계","","17","15","20","43",
"개포1동","저소득노인","65~79세","","12","9","15","27",
"개포1동","저소득노인","80세 이상","","5","6","5","16",
"개포1동","일   반","계","","270","335","531","566",
"개포1동","일   반","65~79세","","221","253","432","457",
"개포1동","일   반","80세 이상","","49","82","99","109",
"개포2동","합계","계","","510","650","754","824",
"개포2동","합계","65~79세","","396","510","594","635",
"개포2동","합계","80세 이상","","114","140","160","189",
"개포2동","국민기초생활보장 수급권자","계","","58","55","60","93",
"개포2동","국민기초생활보장 수급권자","65~79세","","39","39","45","63",
"개포2동","국민기초생활보장 수급권자","80세 이상","","19","16","15","30",
"개포2동","저소득노인","계","","6","5","12","25",
"개포2동","저소득노인","65~79세","","4","2","7","14",
"개포2동","저소득노인","80세 이상","","2","3","5","11",
"개포2동","일   반","계","","446","590","682","706",
"개포2동","일   반","65~79세","","353","469","542","558",
"개포2동","일   반","80세 이상","","93","121","140","148",
"일원2동","합계","계","","1033","","","",
"일원2동","합계","65~79세","","838","","","",
"일원2동","합계","80세 이상","","195","","","",
"일원2동","국민기초생활보장 수급권자","계","","479","","","",
"일원2동","국민기초생활보장 수급권자","65~79세","","372","","","",
"일원2동","국민기초생활보장 수급권자","80세 이상","","107","","","",
"일원2동","저소득노인","계","","37","","","",
"일원2동","저소득노인","65~79세","","19","","","",
"일원2동","저소득노인","80세 이상","","18","","","",
"일원2동","일   반","계","","517","","","",
"일원2동","일   반","65~79세","","447","","","",
"일원2동","일   반","80세 이상","","70","","","",
"개포3동","합계","계","","","1533","1628","1993",
"개포3동","합계","65~79세","","","1181","1244","1481",
"개포3동","합계","80세 이상","","","352","384","512",
"개포3동","국민기초생활보장 수급권자","계","","","421","438","621",
"개포3동","국민기초생활보장 수급권자","65~79세","","","311","326","451",
"개포3동","국민기초생활보장 수급권자","80세 이상","","","110","112","170",
"개포3동","저소득노인","계","","","32","62","212",
"개포3동","저소득노인","65~79세","","","17","38","157",
"개포3동","저소득노인","80세 이상","","","15","24","55",
"개포3동","일   반","계","","","1080","1128","1160",
"개포3동","일   반","65~79세","","","853","880","873",
"개포3동","일   반","80세 이상","","","227","248","287",
"개포4동","합계","계","","615","778","871","957",
"개포4동","합계","65~79세","","496","599","660","739",
"개포4동","합계","80세 이상","","119","179","211","218",
"개포4동","국민기초생활보장 수급권자","계","","156","143","154","213",
"개포4동","국민기초생활보장 수급권자","65~79세","","122","107","112","162",
"개포4동","국민기초생활보장 수급권자","80세 이상","","34","36","42","51",
"개포4동","저소득노인","계","","15","14","16","23",
"개포4동","저소득노인","65~79세","","8","8","11","16",
"개포4동","저소득노인","80세 이상","","7","6","5","7",
"개포4동","일   반","계","","444","621","701","721",
"개포4동","일   반","65~79세","","366","484","537","561",
"개포4동","일   반","80세 이상","","78","137","164","160",
"세곡동","합계","계","","1264","1718","1908","2500",
"세곡동","합계","65~79세","","861","1154","1273","1711",
"세곡동","합계","80세 이상","","403","564","635","789",
"세곡동","국민기초생활보장 수급권자","계","","406","359","397","629",
"세곡동","국민기초생활보장 수급권자","65~79세","","272","227","250","417",
"세곡동","국민기초생활보장 수급권자","80세 이상","","134","132","147","212",
"세곡동","저소득노인","계","","50","32","81","221",
"세곡동","저소득노인","65~79세","","28","13","46","139",
"세곡동","저소득노인","80세 이상","","22","19","35","82",
"세곡동","일   반","계","","808","1327","1430","1650",
"세곡동","일   반","65~79세","","561","914","977","1155",
"세곡동","일   반","80세 이상","","247","413","453","495",
"일원본동","합계","계","","463","503","531","522",
"일원본동","합계","65~79세","","331","352","377","367",
"일원본동","합계","80세 이상","","132","151","154","155",
"일원본동","국민기초생활보장 수급권자","계","","21","22","30","28",
"일원본동","국민기초생활보장 수급권자","65~79세","","9","8","17","15",
"일원본동","국민기초생활보장 수급권자","80세 이상","","12","14","13","13",
"일원본동","저소득노인","계","","3","4","5","7",
"일원본동","저소득노인","65~79세","","2","1","1","4",
"일원본동","저소득노인","80세 이상","","1","3","4","3",
"일원본동","일   반","계","","439","477","496","487",
"일원본동","일   반","65~79세","","320","343","359","348",
"일원본동","일   반","80세 이상","","119","134","137","139",
"일원1동","합계","계","","977","1458","1600","1906",
"일원1동","합계","65~79세","","757","1064","1184","1400",
"일원1동","합계","80세 이상","","220","394","416","506",
"일원1동","국민기초생활보장 수급권자","계","","485","417","440","607",
"일원1동","국민기초생활보장 수급권자","65~79세","","331","274","297","420",
"일원1동","국민기초생활보장 수급권자","80세 이상","","154","143","143","187",
"일원1동","저소득노인","계","","37","30","58","141",
"일원1동","저소득노인","65~79세","","23","13","31","82",
"일원1동","저소득노인","80세 이상","","14","17","27","59",
"일원1동","일   반","계","","455","1011","1102","1158",
"일원1동","일   반","65~79세","","403","777","856","898",
"일원1동","일   반","80세 이상","","52","234","246","260",
"수서동","합계","계","","1904","3145","3410","4249",
"수서동","합계","65~79세","","1566","2450","2625","3234",
"수서동","합계","80세 이상","","338","695","785","1015",
"수서동","국민기초생활보장 수급권자","계","","1221","1067","1141","1651",
"수서동","국민기초생활보장 수급권자","65~79세","","934","783","835","1221",
"수서동","국민기초생활보장 수급권자","80세 이상","","287","284","306","430",
"수서동","저소득노인","계","","55","27","57","298",
"수서동","저소득노인","65~79세","","38","20","39","212",
"수서동","저소득노인","80세 이상","","17","7","18","86",
"수서동","일   반","계","","628","2051","2212","2300",
"수서동","일   반","65~79세","","594","1647","1751","1801",
"수서동","일   반","80세 이상","","34","404","461","499",
"송파구","합계","계","","18741","25246","25889","22066",
"송파구","합계","65~79세","","14618","18772","19547","16788",
"송파구","합계","80세 이상","","4123","6474","6342","5278",
"송파구","국민기초생활보장 수급권자","계","","4186","4667","5154","5708",
"송파구","국민기초생활보장 수급권자","65~79세","","2950","3322","3710","4119",
"송파구","국민기초생활보장 수급권자","80세 이상","","1236","1345","1444","1589",
"송파구","저소득노인","계","","383","288","287","269",
"송파구","저소득노인","65~79세","","218","154","193","163",
"송파구","저소득노인","80세 이상","","165","134","94","106",
"송파구","일   반","계","","14172","20291","20448","16089",
"송파구","일   반","65~79세","","11450","15296","15644","12506",
"송파구","일   반","80세 이상","","2722","4995","4804","3583",
"풍납1동","합계","계","","702","982","1029","804",
"풍납1동","합계","65~79세","","560","764","802","629",
"풍납1동","합계","80세 이상","","142","218","227","175",
"풍납1동","국민기초생활보장 수급권자","계","","189","214","235","245",
"풍납1동","국민기초생활보장 수급권자","65~79세","","131","153","174","178",
"풍납1동","국민기초생활보장 수급권자","80세 이상","","58","61","61","67",
"풍납1동","저소득노인","계","","16","10","11","7",
"풍납1동","저소득노인","65~79세","","11","8","6","5",
"풍납1동","저소득노인","80세 이상","","5","2","5","2",
"풍납1동","일   반","계","","497","758","783","552",
"풍납1동","일   반","65~79세","","418","603","622","446",
"풍납1동","일   반","80세 이상","","79","155","161","106",
"풍납2동","합계","계","","757","985","1002","865",
"풍납2동","합계","65~79세","","577","735","754","648",
"풍납2동","합계","80세 이상","","180","250","248","217",
"풍납2동","국민기초생활보장 수급권자","계","","162","164","171","194",
"풍납2동","국민기초생활보장 수급권자","65~79세","","112","112","120","137",
"풍납2동","국민기초생활보장 수급권자","80세 이상","","50","52","51","57",
"풍납2동","저소득노인","계","","10","9","13","12",
"풍납2동","저소득노인","65~79세","","6","3","7","6",
"풍납2동","저소득노인","80세 이상","","4","6","6","6",
"풍납2동","일   반","계","","585","812","818","659",
"풍납2동","일   반","65~79세","","459","620","627","505",
"풍납2동","일   반","80세 이상","","126","192","191","154",
"거여1동","합계","계","","590","832","877","693",
"거여1동","합계","65~79세","","463","620","646","504",
"거여1동","합계","80세 이상","","127","212","231","189",
"거여1동","국민기초생활보장 수급권자","계","","189","187","220","247",
"거여1동","국민기초생활보장 수급권자","65~79세","","132","135","158","166",
"거여1동","국민기초생활보장 수급권자","80세 이상","","57","52","62","81",
"거여1동","저소득노인","계","","16","18","10","5",
"거여1동","저소득노인","65~79세","","8","11","8","1",
"거여1동","저소득노인","80세 이상","","8","7","2","4",
"거여1동","일   반","계","","385","627","647","441",
"거여1동","일   반","65~79세","","323","474","480","337",
"거여1동","일   반","80세 이상","","62","153","167","104",
"거여2동","합계","계","","1014","1496","1559","1258",
"거여2동","합계","65~79세","","796","1074","1136","951",
"거여2동","합계","80세 이상","","218","422","423","307",
"거여2동","국민기초생활보장 수급권자","계","","284","352","383","411",
"거여2동","국민기초생활보장 수급권자","65~79세","","199","230","254","276",
"거여2동","국민기초생활보장 수급권자","80세 이상","","85","122","129","135",
"거여2동","저소득노인","계","","36","16","12","26",
"거여2동","저소득노인","65~79세","","25","6","10","16",
"거여2동","저소득노인","80세 이상","","11","10","2","10",
"거여2동","일   반","계","","694","1128","1164","821",
"거여2동","일   반","65~79세","","572","838","872","659",
"거여2동","일   반","80세 이상","","122","290","292","162",
"마천1동","합계","계","","1197","1807","1847","1275",
"마천1동","합계","65~79세","","937","1327","1370","981",
"마천1동","합계","80세 이상","","260","480","477","294",
"마천1동","국민기초생활보장 수급권자","계","","454","493","529","549",
"마천1동","국민기초생활보장 수급권자","65~79세","","307","330","363","384",
"마천1동","국민기초생활보장 수급권자","80세 이상","","147","163","166","165",
"마천1동","저소득노인","계","","31","22","17","30",
"마천1동","저소득노인","65~79세","","14","12","10","21",
"마천1동","저소득노인","80세 이상","","17","10","7","9",
"마천1동","일   반","계","","712","1292","1301","696",
"마천1동","일   반","65~79세","","616","985","997","576",
"마천1동","일   반","80세 이상","","96","307","304","120",
"마천2동","합계","계","","1099","1940","1691","1375",
"마천2동","합계","65~79세","","886","1257","1292","1064",
"마천2동","합계","80세 이상","","213","683","399","311",
"마천2동","국민기초생활보장 수급권자","계","","381","407","441","525",
"마천2동","국민기초생활보장 수급권자","65~79세","","271","290","311","363",
"마천2동","국민기초생활보장 수급권자","80세 이상","","110","117","130","162",
"마천2동","저소득노인","계","","28","16","16","13",
"마천2동","저소득노인","65~79세","","16","11","11","9",
"마천2동","저소득노인","80세 이상","","12","5","5","4",
"마천2동","일   반","계","","690","1517","1234","837",
"마천2동","일   반","65~79세","","599","956","970","692",
"마천2동","일   반","80세 이상","","91","561","264","145",
"방이1동","합계","계","","352","453","491","455",
"방이1동","합계","65~79세","","253","320","355","330",
"방이1동","합계","80세 이상","","99","133","136","125",
"방이1동","국민기초생활보장 수급권자","계","","69","75","91","97",
"방이1동","국민기초생활보장 수급권자","65~79세","","44","47","63","70",
"방이1동","국민기초생활보장 수급권자","80세 이상","","25","28","28","27",
"방이1동","저소득노인","계","","7","8","5","5",
"방이1동","저소득노인","65~79세","","2","4","4","3",
"방이1동","저소득노인","80세 이상","","5","4","1","2",
"방이1동","일   반","계","","276","370","395","353",
"방이1동","일   반","65~79세","","207","269","288","257",
"방이1동","일   반","80세 이상","","69","101","107","96",
"방이2동","합계","계","","843","1162","1229","1033",
"방이2동","합계","65~79세","","689","921","979","827",
"방이2동","합계","80세 이상","","154","241","250","206",
"방이2동","국민기초생활보장 수급권자","계","","207","231","260","309",
"방이2동","국민기초생활보장 수급권자","65~79세","","154","183","209","248",
"방이2동","국민기초생활보장 수급권자","80세 이상","","53","48","51","61",
"방이2동","저소득노인","계","","14","12","13","13",
"방이2동","저소득노인","65~79세","","9","6","7","9",
"방이2동","저소득노인","80세 이상","","5","6","6","4",
"방이2동","일   반","계","","622","919","956","711",
"방이2동","일   반","65~79세","","526","732","763","570",
"방이2동","일   반","80세 이상","","96","187","193","141",
"오륜동","합계","계","","300","311","307","326",
"오륜동","합계","65~79세","","204","216","210","226",
"오륜동","합계","80세 이상","","96","95","97","100",
"오륜동","국민기초생활보장 수급권자","계","","6","8","9","8",
"오륜동","국민기초생활보장 수급권자","65~79세","","1","3","3","3",
"오륜동","국민기초생활보장 수급권자","80세 이상","","5","5","6","5",
"오륜동","저소득노인","계","","1","1","2","1",
"오륜동","저소득노인","65~79세","","","-","-","-",
"오륜동","저소득노인","80세 이상","","1","1","2","1",
"오륜동","일   반","계","","293","302","296","317",
"오륜동","일   반","65~79세","","203","213","207","223",
"오륜동","일   반","80세 이상","","90","89","89","94",
"오금동","합계","계","","1258","1743","1861","1593",
"오금동","합계","65~79세","","940","1264","1370","1209",
"오금동","합계","80세 이상","","318","479","491","384",
"오금동","국민기초생활보장 수급권자","계","","285","336","392","451",
"오금동","국민기초생활보장 수급권자","65~79세","","180","224","271","314",
"오금동","국민기초생활보장 수급권자","80세 이상","","105","112","121","137",
"오금동","저소득노인","계","","32","18","22","17",
"오금동","저소득노인","65~79세","","22","6","15","13",
"오금동","저소득노인","80세 이상","","10","12","7","4",
"오금동","일   반","계","","941","1389","1447","1125",
"오금동","일   반","65~79세","","738","1034","1084","882",
"오금동","일   반","80세 이상","","203","355","363","243",
"송파1동","합계","계","","681","883","876","779",
"송파1동","합계","65~79세","","537","676","678","606",
"송파1동","합계","80세 이상","","144","207","198","173",
"송파1동","국민기초생활보장 수급권자","계","","149","160","158","178",
"송파1동","국민기초생활보장 수급권자","65~79세","","110","116","118","135",
"송파1동","국민기초생활보장 수급권자","80세 이상","","39","44","40","43",
"송파1동","저소득노인","계","","11","8","7","6",
"송파1동","저소득노인","65~79세","","7","7","6","5",
"송파1동","저소득노인","80세 이상","","4","1","1","1",
"송파1동","일   반","계","","521","715","711","595",
"송파1동","일   반","65~79세","","420","553","554","466",
"송파1동","일   반","80세 이상","","101","162","157","129",
"송파2동","합계","계","","419","523","504","437",
"송파2동","합계","65~79세","","310","401","378","329",
"송파2동","합계","80세 이상","","109","122","126","108",
"송파2동","국민기초생활보장 수급권자","계","","91","91","78","86",
"송파2동","국민기초생활보장 수급권자","65~79세","","67","72","60","66",
"송파2동","국민기초생활보장 수급권자","80세 이상","","24","19","18","20",
"송파2동","저소득노인","계","","3","5","6","2",
"송파2동","저소득노인","65~79세","","2","4","6","2",
"송파2동","저소득노인","80세 이상","","1","1","-","-",
"송파2동","일   반","계","","325","427","420","349",
"송파2동","일   반","65~79세","","241","325","312","261",
"송파2동","일   반","80세 이상","","84","102","108","88",
"석촌동","합계","계","","1123","1507","1637","1366",
"석촌동","합계","65~79세","","923","1195","1303","1081",
"석촌동","합계","80세 이상","","200","312","334","285",
"석촌동","국민기초생활보장 수급권자","계","","242","266","341","378",
"석촌동","국민기초생활보장 수급권자","65~79세","","183","211","274","305",
"석촌동","국민기초생활보장 수급권자","80세 이상","","59","55","67","73",
"석촌동","저소득노인","계","","19","17","20","24",
"석촌동","저소득노인","65~79세","","7","7","15","15",
"석촌동","저소득노인","80세 이상","","12","10","5","9",
"석촌동","일   반","계","","862","1224","1276","964",
"석촌동","일   반","65~79세","","733","977","1014","761",
"석촌동","일   반","80세 이상","","129","247","262","203",
"삼전동","합계","계","","1016","1465","1542","1300",
"삼전동","합계","65~79세","","803","1142","1207","1021",
"삼전동","합계","80세 이상","","213","323","335","279",
"삼전동","국민기초생활보장 수급권자","계","","263","309","362","416",
"삼전동","국민기초생활보장 수급권자","65~79세","","196","237","288","332",
"삼전동","국민기초생활보장 수급권자","80세 이상","","67","72","74","84",
"삼전동","저소득노인","계","","27","15","16","20",
"삼전동","저소득노인","65~79세","","22","8","11","14",
"삼전동","저소득노인","80세 이상","","5","7","5","6",
"삼전동","일   반","계","","726","1141","1164","864",
"삼전동","일   반","65~79세","","585","897","908","675",
"삼전동","일   반","80세 이상","","141","244","256","189",
"가락본동","합계","계","","796","1061","1117","978",
"가락본동","합계","65~79세","","619","800","856","754",
"가락본동","합계","80세 이상","","177","261","261","224",
"가락본동","국민기초생활보장 수급권자","계","","191","184","211","212",
"가락본동","국민기초생활보장 수급권자","65~79세","","138","134","151","154",
"가락본동","국민기초생활보장 수급권자","80세 이상","","53","50","60","58",
"가락본동","저소득노인","계","","13","10","9","7",
"가락본동","저소득노인","65~79세","","6","7","7","4",
"가락본동","저소득노인","80세 이상","","7","3","2","3",
"가락본동","일   반","계","","592","867","897","759",
"가락본동","일   반","65~79세","","475","659","698","596",
"가락본동","일   반","80세 이상","","117","208","199","163",
"가락1동","합계","계","","464","524","540","508",
"가락1동","합계","65~79세","","392","414","422","388",
"가락1동","합계","80세 이상","","72","110","118","120",
"가락1동","국민기초생활보장 수급권자","계","","33","47","51","61",
"가락1동","국민기초생활보장 수급권자","65~79세","","19","28","32","34",
"가락1동","국민기초생활보장 수급권자","80세 이상","","14","19","19","27",
"가락1동","저소득노인","계","","5","13","11","6",
"가락1동","저소득노인","65~79세","","4","10","9","3",
"가락1동","저소득노인","80세 이상","","1","3","2","3",
"가락1동","일   반","계","","426","464","478","441",
"가락1동","일   반","65~79세","","369","376","381","351",
"가락1동","일   반","80세 이상","","57","88","97","90",
"가락2동","합계","계","","686","860","884","821",
"가락2동","합계","65~79세","","522","630","648","605",
"가락2동","합계","80세 이상","","164","230","236","216",
"가락2동","국민기초생활보장 수급권자","계","","118","127","139","157",
"가락2동","국민기초생활보장 수급권자","65~79세","","79","87","95","107",
"가락2동","국민기초생활보장 수급권자","80세 이상","","39","40","44","50",
"가락2동","저소득노인","계","","13","8","11","10",
"가락2동","저소득노인","65~79세","","6","3","5","3",
"가락2동","저소득노인","80세 이상","","7","5","6","7",
"가락2동","일   반","계","","555","725","734","654",
"가락2동","일   반","65~79세","","437","540","548","495",
"가락2동","일   반","80세 이상","","118","185","186","159",
"문정1동","합계","계","","484","622","631","557",
"문정1동","합계","65~79세","","389","491","493","432",
"문정1동","합계","80세 이상","","95","131","138","125",
"문정1동","국민기초생활보장 수급권자","계","","92","109","110","121",
"문정1동","국민기초생활보장 수급권자","65~79세","","67","84","82","88",
"문정1동","국민기초생활보장 수급권자","80세 이상","","25","25","28","33",
"문정1동","저소득노인","계","","9","9","10","8",
"문정1동","저소득노인","65~79세","","6","6","5","3",
"문정1동","저소득노인","80세 이상","","3","3","5","5",
"문정1동","일   반","계","","383","504","511","428",
"문정1동","일   반","65~79세","","316","401","406","341",
"문정1동","일   반","80세 이상","","67","103","105","87",
"문정2동","합계","계","","476","536","540","534",
"문정2동","합계","65~79세","","339","367","362","364",
"문정2동","합계","80세 이상","","137","169","178","170",
"문정2동","국민기초생활보장 수급권자","계","","33","31","28","30",
"문정2동","국민기초생활보장 수급권자","65~79세","","24","20","17","22",
"문정2동","국민기초생활보장 수급권자","80세 이상","","9","11","11","8",
"문정2동","저소득노인","계","","4","8","4","3",
"문정2동","저소득노인","65~79세","","2","6","2","2",
"문정2동","저소득노인","80세 이상","","2","2","2","1",
"문정2동","일   반","계","","439","497","508","501",
"문정2동","일   반","65~79세","","313","341","343","340",
"문정2동","일   반","80세 이상","","126","156","165","161",
"장지동","합계","계","","894","1318","1355","1062",
"장지동","합계","65~79세","","693","981","1007","811",
"장지동","합계","80세 이상","","201","337","348","251",
"장지동","국민기초생활보장 수급권자","계","","286","338","368","396",
"장지동","국민기초생활보장 수급권자","65~79세","","187","224","239","261",
"장지동","국민기초생활보장 수급권자","80세 이상","","99","114","129","135",
"장지동","저소득노인","계","","24","18","17","9",
"장지동","저소득노인","65~79세","","14","10","15","7",
"장지동","저소득노인","80세 이상","","10","8","2","2",
"장지동","일   반","계","","584","962","970","657",
"장지동","일   반","65~79세","","492","747","753","543",
"장지동","일   반","80세 이상","","92","215","217","114",
"위례동","합계","계","","405","675","711","548",
"위례동","합계","65~79세","","334","522","553","446",
"위례동","합계","80세 이상","","71","153","158","102",
"위례동","국민기초생활보장 수급권자","계","","163","185","208","255",
"위례동","국민기초생활보장 수급권자","65~79세","","113","127","142","175",
"위례동","국민기초생활보장 수급권자","80세 이상","","50","58","66","80",
"위례동","저소득노인","계","","19","21","21","16",
"위례동","저소득노인","65~79세","","9","10","14","8",
"위례동","저소득노인","80세 이상","","10","11","7","8",
"위례동","일   반","계","","223","469","482","277",
"위례동","일   반","65~79세","","212","385","397","263",
"위례동","일   반","80세 이상","","11","84","85","14",
"잠실본동","합계","계","","943","1322","1388","1142",
"잠실본동","합계","65~79세","","781","1072","1138","932",
"잠실본동","합계","80세 이상","","162","250","250","210",
"잠실본동","국민기초생활보장 수급권자","계","","248","295","314","334",
"잠실본동","국민기초생활보장 수급권자","65~79세","","208","241","258","274",
"잠실본동","국민기초생활보장 수급권자","80세 이상","","40","54","56","60",
"잠실본동","저소득노인","계","","22","10","14","17",
"잠실본동","저소득노인","65~79세","","11","4","10","8",
"잠실본동","저소득노인","80세 이상","","11","6","4","9",
"잠실본동","일   반","계","","673","1017","1060","791",
"잠실본동","일   반","65~79세","","562","827","870","650",
"잠실본동","일   반","80세 이상","","111","190","190","141",
"잠실2동","합계","계","","526","502","495","533",
"잠실2동","합계","65~79세","","418","363","351","380",
"잠실2동","합계","80세 이상","","108","139","144","153",
"잠실2동","국민기초생활보장 수급권자","계","","11","12","8","10",
"잠실2동","국민기초생활보장 수급권자","65~79세","","6","6","2","4",
"잠실2동","국민기초생활보장 수급권자","80세 이상","","5","6","6","6",
"잠실2동","저소득노인","계","","3","4","3","2",
"잠실2동","저소득노인","65~79세","","","1","2","1",
"잠실2동","저소득노인","80세 이상","","3","3","1","1",
"잠실2동","일   반","계","","512","486","484","521",
"잠실2동","일   반","65~79세","","412","356","347","375",
"잠실2동","일   반","80세 이상","","100","130","137","146",
"잠실3동","합계","계","","737","728","736","765",
"잠실3동","합계","65~79세","","561","538","541","552",
"잠실3동","합계","80세 이상","","176","190","195","213",
"잠실3동","국민기초생활보장 수급권자","계","","22","22","20","15",
"잠실3동","국민기초생활보장 수급권자","65~79세","","11","12","10","9",
"잠실3동","국민기초생활보장 수급권자","80세 이상","","11","10","10","6",
"잠실3동","저소득노인","계","","6","6","6","3",
"잠실3동","저소득노인","65~79세","","3","3","1","1",
"잠실3동","저소득노인","80세 이상","","3","3","5","2",
"잠실3동","일   반","계","","709","700","710","747",
"잠실3동","일   반","65~79세","","547","523","530","542",
"잠실3동","일   반","80세 이상","","162","177","180","205",
"잠실4동","합계","계","","389","389","405","409",
"잠실4동","합계","65~79세","","304","286","297","298",
"잠실4동","합계","80세 이상","","85","103","108","111",
"잠실4동","국민기초생활보장 수급권자","계","","9","10","7","7",
"잠실4동","국민기초생활보장 수급권자","65~79세","","5","6","3","3",
"잠실4동","국민기초생활보장 수급권자","80세 이상","","4","4","4","4",
"잠실4동","저소득노인","계","","11","3","8","4",
"잠실4동","저소득노인","65~79세","","6","1","6","3",
"잠실4동","저소득노인","80세 이상","","5","2","2","1",
"잠실4동","일   반","계","","369","376","390","398",
"잠실4동","일   반","65~79세","","293","279","288","292",
"잠실4동","일   반","80세 이상","","76","97","102","106",
"잠실6동","합계","계","","343","360","371","375",
"잠실6동","합계","65~79세","","236","240","244","254",
"잠실6동","합계","80세 이상","","107","120","127","121",
"잠실6동","국민기초생활보장 수급권자","계","","5","10","16","12",
"잠실6동","국민기초생활보장 수급권자","65~79세","","4","8","11","9",
"잠실6동","국민기초생활보장 수급권자","80세 이상","","1","2","5","3",
"잠실6동","저소득노인","계","","2","3","3","3",
"잠실6동","저소득노인","65~79세","","","-","1","1",
"잠실6동","저소득노인","80세 이상","","2","3","2","2",
"잠실6동","일   반","계","","336","347","352","360",
"잠실6동","일   반","65~79세","","232","232","232","244",
"잠실6동","일   반","80세 이상","","104","115","120","116",
"잠실7동","합계","계","","247","260","264","275",
"잠실7동","합계","65~79세","","152","156","155","166",
"잠실7동","합계","80세 이상","","95","104","109","109",
"잠실7동","국민기초생활보장 수급권자","계","","4","4","4","4",
"잠실7동","국민기초생활보장 수급권자","65~79세","","2","2","2","2",
"잠실7동","국민기초생활보장 수급권자","80세 이상","","2","2","2","2",
"잠실7동","저소득노인","계","","1","-","-","-",
"잠실7동","저소득노인","65~79세","","","-","-","-",
"잠실7동","저소득노인","80세 이상","","1","-","-","-",
"잠실7동","일   반","계","","242","256","260","271",
"잠실7동","일   반","65~79세","","150","154","153","164",
"잠실7동","일   반","80세 이상","","92","102","107","107",
"강동구","합계","계","","16059","17268","18520","22874",
"강동구","합계","65~79세","","12716","13512","14392","17599",
"강동구","합계","80세 이상","","3343","3756","4128","5275",
"강동구","국민기초생활보장 수급권자","계","","4437","4977","5527","6213",
"강동구","국민기초생활보장 수급권자","65~79세","","3097","3422","3856","4414",
"강동구","국민기초생활보장 수급권자","80세 이상","","1340","1555","1671","1799",
"강동구","저소득노인","계","","676","632","591","540",
"강동구","저소득노인","65~79세","","421","391","386","374",
"강동구","저소득노인","80세 이상","","255","241","205","166",
"강동구","일   반","계","","10946","11659","12402","16121",
"강동구","일   반","65~79세","","9198","9699","10150","12811",
"강동구","일   반","80세 이상","","1748","1960","2252","3310",
"강일동","합계","계","","1091","1247","1357","1582",
"강일동","합계","65~79세","","902","1006","1082","1239",
"강일동","합계","80세 이상","","189","241","275","343",
"강일동","국민기초생활보장 수급권자","계","","486","586","647","758",
"강일동","국민기초생활보장 수급권자","65~79세","","352","407","455","529",
"강일동","국민기초생활보장 수급권자","80세 이상","","134","179","192","229",
"강일동","저소득노인","계","","67","76","68","66",
"강일동","저소득노인","65~79세","","44","52","50","52",
"강일동","저소득노인","80세 이상","","23","24","18","14",
"강일동","일   반","계","","538","585","642","758",
"강일동","일   반","65~79세","","506","547","577","658",
"강일동","일   반","80세 이상","","32","38","65","100",
"상일1동","합계","계","","609","653","667","860",
"상일1동","합계","65~79세","","507","526","534","667",
"상일1동","합계","80세 이상","","102","127","133","193",
"상일1동","국민기초생활보장 수급권자","계","","100","104","111","143",
"상일1동","국민기초생활보장 수급권자","65~79세","","56","56","69","88",
"상일1동","국민기초생활보장 수급권자","80세 이상","","44","48","42","55",
"상일1동","저소득노인","계","","25","28","17","11",
"상일1동","저소득노인","65~79세","","12","11","7","4",
"상일1동","저소득노인","80세 이상","","13","17","10","7",
"상일1동","일   반","계","","484","521","539","706",
"상일1동","일   반","65~79세","","439","459","458","575",
"상일1동","일   반","80세 이상","","45","62","81","131",
"상일2동","합계","계","","392","446","463","519",
"상일2동","합계","65~79세","","318","354","359","408",
"상일2동","합계","80세 이상","","74","92","104","111",
"상일2동","국민기초생활보장 수급권자","계","","139","212","237","258",
"상일2동","국민기초생활보장 수급권자","65~79세","","92","143","158","175",
"상일2동","국민기초생활보장 수급권자","80세 이상","","47","69","79","83",
"상일2동","저소득노인","계","","32","39","43","47",
"상일2동","저소득노인","65~79세","","22","26","30","32",
"상일2동","저소득노인","80세 이상","","10","13","13","15",
"상일2동","일   반","계","","221","195","183","214",
"상일2동","일   반","65~79세","","204","185","171","201",
"상일2동","일   반","80세 이상","","17","10","12","13",
"명일1동","합계","계","","701","765","823","1062",
"명일1동","합계","65~79세","","525","590","634","817",
"명일1동","합계","80세 이상","","176","175","189","245",
"명일1동","국민기초생활보장 수급권자","계","","115","129","152","158",
"명일1동","국민기초생활보장 수급권자","65~79세","","75","91","109","109",
"명일1동","국민기초생활보장 수급권자","80세 이상","","40","38","43","49",
"명일1동","저소득노인","계","","25","18","21","15",
"명일1동","저소득노인","65~79세","","12","8","12","9",
"명일1동","저소득노인","80세 이상","","13","10","9","6",
"명일1동","일   반","계","","561","618","650","889",
"명일1동","일   반","65~79세","","438","491","513","699",
"명일1동","일   반","80세 이상","","123","127","137","190",
"명일2동","합계","계","","331","351","372","481",
"명일2동","합계","65~79세","","241","260","272","359",
"명일2동","합계","80세 이상","","90","91","100","122",
"명일2동","국민기초생활보장 수급권자","계","","47","53","56","55",
"명일2동","국민기초생활보장 수급권자","65~79세","","21","26","29","30",
"명일2동","국민기초생활보장 수급권자","80세 이상","","26","27","27","25",
"명일2동","저소득노인","계","","5","7","8","6",
"명일2동","저소득노인","65~79세","","4","6","6","5",
"명일2동","저소득노인","80세 이상","","1","1","2","1",
"명일2동","일   반","계","","279","291","308","420",
"명일2동","일   반","65~79세","","216","228","237","324",
"명일2동","일   반","80세 이상","","63","63","71","96",
"고덕1동","합계","계","","419","440","476","611",
"고덕1동","합계","65~79세","","330","335","361","451",
"고덕1동","합계","80세 이상","","89","105","115","160",
"고덕1동","국민기초생활보장 수급권자","계","","105","130","142","147",
"고덕1동","국민기초생활보장 수급권자","65~79세","","57","72","80","96",
"고덕1동","국민기초생활보장 수급권자","80세 이상","","48","58","62","51",
"고덕1동","저소득노인","계","","22","19","23","19",
"고덕1동","저소득노인","65~79세","","16","12","12","9",
"고덕1동","저소득노인","80세 이상","","6","7","11","10",
"고덕1동","일   반","계","","292","291","311","445",
"고덕1동","일   반","65~79세","","257","251","269","346",
"고덕1동","일   반","80세 이상","","35","40","42","99",
"고덕2동","합계","계","","603","618","659","831",
"고덕2동","합계","65~79세","","467","480","518","651",
"고덕2동","합계","80세 이상","","136","138","141","180",
"고덕2동","국민기초생활보장 수급권자","계","","210","200","199","232",
"고덕2동","국민기초생활보장 수급권자","65~79세","","133","124","127","157",
"고덕2동","국민기초생활보장 수급권자","80세 이상","","77","76","72","75",
"고덕2동","저소득노인","계","","20","18","19","20",
"고덕2동","저소득노인","65~79세","","10","11","12","12",
"고덕2동","저소득노인","80세 이상","","10","7","7","8",
"고덕2동","일   반","계","","373","400","441","579",
"고덕2동","일   반","65~79세","","324","345","379","482",
"고덕2동","일   반","80세 이상","","49","55","62","97",
"암사1동","합계","계","","1593","1714","1832","2201",
"암사1동","합계","65~79세","","1256","1328","1420","1666",
"암사1동","합계","80세 이상","","337","386","412","535",
"암사1동","국민기초생활보장 수급권자","계","","475","547","602","683",
"암사1동","국민기초생활보장 수급권자","65~79세","","332","371","417","482",
"암사1동","국민기초생활보장 수급권자","80세 이상","","143","176","185","201",
"암사1동","저소득노인","계","","82","72","62","53",
"암사1동","저소득노인","65~79세","","39","38","33","31",
"암사1동","저소득노인","80세 이상","","43","34","29","22",
"암사1동","일   반","계","","1036","1095","1168","1465",
"암사1동","일   반","65~79세","","885","919","970","1153",
"암사1동","일   반","80세 이상","","151","176","198","312",
"암사2동","합계","계","","436","463","485","601",
"암사2동","합계","65~79세","","349","356","365","426",
"암사2동","합계","80세 이상","","87","107","120","175",
"암사2동","국민기초생활보장 수급권자","계","","50","50","59","64",
"암사2동","국민기초생활보장 수급권자","65~79세","","35","39","47","48",
"암사2동","국민기초생활보장 수급권자","80세 이상","","15","11","12","16",
"암사2동","저소득노인","계","","7","5","8","9",
"암사2동","저소득노인","65~79세","","6","3","5","7",
"암사2동","저소득노인","80세 이상","","1","2","3","2",
"암사2동","일   반","계","","379","408","418","528",
"암사2동","일   반","65~79세","","308","314","313","371",
"암사2동","일   반","80세 이상","","71","94","105","157",
"암사3동","합계","계","","329","385","391","520",
"암사3동","합계","65~79세","","256","288","289","387",
"암사3동","합계","80세 이상","","73","97","102","133",
"암사3동","국민기초생활보장 수급권자","계","","49","50","40","43",
"암사3동","국민기초생활보장 수급권자","65~79세","","23","24","17","18",
"암사3동","국민기초생활보장 수급권자","80세 이상","","26","26","23","25",
"암사3동","저소득노인","계","","9","10","11","11",
"암사3동","저소득노인","65~79세","","3","5","4","4",
"암사3동","저소득노인","80세 이상","","6","5","7","7",
"암사3동","일   반","계","","271","325","340","466",
"암사3동","일   반","65~79세","","230","259","268","365",
"암사3동","일   반","80세 이상","","41","66","72","101",
"천호1동","합계","계","","1396","1493","1595","1911",
"천호1동","합계","65~79세","","1096","1172","1245","1475",
"천호1동","합계","80세 이상","","300","321","350","436",
"천호1동","국민기초생활보장 수급권자","계","","474","519","571","630",
"천호1동","국민기초생활보장 수급권자","65~79세","","336","371","410","464",
"천호1동","국민기초생활보장 수급권자","80세 이상","","138","148","161","166",
"천호1동","저소득노인","계","","62","60","49","45",
"천호1동","저소득노인","65~79세","","42","39","32","31",
"천호1동","저소득노인","80세 이상","","20","21","17","14",
"천호1동","일   반","계","","860","914","975","1236",
"천호1동","일   반","65~79세","","718","762","803","980",
"천호1동","일   반","80세 이상","","142","152","172","256",
"천호2동","합계","계","","1683","1799","1912","2245",
"천호2동","합계","65~79세","","1362","1438","1515","1738",
"천호2동","합계","80세 이상","","321","361","397","507",
"천호2동","국민기초생활보장 수급권자","계","","593","658","740","803",
"천호2동","국민기초생활보장 수급권자","65~79세","","461","501","551","603",
"천호2동","국민기초생활보장 수급권자","80세 이상","","132","157","189","200",
"천호2동","저소득노인","계","","73","55","47","36",
"천호2동","저소득노인","65~79세","","47","38","36","30",
"천호2동","저소득노인","80세 이상","","26","17","11","6",
"천호2동","일   반","계","","1017","1086","1125","1406",
"천호2동","일   반","65~79세","","854","899","928","1105",
"천호2동","일   반","80세 이상","","163","187","197","301",
"천호3동","합계","계","","1348","1421","1497","1748",
"천호3동","합계","65~79세","","1077","1115","1161","1360",
"천호3동","합계","80세 이상","","271","306","336","388",
"천호3동","국민기초생활보장 수급권자","계","","461","509","552","618",
"천호3동","국민기초생활보장 수급권자","65~79세","","335","357","394","455",
"천호3동","국민기초생활보장 수급권자","80세 이상","","126","152","158","163",
"천호3동","저소득노인","계","","63","52","48","42",
"천호3동","저소득노인","65~79세","","48","35","31","29",
"천호3동","저소득노인","80세 이상","","15","17","17","13",
"천호3동","일   반","계","","824","860","897","1088",
"천호3동","일   반","65~79세","","694","723","736","876",
"천호3동","일   반","80세 이상","","130","137","161","212",
"성내1동","합계","계","","543","555","584","673",
"성내1동","합계","65~79세","","431","430","452","520",
"성내1동","합계","80세 이상","","112","125","132","153",
"성내1동","국민기초생활보장 수급권자","계","","80","77","83","102",
"성내1동","국민기초생활보장 수급권자","65~79세","","54","50","54","65",
"성내1동","국민기초생활보장 수급권자","80세 이상","","26","27","29","37",
"성내1동","저소득노인","계","","9","8","10","9",
"성내1동","저소득노인","65~79세","","8","5","8","5",
"성내1동","저소득노인","80세 이상","","1","3","2","4",
"성내1동","일   반","계","","454","470","491","562",
"성내1동","일   반","65~79세","","369","375","390","450",
"성내1동","일   반","80세 이상","","85","95","101","112",
"성내2동","합계","계","","1206","1294","1404","1660",
"성내2동","합계","65~79세","","941","1001","1075","1267",
"성내2동","합계","80세 이상","","265","293","329","393",
"성내2동","국민기초생활보장 수급권자","계","","300","342","384","442",
"성내2동","국민기초생활보장 수급권자","65~79세","","207","239","268","315",
"성내2동","국민기초생활보장 수급권자","80세 이상","","93","103","116","127",
"성내2동","저소득노인","계","","54","45","49","50",
"성내2동","저소득노인","65~79세","","36","28","34","37",
"성내2동","저소득노인","80세 이상","","18","17","15","13",
"성내2동","일   반","계","","852","907","971","1168",
"성내2동","일   반","65~79세","","698","734","773","915",
"성내2동","일   반","80세 이상","","154","173","198","253",
"성내3동","합계","계","","842","874","973","1170",
"성내3동","합계","65~79세","","659","679","755","900",
"성내3동","합계","80세 이상","","183","195","218","270",
"성내3동","국민기초생활보장 수급권자","계","","167","180","217","254",
"성내3동","국민기초생활보장 수급권자","65~79세","","122","127","162","192",
"성내3동","국민기초생활보장 수급권자","80세 이상","","45","53","55","62",
"성내3동","저소득노인","계","","33","37","32","28",
"성내3동","저소득노인","65~79세","","17","21","23","23",
"성내3동","저소득노인","80세 이상","","16","16","9","5",
"성내3동","일   반","계","","642","657","724","888",
"성내3동","일   반","65~79세","","520","531","570","685",
"성내3동","일   반","80세 이상","","122","126","154","203",
"길동","합계","계","","1719","1914","2119","2511",
"길동","합계","65~79세","","1370","1514","1666","1945",
"길동","합계","80세 이상","","349","400","453","566",
"길동","국민기초생활보장 수급권자","계","","410","461","556","613",
"길동","국민기초생활보장 수급권자","65~79세","","296","323","403","451",
"길동","국민기초생활보장 수급권자","80세 이상","","114","138","153","162",
"길동","저소득노인","계","","49","52","40","44",
"길동","저소득노인","65~79세","","32","37","27","33",
"길동","저소득노인","80세 이상","","17","15","13","11",
"길동","일   반","계","","1260","1401","1523","1854",
"길동","일   반","65~79세","","1042","1154","1236","1461",
"길동","일   반","80세 이상","","218","247","287","393",
"둔촌1동","합계","계","","3","2","3","564",
"둔촌1동","합계","65~79세","","2","1","2","476",
"둔촌1동","합계","80세 이상","","1","1","1","88",
"둔촌1동","국민기초생활보장 수급권자","계","","1","1","2","7",
"둔촌1동","국민기초생활보장 수급권자","65~79세","","0","1","1","4",
"둔촌1동","국민기초생활보장 수급권자","80세 이상","","1","-","1","3",
"둔촌1동","저소득노인","계","","0","-","-","2",
"둔촌1동","저소득노인","65~79세","","","-","-","-",
"둔촌1동","저소득노인","80세 이상","","","-","-","2",
"둔촌1동","일   반","계","","2","1","1","555",
"둔촌1동","일   반","65~79세","","2","-","1","472",
"둔촌1동","일   반","80세 이상","","0","1","-","83",
"둔촌2동","합계","계","","815","834","908","1124",
"둔촌2동","합계","65~79세","","627","639","687","847",
"둔촌2동","합계","80세 이상","","188","195","221","277",
"둔촌2동","국민기초생활보장 수급권자","계","","175","169","177","203",
"둔촌2동","국민기초생활보장 수급권자","65~79세","","110","100","105","133",
"둔촌2동","국민기초생활보장 수급권자","80세 이상","","65","69","72","70",
"둔촌2동","저소득노인","계","","39","31","36","27",
"둔촌2동","저소득노인","65~79세","","23","16","24","21",
"둔촌2동","저소득노인","80세 이상","","16","15","12","6",
"둔촌2동","일   반","계","","601","634","695","894",
"둔촌2동","일   반","65~79세","","494","523","558","693",
"둔촌2동","일   반","80세 이상","","107","111","137","201