시도,시군구,자격별,성별,연령구분,신청자,1등급,2등급,3등급,4등급,5등급,인지지원등급,등급외A,등급외B,등급외C
서울,종로구,일반,남자,65세미만,33,0,4,5,8,0,0,4,5,1
서울,종로구,일반,남자,65-69세,55,3,3,8,11,0,0,11,2,3
서울,종로구,일반,남자,70-74세,68,2,7,12,14,2,0,7,2,1
서울,종로구,일반,남자,75-79세,110,6,9,23,26,5,0,7,3,0
서울,종로구,일반,남자,80-84세,174,12,11,31,50,13,1,12,5,2
서울,종로구,일반,남자,85세이상,225,12,23,64,53,17,4,8,3,2
서울,종로구,일반,여자,65세미만,29,2,1,6,3,0,0,2,4,3
서울,종로구,일반,여자,65-69세,50,3,2,5,12,1,0,5,1,1
서울,종로구,일반,여자,70-74세,108,6,5,7,22,3,2,13,7,0
서울,종로구,일반,여자,75-79세,213,8,9,26,59,17,3,20,8,1
서울,종로구,일반,여자,80-84세,406,24,19,81,106,25,9,33,12,3
서울,종로구,일반,여자,85세이상,565,63,77,146,150,41,8,19,8,1
서울,종로구,기초,남자,65세미만,21,1,0,2,8,2,0,0,1,1
서울,종로구,기초,남자,65-69세,18,0,2,0,4,0,0,3,2,0
서울,종로구,기초,남자,70-74세,17,1,0,1,3,0,0,4,2,0
서울,종로구,기초,남자,75-79세,20,1,1,2,3,1,0,1,3,0
서울,종로구,기초,남자,80-84세,21,1,1,2,4,1,1,2,2,0
서울,종로구,기초,남자,85세이상,16,0,0,0,8,0,0,2,1,1
서울,종로구,기초,여자,65세미만,7,0,1,0,4,0,0,0,0,0
서울,종로구,기초,여자,65-69세,14,0,1,2,2,0,0,1,1,0
서울,종로구,기초,여자,70-74세,24,2,0,0,9,0,0,1,3,0
서울,종로구,기초,여자,75-79세,46,0,1,4,13,2,1,4,2,1
서울,종로구,기초,여자,80-84세,54,2,6,8,17,3,1,5,2,0
서울,종로구,기초,여자,85세이상,97,8,13,15,27,3,0,4,1,0
서울,종로구,의료,남자,65세미만,0,0,0,0,0,0,0,0,0,0
서울,종로구,의료,남자,65-69세,0,0,0,0,0,0,0,0,0,0
서울,종로구,의료,남자,70-74세,0,0,0,0,0,0,0,0,0,0
서울,종로구,의료,남자,75-79세,1,0,0,0,0,0,0,0,0,0
서울,종로구,의료,남자,80-84세,3,0,0,0,1,0,0,0,0,0
서울,종로구,의료,남자,85세이상,2,0,0,0,0,0,0,0,0,0
서울,종로구,의료,여자,65세미만,0,0,0,0,0,0,0,0,0,0
서울,종로구,의료,여자,65-69세,3,0,1,0,0,0,0,0,0,0
서울,종로구,의료,여자,70-74세,0,0,0,0,0,0,0,0,0,0
서울,종로구,의료,여자,75-79세,0,0,0,0,0,0,0,0,0,0
서울,종로구,의료,여자,80-84세,2,0,0,1,0,0,0,0,0,0
서울,종로구,의료,여자,85세이상,8,0,0,2,4,1,0,0,0,0
서울,종로구,감경,남자,65세미만,12,0,0,6,4,2,0,0,0,0
서울,종로구,감경,남자,65-69세,17,2,1,3,9,1,0,0,0,0
서울,종로구,감경,남자,70-74세,18,2,0,6,7,1,2,0,0,0
서울,종로구,감경,남자,75-79세,35,0,7,6,16,3,0,1,0,0
서울,종로구,감경,남자,80-84세,32,1,7,8,11,1,2,0,0,0
서울,종로구,감경,남자,85세이상,44,4,2,19,13,1,0,0,1,0
서울,종로구,감경,여자,65세미만,6,2,0,1,1,0,0,0,1,0
서울,종로구,감경,여자,65-69세,18,0,1,8,6,0,0,1,0,0
서울,종로구,감경,여자,70-74세,31,4,6,6,10,1,0,0,0,0
서울,종로구,감경,여자,75-79세,58,7,6,16,16,6,0,1,0,0
서울,종로구,감경,여자,80-84세,148,14,12,37,61,12,4,2,0,0
서울,종로구,감경,여자,85세이상,209,22,34,66,63,14,3,0,0,0
서울,중구,일반,남자,65세미만,27,0,1,6,1,0,0,5,4,5
서울,중구,일반,남자,65-69세,47,5,1,6,8,1,0,5,3,4
서울,중구,일반,남자,70-74세,52,0,1,13,10,2,0,6,3,0
서울,중구,일반,남자,75-79세,91,2,8,17,20,9,4,6,5,1
서울,중구,일반,남자,80-84세,143,5,14,30,35,10,6,7,6,3
서울,중구,일반,남자,85세이상,150,3,20,42,43,8,2,4,2,1
서울,중구,일반,여자,65세미만,21,2,0,3,2,1,1,0,2,5
서울,중구,일반,여자,65-69세,53,0,0,6,9,2,1,6,3,5
서울,중구,일반,여자,70-74세,88,3,5,15,16,6,1,10,7,2
서울,중구,일반,여자,75-79세,195,4,6,31,39,21,12,15,7,4
서울,중구,일반,여자,80-84세,280,5,24,47,98,28,7,12,8,5
서울,중구,일반,여자,85세이상,409,26,49,118,120,23,5,13,5,3
서울,중구,기초,남자,65세미만,19,2,2,3,3,0,0,2,3,1
서울,중구,기초,남자,65-69세,32,1,0,3,6,3,1,5,2,2
서울,중구,기초,남자,70-74세,27,0,0,3,9,3,2,1,0,2
서울,중구,기초,남자,75-79세,37,1,0,9,7,2,2,4,2,2
서울,중구,기초,남자,80-84세,33,0,1,2,9,2,1,1,1,2
서울,중구,기초,남자,85세이상,14,0,0,0,6,1,0,0,1,0
서울,중구,기초,여자,65세미만,7,0,1,2,2,1,0,0,0,0
서울,중구,기초,여자,65-69세,35,1,3,3,6,0,0,5,4,3
서울,중구,기초,여자,70-74세,41,1,0,5,14,4,0,2,4,0
서울,중구,기초,여자,75-79세,52,0,2,4,14,10,1,5,5,1
서울,중구,기초,여자,80-84세,84,0,2,14,32,5,1,4,7,1
서울,중구,기초,여자,85세이상,114,7,7,36,34,7,2,3,3,0
서울,중구,의료,남자,65세미만,0,0,0,0,0,0,0,0,0,0
서울,중구,의료,남자,65-69세,0,0,0,0,0,0,0,0,0,0
서울,중구,의료,남자,70-74세,1,0,0,0,0,0,0,0,0,0
서울,중구,의료,남자,75-79세,1,0,0,0,1,0,0,0,0,0
서울,중구,의료,남자,80-84세,1,0,0,0,0,0,0,0,0,0
서울,중구,의료,남자,85세이상,5,0,0,1,1,1,0,1,0,0
서울,중구,의료,여자,65세미만,0,0,0,0,0,0,0,0,0,0
서울,중구,의료,여자,65-69세,0,0,0,0,0,0,0,0,0,0
서울,중구,의료,여자,70-74세,1,0,0,0,0,1,0,0,0,0
서울,중구,의료,여자,75-79세,1,0,0,0,0,0,0,0,0,0
서울,중구,의료,여자,80-84세,1,0,0,1,0,0,0,0,0,0
서울,중구,의료,여자,85세이상,8,1,1,3,0,1,0,1,0,0
서울,중구,감경,남자,65세미만,6,0,1,3,1,0,0,0,0,0
서울,중구,감경,남자,65-69세,21,3,0,5,8,1,1,1,0,1
서울,중구,감경,남자,70-74세,23,1,2,11,2,2,1,0,1,0
서울,중구,감경,남자,75-79세,39,2,2,10,14,6,3,1,0,0
서울,중구,감경,남자,80-84세,45,3,6,13,15,8,0,0,0,0
서울,중구,감경,남자,85세이상,51,1,5,17,19,5,3,0,0,0
서울,중구,감경,여자,65세미만,3,2,0,0,0,0,0,0,0,0
서울,중구,감경,여자,65-69세,14,1,1,4,4,2,0,0,0,1
서울,중구,감경,여자,70-74세,30,0,3,4,13,1,1,2,0,1
서울,중구,감경,여자,75-79세,49,2,2,13,17,2,0,4,1,1
서울,중구,감경,여자,80-84세,117,1,8,32,48,11,7,0,2,0
서울,중구,감경,여자,85세이상,197,10,21,87,57,12,2,3,0,0
서울,용산구,일반,남자,65세미만,29,2,1,5,4,0,0,7,2,1
서울,용산구,일반,남자,65-69세,60,2,6,13,10,1,2,4,4,1
서울,용산구,일반,남자,70-74세,80,5,8,17,23,3,0,5,2,1
서울,용산구,일반,남자,75-79세,107,5,7,29,19,4,1,7,4,5
서울,용산구,일반,남자,80-84세,201,3,17,42,69,14,9,7,7,3
서울,용산구,일반,남자,85세이상,311,19,32,87,107,12,3,9,4,4
서울,용산구,일반,여자,65세미만,21,2,0,3,3,2,0,5,1,1
서울,용산구,일반,여자,65-69세,62,4,1,5,16,0,1,6,2,2
서울,용산구,일반,여자,70-74세,129,4,6,19,21,12,2,10,7,4
서울,용산구,일반,여자,75-79세,253,8,17,34,73,19,4,12,10,2
서울,용산구,일반,여자,80-84세,517,15,37,103,186,43,5,24,11,5
서울,용산구,일반,여자,85세이상,772,28,104,203,281,36,8,24,12,2
서울,용산구,기초,남자,65세미만,33,1,4,6,5,0,0,3,1,2
서울,용산구,기초,남자,65-69세,44,1,0,7,7,0,1,5,3,3
서울,용산구,기초,남자,70-74세,33,0,1,5,8,2,0,2,6,0
서울,용산구,기초,남자,75-79세,24,0,0,3,6,1,0,5,0,0
서울,용산구,기초,남자,80-84세,27,1,1,6,5,1,0,3,1,0
서울,용산구,기초,남자,85세이상,24,0,1,5,6,2,1,2,2,0
서울,용산구,기초,여자,65세미만,15,1,3,5,1,0,2,1,0,1
서울,용산구,기초,여자,65-69세,40,0,0,3,10,0,0,6,3,1
서울,용산구,기초,여자,70-74세,38,0,0,6,6,1,0,3,6,0
서울,용산구,기초,여자,75-79세,63,0,1,8,22,7,3,2,2,0
서울,용산구,기초,여자,80-84세,79,0,6,12,33,4,0,8,5,0
서울,용산구,기초,여자,85세이상,143,2,11,28,56,8,0,8,8,2
서울,용산구,의료,남자,65세미만,0,0,0,0,0,0,0,0,0,0
서울,용산구,의료,남자,65-69세,1,0,0,0,0,0,0,0,0,0
서울,용산구,의료,남자,70-74세,1,0,1,0,0,0,0,0,0,0
서울,용산구,의료,남자,75-79세,1,0,0,1,0,0,0,0,0,0
서울,용산구,의료,남자,80-84세,0,0,0,0,0,0,0,0,0,0
서울,용산구,의료,남자,85세이상,4,0,0,0,2,0,0,0,0,0
서울,용산구,의료,여자,65세미만,0,0,0,0,0,0,0,0,0,0
서울,용산구,의료,여자,65-69세,0,0,0,0,0,0,0,0,0,0
서울,용산구,의료,여자,70-74세,1,0,0,0,0,0,0,0,0,0
서울,용산구,의료,여자,75-79세,2,0,0,1,1,0,0,0,0,0
서울,용산구,의료,여자,80-84세,4,0,0,1,1,0,0,0,0,0
서울,용산구,의료,여자,85세이상,9,0,1,1,5,1,0,0,0,0
서울,용산구,감경,남자,65세미만,3,0,0,0,0,1,0,0,0,0
서울,용산구,감경,남자,65-69세,17,1,2,5,6,2,0,0,0,0
서울,용산구,감경,남자,70-74세,18,1,1,10,5,0,0,0,0,0
서울,용산구,감경,남자,75-79세,27,2,3,8,9,5,0,0,0,0
서울,용산구,감경,남자,80-84세,54,1,5,18,22,5,1,0,0,0
서울,용산구,감경,남자,85세이상,43,2,3,13,16,7,0,0,1,0
서울,용산구,감경,여자,65세미만,5,0,0,3,2,0,0,0,0,0
서울,용산구,감경,여자,65-69세,9,0,1,0,5,1,0,1,0,0
서울,용산구,감경,여자,70-74세,22,0,0,9,8,1,1,1,0,0
서울,용산구,감경,여자,75-79세,65,0,6,22,30,2,3,0,0,0
서울,용산구,감경,여자,80-84세,132,5,12,35,64,8,2,1,1,0
서울,용산구,감경,여자,85세이상,227,12,33,69,91,11,0,1,0,0
서울,성동구,일반,남자,65세미만,36,4,3,4,5,0,0,11,3,1
서울,성동구,일반,남자,65-69세,83,4,2,11,27,2,2,6,8,3
서울,성동구,일반,남자,70-74세,125,9,6,34,25,7,1,10,2,4
서울,성동구,일반,남자,75-79세,190,10,14,29,51,22,6,14,8,2
서울,성동구,일반,남자,80-84세,281,8,17,52,73,40,12,11,13,5
서울,성동구,일반,남자,85세이상,291,10,19,60,94,30,5,15,9,3
서울,성동구,일반,여자,65세미만,36,4,4,1,5,2,2,5,4,3
서울,성동구,일반,여자,65-69세,108,9,6,15,13,6,1,17,2,5
서울,성동구,일반,여자,70-74세,218,9,16,20,33,15,5,34,8,5
서울,성동구,일반,여자,75-79세,418,11,19,48,114,35,10,49,32,8
서울,성동구,일반,여자,80-84세,690,18,29,111,221,88,21,51,18,14
서울,성동구,일반,여자,85세이상,831,35,70,193,273,86,12,50,16,9
서울,성동구,기초,남자,65세미만,41,2,2,4,10,3,3,5,3,1
서울,성동구,기초,남자,65-69세,37,2,0,6,7,1,1,7,2,3
서울,성동구,기초,남자,70-74세,42,0,3,4,7,4,1,6,2,2
서울,성동구,기초,남자,75-79세,34,0,1,3,10,2,0,3,2,0
서울,성동구,기초,남자,80-84세,44,0,3,5,9,4,3,2,3,1
서울,성동구,기초,남자,85세이상,31,0,0,3,12,1,2,0,3,0
서울,성동구,기초,여자,65세미만,15,1,0,0,1,2,0,3,1,1
서울,성동구,기초,여자,65-69세,51,1,3,5,6,2,1,6,6,4
서울,성동구,기초,여자,70-74세,45,2,1,7,16,1,0,3,5,3
서울,성동구,기초,여자,75-79세,88,1,0,20,25,6,1,9,2,4
서울,성동구,기초,여자,80-84세,156,7,6,16,47,15,2,11,10,3
서울,성동구,기초,여자,85세이상,194,7,15,29,60,11,1,7,7,1
서울,성동구,의료,남자,65세미만,0,0,0,0,0,0,0,0,0,0
서울,성동구,의료,남자,65-69세,1,0,0,0,0,0,0,0,1,0
서울,성동구,의료,남자,70-74세,1,0,0,0,0,0,0,0,0,0
서울,성동구,의료,남자,75-79세,2,0,1,1,0,0,0,0,0,0
서울,성동구,의료,남자,80-84세,2,0,0,0,0,0,0,0,0,0
서울,성동구,의료,남자,85세이상,3,0,0,1,1,0,0,0,0,0
서울,성동구,의료,여자,65세미만,0,0,0,0,0,0,0,0,0,0
서울,성동구,의료,여자,65-69세,1,0,0,0,0,0,0,1,0,0
서울,성동구,의료,여자,70-74세,2,1,0,0,0,0,0,0,1,0
서울,성동구,의료,여자,75-79세,2,0,0,0,0,0,1,0,1,0
서울,성동구,의료,여자,80-84세,14,0,2,1,4,0,1,2,0,0
서울,성동구,의료,여자,85세이상,19,1,1,5,8,0,0,0,0,0
서울,성동구,감경,남자,65세미만,24,1,2,8,5,1,1,0,0,0
서울,성동구,감경,남자,65-69세,29,1,2,7,9,1,2,1,0,3
서울,성동구,감경,남자,70-74세,42,2,5,16,12,3,0,1,1,0
서울,성동구,감경,남자,75-79세,40,0,3,10,18,3,0,1,0,2
서울,성동구,감경,남자,80-84세,65,1,5,16,31,8,2,0,0,0
서울,성동구,감경,남자,85세이상,63,2,6,15,32,6,2,0,0,0
서울,성동구,감경,여자,65세미만,20,4,1,7,4,0,0,2,0,0
서울,성동구,감경,여자,65-69세,24,5,1,6,7,1,2,1,0,0
서울,성동구,감경,여자,70-74세,50,4,5,17,15,2,0,1,1,0
서울,성동구,감경,여자,75-79세,127,5,9,29,51,19,5,2,0,1
서울,성동구,감경,여자,80-84세,188,6,10,50,80,23,8,2,1,2
서울,성동구,감경,여자,85세이상,308,9,26,95,124,34,6,1,1,0
서울,광진구,일반,남자,65세미만,52,6,5,1,10,2,0,6,5,2
서울,광진구,일반,남자,65-69세,113,4,11,20,24,5,2,13,2,3
서울,광진구,일반,남자,70-74세,148,7,7,39,34,7,1,8,6,4
서울,광진구,일반,남자,75-79세,208,9,11,52,52,18,2,10,6,6
서울,광진구,일반,남자,80-84세,303,9,13,95,93,20,6,19,5,5
서울,광진구,일반,남자,85세이상,369,10,37,83,151,27,3,11,4,2
서울,광진구,일반,여자,65세미만,50,2,2,14,10,2,0,6,1,3
서울,광진구,일반,여자,65-69세,113,2,7,16,21,8,1,7,5,6
서울,광진구,일반,여자,70-74세,247,14,9,47,54,16,3,26,11,3
서울,광진구,일반,여자,75-79세,420,17,23,89,111,24,10,27,9,5
서울,광진구,일반,여자,80-84세,712,17,41,171,253,61,10,33,15,5
서울,광진구,일반,여자,85세이상,946,46,109,305,303,51,5,30,6,1
서울,광진구,기초,남자,65세미만,49,1,3,6,9,4,0,3,4,3
서울,광진구,기초,남자,65-69세,59,3,3,9,10,5,2,4,2,1
서울,광진구,기초,남자,70-74세,41,1,6,1,15,1,1,1,1,4
서울,광진구,기초,남자,75-79세,37,1,1,4,13,5,0,3,2,0
서울,광진구,기초,남자,80-84세,43,0,4,7,10,5,2,0,4,1
서울,광진구,기초,남자,85세이상,27,0,0,8,7,2,1,2,0,0
서울,광진구,기초,여자,65세미만,25,1,3,2,11,0,1,0,0,0
서울,광진구,기초,여자,65-69세,42,0,1,8,17,0,1,8,1,1
서울,광진구,기초,여자,70-74세,71,3,1,5,26,4,2,6,5,1
서울,광진구,기초,여자,75-79세,104,4,6,17,19,5,1,5,7,5
서울,광진구,기초,여자,80-84세,140,2,9,27,52,10,1,9,7,1
서울,광진구,기초,여자,85세이상,193,8,21,52,69,6,0,2,2,1
서울,광진구,의료,남자,65세미만,1,0,0,0,0,0,0,0,0,0
서울,광진구,의료,남자,65-69세,0,0,0,0,0,0,0,0,0,0
서울,광진구,의료,남자,70-74세,1,0,0,0,1,0,0,0,0,0
서울,광진구,의료,남자,75-79세,2,0,1,0,1,0,0,0,0,0
서울,광진구,의료,남자,80-84세,3,0,0,1,0,0,0,0,0,0
서울,광진구,의료,남자,85세이상,7,0,1,2,1,0,0,0,0,0
서울,광진구,의료,여자,65세미만,0,0,0,0,0,0,0,0,0,0
서울,광진구,의료,여자,65-69세,1,0,0,0,0,0,0,0,0,0
서울,광진구,의료,여자,70-74세,2,0,1,0,1,0,0,0,0,0
서울,광진구,의료,여자,75-79세,1,0,0,0,0,0,0,0,0,0
서울,광진구,의료,여자,80-84세,5,0,0,2,1,0,0,0,0,0
서울,광진구,의료,여자,85세이상,23,0,2,9,7,1,0,0,0,0
서울,광진구,감경,남자,65세미만,27,3,3,8,7,3,0,0,0,1
서울,광진구,감경,남자,65-69세,30,1,5,6,9,4,0,0,0,0
서울,광진구,감경,남자,70-74세,52,4,2,19,19,4,0,2,0,0
서울,광진구,감경,남자,75-79세,55,0,6,15,23,7,2,0,0,0
서울,광진구,감경,남자,80-84세,77,0,6,20,43,6,0,0,0,0
서울,광진구,감경,남자,85세이상,73,2,4,25,32,8,0,0,0,0
서울,광진구,감경,여자,65세미만,20,3,3,4,3,3,0,0,0,0
서울,광진구,감경,여자,65-69세,45,3,7,8,16,2,1,1,2,0
서울,광진구,감경,여자,70-74세,80,4,7,26,31,5,2,1,0,1
서울,광진구,감경,여자,75-79세,134,5,9,31,59,13,6,1,0,0
서울,광진구,감경,여자,80-84세,288,9,22,94,131,20,2,1,0,0
서울,광진구,감경,여자,85세이상,415,22,56,142,163,19,5,0,0,0
서울,동대문구,일반,남자,65세미만,70,8,3,14,11,0,2,7,6,0
서울,동대문구,일반,남자,65-69세,134,5,10,20,22,4,1,19,8,6
서울,동대문구,일반,남자,70-74세,205,15,13,26,54,11,5,26,8,1
서울,동대문구,일반,남자,75-79세,304,10,15,62,75,21,11,31,18,4
서울,동대문구,일반,남자,80-84세,384,17,22,68,129,34,14,22,15,4
서울,동대문구,일반,남자,85세이상,402,12,19,72,128,44,14,31,19,3
서울,동대문구,일반,여자,65세미만,58,10,2,4,9,1,0,8,1,0
서울,동대문구,일반,여자,65-69세,168,8,6,18,29,7,2,18,11,7
서울,동대문구,일반,여자,70-74세,305,10,14,41,59,16,6,43,15,3
서울,동대문구,일반,여자,75-79세,594,29,22,93,158,64,23,53,27,9
서울,동대문구,일반,여자,80-84세,972,33,60,159,321,97,28,86,38,9
서울,동대문구,일반,여자,85세이상,1062,35,98,232,352,109,20,52,31,2
서울,동대문구,기초,남자,65세미만,93,5,4,15,15,2,4,11,6,1
서울,동대문구,기초,남자,65-69세,106,5,5,9,23,10,1,13,7,3
서울,동대문구,기초,남자,70-74세,89,3,6,14,21,7,4,5,4,3
서울,동대문구,기초,남자,75-79세,76,3,2,10,20,7,2,6,9,2
서울,동대문구,기초,남자,80-84세,64,0,2,9,20,3,3,5,1,3
서울,동대문구,기초,남자,85세이상,46,2,4,7,10,4,3,5,4,0
서울,동대문구,기초,여자,65세미만,40,1,4,4,9,1,0,5,1,1
서울,동대문구,기초,여자,65-69세,78,2,6,8,17,2,0,7,3,5
서울,동대문구,기초,여자,70-74세,95,2,3,17,23,8,1,8,6,2
서울,동대문구,기초,여자,75-79세,172,3,3,22,61,15,3,16,11,2
서울,동대문구,기초,여자,80-84세,232,7,9,45,79,22,3,21,5,4
서울,동대문구,기초,여자,85세이상,233,18,13,31,86,18,6,7,6,4
서울,동대문구,의료,남자,65세미만,1,0,0,0,0,0,0,0,0,1
서울,동대문구,의료,남자,65-69세,0,0,0,0,0,0,0,0,0,0
서울,동대문구,의료,남자,70-74세,2,1,0,1,0,0,0,0,0,0
서울,동대문구,의료,남자,75-79세,2,0,0,2,0,0,0,0,0,0
서울,동대문구,의료,남자,80-84세,2,0,0,0,1,0,1,0,0,0
서울,동대문구,의료,남자,85세이상,5,0,0,2,0,0,0,1,0,0
서울,동대문구,의료,여자,65세미만,1,0,0,0,0,0,0,0,0,0
서울,동대문구,의료,여자,65-69세,0,0,0,0,0,0,0,0,0,0
서울,동대문구,의료,여자,70-74세,2,0,0,0,1,0,0,0,0,0
서울,동대문구,의료,여자,75-79세,5,0,0,0,1,0,0,1,0,0
서울,동대문구,의료,여자,80-84세,6,0,0,1,2,2,0,1,0,0
서울,동대문구,의료,여자,85세이상,15,0,1,4,4,4,0,0,0,0
서울,동대문구,감경,남자,65세미만,52,8,2,17,12,4,1,0,1,0
서울,동대문구,감경,남자,65-69세,52,5,4,17,12,6,2,1,1,0
서울,동대문구,감경,남자,70-74세,86,6,4,25,27,12,6,2,1,0
서울,동대문구,감경,남자,75-79세,78,2,6,19,29,15,3,2,0,0
서울,동대문구,감경,남자,80-84세,120,8,8,22,48,21,5,1,2,0
서울,동대문구,감경,남자,85세이상,126,4,8,28,59,20,3,0,1,0
서울,동대문구,감경,여자,65세미만,28,7,3,7,4,2,1,1,0,0
서울,동대문구,감경,여자,65-69세,47,6,5,15,10,3,2,1,0,1
서울,동대문구,감경,여자,70-74세,89,7,4,22,29,5,8,3,2,0
서울,동대문구,감경,여자,75-79세,231,14,11,45,101,28,9,4,1,2
서울,동대문구,감경,여자,80-84세,329,15,20,87,144,31,11,4,2,0
서울,동대문구,감경,여자,85세이상,510,31,40,169,205,40,11,4,1,0
서울,중랑구,일반,남자,65세미만,86,5,4,12,12,0,1,15,6,6
서울,중랑구,일반,남자,65-69세,151,7,6,34,28,3,0,13,11,7
서울,중랑구,일반,남자,70-74세,217,8,21,59,35,5,4,20,10,5
서울,중랑구,일반,남자,75-79세,297,15,28,63,86,22,0,17,11,7
서울,중랑구,일반,남자,80-84세,363,14,24,88,108,36,9,18,10,5
서울,중랑구,일반,남자,85세이상,352,15,22,88,104,24,7,17,13,1
서울,중랑구,일반,여자,65세미만,73,3,5,12,7,4,0,11,2,7
서울,중랑구,일반,여자,65-69세,174,9,10,24,30,5,5,21,10,8
서울,중랑구,일반,여자,70-74세,301,8,14,48,59,15,9,36,13,6
서울,중랑구,일반,여자,75-79세,674,20,42,110,196,46,18,51,43,10
서울,중랑구,일반,여자,80-84세,895,28,50,201,284,68,25,51,32,7
서울,중랑구,일반,여자,85세이상,934,43,104,274,298,41,11,30,20,7
서울,중랑구,기초,남자,65세미만,144,8,8,26,50,7,2,12,6,4
서울,중랑구,기초,남자,65-69세,153,3,7,24,44,10,1,14,10,9
서울,중랑구,기초,남자,70-74세,130,2,7,23,47,9,1,8,4,4
서울,중랑구,기초,남자,75-79세,111,2,8,19,35,6,0,16,6,3
서울,중랑구,기초,남자,80-84세,88,4,2,21,26,3,0,6,2,4
서울,중랑구,기초,남자,85세이상,61,1,4,10,19,2,2,4,4,0
서울,중랑구,기초,여자,65세미만,67,8,2,13,24,1,0,3,2,2
서울,중랑구,기초,여자,65-69세,141,8,7,30,35,3,5,18,8,3
서울,중랑구,기초,여자,70-74세,140,4,8,28,41,6,1,8,11,4
서울,중랑구,기초,여자,75-79세,267,6,16,56,77,19,5,13,15,7
서울,중랑구,기초,여자,80-84세,336,21,35,87,107,16,6,16,7,3
서울,중랑구,기초,여자,85세이상,516,47,72,130,151,13,8,13,5,2
서울,중랑구,의료,남자,65세미만,1,0,0,0,1,0,0,0,0,0
서울,중랑구,의료,남자,65-69세,1,0,0,1,0,0,0,0,0,0
서울,중랑구,의료,남자,70-74세,1,0,0,0,0,0,0,0,0,1
서울,중랑구,의료,남자,75-79세,5,0,1,0,2,0,0,0,0,0
서울,중랑구,의료,남자,80-84세,5,0,0,0,1,0,0,0,1,0
서울,중랑구,의료,남자,85세이상,12,1,1,5,2,0,0,0,0,0
서울,중랑구,의료,여자,65세미만,0,0,0,0,0,0,0,0,0,0
서울,중랑구,의료,여자,65-69세,0,0,0,0,0,0,0,0,0,0
서울,중랑구,의료,여자,70-74세,2,0,0,1,0,0,0,0,1,0
서울,중랑구,의료,여자,75-79세,4,0,0,0,1,0,0,1,0,0
서울,중랑구,의료,여자,80-84세,13,0,0,3,5,1,0,0,0,1
서울,중랑구,의료,여자,85세이상,30,3,5,6,7,1,0,0,0,0
서울,중랑구,감경,남자,65세미만,57,3,7,18,15,3,0,0,1,0
서울,중랑구,감경,남자,65-69세,84,8,8,26,34,1,1,2,0,0
서울,중랑구,감경,남자,70-74세,112,3,8,40,48,6,3,1,0,0
서울,중랑구,감경,남자,75-79세,149,5,10,53,60,9,3,1,0,1
서울,중랑구,감경,남자,80-84세,179,5,20,61,63,19,4,1,0,1
서울,중랑구,감경,남자,85세이상,176,8,17,53,70,16,8,0,0,0
서울,중랑구,감경,여자,65세미만,53,10,7,14,13,2,0,1,0,0
서울,중랑구,감경,여자,65-69세,79,4,8,19,32,6,0,1,1,0
서울,중랑구,감경,여자,70-74세,141,8,10,44,47,15,6,2,0,1
서울,중랑구,감경,여자,75-79세,283,14,23,87,119,20,7,3,0,0
서울,중랑구,감경,여자,80-84세,507,19,48,161,196,45,7,3,3,0
서울,중랑구,감경,여자,85세이상,687,46,109,223,250,40,5,2,1,0
서울,성북구,일반,남자,65세미만,66,7,2,11,12,2,0,7,6,1
서울,성북구,일반,남자,65-69세,131,10,8,28,25,7,0,15,5,7
서울,성북구,일반,남자,70-74세,216,14,19,45,54,11,1,20,7,7
서울,성북구,일반,남자,75-79세,337,16,14,88,99,14,5,28,9,4
서울,성북구,일반,남자,80-84세,505,14,35,122,171,34,14,28,11,9
서울,성북구,일반,남자,85세이상,534,13,55,129,195,46,5,19,9,2
서울,성북구,일반,여자,65세미만,82,6,5,9,7,7,1,15,6,3
서울,성북구,일반,여자,65-69세,168,8,11,24,26,4,2,33,8,7
서울,성북구,일반,여자,70-74세,379,17,30,46,77,23,8,39,16,7
서울,성북구,일반,여자,75-79세,698,28,42,129,199,55,15,64,26,6
서울,성북구,일반,여자,80-84세,1108,53,92,234,353,106,13,71,30,7
서울,성북구,일반,여자,85세이상,1310,70,164,376,447,74,6,37,11,10
서울,성북구,기초,남자,65세미만,90,5,3,16,23,3,0,9,4,4
서울,성북구,기초,남자,65-69세,103,2,5,11,30,8,2,14,6,3
서울,성북구,기초,남자,70-74세,81,1,1,11,29,2,1,7,9,1
서울,성북구,기초,남자,75-79세,70,4,6,12,13,3,1,6,4,1
서울,성북구,기초,남자,80-84세,62,3,2,14,21,7,0,5,0,1
서울,성북구,기초,남자,85세이상,57,1,6,10,23,3,0,2,2,0
서울,성북구,기초,여자,65세미만,38,5,1,9,6,3,0,4,0,1
서울,성북구,기초,여자,65-69세,82,4,3,12,18,3,2,12,3,3
서울,성북구,기초,여자,70-74세,100,0,6,16,29,5,0,6,7,1
서울,성북구,기초,여자,75-79세,170,5,8,26,58,9,1,19,8,8
서울,성북구,기초,여자,80-84세,233,3,20,58,79,14,2,10,5,3
서울,성북구,기초,여자,85세이상,337,16,49,89,103,17,3,10,3,1
서울,성북구,의료,남자,65세미만,0,0,0,0,0,0,0,0,0,0
서울,성북구,의료,남자,65-69세,1,0,0,0,0,0,0,0,0,0
서울,성북구,의료,남자,70-74세,1,0,1,0,0,0,0,0,0,0
서울,성북구,의료,남자,75-79세,2,0,0,1,1,0,0,0,0,0
서울,성북구,의료,남자,80-84세,4,0,1,0,0,0,0,0,0,1
서울,성북구,의료,남자,85세이상,9,1,0,2,1,1,0,0,0,0
서울,성북구,의료,여자,65세미만,0,0,0,0,0,0,0,0,0,0
서울,성북구,의료,여자,65-69세,1,0,0,0,0,0,0,0,0,0
서울,성북구,의료,여자,70-74세,1,0,0,1,0,0,0,0,0,0
서울,성북구,의료,여자,75-79세,4,0,0,1,2,1,0,0,0,0
서울,성북구,의료,여자,80-84세,14,0,0,4,3,0,0,1,0,1
서울,성북구,의료,여자,85세이상,25,2,3,5,5,0,1,1,0,0
서울,성북구,감경,남자,65세미만,49,8,6,14,11,5,0,1,1,0
서울,성북구,감경,남자,65-69세,54,4,7,16,22,4,0,0,0,0
서울,성북구,감경,남자,70-74세,88,3,9,28,36,5,1,0,1,0
서울,성북구,감경,남자,75-79세,132,7,11,40,49,18,1,1,0,0
서울,성북구,감경,남자,80-84세,137,7,9,50,39,21,3,2,0,0
서울,성북구,감경,남자,85세이상,169,7,19,48,67,19,4,0,1,0
서울,성북구,감경,여자,65세미만,23,3,4,3,7,1,0,1,1,0
서울,성북구,감경,여자,65-69세,49,3,5,15,22,0,1,1,0,0
서울,성북구,감경,여자,70-74세,122,7,11,31,52,7,2,3,0,0
서울,성북구,감경,여자,75-79세,286,23,31,79,98,22,2,5,3,1
서울,성북구,감경,여자,80-84세,496,21,56,125,202,55,8,6,2,0
서울,성북구,감경,여자,85세이상,686,50,92,216,261,44,4,3,0,0
서울,강북구,일반,남자,65세미만,79,5,1,11,5,0,0,19,9,4
서울,강북구,일반,남자,65-69세,121,3,7,22,20,2,1,21,5,12
서울,강북구,일반,남자,70-74세,168,3,9,28,41,7,6,23,6,2
서울,강북구,일반,남자,75-79세,250,9,14,49,61,14,9,24,16,4
서울,강북구,일반,남자,80-84세,333,8,15,65,103,24,14,25,15,6
서울,강북구,일반,남자,85세이상,348,10,25,67,117,32,9,17,17,4
서울,강북구,일반,여자,65세미만,50,4,2,5,8,2,3,8,2,3
서울,강북구,일반,여자,65-69세,160,4,9,15,22,3,1,24,15,7
서울,강북구,일반,여자,70-74세,277,5,17,33,53,8,7,33,25,4
서울,강북구,일반,여자,75-79세,498,12,25,71,139,40,18,60,31,10
서울,강북구,일반,여자,80-84세,784,28,54,125,253,76,35,61,30,11
서울,강북구,일반,여자,85세이상,786,28,66,208,263,59,13,43,17,3
서울,강북구,기초,남자,65세미만,122,8,8,18,23,4,5,18,7,9
서울,강북구,기초,남자,65-69세,152,4,5,21,36,5,2,20,15,9
서울,강북구,기초,남자,70-74세,97,2,7,13,30,2,1,8,7,6
서울,강북구,기초,남자,75-79세,105,4,5,10,26,8,2,15,10,3
서울,강북구,기초,남자,80-84세,96,1,4,20,19,9,5,9,7,3
서울,강북구,기초,남자,85세이상,57,2,3,9,20,6,3,1,4,0
서울,강북구,기초,여자,65세미만,55,2,5,5,12,1,2,11,3,3
서울,강북구,기초,여자,65-69세,87,1,2,15,26,6,1,10,6,4
서울,강북구,기초,여자,70-74세,149,4,9,17,48,6,2,15,15,3
서울,강북구,기초,여자,75-79세,218,6,7,21,72,16,8,27,16,4
서울,강북구,기초,여자,80-84세,311,6,19,50,118,24,9,12,11,4
서울,강북구,기초,여자,85세이상,364,17,24,82,136,20,6,12,8,1
서울,강북구,의료,남자,65세미만,0,0,0,0,0,0,0,0,0,0
서울,강북구,의료,남자,65-69세,0,0,0,0,0,0,0,0,0,0
서울,강북구,의료,남자,70-74세,2,0,0,0,0,0,0,0,0,0
서울,강북구,의료,남자,75-79세,3,0,0,1,1,1,0,0,0,0
서울,강북구,의료,남자,80-84세,5,0,0,1,1,0,0,1,0,0
서울,강북구,의료,남자,85세이상,6,0,0,0,1,1,0,1,0,0
서울,강북구,의료,여자,65세미만,0,0,0,0,0,0,0,0,0,0
서울,강북구,의료,여자,65-69세,0,0,0,0,0,0,0,0,0,0
서울,강북구,의료,여자,70-74세,1,0,0,0,1,0,0,0,0,0
서울,강북구,의료,여자,75-79세,7,0,0,1,0,1,1,0,2,0
서울,강북구,의료,여자,80-84세,12,1,0,2,4,0,0,0,1,0
서울,강북구,의료,여자,85세이상,28,0,3,4,9,2,0,0,1,0
서울,강북구,감경,남자,65세미만,40,4,9,12,6,0,0,3,0,2
서울,강북구,감경,남자,65-69세,71,5,8,23,24,5,1,1,1,0
서울,강북구,감경,남자,70-74세,86,7,6,27,34,9,1,0,0,0
서울,강북구,감경,남자,75-79세,136,8,9,34,53,25,4,1,1,0
서울,강북구,감경,남자,80-84세,147,4,15,37,63,18,3,2,1,0
서울,강북구,감경,남자,85세이상,128,2,13,39,48,15,5,0,0,1
서울,강북구,감경,여자,65세미만,34,5,2,13,7,1,1,0,1,0
서울,강북구,감경,여자,65-69세,64,3,4,20,28,5,2,0,0,1
서울,강북구,감경,여자,70-74세,143,8,9,29,68,12,6,3,1,1
서울,강북구,감경,여자,75-79세,285,20,17,71,113,35,10,2,3,3
서울,강북구,감경,여자,80-84세,421,14,38,106,184,49,13,2,0,0
서울,강북구,감경,여자,85세이상,590,31,70,194,225,42,11,2,4,0
서울,도봉구,일반,남자,65세미만,71,3,4,8,13,3,0,12,6,5
서울,도봉구,일반,남자,65-69세,130,5,6,21,30,6,4,19,8,3
서울,도봉구,일반,남자,70-74세,170,8,8,30,42,5,4,22,10,1
서울,도봉구,일반,남자,75-79세,266,6,18,46,75,20,8,23,8,4
서울,도봉구,일반,남자,80-84세,380,16,28,61,130,44,10,24,16,1
서울,도봉구,일반,남자,85세이상,379,9,12,68,136,42,6,26,10,6
서울,도봉구,일반,여자,65세미만,56,4,7,6,8,3,2,6,6,5
서울,도봉구,일반,여자,65-69세,158,8,6,22,24,5,4,25,7,3
서울,도봉구,일반,여자,70-74세,290,13,12,35,55,9,8,32,19,9
서울,도봉구,일반,여자,75-79세,523,18,24,67,135,34,19,55,20,15
서울,도봉구,일반,여자,80-84세,867,32,56,157,285,69,30,60,30,6
서울,도봉구,일반,여자,85세이상,1116,60,122,248,396,86,25,56,12,5
서울,도봉구,기초,남자,65세미만,86,5,3,13,18,7,3,6,6,2
서울,도봉구,기초,남자,65-69세,87,4,6,16,23,5,2,7,5,2
서울,도봉구,기초,남자,70-74세,80,2,5,9,26,7,2,6,4,2
서울,도봉구,기초,남자,75-79세,76,2,3,9,20,9,2,7,2,3
서울,도봉구,기초,남자,80-84세,71,1,5,14,23,5,2,3,2,1
서울,도봉구,기초,남자,85세이상,54,1,1,14,14,7,0,5,2,0
서울,도봉구,기초,여자,65세미만,47,10,3,8,10,2,1,1,2,0
서울,도봉구,기초,여자,65-69세,77,1,4,11,22,3,2,10,6,4
서울,도봉구,기초,여자,70-74세,90,9,5,18,22,5,1,6,3,4
서울,도봉구,기초,여자,75-79세,166,6,6,23,52,12,2,13,16,4
서울,도봉구,기초,여자,80-84세,233,10,26,42,88,11,4,11,5,1
서울,도봉구,기초,여자,85세이상,315,25,42,67,95,21,3,4,8,1
서울,도봉구,의료,남자,65세미만,0,0,0,0,0,0,0,0,0,0
서울,도봉구,의료,남자,65-69세,0,0,0,0,0,0,0,0,0,0
서울,도봉구,의료,남자,70-74세,1,0,0,0,0,0,0,0,0,0
서울,도봉구,의료,남자,75-79세,0,0,0,0,0,0,0,0,0,0
서울,도봉구,의료,남자,80-84세,3,0,0,2,1,0,0,0,0,0
서울,도봉구,의료,남자,85세이상,11,0,0,2,4,0,0,0,0,1
서울,도봉구,의료,여자,65세미만,0,0,0,0,0,0,0,0,0,0
서울,도봉구,의료,여자,65-69세,0,0,0,0,0,0,0,0,0,0
서울,도봉구,의료,여자,70-74세,1,0,0,0,0,1,0,0,0,0
서울,도봉구,의료,여자,75-79세,7,0,2,1,2,0,0,0,1,0
서울,도봉구,의료,여자,80-84세,17,0,0,4,4,0,0,0,2,0
서울,도봉구,의료,여자,85세이상,33,5,3,6,8,1,0,1,1,0
서울,도봉구,감경,남자,65세미만,31,0,3,8,8,2,0,3,1,0
서울,도봉구,감경,남자,65-69세,63,2,4,18,25,7,0,2,0,0
서울,도봉구,감경,남자,70-74세,98,4,4,31,44,8,2,0,1,1
서울,도봉구,감경,남자,75-79세,127,5,5,33,59,13,5,1,1,0
서울,도봉구,감경,남자,80-84세,157,5,12,40,51,35,8,1,0,1
서울,도봉구,감경,남자,85세이상,158,1,19,44,67,18,2,2,1,1
서울,도봉구,감경,여자,65세미만,33,5,3,5,9,1,1,1,0,0
서울,도봉구,감경,여자,65-69세,55,11,7,14,11,6,1,1,0,0
서울,도봉구,감경,여자,70-74세,104,6,8,27,42,10,2,0,3,0
서울,도봉구,감경,여자,75-79세,263,19,22,69,85,32,13,4,5,1
서울,도봉구,감경,여자,80-84세,468,18,40,121,200,54,13,4,3,1
서울,도봉구,감경,여자,85세이상,748,57,121,238,263,45,10,2,3,0
서울,노원구,일반,남자,65세미만,106,5,1,13,10,9,0,22,3,10
서울,노원구,일반,남자,65-69세,154,9,4,33,38,3,1,9,8,6
서울,노원구,일반,남자,70-74세,235,11,14,42,66,14,2,16,6,9
서울,노원구,일반,남자,75-79세,320,8,20,63,90,28,7,22,8,5
서울,노원구,일반,남자,80-84세,432,9,18,68,140,62,18,24,19,2
서울,노원구,일반,남자,85세이상,447,12,19,105,162,55,7,14,9,7
서울,노원구,일반,여자,65세미만,86,9,1,10,16,3,2,15,9,3
서울,노원구,일반,여자,65-69세,216,6,9,39,39,4,1,25,17,3
서울,노원구,일반,여자,70-74세,373,9,19,65,81,26,8,38,16,1
서울,노원구,일반,여자,75-79세,672,26,31,95,172,63,21,71,23,11
서울,노원구,일반,여자,80-84세,1105,41,63,162,387,147,29,77,34,12
서울,노원구,일반,여자,85세이상,1468,58,98,280,573,152,22,68,28,7
서울,노원구,기초,남자,65세미만,184,11,13,22,56,11,2,21,14,14
서울,노원구,기초,남자,65-69세,219,8,7,31,60,13,1,28,27,6
서울,노원구,기초,남자,70-74세,167,3,4,17,64,10,3,15,17,5
서울,노원구,기초,남자,75-79세,167,3,3,23,56,24,5,12,12,5
서울,노원구,기초,남자,80-84세,159,2,4,18,51,21,7,19,4,2
서울,노원구,기초,남자,85세이상,107,3,4,18,39,13,1,1,5,4
서울,노원구,기초,여자,65세미만,128,5,7,19,29,13,1,15,13,12
서울,노원구,기초,여자,65-69세,217,7,6,25,63,9,4,33,22,11
서울,노원구,기초,여자,70-74세,224,6,5,30,68,19,4,19,15,10
서울,노원구,기초,여자,75-79세,403,11,10,58,157,36,9,25,18,7
서울,노원구,기초,여자,80-84세,499,11,25,78,196,49,14,28,8,3
서울,노원구,기초,여자,85세이상,623,33,29,135,234,68,9,16,8,6
서울,노원구,의료,남자,65세미만,1,0,0,0,0,0,0,0,1,0
서울,노원구,의료,남자,65-69세,2,0,0,0,0,0,0,0,0,1
서울,노원구,의료,남자,70-74세,4,0,0,1,1,0,0,1,0,0
서울,노원구,의료,남자,75-79세,10,0,0,2,4,1,0,0,0,0
서울,노원구,의료,남자,80-84세,7,0,1,2,1,0,0,0,0,1
서울,노원구,의료,남자,85세이상,9,0,1,1,5,1,0,1,0,0
서울,노원구,의료,여자,65세미만,0,0,0,0,0,0,0,0,0,0
서울,노원구,의료,여자,65-69세,2,0,0,0,2,0,0,0,0,0
서울,노원구,의료,여자,70-74세,11,0,0,0,5,1,0,0,2,0
서울,노원구,의료,여자,75-79세,12,1,0,0,3,0,0,0,2,0
서울,노원구,의료,여자,80-84세,30,0,2,2,10,2,1,1,1,0
서울,노원구,의료,여자,85세이상,46,2,2,10,16,2,1,1,1,1
서울,노원구,감경,남자,65세미만,53,6,5,13,14,4,2,4,0,0
서울,노원구,감경,남자,65-69세,88,6,5,18,40,5,1,5,0,0
서울,노원구,감경,남자,70-74세,111,3,11,25,45,15,4,1,0,1
서울,노원구,감경,남자,75-79세,123,3,11,31,56,16,0,2,0,0
서울,노원구,감경,남자,80-84세,192,7,16,39,85,34,6,0,1,0
서울,노원구,감경,남자,85세이상,189,5,9,46,92,27,6,0,1,1
서울,노원구,감경,여자,65세미만,39,5,6,9,11,3,1,0,0,0
서울,노원구,감경,여자,65-69세,96,4,13,22,40,2,4,4,1,1
서울,노원구,감경,여자,70-74세,148,7,13,32,51,22,9,1,1,0
서울,노원구,감경,여자,75-79세,309,14,27,60,122,40,17,6,3,2
서울,노원구,감경,여자,80-84세,573,18,53,123,269,55,22,9,2,0
서울,노원구,감경,여자,85세이상,870,54,84,216,404,75,14,6,3,0
서울,은평구,일반,남자,65세미만,104,8,5,19,17,2,0,13,3,5
서울,은평구,일반,남자,65-69세,155,4,2,33,34,5,0,17,9,5
서울,은평구,일반,남자,70-74세,229,5,11,57,59,12,4,24,7,2
서울,은평구,일반,남자,75-79세,332,12,18,76,106,17,9,19,12,2
서울,은평구,일반,남자,80-84세,527,21,37,113,168,48,10,18,13,2
서울,은평구,일반,남자,85세이상,510,14,42,139,166,36,5,19,9,4
서울,은평구,일반,여자,65세미만,78,5,4,9,12,2,1,14,4,3
서울,은평구,일반,여자,65-69세,212,14,12,29,43,5,1,26,12,2
서울,은평구,일반,여자,70-74세,379,15,15,55,96,22,7,34,18,8
서울,은평구,일반,여자,75-79세,779,27,35,146,225,57,12,53,20,7
서울,은평구,일반,여자,80-84세,1222,41,79,249,422,118,22,58,21,2
서울,은평구,일반,여자,85세이상,1336,59,163,358,429,86,15,39,9,1
서울,은평구,기초,남자,65세미만,102,3,10,19,29,1,0,6,4,5
서울,은평구,기초,남자,65-69세,124,4,4,20,35,4,0,12,7,5
서울,은평구,기초,남자,70-74세,107,4,1,14,32,5,1,9,6,1
서울,은평구,기초,남자,75-79세,110,1,4,18,42,8,0,5,3,0
서울,은평구,기초,남자,80-84세,102,3,5,22,34,7,0,4,5,1
서울,은평구,기초,남자,85세이상,77,1,6,10,31,2,0,1,2,0
서울,은평구,기초,여자,65세미만,47,5,2,7,11,0,2,3,4,2
서울,은평구,기초,여자,65-69세,103,2,5,10,26,7,0,10,6,4
서울,은평구,기초,여자,70-74세,135,4,10,25,42,7,2,7,9,2
서울,은평구,기초,여자,75-79세,224,7,10,43,72,17,3,10,6,1
서울,은평구,기초,여자,80-84세,322,13,23,64,113,19,5,11,9,2
서울,은평구,기초,여자,85세이상,461,15,55,115,140,19,1,8,8,0
서울,은평구,의료,남자,65세미만,1,0,0,0,0,0,0,1,0,0
서울,은평구,의료,남자,65-69세,3,0,0,0,1,0,0,1,0,0
서울,은평구,의료,남자,70-74세,3,0,1,1,0,0,0,0,0,0
서울,은평구,의료,남자,75-79세,3,0,0,2,0,0,0,0,0,0
서울,은평구,의료,남자,80-84세,6,0,0,2,1,0,0,0,0,0
서울,은평구,의료,남자,85세이상,9,0,1,0,1,0,0,0,0,0
서울,은평구,의료,여자,65세미만,0,0,0,0,0,0,0,0,0,0
서울,은평구,의료,여자,65-69세,1,0,1,0,0,0,0,0,0,0
서울,은평구,의료,여자,70-74세,1,0,0,0,1,0,0,0,0,0
서울,은평구,의료,여자,75-79세,9,0,1,0,4,0,0,1,0,0
서울,은평구,의료,여자,80-84세,9,1,1,1,2,1,0,0,0,0
서울,은평구,의료,여자,85세이상,34,1,4,11,13,1,1,0,0,0
서울,은평구,감경,남자,65세미만,49,3,5,18,15,2,0,0,1,0
서울,은평구,감경,남자,65-69세,90,4,4,38,34,6,2,0,0,0
서울,은평구,감경,남자,70-74세,141,8,11,40,57,8,2,1,0,2
서울,은평구,감경,남자,75-79세,151,6,12,39,70,15,3,0,0,0
서울,은평구,감경,남자,80-84세,235,12,19,65,102,27,3,2,0,1
서울,은평구,감경,남자,85세이상,190,7,19,51,92,14,3,0,1,0
서울,은평구,감경,여자,65세미만,52,6,8,12,16,1,4,2,1,0
서울,은평구,감경,여자,65-69세,90,1,8,28,31,8,3,0,2,1
서울,은평구,감경,여자,70-74세,172,7,8,42,76,19,5,2,1,0
서울,은평구,감경,여자,75-79세,313,15,23,70,140,30,9,1,3,2
서울,은평구,감경,여자,80-84세,650,22,54,184,284,58,22,1,3,0
서울,은평구,감경,여자,85세이상,841,47,128,272,315,43,7,2,1,2
서울,서대문구,일반,남자,65세미만,47,2,1,8,10,0,0,5,1,2
서울,서대문구,일반,남자,65-69세,92,9,6,8,26,3,0,6,3,1
서울,서대문구,일반,남자,70-74세,161,8,6,29,47,3,1,8,6,2
서울,서대문구,일반,남자,75-79세,240,9,15,40,71,17,2,18,8,4
서울,서대문구,일반,남자,80-84세,347,10,16,67,131,23,5,12,11,9
서울,서대문구,일반,남자,85세이상,374,5,23,65,161,22,5,15,7,1
서울,서대문구,일반,여자,65세미만,50,3,2,11,12,2,0,4,3,2
서울,서대문구,일반,여자,65-69세,151,4,7,10,32,6,2,15,6,5
서울,서대문구,일반,여자,70-74세,227,13,9,29,55,12,3,11,9,4
서울,서대문구,일반,여자,75-79세,533,12,28,72,156,28,14,39,17,13
서울,서대문구,일반,여자,80-84세,769,25,51,152,273,61,16,36,20,6
서울,서대문구,일반,여자,85세이상,1005,42,99,281,359,49,4,21,14,4
서울,서대문구,기초,남자,65세미만,41,3,1,9,11,1,0,3,4,2
서울,서대문구,기초,남자,65-69세,54,0,4,9,11,3,0,5,4,3
서울,서대문구,기초,남자,70-74세,39,2,1,5,13,1,0,2,2,1
서울,서대문구,기초,남자,75-79세,38,1,0,3,16,1,3,2,5,1
서울,서대문구,기초,남자,80-84세,48,0,1,7,19,3,1,1,0,0
서울,서대문구,기초,남자,85세이상,27,1,1,9,10,0,0,2,0,0
서울,서대문구,기초,여자,65세미만,19,0,1,4,1,2,0,3,0,1
서울,서대문구,기초,여자,65-69세,50,0,1,8,16,1,0,5,5,0
서울,서대문구,기초,여자,70-74세,74,1,2,6,15,6,2,13,5,2
서울,서대문구,기초,여자,75-79세,102,3,4,19,27,5,0,9,5,2
서울,서대문구,기초,여자,80-84세,145,1,5,23,67,8,3,6,6,1
서울,서대문구,기초,여자,85세이상,220,8,19,46,82,8,0,7,3,0
서울,서대문구,의료,남자,65세미만,1,0,0,0,1,0,0,0,0,0
서울,서대문구,의료,남자,65-69세,0,0,0,0,0,0,0,0,0,0
서울,서대문구,의료,남자,70-74세,0,0,0,0,0,0,0,0,0,0
서울,서대문구,의료,남자,75-79세,2,1,0,1,0,0,0,0,0,0
서울,서대문구,의료,남자,80-84세,4,0,0,0,3,0,0,0,0,0
서울,서대문구,의료,남자,85세이상,7,0,1,3,1,0,0,0,0,0
서울,서대문구,의료,여자,65세미만,0,0,0,0,0,0,0,0,0,0
서울,서대문구,의료,여자,65-69세,0,0,0,0,0,0,0,0,0,0
서울,서대문구,의료,여자,70-74세,1,0,0,0,1,0,0,0,0,0
서울,서대문구,의료,여자,75-79세,4,1,0,0,1,1,0,0,1,0
서울,서대문구,의료,여자,80-84세,7,0,0,0,3,0,0,0,1,0
서울,서대문구,의료,여자,85세이상,17,1,0,7,4,1,0,0,0,0
서울,서대문구,감경,남자,65세미만,14,1,3,4,2,2,0,0,1,0
서울,서대문구,감경,남자,65-69세,39,3,5,8,14,2,0,1,0,0
서울,서대문구,감경,남자,70-74세,43,5,3,11,19,3,0,0,0,0
서울,서대문구,감경,남자,75-79세,73,3,6,16,36,7,1,0,0,0
서울,서대문구,감경,남자,80-84세,118,1,10,31,57,9,1,1,0,0
서울,서대문구,감경,남자,85세이상,104,1,9,27,55,7,1,0,0,1
서울,서대문구,감경,여자,65세미만,24,3,3,6,8,1,0,0,0,0
서울,서대문구,감경,여자,65-69세,31,4,1,7,10,2,1,1,2,0
서울,서대문구,감경,여자,70-74세,73,3,4,15,34,5,2,1,1,1
서울,서대문구,감경,여자,75-79세,161,4,15,40,71,15,4,0,0,1
서울,서대문구,감경,여자,80-84세,309,10,23,83,150,22,4,7,0,0
서울,서대문구,감경,여자,85세이상,488,21,71,133,217,25,3,3,1,0
서울,마포구,일반,남자,65세미만,47,3,0,9,6,3,0,11,3,3
서울,마포구,일반,남자,65-69세,102,4,6,22,15,3,0,15,8,4
서울,마포구,일반,남자,70-74세,135,8,9,31,36,7,3,11,2,1
서울,마포구,일반,남자,75-79세,223,4,13,60,48,19,8,12,5,4
서울,마포구,일반,남자,80-84세,323,17,23,71,81,40,12,13,10,5
서울,마포구,일반,남자,85세이상,388,11,26,91,121,35,14,22,2,8
서울,마포구,일반,여자,65세미만,50,3,3,6,8,1,1,7,7,5
서울,마포구,일반,여자,65-69세,141,5,6,16,24,7,1,13,6,2
서울,마포구,일반,여자,70-74세,234,10,11,27,48,18,7,30,11,3
서울,마포구,일반,여자,75-79세,475,16,28,87,106,42,23,57,16,5
서울,마포구,일반,여자,80-84세,845,31,53,186,242,81,34,57,27,7
서울,마포구,일반,여자,85세이상,1020,56,112,273,322,68,24,49,18,6
서울,마포구,기초,남자,65세미만,33,2,5,6,4,1,0,6,3,3
서울,마포구,기초,남자,65-69세,56,1,1,8,16,6,0,5,2,5
서울,마포구,기초,남자,70-74세,55,2,1,7,17,6,3,5,3,3
서울,마포구,기초,남자,75-79세,37,0,1,4,9,5,1,0,4,0
서울,마포구,기초,남자,80-84세,48,0,2,10,14,3,3,5,3,1
서울,마포구,기초,남자,85세이상,33,1,2,7,13,0,1,1,2,1
서울,마포구,기초,여자,65세미만,27,2,3,4,7,1,0,3,1,1
서울,마포구,기초,여자,65-69세,49,3,2,10,9,1,4,6,3,3
서울,마포구,기초,여자,70-74세,66,0,2,9,21,1,2,8,4,2
서울,마포구,기초,여자,75-79세,119,2,0,18,43,9,3,10,6,5
서울,마포구,기초,여자,80-84세,127,3,7,26,42,10,4,12,5,2
서울,마포구,기초,여자,85세이상,161,7,12,35,61,15,3,3,3,1
서울,마포구,의료,남자,65세미만,0,0,0,0,0,0,0,0,0,0
서울,마포구,의료,남자,65-69세,1,0,0,0,0,0,0,0,1,0
서울,마포구,의료,남자,70-74세,3,0,0,1,1,1,0,0,0,0
서울,마포구,의료,남자,75-79세,2,0,0,1,0,0,0,0,0,0
서울,마포구,의료,남자,80-84세,5,1,1,0,2,0,0,0,0,0
서울,마포구,의료,남자,85세이상,12,1,1,4,2,1,0,0,0,0
서울,마포구,의료,여자,65세미만,0,0,0,0,0,0,0,0,0,0
서울,마포구,의료,여자,65-69세,0,0,0,0,0,0,0,0,0,0
서울,마포구,의료,여자,70-74세,1,0,0,1,0,0,0,0,0,0
서울,마포구,의료,여자,75-79세,3,0,0,0,0,0,0,0,0,0
서울,마포구,의료,여자,80-84세,6,0,1,0,0,0,0,1,0,0
서울,마포구,의료,여자,85세이상,15,0,4,5,4,0,0,1,0,0
서울,마포구,감경,남자,65세미만,22,4,0,8,3,3,1,1,1,0
서울,마포구,감경,남자,65-69세,30,3,1,9,10,0,1,1,0,1
서울,마포구,감경,남자,70-74세,40,0,5,14,10,7,0,0,0,0
서울,마포구,감경,남자,75-79세,61,4,1,23,21,5,0,0,1,0
서울,마포구,감경,남자,80-84세,82,1,9,26,31,8,3,1,0,0
서울,마포구,감경,남자,85세이상,89,5,6,27,37,11,2,0,0,0
서울,마포구,감경,여자,65세미만,13,3,0,5,2,2,0,1,0,0
서울,마포구,감경,여자,65-69세,44,1,2,10,20,3,1,0,1,0
서울,마포구,감경,여자,70-74세,72,5,6,20,31,2,4,1,0,0
서울,마포구,감경,여자,75-79세,147,10,16,32,57,15,7,3,0,0
서울,마포구,감경,여자,80-84세,268,14,22,70,100,36,12,4,0,0
서울,마포구,감경,여자,85세이상,380,23,48,129,134,27,4,2,0,0
서울,양천구,일반,남자,65세미만,74,5,4,11,14,0,2,10,3,4
서울,양천구,일반,남자,65-69세,157,8,10,33,30,6,0,14,5,5
서울,양천구,일반,남자,70-74세,211,15,9,45,51,13,5,15,3,4
서울,양천구,일반,남자,75-79세,294,6,19,62,84,29,4,15,5,5
서울,양천구,일반,남자,80-84세,378,12,17,63,137,32,10,27,5,4
서울,양천구,일반,남자,85세이상,355,9,18,80,131,24,3,19,11,5
서울,양천구,일반,여자,65세미만,74,2,2,18,10,0,2,10,8,2
서울,양천구,일반,여자,65-69세,193,7,6,22,47,9,3,21,9,2
서울,양천구,일반,여자,70-74세,351,16,16,53,81,19,7,34,15,7
서울,양천구,일반,여자,75-79세,576,14,24,74,173,47,11,66,19,11
서울,양천구,일반,여자,80-84세,881,27,45,140,326,68,16,66,25,10
서울,양천구,일반,여자,85세이상,1178,57,103,280,458,67,10,34,11,5
서울,양천구,기초,남자,65세미만,72,4,2,13,21,3,2,6,6,2
서울,양천구,기초,남자,65-69세,107,2,0,11,40,6,4,10,10,7
서울,양천구,기초,남자,70-74세,95,1,3,11,33,9,4,9,6,7
서울,양천구,기초,남자,75-79세,83,1,2,9,45,5,0,4,6,0
서울,양천구,기초,남자,80-84세,65,1,1,9,28,6,1,3,2,2
서울,양천구,기초,남자,85세이상,48,1,0,9,21,6,1,3,1,0
서울,양천구,기초,여자,65세미만,45,4,3,8,11,2,2,4,1,2
서울,양천구,기초,여자,65-69세,79,2,4,11,26,3,1,7,9,2
서울,양천구,기초,여자,70-74세,100,3,5,15,27,9,1,13,1,3
서울,양천구,기초,여자,75-79세,179,4,8,37,63,7,5,18,6,3
서울,양천구,기초,여자,80-84세,248,4,19,48,117,11,2,8,6,2
서울,양천구,기초,여자,85세이상,279,13,32,73,114,13,2,5,6,0
서울,양천구,의료,남자,65세미만,0,0,0,0,0,0,0,0,0,0
서울,양천구,의료,남자,65-69세,3,0,1,1,0,0,0,0,0,0
서울,양천구,의료,남자,70-74세,4,0,0,1,1,0,0,0,1,0
서울,양천구,의료,남자,75-79세,4,0,0,2,2,0,0,0,0,0
서울,양천구,의료,남자,80-84세,3,0,0,0,1,0,0,1,0,0
서울,양천구,의료,남자,85세이상,18,0,1,2,6,1,1,1,1,0
서울,양천구,의료,여자,65세미만,2,1,0,0,0,0,0,1,0,0
서울,양천구,의료,여자,65-69세,4,0,1,0,0,1,0,0,0,0
서울,양천구,의료,여자,70-74세,6,1,0,0,2,1,0,1,0,0
서울,양천구,의료,여자,75-79세,9,0,0,3,5,1,0,0,0,0
서울,양천구,의료,여자,80-84세,21,0,2,2,9,2,0,1,1,0
서울,양천구,의료,여자,85세이상,38,1,2,7,16,1,0,1,1,0
서울,양천구,감경,남자,65세미만,38,2,2,12,14,0,1,2,0,0
서울,양천구,감경,남자,65-69세,84,3,11,21,34,6,0,1,0,0
서울,양천구,감경,남자,70-74세,96,5,5,25,42,8,0,1,0,0
서울,양천구,감경,남자,75-79세,127,6,9,31,65,9,2,0,1,0
서울,양천구,감경,남자,80-84세,161,5,10,34,74,21,6,2,0,0
서울,양천구,감경,남자,85세이상,136,4,7,48,60,11,3,0,0,0
서울,양천구,감경,여자,65세미만,32,3,1,12,11,0,1,0,0,1
서울,양천구,감경,여자,65-69세,71,2,7,18,34,2,1,2,0,0
서울,양천구,감경,여자,70-74세,113,5,9,20,56,8,3,1,1,0
서울,양천구,감경,여자,75-79세,260,16,25,61,99,25,7,1,1,1
서울,양천구,감경,여자,80-84세,439,15,39,125,201,38,7,3,1,1
서울,양천구,감경,여자,85세이상,658,33,63,206,303,32,3,0,4,0
서울,강서구,일반,남자,65세미만,127,6,7,13,17,2,1,26,8,11
서울,강서구,일반,남자,65-69세,211,12,7,35,45,5,1,25,15,9
서울,강서구,일반,남자,70-74세,280,10,13,65,59,6,5,22,19,4
서울,강서구,일반,남자,75-79세,438,11,27,95,151,24,8,30,9,2
서울,강서구,일반,남자,80-84세,491,14,33,110,163,42,6,28,14,7
서울,강서구,일반,남자,85세이상,503,9,41,120,200,30,5,32,12,3
서울,강서구,일반,여자,65세미만,121,6,14,15,16,1,0,29,13,7
서울,강서구,일반,여자,65-69세,268,9,18,34,61,6,2,44,13,7
서울,강서구,일반,여자,70-74세,416,11,18,66,114,20,8,36,26,11
서울,강서구,일반,여자,75-79세,780,29,40,117,243,61,14,77,33,17
서울,강서구,일반,여자,80-84세,1174,38,65,223,444,98,27,76,36,16
서울,강서구,일반,여자,85세이상,1558,88,165,385,607,80,13,52,24,6
서울,강서구,기초,남자,65세미만,252,9,4,30,62,14,6,43,20,23
서울,강서구,기초,남자,65-69세,327,6,12,39,113,18,3,55,22,13
서울,강서구,기초,남자,70-74세,248,5,4,40,104,10,6,24,18,8
서울,강서구,기초,남자,75-79세,198,2,9,32,80,17,0,12,10,9
서울,강서구,기초,남자,80-84세,187,4,7,24,78,17,0,6,11,4
서울,강서구,기초,남자,85세이상,156,3,5,23,81,9,2,6,2,4
서울,강서구,기초,여자,65세미만,135,5,11,14,29,11,0,19,12,14
서울,강서구,기초,여자,65-69세,225,3,11,23,75,7,2,30,18,9
서울,강서구,기초,여자,70-74세,233,6,4,36,93,11,3,30,15,4
서울,강서구,기초,여자,75-79세,396,8,14,61,170,21,2,36,24,5
서울,강서구,기초,여자,80-84세,569,16,30,90,246,48,6,40,25,12
서울,강서구,기초,여자,85세이상,626,15,47,144,289,33,1,18,10,3
서울,강서구,의료,남자,65세미만,4,0,0,1,0,1,0,1,0,0
서울,강서구,의료,남자,65-69세,6,0,0,0,1,0,0,2,0,2
서울,강서구,의료,남자,70-74세,8,1,0,1,2,1,0,1,1,0
서울,강서구,의료,남자,75-79세,12,0,1,1,5,1,0,0,0,1
서울,강서구,의료,남자,80-84세,7,1,0,1,4,0,0,0,0,0
서울,강서구,의료,남자,85세이상,20,0,0,4,5,2,0,2,0,0
서울,강서구,의료,여자,65세미만,1,0,0,0,0,0,0,1,0,0
서울,강서구,의료,여자,65-69세,2,0,0,1,0,0,0,1,0,0
서울,강서구,의료,여자,70-74세,8,0,0,1,3,0,0,0,0,0
서울,강서구,의료,여자,75-79세,10,0,0,1,3,1,0,2,0,0
서울,강서구,의료,여자,80-84세,18,0,0,2,4,3,2,0,1,0
서울,강서구,의료,여자,85세이상,58,4,7,10,21,2,1,2,0,1
서울,강서구,감경,남자,65세미만,59,5,4,15,27,0,0,3,0,0
서울,강서구,감경,남자,65-69세,139,7,13,38,55,8,2,3,2,1
서울,강서구,감경,남자,70-74세,142,5,5,50,59,8,3,1,2,3
서울,강서구,감경,남자,75-79세,206,7,16,50,110,9,3,0,2,2
서울,강서구,감경,남자,80-84세,188,11,12,39,95,18,2,1,1,1
서울,강서구,감경,남자,85세이상,176,5,15,46,83,17,5,0,2,0
서울,강서구,감경,여자,65세미만,42,4,4,9,9,4,3,2,1,1
서울,강서구,감경,여자,65-69세,86,4,4,18,39,4,1,0,2,1
서울,강서구,감경,여자,70-74세,175,6,14,41,70,17,5,2,1,0
서울,강서구,감경,여자,75-79세,350,20,23,70,179,29,5,4,2,1
서울,강서구,감경,여자,80-84세,587,17,42,139,281,55,15,7,10,1
서울,강서구,감경,여자,85세이상,944,47,113,283,402,61,7,2,0,0
서울,구로구,일반,남자,65세미만,98,7,8,19,18,0,0,15,5,3
서울,구로구,일반,남자,65-69세,182,9,12,31,48,5,0,26,7,3
서울,구로구,일반,남자,70-74세,267,16,19,45,74,15,3,33,6,4
서울,구로구,일반,남자,75-79세,379,9,33,74,127,30,0,27,7,8
서울,구로구,일반,남자,80-84세,443,18,33,86,147,39,6,26,11,8
서울,구로구,일반,남자,85세이상,367,16,30,76,144,23,2,15,7,2
서울,구로구,일반,여자,65세미만,73,9,6,10,12,2,1,13,5,3
서울,구로구,일반,여자,65-69세,220,11,9,21,49,10,3,27,15,5
서울,구로구,일반,여자,70-74세,380,16,19,51,90,24,7,36,21,9
서울,구로구,일반,여자,75-79세,710,18,42,124,190,41,15,77,30,4
서울,구로구,일반,여자,80-84세,1002,42,66,195,349,78,13,63,27,7
서울,구로구,일반,여자,85세이상,1169,60,127,304,436,59,10,38,14,3
서울,구로구,기초,남자,65세미만,73,7,7,16,16,3,0,5,3,0
서울,구로구,기초,남자,65-69세,104,4,4,11,38,7,2,10,9,6
서울,구로구,기초,남자,70-74세,79,1,6,13,30,5,2,2,5,2
서울,구로구,기초,남자,75-79세,72,3,2,12,29,4,1,3,4,2
서울,구로구,기초,남자,80-84세,77,0,6,18,25,7,2,6,2,0
서울,구로구,기초,남자,85세이상,38,4,2,8,14,2,0,2,1,0
서울,구로구,기초,여자,65세미만,41,2,3,8,10,2,0,2,2,1
서울,구로구,기초,여자,65-69세,52,0,1,4,15,5,1,12,2,0
서울,구로구,기초,여자,70-74세,102,6,7,16,34,10,0,3,5,2
서울,구로구,기초,여자,75-79세,158,4,9,25,51,13,1,13,10,3
서울,구로구,기초,여자,80-84세,222,3,7,33,79,18,3,18,10,2
서울,구로구,기초,여자,85세이상,317,19,27,71,121,9,0,15,4,2
서울,구로구,의료,남자,65세미만,1,0,0,0,0,0,0,0,0,0
서울,구로구,의료,남자,65-69세,1,0,0,0,0,0,0,0,0,0
서울,구로구,의료,남자,70-74세,7,0,0,2,3,0,0,0,0,0
서울,구로구,의료,남자,75-79세,3,0,0,0,0,0,0,1,0,0
서울,구로구,의료,남자,80-84세,2,0,0,0,0,0,0,0,0,0
서울,구로구,의료,남자,85세이상,8,1,0,0,2,0,0,1,1,0
서울,구로구,의료,여자,65세미만,3,0,1,0,0,0,0,1,0,0
서울,구로구,의료,여자,65-69세,2,1,0,0,1,0,0,0,0,0
서울,구로구,의료,여자,70-74세,2,0,0,0,1,0,0,0,0,0
서울,구로구,의료,여자,75-79세,4,0,0,2,0,1,0,0,0,0
서울,구로구,의료,여자,80-84세,13,0,2,4,0,2,0,1,0,0
서울,구로구,의료,여자,85세이상,29,2,4,6,8,2,0,2,0,0
서울,구로구,감경,남자,65세미만,58,8,3,18,15,2,2,3,0,0
서울,구로구,감경,남자,65-69세,79,5,9,22,34,3,0,0,1,0
서울,구로구,감경,남자,70-74세,138,13,13,29,57,9,7,1,1,0
서울,구로구,감경,남자,75-79세,173,3,22,46,74,19,5,0,0,1
서울,구로구,감경,남자,80-84세,160,6,14,33,80,17,4,0,0,0
서울,구로구,감경,남자,85세이상,155,6,17,38,75,8,4,0,1,0
서울,구로구,감경,여자,65세미만,25,2,5,4,8,3,0,0,0,1
서울,구로구,감경,여자,65-69세,67,7,5,12,29,7,0,0,0,1
서울,구로구,감경,여자,70-74세,146,11,16,30,58,12,7,2,0,1
서울,구로구,감경,여자,75-79세,255,16,28,60,110,20,6,3,1,0
서울,구로구,감경,여자,80-84세,482,23,49,111,218,45,3,6,1,0
서울,구로구,감경,여자,85세이상,692,42,106,224,268,25,4,2,1,0
서울,금천구,일반,남자,65세미만,56,3,0,8,7,2,0,16,6,2
서울,금천구,일반,남자,65-69세,93,7,4,7,25,4,4,11,3,1
서울,금천구,일반,남자,70-74세,146,8,3,22,37,5,1,21,8,3
서울,금천구,일반,남자,75-79세,187,10,5,44,36,15,8,10,5,10
서울,금천구,일반,남자,80-84세,233,4,17,49,65,22,2,12,9,6
서울,금천구,일반,남자,85세이상,193,4,6,45,66,18,5,11,7,2
서울,금천구,일반,여자,65세미만,61,3,1,10,7,1,1,7,6,2
서울,금천구,일반,여자,65-69세,112,3,11,12,21,6,3,15,5,2
서울,금천구,일반,여자,70-74세,202,1,9,16,49,9,8,26,17,3
서울,금천구,일반,여자,75-79세,365,13,15,65,94,30,10,44,12,4
서울,금천구,일반,여자,80-84세,493,18,33,84,153,40,22,35,20,5
서울,금천구,일반,여자,85세이상,572,24,50,144,206,48,7,14,7,0
서울,금천구,기초,남자,65세미만,81,5,7,12,22,7,2,6,4,1
서울,금천구,기초,남자,65-69세,81,0,3,12,28,7,2,5,7,4
서울,금천구,기초,남자,70-74세,77,1,3,9,20,5,2,7,10,5
서울,금천구,기초,남자,75-79세,49,0,2,6,14,3,0,5,2,3
서울,금천구,기초,남자,80-84세,56,1,3,7,16,7,3,3,4,1
서울,금천구,기초,남자,85세이상,55,0,3,15,15,6,1,1,3,0
서울,금천구,기초,여자,65세미만,41,5,5,11,6,2,2,4,2,0
서울,금천구,기초,여자,65-69세,80,5,3,9,22,4,2,7,7,4
서울,금천구,기초,여자,70-74세,96,3,8,14,31,3,2,7,4,2
서울,금천구,기초,여자,75-79세,150,4,12,17,55,7,3,10,11,5
서울,금천구,기초,여자,80-84세,214,5,11,38,76,16,7,13,7,1
서울,금천구,기초,여자,85세이상,228,15,26,48,87,10,1,6,4,1
서울,금천구,의료,남자,65세미만,0,0,0,0,0,0,0,0,0,0
서울,금천구,의료,남자,65-69세,1,0,0,0,0,0,0,0,0,0
서울,금천구,의료,남자,70-74세,1,0,0,0,1,0,0,0,0,0
서울,금천구,의료,남자,75-79세,0,0,0,0,0,0,0,0,0,0
서울,금천구,의료,남자,80-84세,0,0,0,0,0,0,0,0,0,0
서울,금천구,의료,남자,85세이상,5,0,0,1,1,1,0,0,0,0
서울,금천구,의료,여자,65세미만,0,0,0,0,0,0,0,0,0,0
서울,금천구,의료,여자,65-69세,0,0,0,0,0,0,0,0,0,0
서울,금천구,의료,여자,70-74세,0,0,0,0,0,0,0,0,0,0
서울,금천구,의료,여자,75-79세,4,1,0,0,0,0,0,1,0,0
서울,금천구,의료,여자,80-84세,9,1,0,2,2,0,0,0,0,0
서울,금천구,의료,여자,85세이상,16,0,1,2,11,1,0,1,0,0
서울,금천구,감경,남자,65세미만,41,3,3,9,15,5,1,0,1,1
서울,금천구,감경,남자,65-69세,71,0,6,19,32,7,0,0,0,0
서울,금천구,감경,남자,70-74세,68,2,9,17,27,8,1,0,0,1
서울,금천구,감경,남자,75-79세,84,3,5,30,28,12,2,1,1,1
서울,금천구,감경,남자,80-84세,103,4,9,22,39,20,3,1,1,0
서울,금천구,감경,남자,85세이상,90,3,9,27,32,13,0,1,0,0
서울,금천구,감경,여자,65세미만,24,2,3,7,9,2,0,1,0,0
서울,금천구,감경,여자,65-69세,41,3,3,10,15,3,0,2,0,0
서울,금천구,감경,여자,70-74세,87,6,10,17,37,9,3,1,0,1
서울,금천구,감경,여자,75-79세,184,6,15,33,82,20,8,3,1,0
서울,금천구,감경,여자,80-84세,282,12,26,76,124,16,9,3,2,3
서울,금천구,감경,여자,85세이상,423,13,73,123,170,25,4,1,2,0
서울,영등포구,일반,남자,65세미만,84,3,3,14,17,0,1,14,3,2
서울,영등포구,일반,남자,65-69세,143,7,8,29,35,2,0,12,3,5
서울,영등포구,일반,남자,70-74세,222,16,17,57,63,4,0,8,8,1
서울,영등포구,일반,남자,75-79세,287,11,31,72,74,24,6,10,5,2
서울,영등포구,일반,남자,80-84세,462,22,34,97,143,50,6,20,6,3
서울,영등포구,일반,남자,85세이상,466,15,39,108,146,46,3,11,7,5
서울,영등포구,일반,여자,65세미만,74,10,7,12,7,1,1,16,3,2
서울,영등포구,일반,여자,65-69세,147,10,8,11,26,6,1,18,4,3
서울,영등포구,일반,여자,70-74세,327,23,11,45,93,18,3,24,13,1
서울,영등포구,일반,여자,75-79세,650,24,36,109,172,54,17,57,19,9
서울,영등포구,일반,여자,80-84세,1006,47,79,187,337,83,18,49,13,2
서울,영등포구,일반,여자,85세이상,1279,91,132,288,488,81,9,40,11,3
서울,영등포구,기초,남자,65세미만,76,4,5,13,16,4,2,11,4,0
서울,영등포구,기초,남자,65-69세,81,2,3,9,23,4,3,10,6,3
서울,영등포구,기초,남자,70-74세,67,1,0,7,18,4,2,1,6,1
서울,영등포구,기초,남자,75-79세,58,0,3,2,22,3,1,5,0,2
서울,영등포구,기초,남자,80-84세,59,1,2,8,17,6,0,1,3,2
서울,영등포구,기초,남자,85세이상,28,0,1,1,12,3,0,1,1,1
서울,영등포구,기초,여자,65세미만,29,1,4,2,5,5,0,4,1,2
서울,영등포구,기초,여자,65-69세,55,1,3,5,12,2,0,11,7,2
서울,영등포구,기초,여자,70-74세,82,2,4,10,30,3,1,9,4,1
서울,영등포구,기초,여자,75-79세,134,4,3,17,41,7,2,10,6,1
서울,영등포구,기초,여자,80-84세,178,4,8,27,62,11,2,12,3,0
서울,영등포구,기초,여자,85세이상,192,9,20,41,61,5,5,4,3,0
서울,영등포구,의료,남자,65세미만,0,0,0,0,0,0,0,0,0,0
서울,영등포구,의료,남자,65-69세,1,0,0,0,0,0,0,0,1,0
서울,영등포구,의료,남자,70-74세,2,0,0,0,1,0,0,0,0,0
서울,영등포구,의료,남자,75-79세,3,0,0,1,0,1,0,0,0,0
서울,영등포구,의료,남자,80-84세,1,0,0,0,0,0,0,0,0,0
서울,영등포구,의료,남자,85세이상,4,0,0,1,1,0,0,0,0,0
서울,영등포구,의료,여자,65세미만,0,0,0,0,0,0,0,0,0,0
서울,영등포구,의료,여자,65-69세,0,0,0,0,0,0,0,0,0,0
서울,영등포구,의료,여자,70-74세,0,0,0,0,0,0,0,0,0,0
서울,영등포구,의료,여자,75-79세,7,0,0,1,1,0,0,1,0,0
서울,영등포구,의료,여자,80-84세,8,0,3,1,1,0,0,0,0,0
서울,영등포구,의료,여자,85세이상,15,2,1,6,3,1,0,0,1,0
서울,영등포구,감경,남자,65세미만,38,8,2,13,6,1,0,0,1,0
서울,영등포구,감경,남자,65-69세,63,5,8,16,25,1,0,2,0,0
서울,영등포구,감경,남자,70-74세,71,7,5,18,31,6,0,1,0,0
서울,영등포구,감경,남자,75-79세,72,5,10,29,23,2,0,1,0,0
서울,영등포구,감경,남자,80-84세,89,7,5,22,36,9,2,1,0,0
서울,영등포구,감경,남자,85세이상,89,3,13,25,40,6,0,0,0,0
서울,영등포구,감경,여자,65세미만,18,1,3,9,4,0,0,0,0,0
서울,영등포구,감경,여자,65-69세,61,5,4,18,19,0,0,3,0,0
서울,영등포구,감경,여자,70-74세,84,3,8,18,37,6,2,3,0,0
서울,영등포구,감경,여자,75-79세,168,7,16,38,71,13,2,1,2,0
서울,영등포구,감경,여자,80-84세,283,15,19,80,128,22,2,2,1,0
서울,영등포구,감경,여자,85세이상,458,24,59,145,194,21,4,3,0,0
서울,동작구,일반,남자,65세미만,66,4,4,11,7,1,2,14,5,6
서울,동작구,일반,남자,65-69세,126,7,13,16,22,3,0,20,3,6
서울,동작구,일반,남자,70-74세,189,6,11,41,52,11,1,17,8,1
서울,동작구,일반,남자,75-79세,290,18,16,62,72,25,0,23,11,9
서울,동작구,일반,남자,80-84세,413,14,26,76,138,44,10,12,12,11
서울,동작구,일반,남자,85세이상,430,15,28,89,157,33,6,24,9,7
서울,동작구,일반,여자,65세미만,61,4,5,7,7,0,0,10,6,5
서울,동작구,일반,여자,65-69세,166,9,9,17,32,5,0,16,15,5
서울,동작구,일반,여자,70-74세,286,5,17,34,55,15,5,28,17,5
서울,동작구,일반,여자,75-79세,579,16,29,75,186,49,11,42,21,6
서울,동작구,일반,여자,80-84세,815,16,34,158,265,71,23,53,26,10
서울,동작구,일반,여자,85세이상,1072,52,102,292,375,70,16,30,19,4
서울,동작구,기초,남자,65세미만,44,2,2,6,11,2,0,10,2,3
서울,동작구,기초,남자,65-69세,48,0,5,11,10,2,0,3,5,3
서울,동작구,기초,남자,70-74세,47,1,3,7,16,2,0,4,5,2
서울,동작구,기초,남자,75-79세,51,2,1,6,20,4,3,2,5,0
서울,동작구,기초,남자,80-84세,49,1,5,8,15,7,2,1,1,1
서울,동작구,기초,남자,85세이상,34,0,2,4,11,3,1,0,0,2
서울,동작구,기초,여자,65세미만,32,3,1,6,12,2,1,4,1,0
서울,동작구,기초,여자,65-69세,45,1,3,5,11,3,1,4,2,2
서울,동작구,기초,여자,70-74세,99,1,5,8,20,2,1,12,8,12
서울,동작구,기초,여자,75-79세,107,2,2,12,25,14,1,11,4,1
서울,동작구,기초,여자,80-84세,170,7,16,28,46,9,3,15,7,5
서울,동작구,기초,여자,85세이상,210,4,26,46,75,17,2,3,6,1
서울,동작구,의료,남자,65세미만,0,0,0,0,0,0,0,0,0,0
서울,동작구,의료,남자,65-69세,3,0,0,2,0,0,0,0,0,1
서울,동작구,의료,남자,70-74세,1,0,1,0,0,0,0,0,0,0
서울,동작구,의료,남자,75-79세,3,0,1,2,0,0,0,0,0,0
서울,동작구,의료,남자,80-84세,1,0,0,0,0,1,0,0,0,0
서울,동작구,의료,남자,85세이상,6,0,0,0,4,0,0,0,0,0
서울,동작구,의료,여자,65세미만,1,0,0,0,1,0,0,0,0,0
서울,동작구,의료,여자,65-69세,0,0,0,0,0,0,0,0,0,0
서울,동작구,의료,여자,70-74세,2,0,0,0,1,0,0,0,0,0
서울,동작구,의료,여자,75-79세,3,0,0,1,1,0,0,0,0,0
서울,동작구,의료,여자,80-84세,5,0,1,2,1,0,0,0,0,0
서울,동작구,의료,여자,85세이상,18,0,5,1,9,0,0,0,0,0
서울,동작구,감경,남자,65세미만,33,6,1,9,13,1,0,0,0,0
서울,동작구,감경,남자,65-69세,35,4,3,13,10,2,0,0,0,0
서울,동작구,감경,남자,70-74세,58,0,4,20,26,5,0,1,1,0
서울,동작구,감경,남자,75-79세,87,4,11,22,33,10,3,1,0,1
서울,동작구,감경,남자,80-84세,93,2,11,30,29,16,0,1,0,0
서울,동작구,감경,남자,85세이상,93,3,7,32,35,7,0,0,1,0
서울,동작구,감경,여자,65세미만,26,3,0,9,6,1,0,0,0,1
서울,동작구,감경,여자,65-69세,34,1,1,13,9,4,1,1,1,0
서울,동작구,감경,여자,70-74세,72,3,5,18,28,8,3,1,1,0
서울,동작구,감경,여자,75-79세,128,5,10,31,51,17,7,2,0,1
서울,동작구,감경,여자,80-84세,250,11,27,57,118,23,4,1,1,1
서울,동작구,감경,여자,85세이상,445,18,64,148,174,22,9,1,1,0
서울,관악구,일반,남자,65세미만,87,5,5,12,17,1,0,17,3,3
서울,관악구,일반,남자,65-69세,166,9,11,19,32,4,1,29,8,1
서울,관악구,일반,남자,70-74세,257,10,16,60,63,14,3,31,9,1
서울,관악구,일반,남자,75-79세,352,11,26,74,102,30,6,18,10,0
서울,관악구,일반,남자,80-84세,480,19,21,116,149,32,9,20,10,7
서울,관악구,일반,남자,85세이상,418,21,33,96,140,37,5,11,15,4
서울,관악구,일반,여자,65세미만,68,6,4,11,8,0,0,12,5,5
서울,관악구,일반,여자,65-69세,183,5,10,31,27,5,2,22,8,3
서울,관악구,일반,여자,70-74세,346,15,13,53,81,11,6,41,14,3
서울,관악구,일반,여자,75-79세,698,15,30,114,180,55,15,78,24,6
서울,관악구,일반,여자,80-84세,970,40,65,192,310,73,20,61,22,10
서울,관악구,일반,여자,85세이상,983,51,106,288,329,37,13,44,7,1
서울,관악구,기초,남자,65세미만,91,4,6,20,22,3,2,10,5,0
서울,관악구,기초,남자,65-69세,114,4,4,10,37,9,0,16,13,5
서울,관악구,기초,남자,70-74세,113,1,2,16,38,9,2,4,11,7
서울,관악구,기초,남자,75-79세,110,2,3,18,41,11,2,7,7,4
서울,관악구,기초,남자,80-84세,91,1,8,19,32,9,2,1,0,1
서울,관악구,기초,남자,85세이상,54,2,4,10,18,4,0,4,0,0
서울,관악구,기초,여자,65세미만,55,7,6,12,10,0,1,7,1,4
서울,관악구,기초,여자,65-69세,95,3,5,15,20,5,2,13,5,4
서울,관악구,기초,여자,70-74세,127,2,6,17,44,5,2,16,8,1
서울,관악구,기초,여자,75-79세,208,3,12,27,79,12,2,15,21,0
서울,관악구,기초,여자,80-84세,279,8,26,52,104,23,3,15,9,5
서울,관악구,기초,여자,85세이상,324,22,36,90,107,17,3,5,3,0
서울,관악구,의료,남자,65세미만,1,0,0,0,0,0,0,0,0,1
서울,관악구,의료,남자,65-69세,1,0,0,0,1,0,0,0,0,0
서울,관악구,의료,남자,70-74세,8,0,1,1,2,1,0,1,0,0
서울,관악구,의료,남자,75-79세,7,0,0,4,1,1,0,0,0,0
서울,관악구,의료,남자,80-84세,4,0,0,1,1,0,0,0,0,0
서울,관악구,의료,남자,85세이상,6,0,0,1,1,0,0,0,0,0
서울,관악구,의료,여자,65세미만,0,0,0,0,0,0,0,0,0,0
서울,관악구,의료,여자,65-69세,2,0,0,0,1,0,0,0,0,0
서울,관악구,의료,여자,70-74세,4,0,1,1,1,0,0,1,0,0
서울,관악구,의료,여자,75-79세,6,0,1,2,1,0,0,1,0,0
서울,관악구,의료,여자,80-84세,8,0,0,3,4,0,0,0,0,0
서울,관악구,의료,여자,85세이상,25,3,2,6,6,2,0,0,1,0
서울,관악구,감경,남자,65세미만,44,5,6,11,10,3,1,2,0,0
서울,관악구,감경,남자,65-69세,84,6,7,26,29,6,1,1,2,1
서울,관악구,감경,남자,70-74세,108,5,11,35,44,4,0,1,1,0
서울,관악구,감경,남자,75-79세,128,5,5,46,46,12,5,1,1,0
서울,관악구,감경,남자,80-84세,158,3,12,48,67,19,3,1,2,0
서울,관악구,감경,남자,85세이상,143,5,19,48,54,9,1,1,2,1
서울,관악구,감경,여자,65세미만,36,5,1,13,8,4,0,0,0,0
서울,관악구,감경,여자,65-69세,77,7,6,22,21,2,3,1,2,2
서울,관악구,감경,여자,70-74세,132,7,11,29,47,18,5,2,1,1
서울,관악구,감경,여자,75-79세,254,11,25,74,96,17,8,1,5,0
서울,관악구,감경,여자,80-84세,454,18,50,145,171,39,9,2,4,1
서울,관악구,감경,여자,85세이상,602,38,93,206,203,41,8,2,0,0
서울,서초구,일반,남자,65세미만,47,5,6,5,5,1,1,10,2,6
서울,서초구,일반,남자,65-69세,101,6,7,17,16,5,0,11,3,3
서울,서초구,일반,남자,70-74세,156,15,14,26,28,4,0,14,5,3
서울,서초구,일반,남자,75-79세,246,17,24,51,69,18,3,13,4,3
서울,서초구,일반,남자,80-84세,393,21,41,79,111,27,3,11,7,2
서울,서초구,일반,남자,85세이상,511,34,62,109,168,27,5,21,6,2
서울,서초구,일반,여자,65세미만,63,12,4,11,8,1,0,4,7,2
서울,서초구,일반,여자,65-69세,125,11,8,16,18,4,3,13,5,4
서울,서초구,일반,여자,70-74세,284,18,27,44,67,15,5,17,9,3
서울,서초구,일반,여자,75-79세,504,25,39,78,134,41,11,38,15,2
서울,서초구,일반,여자,80-84세,786,44,72,146,238,72,16,37,22,8
서울,서초구,일반,여자,85세이상,1171,108,177,281,364,62,7,30,11,6
서울,서초구,기초,남자,65세미만,25,0,3,5,7,0,1,6,0,2
서울,서초구,기초,남자,65-69세,29,0,3,4,11,1,0,4,0,1
서울,서초구,기초,남자,70-74세,16,0,1,2,6,0,0,0,2,0
서울,서초구,기초,남자,75-79세,20,2,0,1,6,1,0,1,1,1
서울,서초구,기초,남자,80-84세,12,0,0,3,5,0,0,0,0,0
서울,서초구,기초,남자,85세이상,11,0,0,4,3,0,0,0,0,0
서울,서초구,기초,여자,65세미만,22,0,0,4,4,0,1,6,2,0
서울,서초구,기초,여자,65-69세,30,1,1,4,8,1,0,6,2,2
서울,서초구,기초,여자,70-74세,40,0,1,1,12,2,0,4,4,2
서울,서초구,기초,여자,75-79세,51,3,2,8,15,5,0,3,3,2
서울,서초구,기초,여자,80-84세,67,2,5,16,18,6,0,2,3,2
서울,서초구,기초,여자,85세이상,112,4,12,25,36,7,1,1,3,0
서울,서초구,의료,남자,65세미만,0,0,0,0,0,0,0,0,0,0
서울,서초구,의료,남자,65-69세,1,0,0,0,0,0,0,0,0,0
서울,서초구,의료,남자,70-74세,0,0,0,0,0,0,0,0,0,0
서울,서초구,의료,남자,75-79세,2,0,0,0,1,1,0,0,0,0
서울,서초구,의료,남자,80-84세,1,0,1,0,0,0,0,0,0,0
서울,서초구,의료,남자,85세이상,2,0,0,0,1,0,0,0,0,0
서울,서초구,의료,여자,65세미만,0,0,0,0,0,0,0,0,0,0
서울,서초구,의료,여자,65-69세,0,0,0,0,0,0,0,0,0,0
서울,서초구,의료,여자,70-74세,0,0,0,0,0,0,0,0,0,0
서울,서초구,의료,여자,75-79세,3,0,0,2,1,0,0,0,0,0
서울,서초구,의료,여자,80-84세,2,0,0,1,0,0,0,0,0,0
서울,서초구,의료,여자,85세이상,9,0,0,4,3,0,0,0,0,0
서울,서초구,감경,남자,65세미만,13,0,1,3,4,0,0,0,1,0
서울,서초구,감경,남자,65-69세,18,2,1,2,11,1,0,0,0,0
서울,서초구,감경,남자,70-74세,18,3,2,5,6,1,0,0,1,0
서울,서초구,감경,남자,75-79세,34,4,2,10,16,1,0,0,0,0
서울,서초구,감경,남자,80-84세,24,0,2,6,10,4,0,0,0,0
서울,서초구,감경,남자,85세이상,34,1,4,8,19,2,0,0,0,0
서울,서초구,감경,여자,65세미만,12,3,2,3,3,0,0,0,0,1
서울,서초구,감경,여자,65-69세,20,1,3,5,7,1,0,1,1,0
서울,서초구,감경,여자,70-74세,30,4,6,6,8,4,0,0,0,0
서울,서초구,감경,여자,75-79세,58,3,9,13,15,6,1,1,0,0
서울,서초구,감경,여자,80-84세,109,7,15,24,47,9,1,0,0,0
서울,서초구,감경,여자,85세이상,241,12,29,79,90,21,2,0,0,0
서울,강남구,일반,남자,65세미만,78,6,5,16,15,2,0,9,2,10
서울,강남구,일반,남자,65-69세,150,12,13,34,26,5,1,13,6,7
서울,강남구,일반,남자,70-74세,197,29,19,38,50,8,4,6,2,3
서울,강남구,일반,남자,75-79세,324,39,26,86,71,17,3,17,2,2
서울,강남구,일반,남자,80-84세,449,41,55,106,114,34,11,13,7,5
서울,강남구,일반,남자,85세이상,556,51,73,149,151,32,7,12,6,1
서울,강남구,일반,여자,65세미만,84,18,5,8,11,2,0,11,7,10
서울,강남구,일반,여자,65-69세,166,11,7,24,30,9,3,22,10,2
서울,강남구,일반,여자,70-74세,299,18,25,47,62,7,7,18,7,6
서울,강남구,일반,여자,75-79세,594,60,51,101,138,50,15,36,15,7
서울,강남구,일반,여자,80-84세,853,74,68,177,247,74,16,31,17,7
서울,강남구,일반,여자,85세이상,1420,156,201,377,429,74,13,37,8,4
서울,강남구,기초,남자,65세미만,74,6,5,8,13,1,1,14,9,9
서울,강남구,기초,남자,65-69세,130,4,1,19,43,2,1,19,12,7
서울,강남구,기초,남자,70-74세,101,2,4,9,45,5,0,4,4,6
서울,강남구,기초,남자,75-79세,87,2,3,24,26,3,1,5,3,5
서울,강남구,기초,남자,80-84세,71,3,3,13,25,3,3,3,1,2
서울,강남구,기초,남자,85세이상,40,2,7,5,14,1,0,1,0,0
서울,강남구,기초,여자,65세미만,51,2,3,7,6,1,0,10,9,5
서울,강남구,기초,여자,65-69세,93,0,3,17,24,1,1,15,12,6
서울,강남구,기초,여자,70-74세,123,3,1,22,34,4,0,14,7,2
서울,강남구,기초,여자,75-79세,180,4,4,47,49,7,1,16,8,2
서울,강남구,기초,여자,80-84세,191,6,12,37,81,11,3,12,1,0
서울,강남구,기초,여자,85세이상,258,18,22,71,91,8,1,3,4,0
서울,강남구,의료,남자,65세미만,1,0,0,0,0,0,0,0,0,0
서울,강남구,의료,남자,65-69세,1,0,0,0,1,0,0,0,0,0
서울,강남구,의료,남자,70-74세,1,0,0,0,1,0,0,0,0,0
서울,강남구,의료,남자,75-79세,3,0,0,0,2,0,0,0,0,0
서울,강남구,의료,남자,80-84세,7,0,0,0,4,0,0,1,0,0
서울,강남구,의료,남자,85세이상,5,1,0,1,2,0,0,0,0,0
서울,강남구,의료,여자,65세미만,1,0,0,0,0,0,0,0,0,1
서울,강남구,의료,여자,65-69세,2,0,1,0,0,0,0,0,0,0
서울,강남구,의료,여자,70-74세,0,0,0,0,0,0,0,0,0,0
서울,강남구,의료,여자,75-79세,2,0,0,1,0,0,0,0,0,0
서울,강남구,의료,여자,80-84세,5,0,0,1,0,0,0,0,1,0
서울,강남구,의료,여자,85세이상,24,2,0,6,8,1,1,1,0,1
서울,강남구,감경,남자,65세미만,18,2,3,5,4,0,1,1,0,1
서울,강남구,감경,남자,65-69세,28,3,1,11,9,1,0,0,0,0
서울,강남구,감경,남자,70-74세,43,4,7,11,13,2,0,0,1,0
서울,강남구,감경,남자,75-79세,55,2,4,22,19,3,0,0,0,1
서울,강남구,감경,남자,80-84세,43,2,5,17,10,2,0,0,1,0
서울,강남구,감경,남자,85세이상,38,1,3,13,19,2,0,0,0,0
서울,강남구,감경,여자,65세미만,22,4,2,9,1,2,1,0,0,0
서울,강남구,감경,여자,65-69세,36,2,2,12,12,2,1,1,1,0
서울,강남구,감경,여자,70-74세,54,4,2,9,26,2,2,0,1,0
서울,강남구,감경,여자,75-79세,100,7,6,24,43,7,2,2,0,0
서울,강남구,감경,여자,80-84세,168,15,12,36,72,23,3,1,0,0
서울,강남구,감경,여자,85세이상,299,23,42,84,121,13,5,1,1,1
서울,송파구,일반,남자,65세미만,101,11,5,14,16,1,1,17,6,3
서울,송파구,일반,남자,65-69세,187,7,14,41,44,1,1,14,5,6
서울,송파구,일반,남자,70-74세,304,19,23,66,89,15,5,11,8,0
서울,송파구,일반,남자,75-79세,453,26,26,123,141,21,6,16,9,7
서울,송파구,일반,남자,80-84세,508,15,38,142,134,46,9,25,12,5
서울,송파구,일반,남자,85세이상,595,25,40,173,215,37,3,17,10,3
서울,송파구,일반,여자,65세미만,116,11,7,20,18,4,2,14,9,7
서울,송파구,일반,여자,65-69세,214,13,12,30,52,9,2,13,11,8
서울,송파구,일반,여자,70-74세,399,17,21,68,91,23,13,32,13,5
서울,송파구,일반,여자,75-79세,692,28,43,131,199,49,12,54,11,6
서울,송파구,일반,여자,80-84세,1182,37,60,261,410,96,20,67,27,8
서울,송파구,일반,여자,85세이상,1797,115,207,483,675,85,13,34,15,5
서울,송파구,기초,남자,65세미만,70,8,7,13,25,1,0,5,2,3
서울,송파구,기초,남자,65-69세,81,5,4,14,33,1,1,3,3,2
서울,송파구,기초,남자,70-74세,58,2,1,12,13,2,0,3,5,4
서울,송파구,기초,남자,75-79세,60,3,4,9,22,8,1,3,0,1
서울,송파구,기초,남자,80-84세,63,1,1,12,23,2,2,0,2,4
서울,송파구,기초,남자,85세이상,45,1,2,15,11,1,0,4,1,0
서울,송파구,기초,여자,65세미만,48,6,4,6,9,1,1,5,4,1
서울,송파구,기초,여자,65-69세,53,2,2,7,21,0,1,1,4,2
서울,송파구,기초,여자,70-74세,94,5,10,13,34,6,0,7,5,0
서울,송파구,기초,여자,75-79세,135,4,7,23,50,12,2,8,2,1
서울,송파구,기초,여자,80-84세,160,3,4,37,60,13,3,13,4,0
서울,송파구,기초,여자,85세이상,257,10,33,70,87,18,0,9,0,0
서울,송파구,의료,남자,65세미만,0,0,0,0,0,0,0,0,0,0
서울,송파구,의료,남자,65-69세,0,0,0,0,0,0,0,0,0,0
서울,송파구,의료,남자,70-74세,3,0,0,1,0,0,0,0,1,0
서울,송파구,의료,남자,75-79세,1,0,0,0,1,0,0,0,0,0
서울,송파구,의료,남자,80-84세,3,0,0,0,0,0,0,0,0,0
서울,송파구,의료,남자,85세이상,4,0,1,1,0,0,0,0,0,0
서울,송파구,의료,여자,65세미만,2,0,0,1,0,0,0,1,0,0
서울,송파구,의료,여자,65-69세,1,1,0,0,0,0,0,0,0,0
서울,송파구,의료,여자,70-74세,2,0,0,0,1,0,0,0,0,0
서울,송파구,의료,여자,75-79세,3,0,0,1,0,0,0,1,0,0
서울,송파구,의료,여자,80-84세,11,0,0,2,3,0,0,1,0,0
서울,송파구,의료,여자,85세이상,25,1,2,7,3,0,0,1,0,1
서울,송파구,감경,남자,65세미만,37,3,1,17,13,1,0,0,0,0
서울,송파구,감경,남자,65-69세,61,8,6,15,22,2,0,1,1,0
서울,송파구,감경,남자,70-74세,78,2,7,19,41,2,2,1,0,0
서울,송파구,감경,남자,75-79세,93,2,10,29,44,6,0,1,0,0
서울,송파구,감경,남자,80-84세,106,7,6,31,47,10,1,2,0,0
서울,송파구,감경,남자,85세이상,102,3,13,25,49,10,1,0,0,0
서울,송파구,감경,여자,65세미만,27,7,1,5,9,2,1,0,0,0
서울,송파구,감경,여자,65-69세,57,6,6,11,22,6,3,1,0,1
서울,송파구,감경,여자,70-74세,111,5,6,32,48,9,3,0,0,0
서울,송파구,감경,여자,75-79세,192,9,12,53,79,23,5,0,2,1
서울,송파구,감경,여자,80-84세,372,12,34,101,169,37,3,1,2,0
서울,송파구,감경,여자,85세이상,615,25,89,210,242,28,8,0,0,1
서울,강동구,일반,남자,65세미만,107,15,4,20,13,1,0,15,4,7
서울,강동구,일반,남자,65-69세,174,10,10,42,40,4,1,22,12,4
서울,강동구,일반,남자,70-74세,316,27,26,76,64,15,4,15,11,1
서울,강동구,일반,남자,75-79세,458,52,35,96,119,23,6,25,3,2
서울,강동구,일반,남자,80-84세,456,35,33,78,135,31,8,22,10,5
서울,강동구,일반,남자,85세이상,484,43,52,100,166,27,6,17,6,4
서울,강동구,일반,여자,65세미만,102,14,3,19,16,3,2,17,5,4
서울,강동구,일반,여자,65-69세,189,12,11,24,38,4,3,24,7,3
서울,강동구,일반,여자,70-74세,331,14,24,47,69,24,9,28,10,5
서울,강동구,일반,여자,75-79세,635,30,40,113,164,57,18,54,18,3
서울,강동구,일반,여자,80-84세,930,44,65,195,280,79,25,40,25,3
서울,강동구,일반,여자,85세이상,1263,101,138,353,422,66,9,29,16,4
서울,강동구,기초,남자,65세미만,90,3,5,17,24,7,1,12,4,8
서울,강동구,기초,남자,65-69세,94,1,3,14,26,6,4,8,8,2
서울,강동구,기초,남자,70-74세,75,1,2,14,22,2,0,6,6,0
서울,강동구,기초,남자,75-79세,64,0,4,11,20,2,1,5,3,1
서울,강동구,기초,남자,80-84세,52,0,3,9,15,5,0,5,2,0
서울,강동구,기초,남자,85세이상,46,0,2,10,17,2,1,1,0,2
서울,강동구,기초,여자,65세미만,46,6,5,5,6,1,0,8,4,3
서울,강동구,기초,여자,65-69세,64,2,5,7,21,2,1,7,5,2
서울,강동구,기초,여자,70-74세,87,2,6,12,28,3,1,7,5,1
서울,강동구,기초,여자,75-79세,119,1,9,19,35,4,2,14,5,0
서울,강동구,기초,여자,80-84세,179,2,9,40,64,16,3,5,4,3
서울,강동구,기초,여자,85세이상,273,16,35,64,95,9,2,5,5,4
서울,강동구,의료,남자,65세미만,2,0,1,0,0,0,0,0,0,0
서울,강동구,의료,남자,65-69세,3,0,0,0,0,0,0,1,0,1
서울,강동구,의료,남자,70-74세,4,1,0,1,1,0,0,0,0,0
서울,강동구,의료,남자,75-79세,5,1,0,2,0,0,0,0,1,0
서울,강동구,의료,남자,80-84세,2,0,0,0,1,0,0,0,0,0
서울,강동구,의료,남자,85세이상,18,1,4,3,2,0,0,0,0,0
서울,강동구,의료,여자,65세미만,0,0,0,0,0,0,0,0,0,0
서울,강동구,의료,여자,65-69세,0,0,0,0,0,0,0,0,0,0
서울,강동구,의료,여자,70-74세,2,0,0,0,1,0,0,0,1,0
서울,강동구,의료,여자,75-79세,6,0,1,1,1,0,0,1,0,0
서울,강동구,의료,여자,80-84세,21,3,1,3,8,1,0,0,1,0
서울,강동구,의료,여자,85세이상,42,1,6,10,12,1,0,1,0,1
서울,강동구,감경,남자,65세미만,46,7,3,20,9,1,1,1,0,0
서울,강동구,감경,남자,65-69세,60,6,3,17,23,4,1,0,0,0
서울,강동구,감경,남자,70-74세,103,6,13,27,43,9,1,1,0,0
서울,강동구,감경,남자,75-79세,129,13,16,31,51,8,5,1,0,0
서울,강동구,감경,남자,80-84세,125,13,16,33,40,14,3,0,1,1
서울,강동구,감경,남자,85세이상,144,13,18,30,58,13,5,0,2,0
서울,강동구,감경,여자,65세미만,30,9,3,8,5,2,0,1,1,0
서울,강동구,감경,여자,65-69세,64,7,6,20,23,4,1,0,0,0
서울,강동구,감경,여자,70-74세,121,14,7,33,40,13,9,2,0,1
서울,강동구,감경,여자,75-79세,182,16,15,45,73,18,3,3,1,0
서울,강동구,감경,여자,80-84세,356,24,32,99,138,42,6,0,0,1
서울,강동구,감경,여자,85세이상,636,40,77,199,268,31,2,4,1,0
부산,중구,일반,남자,65세미만,10,1,1,0,1,0,0,2,3,0
부산,중구,일반,남자,65-69세,28,0,3,3,6,0,0,6,3,1
부산,중구,일반,남자,70-74세,26,1,1,6,5,1,0,2,0,1
부산,중구,일반,남자,75-79세,32,2,1,5,10,1,2,6,0,1
부산,중구,일반,남자,80-84세,56,2,1,9,17,7,0,2,4,1
부산,중구,일반,남자,85세이상,42,0,4,7,16,4,1,2,3,2
부산,중구,일반,여자,65세미만,10,0,0,1,2,1,0,2,2,0
부산,중구,일반,여자,65-69세,26,0,2,2,4,0,0,6,4,0
부산,중구,일반,여자,70-74세,61,0,1,5,17,1,0,7,5,3
부산,중구,일반,여자,75-79세,90,2,2,12,19,14,1,5,8,2
부산,중구,일반,여자,80-84세,155,6,10,25,43,11,3,13,4,0
부산,중구,일반,여자,85세이상,152,3,20,36,46,6,0,6,9,0
부산,중구,기초,남자,65세미만,27,0,1,4,8,1,0,5,2,1
부산,중구,기초,남자,65-69세,41,1,3,2,9,2,1,2,7,1
부산,중구,기초,남자,70-74세,28,1,1,6,5,1,0,3,5,1
부산,중구,기초,남자,75-79세,26,0,0,2,8,1,1,4,0,0
부산,중구,기초,남자,80-84세,18,0,2,0,9,3,1,0,1,0
부산,중구,기초,남자,85세이상,17,0,1,3,7,1,1,1,0,0
부산,중구,기초,여자,65세미만,9,0,0,1,1,0,0,2,0,0
부산,중구,기초,여자,65-69세,26,1,0,3,8,1,0,3,1,1
부산,중구,기초,여자,70-74세,52,1,2,6,16,5,0,3,7,2
부산,중구,기초,여자,75-79세,53,2,3,6,22,1,0,3,5,1
부산,중구,기초,여자,80-84세,65,2,4,7,21,5,1,5,5,0
부산,중구,기초,여자,85세이상,81,3,8,10,29,3,0,1,3,0
부산,중구,의료,남자,65세미만,0,0,0,0,0,0,0,0,0,0
부산,중구,의료,남자,65-69세,0,0,0,0,0,0,0,0,0,0
부산,중구,의료,남자,70-74세,1,0,0,0,0,0,0,0,1,0
부산,중구,의료,남자,75-79세,1,0,0,1,0,0,0,0,0,0
부산,중구,의료,남자,80-84세,0,0,0,0,0,0,0,0,0,0
부산,중구,의료,남자,85세이상,0,0,0,0,0,0,0,0,0,0
부산,중구,의료,여자,65세미만,0,0,0,0,0,0,0,0,0,0
부산,중구,의료,여자,65-69세,0,0,0,0,0,0,0,0,0,0
부산,중구,의료,여자,70-74세,2,0,0,0,1,1,0,0,0,0
부산,중구,의료,여자,75-79세,3,0,0,0,1,0,0,0,1,0
부산,중구,의료,여자,80-84세,2,0,0,0,0,0,0,1,0,0
부산,중구,의료,여자,85세이상,6,0,1,2,2,0,0,0,0,0
부산,중구,감경,남자,65세미만,4,0,0,2,1,0,0,0,0,0
부산,중구,감경,남자,65-69세,22,1,2,5,6,3,0,1,0,0
부산,중구,감경,남자,70-74세,19,0,3,3,11,1,0,0,0,0
부산,중구,감경,남자,75-79세,38,1,2,6,18,6,0,0,1,0
부산,중구,감경,남자,80-84세,40,5,4,10,16,3,1,0,0,0
부산,중구,감경,남자,85세이상,30,0,5,10,13,2,0,0,0,0
부산,중구,감경,여자,65세미만,9,1,3,3,2,0,0,0,0,0
부산,중구,감경,여자,65-69세,18,0,3,4,6,0,0,0,0,0
부산,중구,감경,여자,70-74세,39,5,2,8,15,2,1,1,1,0
부산,중구,감경,여자,75-79세,69,2,3,9,31,8,0,3,3,0
부산,중구,감경,여자,80-84세,106,6,7,22,49,8,2,2,0,1
부산,중구,감경,여자,85세이상,156,10,15,48,62,9,0,1,2,0
부산,서구,일반,남자,65세미만,16,0,0,3,2,0,0,1,2,0
부산,서구,일반,남자,65-69세,64,3,1,9,16,1,0,9,5,1
부산,서구,일반,남자,70-74세,90,7,2,15,18,3,0,13,3,3
부산,서구,일반,남자,75-79세,120,6,6,15,33,6,2,21,5,2
부산,서구,일반,남자,80-84세,142,5,8,27,36,13,2,13,10,3
부산,서구,일반,남자,85세이상,138,7,9,18,59,12,3,7,5,3
부산,서구,일반,여자,65세미만,15,1,1,0,3,0,0,7,2,0
부산,서구,일반,여자,65-69세,75,4,1,5,13,1,1,13,5,0
부산,서구,일반,여자,70-74세,144,3,7,11,21,9,1,21,10,4
부산,서구,일반,여자,75-79세,276,8,7,38,64,16,4,48,19,6
부산,서구,일반,여자,80-84세,390,4,17,74,131,29,6,40,13,3
부산,서구,일반,여자,85세이상,391,23,34,91,133,17,5,26,15,2
부산,서구,기초,남자,65세미만,31,0,1,3,7,2,1,7,2,2
부산,서구,기초,남자,65-69세,62,1,3,6,19,1,1,8,8,2
부산,서구,기초,남자,70-74세,61,2,3,8,14,3,0,6,4,0
부산,서구,기초,남자,75-79세,54,0,1,7,16,4,0,5,2,4
부산,서구,기초,남자,80-84세,43,1,3,4,20,5,2,1,1,0
부산,서구,기초,남자,85세이상,30,2,2,4,14,3,0,4,0,0
부산,서구,기초,여자,65세미만,20,2,2,1,3,1,1,0,0,0
부산,서구,기초,여자,65-69세,57,1,1,8,13,1,1,12,1,1
부산,서구,기초,여자,70-74세,91,2,3,8,20,4,1,21,9,3
부산,서구,기초,여자,75-79세,130,4,3,18,45,3,1,19,6,1
부산,서구,기초,여자,80-84세,145,3,7,26,54,5,3,9,5,2
부산,서구,기초,여자,85세이상,185,5,18,31,71,9,2,4,10,1
부산,서구,의료,남자,65세미만,1,1,0,0,0,0,0,0,0,0
부산,서구,의료,남자,65-69세,2,0,0,0,0,0,0,1,0,0
부산,서구,의료,남자,70-74세,1,0,0,0,0,0,0,0,0,0
부산,서구,의료,남자,75-79세,3,0,0,1,2,0,0,0,0,0
부산,서구,의료,남자,80-84세,2,0,0,0,0,0,0,0,1,0
부산,서구,의료,남자,85세이상,3,0,1,0,0,0,0,0,0,0
부산,서구,의료,여자,65세미만,0,0,0,0,0,0,0,0,0,0
부산,서구,의료,여자,65-69세,3,0,0,0,0,1,0,1,0,0
부산,서구,의료,여자,70-74세,0,0,0,0,0,0,0,0,0,0
부산,서구,의료,여자,75-79세,2,0,0,0,1,0,0,0,0,0
부산,서구,의료,여자,80-84세,8,1,1,1,4,0,1,0,0,0
부산,서구,의료,여자,85세이상,16,2,3,4,5,0,0,0,0,0
부산,서구,감경,남자,65세미만,14,1,1,5,3,1,0,2,0,0
부산,서구,감경,남자,65-69세,33,3,2,8,15,1,0,2,0,1
부산,서구,감경,남자,70-74세,56,3,1,18,28,0,1,1,1,0
부산,서구,감경,남자,75-79세,85,0,4,23,47,6,1,1,1,1
부산,서구,감경,남자,80-84세,103,1,9,17,55,7,1,2,0,0
부산,서구,감경,남자,85세이상,88,2,5,22,49,8,1,0,0,0
부산,서구,감경,여자,65세미만,12,3,3,2,0,2,1,0,0,0
부산,서구,감경,여자,65-69세,28,1,3,5,12,1,0,1,0,2
부산,서구,감경,여자,70-74세,89,5,9,13,42,7,0,5,0,0
부산,서구,감경,여자,75-79세,136,5,10,21,61,14,1,3,2,0
부산,서구,감경,여자,80-84세,273,10,18,73,120,27,3,1,1,0
부산,서구,감경,여자,85세이상,360,22,38,104,163,12,4,0,0,0
부산,동구,일반,남자,65세미만,19,2,2,1,2,0,0,4,4,0
부산,동구,일반,남자,65-69세,48,2,5,5,9,2,0,3,4,1
부산,동구,일반,남자,70-74세,80,5,4,18,21,0,0,7,7,3
부산,동구,일반,남자,75-79세,109,3,8,28,30,5,1,10,5,1
부산,동구,일반,남자,80-84세,129,1,7,23,41,8,1,5,10,4
부산,동구,일반,남자,85세이상,115,2,6,24,40,3,2,11,5,0
부산,동구,일반,여자,65세미만,18,4,0,3,0,0,0,6,1,0
부산,동구,일반,여자,65-69세,68,2,1,4,11,3,1,9,8,1
부산,동구,일반,여자,70-74세,128,3,5,18,26,6,3,17,11,0
부산,동구,일반,여자,75-79세,243,8,17,40,59,12,3,30,14,1
부산,동구,일반,여자,80-84세,349,9,15,70,115,30,4,33,16,1
부산,동구,일반,여자,85세이상,295,13,17,70,114,12,2,14,6,1
부산,동구,기초,남자,65세미만,55,2,2,12,21,0,0,5,2,0
부산,동구,기초,남자,65-69세,88,1,1,7,26,6,2,13,12,5
부산,동구,기초,남자,70-74세,66,1,1,11,20,4,1,6,8,1
부산,동구,기초,남자,75-79세,51,2,2,9,13,6,2,3,5,1
부산,동구,기초,남자,80-84세,49,0,2,11,19,4,1,2,2,0
부산,동구,기초,남자,85세이상,27,0,1,6,8,6,0,0,0,0
부산,동구,기초,여자,65세미만,31,2,2,1,6,2,0,5,2,3
부산,동구,기초,여자,65-69세,60,4,3,4,14,2,1,5,10,4
부산,동구,기초,여자,70-74세,110,1,3,12,38,8,0,11,16,2
부산,동구,기초,여자,75-79세,138,5,2,19,46,8,0,13,6,0
부산,동구,기초,여자,80-84세,176,1,10,22,70,11,2,14,12,0
부산,동구,기초,여자,85세이상,190,8,16,49,60,5,2,7,5,0
부산,동구,의료,남자,65세미만,0,0,0,0,0,0,0,0,0,0
부산,동구,의료,남자,65-69세,2,0,0,0,1,0,0,0,0,0
부산,동구,의료,남자,70-74세,2,0,0,0,2,0,0,0,0,0
부산,동구,의료,남자,75-79세,1,0,0,0,0,1,0,0,0,0
부산,동구,의료,남자,80-84세,2,0,0,0,1,0,0,0,0,0
부산,동구,의료,남자,85세이상,3,0,0,0,2,0,0,0,0,0
부산,동구,의료,여자,65세미만,0,0,0,0,0,0,0,0,0,0
부산,동구,의료,여자,65-69세,2,0,0,1,1,0,0,0,0,0
부산,동구,의료,여자,70-74세,0,0,0,0,0,0,0,0,0,0
부산,동구,의료,여자,75-79세,5,0,1,0,1,0,0,0,0,1
부산,동구,의료,여자,80-84세,9,0,0,0,4,0,0,1,0,0
부산,동구,의료,여자,85세이상,15,1,2,3,5,0,1,1,0,0
부산,동구,감경,남자,65세미만,20,3,1,2,8,1,0,0,0,0
부산,동구,감경,남자,65-69세,33,1,3,10,16,1,0,0,0,0
부산,동구,감경,남자,70-74세,54,6,2,15,22,1,0,1,0,0
부산,동구,감경,남자,75-79세,75,3,7,21,27,8,4,0,0,0
부산,동구,감경,남자,80-84세,73,2,5,21,28,7,2,1,1,0
부산,동구,감경,남자,85세이상,55,2,3,17,25,5,0,1,0,0
부산,동구,감경,여자,65세미만,16,2,2,4,2,1,0,1,1,0
부산,동구,감경,여자,65-69세,36,4,6,7,10,3,0,3,0,0
부산,동구,감경,여자,70-74세,72,6,4,16,27,5,1,2,2,0
부산,동구,감경,여자,75-79세,154,4,15,34,63,17,0,2,0,0
부산,동구,감경,여자,80-84세,255,6,22,75,101,19,3,2,2,0
부산,동구,감경,여자,85세이상,343,13,35,103,146,17,2,3,1,0
부산,영도구,일반,남자,65세미만,23,0,0,2,1,0,1,5,6,0
부산,영도구,일반,남자,65-69세,59,0,0,8,9,1,0,11,6,1
부산,영도구,일반,남자,70-74세,111,0,4,20,35,2,1,12,11,2
부산,영도구,일반,남자,75-79세,129,1,4,25,31,7,4,10,19,3
부산,영도구,일반,남자,80-84세,168,3,6,30,54,13,4,13,8,3
부산,영도구,일반,남자,85세이상,123,2,7,28,47,4,2,9,6,1
부산,영도구,일반,여자,65세미만,25,1,2,1,2,0,0,8,2,1
부산,영도구,일반,여자,65-69세,71,1,3,9,10,0,0,12,9,2
부산,영도구,일반,여자,70-74세,147,3,0,17,35,10,2,26,8,1
부산,영도구,일반,여자,75-79세,323,8,12,40,77,23,7,38,31,4
부산,영도구,일반,여자,80-84세,380,9,20,49,132,19,9,34,28,1
부산,영도구,일반,여자,85세이상,361,17,26,83,139,12,2,16,7,1
부산,영도구,기초,남자,65세미만,81,1,3,10,18,5,1,17,9,6
부산,영도구,기초,남자,65-69세,149,2,2,18,43,7,4,15,25,8
부산,영도구,기초,남자,70-74세,97,0,3,10,27,5,5,14,11,4
부산,영도구,기초,남자,75-79세,83,0,1,9,29,4,1,9,10,0
부산,영도구,기초,남자,80-84세,57,0,1,9,25,4,2,0,3,0
부산,영도구,기초,남자,85세이상,43,0,2,6,21,0,0,5,3,0
부산,영도구,기초,여자,65세미만,40,1,1,9,8,1,0,5,7,4
부산,영도구,기초,여자,65-69세,125,6,5,12,33,7,2,17,11,2
부산,영도구,기초,여자,70-74세,124,2,6,17,30,4,2,17,17,3
부산,영도구,기초,여자,75-79세,206,3,6,31,70,15,3,18,18,6
부산,영도구,기초,여자,80-84세,242,7,4,33,97,19,6,17,12,1
부산,영도구,기초,여자,85세이상,203,7,21,42,87,9,2,4,3,0
부산,영도구,의료,남자,65세미만,1,0,0,0,0,0,0,0,1,0
부산,영도구,의료,남자,65-69세,0,0,0,0,0,0,0,0,0,0
부산,영도구,의료,남자,70-74세,5,0,0,2,3,0,0,0,0,0
부산,영도구,의료,남자,75-79세,6,0,0,1,4,0,0,0,0,0
부산,영도구,의료,남자,80-84세,2,0,0,0,0,0,0,0,0,0
부산,영도구,의료,남자,85세이상,10,0,2,2,3,0,0,1,0,0
부산,영도구,의료,여자,65세미만,1,0,0,0,0,0,0,0,1,0
부산,영도구,의료,여자,65-69세,1,0,0,0,0,0,0,0,0,0
부산,영도구,의료,여자,70-74세,5,1,1,1,1,0,0,1,0,0
부산,영도구,의료,여자,75-79세,3,0,0,0,1,0,0,2,0,0
부산,영도구,의료,여자,80-84세,13,0,1,0,5,1,0,2,0,0
부산,영도구,의료,여자,85세이상,24,0,2,4,9,3,0,0,0,0
부산,영도구,감경,남자,65세미만,24,1,2,8,5,2,0,1,1,0
부산,영도구,감경,남자,65-69세,40,3,3,10,16,2,1,0,2,0
부산,영도구,감경,남자,70-74세,66,0,1,19,36,1,0,2,0,0
부산,영도구,감경,남자,75-79세,84,5,5,24,31,5,7,0,1,0
부산,영도구,감경,남자,80-84세,85,3,6,19,34,8,4,2,0,1
부산,영도구,감경,남자,85세이상,90,2,6,20,47,10,0,0,1,0
부산,영도구,감경,여자,65세미만,17,0,2,4,8,1,1,1,0,0
부산,영도구,감경,여자,65-69세,59,2,4,7,20,7,6,2,2,0
부산,영도구,감경,여자,70-74세,98,4,5,15,43,5,2,5,3,0
부산,영도구,감경,여자,75-79세,199,10,15,40,88,17,4,4,4,0
부산,영도구,감경,여자,80-84세,317,14,29,75,138,25,7,5,4,0
부산,영도구,감경,여자,85세이상,356,22,37,106,152,17,1,2,0,1
부산,부산진구,일반,남자,65세미만,67,4,4,13,8,1,0,15,2,2
부산,부산진구,일반,남자,65-69세,226,14,8,45,51,5,1,31,19,5
부산,부산진구,일반,남자,70-74세,266,14,8,46,75,10,2,33,10,8
부산,부산진구,일반,남자,75-79세,345,5,15,77,106,22,9,26,15,8
부산,부산진구,일반,남자,80-84세,426,15,21,76,127,47,7,32,24,10
부산,부산진구,일반,남자,85세이상,393,10,22,86,156,28,3,25,9,4
부산,부산진구,일반,여자,65세미만,65,2,7,8,6,0,0,17,2,6
부산,부산진구,일반,여자,65-69세,246,11,9,32,46,7,4,33,28,3
부산,부산진구,일반,여자,70-74세,432,11,17,56,104,19,4,52,23,10
부산,부산진구,일반,여자,75-79세,803,12,22,104,249,56,22,82,49,14
부산,부산진구,일반,여자,80-84세,1228,39,64,198,432,82,23,113,45,15
부산,부산진구,일반,여자,85세이상,1001,37,86,256,376,43,9,37,19,3
부산,부산진구,기초,남자,65세미만,102,8,4,12,21,3,0,23,9,2
부산,부산진구,기초,남자,65-69세,167,3,2,12,47,12,5,21,16,9
부산,부산진구,기초,남자,70-74세,111,3,3,8,33,11,1,9,10,6
부산,부산진구,기초,남자,75-79세,83,0,4,12,28,7,1,5,9,2
부산,부산진구,기초,남자,80-84세,85,2,0,14,36,8,0,5,5,4
부산,부산진구,기초,남자,85세이상,56,4,3,8,17,6,0,4,2,1
부산,부산진구,기초,여자,65세미만,46,5,5,9,11,2,1,6,0,1
부산,부산진구,기초,여자,65-69세,130,3,2,16,31,4,2,21,10,4
부산,부산진구,기초,여자,70-74세,166,4,6,22,40,13,4,21,17,2
부산,부산진구,기초,여자,75-79세,268,0,5,49,93,16,0,24,14,4
부산,부산진구,기초,여자,80-84세,358,9,20,65,137,21,1,23,15,2
부산,부산진구,기초,여자,85세이상,417,18,24,93,165,22,2,11,6,1
부산,부산진구,의료,남자,65세미만,0,0,0,0,0,0,0,0,0,0
부산,부산진구,의료,남자,65-69세,1,0,0,1,0,0,0,0,0,0
부산,부산진구,의료,남자,70-74세,6,0,0,4,1,0,0,0,0,0
부산,부산진구,의료,남자,75-79세,6,0,0,4,2,0,0,0,0,0
부산,부산진구,의료,남자,80-84세,7,0,0,2,3,0,0,0,1,0
부산,부산진구,의료,남자,85세이상,11,0,1,2,5,0,0,0,0,0
부산,부산진구,의료,여자,65세미만,0,0,0,0,0,0,0,0,0,0
부산,부산진구,의료,여자,65-69세,4,0,0,1,0,0,0,1,0,1
부산,부산진구,의료,여자,70-74세,4,0,0,1,2,0,0,0,1,0
부산,부산진구,의료,여자,75-79세,6,0,0,1,2,0,0,0,0,0
부산,부산진구,의료,여자,80-84세,19,0,1,0,10,0,0,2,0,1
부산,부산진구,의료,여자,85세이상,34,2,3,11,8,0,0,0,1,0
부산,부산진구,감경,남자,65세미만,50,5,8,8,17,1,1,1,0,0
부산,부산진구,감경,남자,65-69세,108,0,4,40,46,5,3,1,0,0
부산,부산진구,감경,남자,70-74세,183,8,11,50,88,12,1,1,1,0
부산,부산진구,감경,남자,75-79세,179,5,16,44,86,11,6,1,1,0
부산,부산진구,감경,남자,80-84세,219,8,23,55,96,18,6,1,1,2
부산,부산진구,감경,남자,85세이상,193,3,11,58,95,17,2,2,0,0
부산,부산진구,감경,여자,65세미만,42,6,5,15,7,1,0,0,0,1
부산,부산진구,감경,여자,65-69세,101,4,6,24,41,7,3,1,1,0
부산,부산진구,감경,여자,70-74세,204,11,11,51,83,13,7,5,5,0
부산,부산진구,감경,여자,75-79세,390,12,21,84,171,36,11,11,4,2
부산,부산진구,감경,여자,80-84세,653,24,46,167,305,54,17,8,0,0
부산,부산진구,감경,여자,85세이상,855,38,87,277,360,45,3,3,0,0
부산,동래구,일반,남자,65세미만,62,7,3,10,4,0,1,10,5,0
부산,동래구,일반,남자,65-69세,147,10,10,24,39,4,0,15,2,3
부산,동래구,일반,남자,70-74세,215,7,19,43,68,6,0,18,4,4
부산,동래구,일반,남자,75-79세,284,14,18,57,93,10,0,22,12,1
부산,동래구,일반,남자,80-84세,339,13,24,66,124,20,6,26,9,6
부산,동래구,일반,남자,85세이상,294,11,10,70,121,19,3,12,7,4
부산,동래구,일반,여자,65세미만,56,4,3,7,11,0,0,12,5,3
부산,동래구,일반,여자,65-69세,162,2,10,20,31,3,1,27,14,2
부산,동래구,일반,여자,70-74세,346,11,20,42,117,18,4,37,17,3
부산,동래구,일반,여자,75-79세,567,18,26,86,151,47,6,46,34,7
부산,동래구,일반,여자,80-84세,840,26,46,199,297,49,15,49,16,5
부산,동래구,일반,여자,85세이상,828,40,91,216,280,40,5,29,17,4
부산,동래구,기초,남자,65세미만,55,4,2,9,15,3,0,8,4,1
부산,동래구,기초,남자,65-69세,68,3,4,10,13,3,0,6,7,3
부산,동래구,기초,남자,70-74세,65,2,1,6,22,3,1,7,8,2
부산,동래구,기초,남자,75-79세,51,1,2,6,23,3,0,3,5,1
부산,동래구,기초,남자,80-84세,61,1,3,17,19,2,0,2,2,0
부산,동래구,기초,남자,85세이상,37,0,5,7,12,2,0,2,2,0
부산,동래구,기초,여자,65세미만,37,2,3,7,10,2,0,4,0,1
부산,동래구,기초,여자,65-69세,74,0,5,10,21,0,0,14,8,2
부산,동래구,기초,여자,70-74세,106,6,10,20,25,3,3,11,6,3
부산,동래구,기초,여자,75-79세,154,2,9,26,54,8,0,14,11,3
부산,동래구,기초,여자,80-84세,191,7,16,40,80,5,2,8,5,0
부산,동래구,기초,여자,85세이상,241,10,28,55,90,5,3,6,4,0
부산,동래구,의료,남자,65세미만,0,0,0,0,0,0,0,0,0,0
부산,동래구,의료,남자,65-69세,1,0,0,0,1,0,0,0,0,0
부산,동래구,의료,남자,70-74세,3,0,0,1,1,0,1,0,0,0
부산,동래구,의료,남자,75-79세,3,0,0,2,1,0,0,0,0,0
부산,동래구,의료,남자,80-84세,1,0,0,0,0,0,0,0,0,0
부산,동래구,의료,남자,85세이상,3,0,0,1,1,0,0,0,0,0
부산,동래구,의료,여자,65세미만,0,0,0,0,0,0,0,0,0,0
부산,동래구,의료,여자,65-69세,0,0,0,0,0,0,0,0,0,0
부산,동래구,의료,여자,70-74세,3,0,0,0,0,0,0,1,0,0
부산,동래구,의료,여자,75-79세,2,0,0,0,0,0,0,0,0,0
부산,동래구,의료,여자,80-84세,10,0,0,3,3,0,0,0,0,0
부산,동래구,의료,여자,85세이상,30,0,5,5,9,1,0,0,0,0
부산,동래구,감경,남자,65세미만,33,7,2,6,10,1,0,1,1,0
부산,동래구,감경,남자,65-69세,52,3,3,13,27,2,0,0,0,0
부산,동래구,감경,남자,70-74세,104,7,13,28,39,8,1,1,2,0
부산,동래구,감경,남자,75-79세,115,7,10,24,59,7,1,0,1,1
부산,동래구,감경,남자,80-84세,155,5,10,53,63,13,0,3,0,0
부산,동래구,감경,남자,85세이상,119,3,5,42,59,8,0,0,0,0
부산,동래구,감경,여자,65세미만,18,1,2,4,3,4,1,0,0,0
부산,동래구,감경,여자,65-69세,62,6,6,12,21,5,2,0,0,0
부산,동래구,감경,여자,70-74세,137,9,7,25,64,13,3,3,1,0
부산,동래구,감경,여자,75-79세,267,12,25,62,113,21,5,4,2,0
부산,동래구,감경,여자,80-84세,433,19,42,109,186,40,5,1,0,0
부산,동래구,감경,여자,85세이상,612,37,63,217,244,21,1,2,0,0
부산,남구,일반,남자,65세미만,48,2,0,3,8,2,1,14,4,2
부산,남구,일반,남자,65-69세,129,1,5,19,30,10,1,18,12,0
부산,남구,일반,남자,70-74세,201,3,5,38,56,10,2,25,10,4
부산,남구,일반,남자,75-79세,304,11,15,63,83,19,4,33,15,5
부산,남구,일반,남자,80-84세,354,4,19,71,129,34,8,24,13,4
부산,남구,일반,남자,85세이상,280,6,20,48,104,22,1,18,15,5
부산,남구,일반,여자,65세미만,50,3,1,9,8,4,0,11,7,1
부산,남구,일반,여자,65-69세,202,5,8,25,26,10,1,33,19,6
부산,남구,일반,여자,70-74세,336,11,14,32,72,13,7,44,26,5
부산,남구,일반,여자,75-79세,598,13,20,87,176,42,7,75,42,10
부산,남구,일반,여자,80-84세,810,9,30,139,274,68,16,88,25,3
부산,남구,일반,여자,85세이상,806,28,60,187,305,53,5,29,21,6
부산,남구,기초,남자,65세미만,50,1,3,7,15,1,0,8,3,2
부산,남구,기초,남자,65-69세,65,3,3,14,10,3,1,5,5,3
부산,남구,기초,남자,70-74세,60,3,1,11,15,5,1,4,6,2
부산,남구,기초,남자,75-79세,43,1,1,7,15,1,3,4,5,2
부산,남구,기초,남자,80-84세,46,1,0,5,19,2,0,6,5,3
부산,남구,기초,남자,85세이상,43,0,2,10,14,4,0,3,1,1
부산,남구,기초,여자,65세미만,31,1,2,3,4,1,0,5,2,1
부산,남구,기초,여자,65-69세,76,0,2,9,22,7,0,9,8,3
부산,남구,기초,여자,70-74세,116,3,2,22,32,7,2,12,9,3
부산,남구,기초,여자,75-79세,136,2,5,19,47,5,2,13,10,2
부산,남구,기초,여자,80-84세,200,7,7,33,84,7,1,8,9,4
부산,남구,기초,여자,85세이상,228,4,17,52,100,11,0,7,4,2
부산,남구,의료,남자,65세미만,0,0,0,0,0,0,0,0,0,0
부산,남구,의료,남자,65-69세,1,0,0,1,0,0,0,0,0,0
부산,남구,의료,남자,70-74세,4,0,0,1,2,0,0,0,0,0
부산,남구,의료,남자,75-79세,3,0,1,0,1,0,0,0,1,0
부산,남구,의료,남자,80-84세,3,0,0,0,1,1,0,0,0,0
부산,남구,의료,남자,85세이상,7,1,0,1,1,1,0,1,0,0
부산,남구,의료,여자,65세미만,0,0,0,0,0,0,0,0,0,0
부산,남구,의료,여자,65-69세,2,0,0,0,0,0,0,0,0,0
부산,남구,의료,여자,70-74세,8,0,0,2,3,0,0,2,0,1
부산,남구,의료,여자,75-79세,7,0,0,0,1,0,0,2,0,0
부산,남구,의료,여자,80-84세,11,0,0,4,5,0,0,0,0,0
부산,남구,의료,여자,85세이상,21,2,0,9,4,2,0,0,0,0
부산,남구,감경,남자,65세미만,36,3,2,12,10,0,0,1,3,0
부산,남구,감경,남자,65-69세,78,3,3,25,27,10,1,3,0,0
부산,남구,감경,남자,70-74세,113,2,10,29,47,11,5,0,2,0
부산,남구,감경,남자,75-79세,150,5,11,40,64,13,2,0,3,1
부산,남구,감경,남자,80-84세,155,4,10,37,68,22,4,0,0,0
부산,남구,감경,남자,85세이상,140,2,8,38,71,13,2,1,0,1
부산,남구,감경,여자,65세미만,30,7,1,1,15,1,3,0,0,0
부산,남구,감경,여자,65-69세,61,3,3,14,26,1,3,2,1,1
부산,남구,감경,여자,70-74세,138,3,8,34,58,14,3,3,2,0
부산,남구,감경,여자,75-79세,252,9,14,60,112,28,3,3,0,0
부산,남구,감경,여자,80-84세,454,14,31,116,217,33,11,1,2,0
부산,남구,감경,여자,85세이상,587,36,51,185,231,50,6,3,0,1
부산,북구,일반,남자,65세미만,47,2,1,5,10,1,2,13,5,1
부산,북구,일반,남자,65-69세,135,1,6,14,29,1,1,27,12,6
부산,북구,일반,남자,70-74세,202,5,9,37,56,6,1,31,13,7
부산,북구,일반,남자,75-79세,214,2,11,36,56,9,2,27,17,3
부산,북구,일반,남자,80-84세,265,2,5,54,74,37,5,28,13,3
부산,북구,일반,남자,85세이상,219,4,16,40,89,22,1,12,6,1
부산,북구,일반,여자,65세미만,52,6,4,9,9,1,0,7,4,3
부산,북구,일반,여자,65-69세,160,4,3,19,22,6,3,24,18,2
부산,북구,일반,여자,70-74세,277,8,14,32,68,9,7,40,15,5
부산,북구,일반,여자,75-79세,507,13,17,80,144,32,13,61,26,8
부산,북구,일반,여자,80-84세,729,24,39,118,231,55,17,61,27,5
부산,북구,일반,여자,85세이상,672,31,59,160,218,35,5,39,15,0
부산,북구,기초,남자,65세미만,135,4,11,21,39,5,1,20,6,7
부산,북구,기초,남자,65-69세,255,2,4,24,69,13,2,50,33,11
부산,북구,기초,남자,70-74세,157,0,6,14,55,9,1,16,12,7
부산,북구,기초,남자,75-79세,128,0,6,7,40,15,0,10,18,3
부산,북구,기초,남자,80-84세,120,1,2,21,45,8,1,11,11,3
부산,북구,기초,남자,85세이상,67,1,2,8,29,6,2,2,4,1
부산,북구,기초,여자,65세미만,71,3,4,12,12,7,3,12,5,2
부산,북구,기초,여자,65-69세,158,1,7,20,50,4,3,15,14,4
부산,북구,기초,여자,70-74세,214,2,5,20,74,16,2,21,15,9
부산,북구,기초,여자,75-79세,294,8,8,25,92,22,3,35,26,7
부산,북구,기초,여자,80-84세,390,6,20,46,170,40,4,19,18,4
부산,북구,기초,여자,85세이상,452,17,34,77,197,27,2,12,16,4
부산,북구,의료,남자,65세미만,0,0,0,0,0,0,0,0,0,0
부산,북구,의료,남자,65-69세,3,0,0,0,0,0,0,0,1,0
부산,북구,의료,남자,70-74세,2,0,0,0,1,0,0,1,0,0
부산,북구,의료,남자,75-79세,1,0,0,1,0,0,0,0,0,0
부산,북구,의료,남자,80-84세,5,0,0,2,2,0,0,0,0,0
부산,북구,의료,남자,85세이상,10,0,1,1,2,0,0,1,0,0
부산,북구,의료,여자,65세미만,0,0,0,0,0,0,0,0,0,0
부산,북구,의료,여자,65-69세,1,0,1,0,0,0,0,0,0,0
부산,북구,의료,여자,70-74세,4,0,0,1,1,0,0,1,1,0
부산,북구,의료,여자,75-79세,6,0,0,1,1,1,0,0,0,0
부산,북구,의료,여자,80-84세,18,0,0,2,7,2,0,1,2,0
부산,북구,의료,여자,85세이상,42,2,3,10,11,1,0,2,1,1
부산,북구,감경,남자,65세미만,34,1,2,14,13,0,1,0,0,1
부산,북구,감경,남자,65-69세,94,7,16,25,37,2,2,2,0,0
부산,북구,감경,남자,70-74세,99,11,7,26,40,8,0,1,1,0
부산,북구,감경,남자,75-79세,117,3,8,32,53,12,0,2,0,0
부산,북구,감경,남자,80-84세,159,2,11,37,76,17,3,3,1,0
부산,북구,감경,남자,85세이상,113,5,13,25,56,9,1,0,0,0
부산,북구,감경,여자,65세미만,31,5,3,3,14,1,0,2,0,0
부산,북구,감경,여자,65-69세,74,5,6,21,25,3,1,1,0,1
부산,북구,감경,여자,70-74세,144,6,11,33,58,18,3,2,0,0
부산,북구,감경,여자,75-79세,284,12,18,62,119,36,8,5,2,1
부산,북구,감경,여자,80-84세,473,20,34,105,214,48,10,6,3,0
부산,북구,감경,여자,85세이상,665,45,72,183,289,35,7,1,3,0
부산,해운대구,일반,남자,65세미만,80,5,3,9,9,1,1,20,6,4
부산,해운대구,일반,남자,65-69세,180,11,10,30,37,4,1,25,7,7
부산,해운대구,일반,남자,70-74세,288,12,16,41,80,14,1,44,13,2
부산,해운대구,일반,남자,75-79세,356,9,16,70,119,15,7,28,16,4
부산,해운대구,일반,남자,80-84세,474,8,29,86,153,40,7,46,21,10
부산,해운대구,일반,남자,85세이상,444,9,27,113,171,27,5,27,17,2
부산,해운대구,일반,여자,65세미만,97,10,3,13,21,4,3,20,4,1
부산,해운대구,일반,여자,65-69세,239,3,9,24,42,6,4,33,14,4
부산,해운대구,일반,여자,70-74세,469,19,26,63,98,27,7,57,29,11
부산,해운대구,일반,여자,75-79세,793,11,35,113,246,55,11,87,44,12
부산,해운대구,일반,여자,80-84세,1200,29,53,187,481,112,14,101,31,4
부산,해운대구,일반,여자,85세이상,1206,48,110,287,508,61,12,38,11,3
부산,해운대구,기초,남자,65세미만,114,0,9,17,35,5,1,12,7,8
부산,해운대구,기초,남자,65-69세,175,3,6,16,62,12,0,24,19,8
부산,해운대구,기초,남자,70-74세,101,0,1,8,45,4,0,9,9,3
부산,해운대구,기초,남자,75-79세,114,1,2,12,43,7,1,12,4,4
부산,해운대구,기초,남자,80-84세,101,1,3,11,41,6,1,14,7,0
부산,해운대구,기초,남자,85세이상,55,1,3,7,21,1,2,2,2,1
부산,해운대구,기초,여자,65세미만,60,2,2,8,13,7,0,10,2,2
부산,해운대구,기초,여자,65-69세,159,2,1,8,53,5,2,21,15,6
부산,해운대구,기초,여자,70-74세,227,0,7,24,92,8,4,16,27,1
부산,해운대구,기초,여자,75-79세,322,7,6,27,118,17,8,42,20,4
부산,해운대구,기초,여자,80-84세,381,7,13,54,165,26,0,28,14,3
부산,해운대구,기초,여자,85세이상,436,14,38,73,196,15,1,17,12,0
부산,해운대구,의료,남자,65세미만,1,0,0,0,1,0,0,0,0,0
부산,해운대구,의료,남자,65-69세,6,0,0,1,0,0,0,0,2,0
부산,해운대구,의료,남자,70-74세,5,0,0,1,2,0,0,0,0,0
부산,해운대구,의료,남자,75-79세,4,0,1,1,1,1,0,0,0,0
부산,해운대구,의료,남자,80-84세,1,0,0,0,1,0,0,0,0,0
부산,해운대구,의료,남자,85세이상,7,0,0,1,4,0,0,1,0,0
부산,해운대구,의료,여자,65세미만,2,0,0,0,0,0,0,1,0,0
부산,해운대구,의료,여자,65-69세,5,0,0,0,1,0,0,2,0,0
부산,해운대구,의료,여자,70-74세,4,0,0,0,3,0,0,0,0,0
부산,해운대구,의료,여자,75-79세,3,0,0,0,0,0,0,0,0,0
부산,해운대구,의료,여자,80-84세,14,0,0,4,4,0,0,2,0,0
부산,해운대구,의료,여자,85세이상,47,0,6,12,15,2,1,0,1,0
부산,해운대구,감경,남자,65세미만,49,7,6,15,15,0,0,1,0,1
부산,해운대구,감경,남자,65-69세,114,2,10,26,60,4,0,3,1,1
부산,해운대구,감경,남자,70-74세,145,2,11,41,71,6,2,2,1,0
부산,해운대구,감경,남자,75-79세,167,7,10,41,80,16,3,1,1,0
부산,해운대구,감경,남자,80-84세,182,2,12,45,93,18,1,2,0,1
부산,해운대구,감경,남자,85세이상,177,6,17,56,75,9,3,3,0,0
부산,해운대구,감경,여자,65세미만,33,3,1,11,12,0,0,1,0,0
부산,해운대구,감경,여자,65-69세,86,4,4,18,36,6,2,1,2,0
부산,해운대구,감경,여자,70-74세,206,7,6,36,105,19,4,6,5,0
부산,해운대구,감경,여자,75-79세,347,17,21,62,164,36,4,5,1,0
부산,해운대구,감경,여자,80-84세,579,11,35,133,314,43,6,2,4,0
부산,해운대구,감경,여자,85세이상,772,37,78,221,337,47,5,4,1,1
부산,사하구,일반,남자,65세미만,66,6,3,7,5,1,0,17,5,5
부산,사하구,일반,남자,65-69세,136,4,3,23,25,1,1,22,4,6
부산,사하구,일반,남자,70-74세,228,8,9,32,57,12,5,25,15,6
부산,사하구,일반,남자,75-79세,280,6,13,39,84,10,3,32,21,11
부산,사하구,일반,남자,80-84세,302,4,7,53,83,30,4,30,25,8
부산,사하구,일반,남자,85세이상,254,3,11,44,89,25,8,21,8,2
부산,사하구,일반,여자,65세미만,57,4,1,10,4,2,0,12,4,3
부산,사하구,일반,여자,65-69세,172,2,0,9,28,9,0,21,11,5
부산,사하구,일반,여자,70-74세,333,7,9,42,73,10,6,46,21,6
부산,사하구,일반,여자,75-79세,584,16,20,75,146,35,13,74,30,9
부산,사하구,일반,여자,80-84세,834,17,41,137,258,57,16,83,41,6
부산,사하구,일반,여자,85세이상,751,33,55,170,249,52,8,58,17,3
부산,사하구,기초,남자,65세미만,126,6,3,23,26,9,1,21,13,8
부산,사하구,기초,남자,65-69세,210,4,7,24,49,10,5,24,21,20
부산,사하구,기초,남자,70-74세,150,1,2,24,43,15,5,18,11,5
부산,사하구,기초,남자,75-79세,143,1,1,13,47,14,7,18,11,6
부산,사하구,기초,남자,80-84세,125,4,4,11,53,15,5,6,5,2
부산,사하구,기초,남자,85세이상,65,0,1,13,17,10,2,4,4,0
부산,사하구,기초,여자,65세미만,72,3,3,13,15,3,1,16,3,1
부산,사하구,기초,여자,65-69세,155,1,7,17,43,7,2,17,17,7
부산,사하구,기초,여자,70-74세,212,4,10,27,63,13,1,23,16,3
부산,사하구,기초,여자,75-79세,308,8,12,51,107,13,12,25,20,5
부산,사하구,기초,여자,80-84세,389,10,20,55,156,25,9,25,17,2
부산,사하구,기초,여자,85세이상,413,15,39,79,163,23,1,14,10,2
부산,사하구,의료,남자,65세미만,1,0,0,0,1,0,0,0,0,0
부산,사하구,의료,남자,65-69세,0,0,0,0,0,0,0,0,0,0
부산,사하구,의료,남자,70-74세,2,0,0,1,0,0,0,0,0,0
부산,사하구,의료,남자,75-79세,5,0,0,0,2,0,0,0,2,0
부산,사하구,의료,남자,80-84세,6,0,0,1,3,0,1,0,1,0
부산,사하구,의료,남자,85세이상,7,0,1,1,5,0,0,0,0,0
부산,사하구,의료,여자,65세미만,0,0,0,0,0,0,0,0,0,0
부산,사하구,의료,여자,65-69세,5,0,0,1,1,0,0,0,0,1
부산,사하구,의료,여자,70-74세,6,0,0,1,2,0,0,0,2,0
부산,사하구,의료,여자,75-79세,16,0,2,2,2,0,1,2,1,1
부산,사하구,의료,여자,80-84세,22,0,0,4,9,0,0,0,2,0
부산,사하구,의료,여자,85세이상,32,1,2,6,10,1,0,1,2,0
부산,사하구,감경,남자,65세미만,38,2,2,9,14,7,0,0,0,1
부산,사하구,감경,남자,65-69세,96,3,7,30,39,3,2,3,1,1
부산,사하구,감경,남자,70-74세,155,5,9,27,81,11,3,2,2,1
부산,사하구,감경,남자,75-79세,204,5,16,43,92,16,11,3,2,2
부산,사하구,감경,남자,80-84세,166,4,14,34,78,20,4,2,3,2
부산,사하구,감경,남자,85세이상,162,3,16,36,82,14,5,1,0,0
부산,사하구,감경,여자,65세미만,31,3,2,4,19,0,1,0,0,0
부산,사하구,감경,여자,65-69세,97,5,10,31,33,6,5,1,0,0
부산,사하구,감경,여자,70-74세,191,6,12,47,79,17,7,5,1,0
부산,사하구,감경,여자,75-79세,346,14,21,65,143,27,12,13,4,0
부산,사하구,감경,여자,80-84세,602,21,40,137,267,67,17,7,1,1
부산,사하구,감경,여자,85세이상,787,36,91,220,303,58,12,2,2,0
부산,금정구,일반,남자,65세미만,56,4,4,5,4,5,0,11,4,5
부산,금정구,일반,남자,65-69세,100,5,8,10,20,3,0,16,8,0
부산,금정구,일반,남자,70-74세,150,1,6,23,46,4,3,17,8,2
부산,금정구,일반,남자,75-79세,225,3,9,29,71,18,2,31,7,2
부산,금정구,일반,남자,80-84세,347,4,11,55,120,32,3,25,11,4
부산,금정구,일반,남자,85세이상,308,5,12,55,117,25,7,24,9,4
부산,금정구,일반,여자,65세미만,42,2,1,6,7,0,0,8,4,0
부산,금정구,일반,여자,65-69세,129,6,5,5,29,3,1,20,7,1
부산,금정구,일반,여자,70-74세,282,5,12,26,65,21,4,27,29,2
부산,금정구,일반,여자,75-79세,517,11,19,50,143,46,11,71,33,3
부산,금정구,일반,여자,80-84세,828,16,28,127,285,74,11,85,30,2
부산,금정구,일반,여자,85세이상,839,23,58,185,325,65,6,29,16,2
부산,금정구,기초,남자,65세미만,69,2,2,10,14,7,0,9,3,1
부산,금정구,기초,남자,65-69세,100,1,1,7,24,7,3,11,10,4
부산,금정구,기초,남자,70-74세,68,0,5,7,20,3,0,8,9,2
부산,금정구,기초,남자,75-79세,55,1,2,8,16,3,0,5,3,1
부산,금정구,기초,남자,80-84세,55,1,2,5,13,7,4,1,4,1
부산,금정구,기초,남자,85세이상,47,0,0,9,18,7,0,2,1,2
부산,금정구,기초,여자,65세미만,34,0,3,6,10,3,1,3,0,1
부산,금정구,기초,여자,65-69세,74,2,1,3,12,10,1,12,7,1
부산,금정구,기초,여자,70-74세,113,0,4,11,29,7,1,19,7,1
부산,금정구,기초,여자,75-79세,176,0,6,15,53,12,0,29,16,1
부산,금정구,기초,여자,80-84세,255,10,7,36,82,28,0,23,15,1
부산,금정구,기초,여자,85세이상,260,7,22,49,108,20,1,7,4,0
부산,금정구,의료,남자,65세미만,0,0,0,0,0,0,0,0,0,0
부산,금정구,의료,남자,65-69세,2,0,0,0,0,0,0,1,1,0
부산,금정구,의료,남자,70-74세,5,0,0,0,2,0,0,1,0,0
부산,금정구,의료,남자,75-79세,0,0,0,0,0,0,0,0,0,0
부산,금정구,의료,남자,80-84세,1,0,0,0,0,0,0,0,0,0
부산,금정구,의료,남자,85세이상,5,0,1,1,2,1,0,0,0,0
부산,금정구,의료,여자,65세미만,0,0,0,0,0,0,0,0,0,0
부산,금정구,의료,여자,65-69세,3,0,0,0,3,0,0,0,0,0
부산,금정구,의료,여자,70-74세,7,0,0,0,1,0,0,3,0,0
부산,금정구,의료,여자,75-79세,4,0,0,2,0,0,0,0,1,0
부산,금정구,의료,여자,80-84세,5,0,0,1,1,0,0,0,0,0
부산,금정구,의료,여자,85세이상,29,1,4,9,10,1,0,2,0,0
부산,금정구,감경,남자,65세미만,33,4,1,9,13,2,1,0,1,0
부산,금정구,감경,남자,65-69세,69,0,4,15,36,6,0,0,1,0
부산,금정구,감경,남자,70-74세,111,3,6,16,57,15,2,1,3,0
부산,금정구,감경,남자,75-79세,112,5,4,18,55,13,2,2,1,0
부산,금정구,감경,남자,80-84세,119,1,5,28,61,11,3,0,1,0
부산,금정구,감경,남자,85세이상,113,2,9,27,63,9,1,0,0,0
부산,금정구,감경,여자,65세미만,30,2,1,8,9,4,0,1,0,0
부산,금정구,감경,여자,65-69세,61,6,3,13,27,2,0,1,1,0
부산,금정구,감경,여자,70-74세,120,5,7,23,47,16,6,1,2,0
부산,금정구,감경,여자,75-79세,213,13,13,49,85,27,4,8,1,0
부산,금정구,감경,여자,80-84세,430,15,31,95,208,43,6,2,3,0
부산,금정구,감경,여자,85세이상,647,31,74,157,290,43,5,4,2,0
부산,강서구,일반,남자,65세미만,9,1,0,2,2,0,0,1,1,0
부산,강서구,일반,남자,65-69세,45,4,2,5,11,0,0,3,2,2
부산,강서구,일반,남자,70-74세,71,2,6,12,16,4,0,8,5,4
부산,강서구,일반,남자,75-79세,71,1,1,13,20,7,0,9,5,0
부산,강서구,일반,남자,80-84세,80,2,5,16,17,7,2,6,10,1
부산,강서구,일반,남자,85세이상,77,5,2,11,29,7,1,6,3,0
부산,강서구,일반,여자,65세미만,19,1,2,3,5,0,0,4,1,0
부산,강서구,일반,여자,65-69세,55,1,2,7,9,4,2,4,6,1
부산,강서구,일반,여자,70-74세,94,0,5,5,24,3,3,13,8,2
부산,강서구,일반,여자,75-79세,143,1,9,17,35,13,4,9,11,1
부산,강서구,일반,여자,80-84세,229,3,10,39,88,27,2,15,14,1
부산,강서구,일반,여자,85세이상,231,16,19,42,98,8,2,12,6,0
부산,강서구,기초,남자,65세미만,24,1,2,6,4,1,1,2,1,1
부산,강서구,기초,남자,65-69세,29,0,0,7,10,1,0,4,3,1
부산,강서구,기초,남자,70-74세,24,0,1,2,8,1,1,0,3,3
부산,강서구,기초,남자,75-79세,21,0,0,3,4,0,0,2,3,1
부산,강서구,기초,남자,80-84세,15,0,0,1,6,2,0,0,3,0
부산,강서구,기초,남자,85세이상,7,0,1,1,2,0,0,0,3,0
부산,강서구,기초,여자,65세미만,9,0,1,2,1,0,0,1,1,1
부산,강서구,기초,여자,65-69세,22,0,2,2,6,1,0,4,1,2
부산,강서구,기초,여자,70-74세,27,0,0,2,8,3,0,0,8,1
부산,강서구,기초,여자,75-79세,29,0,0,6,7,0,2,3,4,2
부산,강서구,기초,여자,80-84세,54,1,4,8,19,4,1,5,2,2
부산,강서구,기초,여자,85세이상,57,1,4,13,25,3,0,3,1,1
부산,강서구,의료,남자,65세미만,0,0,0,0,0,0,0,0,0,0
부산,강서구,의료,남자,65-69세,0,0,0,0,0,0,0,0,0,0
부산,강서구,의료,남자,70-74세,0,0,0,0,0,0,0,0,0,0
부산,강서구,의료,남자,75-79세,3,1,0,2,0,0,0,0,0,0
부산,강서구,의료,남자,80-84세,1,0,0,1,0,0,0,0,0,0
부산,강서구,의료,남자,85세이상,1,0,0,0,1,0,0,0,0,0
부산,강서구,의료,여자,65세미만,0,0,0,0,0,0,0,0,0,0
부산,강서구,의료,여자,65-69세,0,0,0,0,0,0,0,0,0,0
부산,강서구,의료,여자,70-74세,0,0,0,0,0,0,0,0,0,0
부산,강서구,의료,여자,75-79세,1,0,0,0,0,0,0,1,0,0
부산,강서구,의료,여자,80-84세,3,0,0,2,0,0,0,0,0,0
부산,강서구,의료,여자,85세이상,6,0,0,2,2,0,0,0,0,0
부산,강서구,감경,남자,65세미만,6,1,2,0,1,0,0,1,0,0
부산,강서구,감경,남자,65-69세,13,1,0,3,6,1,0,1,0,0
부산,강서구,감경,남자,70-74세,32,2,2,12,11,3,0,0,0,0
부산,강서구,감경,남자,75-79세,27,0,3,8,7,7,0,0,0,0
부산,강서구,감경,남자,80-84세,34,2,3,9,13,5,0,0,0,0
부산,강서구,감경,남자,85세이상,28,0,0,8,16,2,1,0,0,0
부산,강서구,감경,여자,65세미만,13,3,0,4,2,2,1,0,0,0
부산,강서구,감경,여자,65-69세,19,1,2,5,5,2,0,0,0,0
부산,강서구,감경,여자,70-74세,33,0,2,4,18,4,1,0,0,0
부산,강서구,감경,여자,75-79세,46,0,3,6,26,5,2,0,0,0
부산,강서구,감경,여자,80-84세,115,5,16,22,48,13,3,0,1,0
부산,강서구,감경,여자,85세이상,195,10,24,57,78,13,0,0,1,0
부산,연제구,일반,남자,65세미만,52,3,7,8,10,2,0,11,1,1
부산,연제구,일반,남자,65-69세,127,5,9,30,26,2,1,13,11,4
부산,연제구,일반,남자,70-74세,158,3,7,33,55,9,1,12,11,5
부산,연제구,일반,남자,75-79세,210,4,20,56,54,9,2,14,9,5
부산,연제구,일반,남자,80-84세,293,7,18,76,109,14,3,18,6,2
부산,연제구,일반,남자,85세이상,210,4,21,59,79,6,1,6,6,0
부산,연제구,일반,여자,65세미만,50,4,6,12,5,2,0,5,3,2
부산,연제구,일반,여자,65-69세,153,5,3,23,33,4,1,20,12,6
부산,연제구,일반,여자,70-74세,251,10,19,43,55,11,5,26,14,2
부산,연제구,일반,여자,75-79세,453,18,33,89,138,23,5,38,20,4
부산,연제구,일반,여자,80-84세,676,28,41,163,238,36,5,40,30,2
부산,연제구,일반,여자,85세이상,653,48,80,162,224,22,6,26,15,2
부산,연제구,기초,남자,65세미만,41,2,4,6,11,2,1,4,2,1
부산,연제구,기초,남자,65-69세,82,1,4,11,29,2,0,10,9,5
부산,연제구,기초,남자,70-74세,42,0,1,4,13,3,1,4,7,2
부산,연제구,기초,남자,75-79세,58,4,3,9,16,2,0,5,2,2
부산,연제구,기초,남자,80-84세,39,1,2,14,13,3,0,1,1,0
부산,연제구,기초,남자,85세이상,33,2,3,11,13,1,0,2,0,0
부산,연제구,기초,여자,65세미만,29,4,3,4,7,0,0,3,0,0
부산,연제구,기초,여자,65-69세,71,1,1,12,19,1,0,12,4,4
부산,연제구,기초,여자,70-74세,96,3,5,14,39,2,1,9,7,2
부산,연제구,기초,여자,75-79세,121,6,12,19,46,5,0,8,9,1
부산,연제구,기초,여자,80-84세,168,7,14,39,56,4,1,13,2,3
부산,연제구,기초,여자,85세이상,195,14,26,31,84,7,0,3,4,0
부산,연제구,의료,남자,65세미만,1,0,0,0,0,0,0,0,0,0
부산,연제구,의료,남자,65-69세,0,0,0,0,0,0,0,0,0,0
부산,연제구,의료,남자,70-74세,2,0,0,1,1,0,0,0,0,0
부산,연제구,의료,남자,75-79세,5,0,2,0,2,0,0,1,0,0
부산,연제구,의료,남자,80-84세,0,0,0,0,0,0,0,0,0,0
부산,연제구,의료,남자,85세이상,1,0,0,0,1,0,0,0,0,0
부산,연제구,의료,여자,65세미만,0,0,0,0,0,0,0,0,0,0
부산,연제구,의료,여자,65-69세,0,0,0,0,0,0,0,0,0,0
부산,연제구,의료,여자,70-74세,4,0,0,1,1,0,1,1,0,0
부산,연제구,의료,여자,75-79세,5,0,0,2,1,0,0,0,0,0
부산,연제구,의료,여자,80-84세,4,0,0,1,2,0,0,0,1,0
부산,연제구,의료,여자,85세이상,27,4,3,7,7,2,0,0,0,0
부산,연제구,감경,남자,65세미만,20,1,2,5,5,1,0,0,0,0
부산,연제구,감경,남자,65-69세,60,3,7,14,24,4,1,0,0,0
부산,연제구,감경,남자,70-74세,92,4,8,28,39,5,1,0,1,0
부산,연제구,감경,남자,75-79세,116,4,14,41,38,12,1,0,1,0
부산,연제구,감경,남자,80-84세,124,5,11,37,57,5,2,2,0,0
부산,연제구,감경,남자,85세이상,129,4,13,46,57,4,1,0,0,0
부산,연제구,감경,여자,65세미만,22,3,2,9,6,2,0,0,0,0
부산,연제구,감경,여자,65-69세,52,4,7,15,19,1,2,0,1,0
부산,연제구,감경,여자,70-74세,109,3,11,38,39,4,3,1,1,0
부산,연제구,감경,여자,75-79세,206,15,21,56,86,9,0,0,2,0
부산,연제구,감경,여자,80-84세,354,15,36,112,137,22,4,2,3,1
부산,연제구,감경,여자,85세이상,450,31,86,158,141,6,3,1,0,0
부산,수영구,일반,남자,65세미만,40,0,1,8,8,0,0,7,3,0
부산,수영구,일반,남자,65-69세,94,5,3,16,22,1,0,11,9,0
부산,수영구,일반,남자,70-74세,162,2,12,28,42,4,3,20,9,4
부산,수영구,일반,남자,75-79세,231,5,10,42,70,21,2,15,13,4
부산,수영구,일반,남자,80-84세,251,9,9,52,78,15,5,18,18,4
부산,수영구,일반,남자,85세이상,274,6,13,65,109,23,3,16,7,5
부산,수영구,일반,여자,65세미만,37,6,3,5,4,1,1,4,4,0
부산,수영구,일반,여자,65-69세,133,4,4,13,15,1,2,24,11,5
부산,수영구,일반,여자,70-74세,243,7,2,25,60,15,4,27,24,5
부산,수영구,일반,여자,75-79세,435,14,14,45,116,39,24,54,27,7
부산,수영구,일반,여자,80-84세,664,27,25,106,234,61,13,56,30,6
부산,수영구,일반,여자,85세이상,805,44,85,189,286,41,7,40,19,4
부산,수영구,기초,남자,65세미만,44,5,4,4,14,0,0,2,4,1
부산,수영구,기초,남자,65-69세,56,0,3,5,13,3,0,11,9,4
부산,수영구,기초,남자,70-74세,47,1,0,7,16,2,2,5,2,2
부산,수영구,기초,남자,75-79세,33,0,1,2,10,4,1,4,2,1
부산,수영구,기초,남자,80-84세,41,0,4,7,13,3,2,1,2,1
부산,수영구,기초,남자,85세이상,25,1,2,6,8,2,2,1,0,0
부산,수영구,기초,여자,65세미만,28,2,1,7,5,3,1,2,1,2
부산,수영구,기초,여자,65-69세,70,2,1,7,17,1,1,12,10,3
부산,수영구,기초,여자,70-74세,73,1,5,7,19,2,2,8,11,2
부산,수영구,기초,여자,75-79세,122,6,4,19,40,6,0,7,14,0
부산,수영구,기초,여자,80-84세,171,8,5,30,60,8,2,10,12,0
부산,수영구,기초,여자,85세이상,201,10,24,33,64,11,1,6,7,0
부산,수영구,의료,남자,65세미만,0,0,0,0,0,0,0,0,0,0
부산,수영구,의료,남자,65-69세,0,0,0,0,0,0,0,0,0,0
부산,수영구,의료,남자,70-74세,3,0,0,2,1,0,0,0,0,0
부산,수영구,의료,남자,75-79세,3,0,0,1,1,0,0,0,0,0
부산,수영구,의료,남자,80-84세,0,0,0,0,0,0,0,0,0,0
부산,수영구,의료,남자,85세이상,2,0,0,0,0,0,0,0,0,0
부산,수영구,의료,여자,65세미만,0,0,0,0,0,0,0,0,0,0
부산,수영구,의료,여자,65-69세,1,0,0,0,1,0,0,0,0,0
부산,수영구,의료,여자,70-74세,0,0,0,0,0,0,0,0,0,0
부산,수영구,의료,여자,75-79세,6,0,0,1,2,0,0,1,0,0
부산,수영구,의료,여자,80-84세,10,1,2,2,1,0,0,0,0,0
부산,수영구,의료,여자,85세이상,29,2,5,4,11,2,0,0,1,0
부산,수영구,감경,남자,65세미만,19,4,0,5,7,1,0,1,0,0
부산,수영구,감경,남자,65-69세,53,4,5,14,22,3,1,1,1,0
부산,수영구,감경,남자,70-74세,64,4,5,13,27,5,4,0,1,0
부산,수영구,감경,남자,75-79세,98,7,9,21,41,11,2,1,0,0
부산,수영구,감경,남자,80-84세,96,5,9,21,40,16,2,0,0,0
부산,수영구,감경,남자,85세이상,103,4,2,25,58,5,3,1,1,0
부산,수영구,감경,여자,65세미만,12,2,0,4,1,4,0,0,0,0
부산,수영구,감경,여자,65-69세,49,3,2,11,22,2,0,0,1,0
부산,수영구,감경,여자,70-74세,91,3,5,19,35,8,7,2,1,0
부산,수영구,감경,여자,75-79세,190,13,12,42,65,21,3,3,4,1
부산,수영구,감경,여자,80-84세,342,22,29,73,145,37,4,6,0,0
부산,수영구,감경,여자,85세이상,472,32,48,151,185,26,8,2,1,0
부산,사상구,일반,남자,65세미만,47,2,1,4,5,1,0,17,1,2
부산,사상구,일반,남자,65-69세,132,4,6,18,29,5,1,21,6,4
부산,사상구,일반,남자,70-74세,160,3,11,31,31,9,0,18,8,5
부산,사상구,일반,남자,75-79세,187,8,9,41,54,12,4,17,9,5
부산,사상구,일반,남자,80-84세,210,4,13,38,61,21,7,7,10,4
부산,사상구,일반,남자,85세이상,127,2,5,26,43,7,2,6,7,3
부산,사상구,일반,여자,65세미만,38,2,2,7,8,2,2,8,1,0
부산,사상구,일반,여자,65-69세,122,4,4,9,13,5,1,23,8,3
부산,사상구,일반,여자,70-74세,235,4,7,33,52,13,7,31,19,6
부산,사상구,일반,여자,75-79세,394,6,17,45,103,39,9,33,23,7
부산,사상구,일반,여자,80-84세,489,19,22,69,177,56,3,33,21,6
부산,사상구,일반,여자,85세이상,424,14,33,108,142,30,1,23,10,2
부산,사상구,기초,남자,65세미만,102,1,6,15,24,11,2,12,7,5
부산,사상구,기초,남자,65-69세,161,5,3,15,43,9,2,19,30,5
부산,사상구,기초,남자,70-74세,92,0,2,10,35,10,1,7,13,1
부산,사상구,기초,남자,75-79세,72,1,4,5,23,6,1,5,8,2
부산,사상구,기초,남자,80-84세,83,2,4,9,23,17,2,8,5,3
부산,사상구,기초,남자,85세이상,40,1,0,6,15,6,0,3,2,1
부산,사상구,기초,여자,65세미만,60,2,2,13,12,3,1,12,4,0
부산,사상구,기초,여자,65-69세,127,0,6,12,42,7,3,14,7,3
부산,사상구,기초,여자,70-74세,168,4,9,14,61,15,3,16,13,1
부산,사상구,기초,여자,75-79세,199,3,8,28,83,19,1,18,7,6
부산,사상구,기초,여자,80-84세,250,4,21,35,105,23,5,8,6,0
부산,사상구,기초,여자,85세이상,226,7,19,44,95,12,1,10,1,0
부산,사상구,의료,남자,65세미만,0,0,0,0,0,0,0,0,0,0
부산,사상구,의료,남자,65-69세,1,0,0,0,0,0,0,0,0,0
부산,사상구,의료,남자,70-74세,6,0,0,2,0,0,0,0,0,0
부산,사상구,의료,남자,75-79세,8,1,0,1,4,1,0,0,0,0
부산,사상구,의료,남자,80-84세,6,0,0,2,3,1,0,0,0,0
부산,사상구,의료,남자,85세이상,4,0,1,0,0,0,0,0,2,0
부산,사상구,의료,여자,65세미만,0,0,0,0,0,0,0,0,0,0
부산,사상구,의료,여자,65-69세,2,0,0,2,0,0,0,0,0,0
부산,사상구,의료,여자,70-74세,4,0,1,1,1,0,0,1,0,0
부산,사상구,의료,여자,75-79세,5,0,0,0,2,0,0,1,0,0
부산,사상구,의료,여자,80-84세,17,0,0,1,5,1,2,1,0,0
부산,사상구,의료,여자,85세이상,26,1,6,2,9,3,0,0,0,0
부산,사상구,감경,남자,65세미만,30,7,1,7,8,1,0,0,1,0
부산,사상구,감경,남자,65-69세,73,6,1,26,31,2,1,1,0,0
부산,사상구,감경,남자,70-74세,113,3,8,30,51,10,2,0,2,0
부산,사상구,감경,남자,75-79세,128,9,6,36,55,7,4,1,2,0
부산,사상구,감경,남자,80-84세,104,0,5,26,47,14,4,1,1,1
부산,사상구,감경,남자,85세이상,93,3,12,26,41,9,2,0,0,0
부산,사상구,감경,여자,65세미만,35,5,3,7,9,6,1,0,0,0
부산,사상구,감경,여자,65-69세,75,7,3,16,35,3,2,1,0,0
부산,사상구,감경,여자,70-74세,159,5,5,42,68,13,3,4,0,0
부산,사상구,감경,여자,75-79세,258,9,13,54,115,30,6,4,1,0
부산,사상구,감경,여자,80-84세,399,8,26,88,187,47,7,2,3,0
부산,사상구,감경,여자,85세이상,488,15,56,125,224,41,3,1,1,0
부산,기장군,일반,남자,65세미만,23,1,0,1,2,0,0,5,3,2
부산,기장군,일반,남자,65-69세,78,0,0,22,17,2,0,9,4,1
부산,기장군,일반,남자,70-74세,136,0,8,29,39,3,1,11,11,2
부산,기장군,일반,남자,75-79세,176,3,8,48,37,16,3,13,6,0
부산,기장군,일반,남자,80-84세,205,1,7,49,71,15,2,18,2,4
부산,기장군,일반,남자,85세이상,152,3,8,39,54,11,1,8,2,1
부산,기장군,일반,여자,65세미만,35,2,5,5,7,0,0,5,2,0
부산,기장군,일반,여자,65-69세,96,1,6,8,24,1,0,6,8,3
부산,기장군,일반,여자,70-74세,179,4,5,37,44,7,1,11,12,1
부산,기장군,일반,여자,75-79세,326,7,11,54,97,27,6,24,14,4
부산,기장군,일반,여자,80-84세,487,19,25,103,175,21,5,41,16,4
부산,기장군,일반,여자,85세이상,491,29,53,146,165,23,2,15,8,0
부산,기장군,기초,남자,65세미만,54,2,3,11,17,1,0,5,4,3
부산,기장군,기초,남자,65-69세,73,1,3,11,26,3,2,4,5,3
부산,기장군,기초,남자,70-74세,59,2,1,6,23,2,1,7,4,4
부산,기장군,기초,남자,75-79세,58,1,7,10,17,4,1,2,1,3
부산,기장군,기초,남자,80-84세,52,1,0,11,27,5,1,1,1,0
부산,기장군,기초,남자,85세이상,43,0,3,12,17,2,0,2,1,2
부산,기장군,기초,여자,65세미만,45,3,4,9,13,2,0,4,1,1
부산,기장군,기초,여자,65-69세,69,5,3,11,19,2,1,2,2,4
부산,기장군,기초,여자,70-74세,93,0,4,16,30,10,4,7,5,0
부산,기장군,기초,여자,75-79세,141,9,4,34,49,9,1,9,8,1
부산,기장군,기초,여자,80-84세,173,12,9,38,65,9,1,13,3,2
부산,기장군,기초,여자,85세이상,193,12,18,69,65,4,3,2,0,0
부산,기장군,의료,남자,65세미만,1,0,0,1,0,0,0,0,0,0
부산,기장군,의료,남자,65-69세,2,0,0,0,0,0,0,1,1,0
부산,기장군,의료,남자,70-74세,4,0,0,0,0,1,0,0,0,0
부산,기장군,의료,남자,75-79세,5,0,0,1,2,0,0,0,0,1
부산,기장군,의료,남자,80-84세,3,0,0,1,2,0,0,0,0,0
부산,기장군,의료,남자,85세이상,3,1,1,0,1,0,0,0,0,0
부산,기장군,의료,여자,65세미만,0,0,0,0,0,0,0,0,0,0
부산,기장군,의료,여자,65-69세,0,0,0,0,0,0,0,0,0,0
부산,기장군,의료,여자,70-74세,4,0,0,1,1,0,0,0,1,0
부산,기장군,의료,여자,75-79세,2,0,0,0,0,1,0,0,0,0
부산,기장군,의료,여자,80-84세,9,0,0,3,2,0,0,0,1,0
부산,기장군,의료,여자,85세이상,25,0,5,9,4,1,0,0,0,0
부산,기장군,감경,남자,65세미만,26,2,1,12,10,0,0,1,0,0
부산,기장군,감경,남자,65-69세,62,0,6,19,27,4,1,0,0,1
부산,기장군,감경,남자,70-74세,98,1,7,34,45,7,2,0,0,0
부산,기장군,감경,남자,75-79세,115,7,8,29,59,7,1,0,0,0
부산,기장군,감경,남자,80-84세,106,3,12,38,39,7,2,0,0,0
부산,기장군,감경,남자,85세이상,104,2,6,34,52,7,0,2,0,0
부산,기장군,감경,여자,65세미만,26,2,5,7,7,1,0,2,0,0
부산,기장군,감경,여자,65-69세,70,5,6,20,30,2,1,2,0,0
부산,기장군,감경,여자,70-74세,112,8,9,33,40,8,2,2,1,0
부산,기장군,감경,여자,75-79세,171,12,14,56,60,14,2,3,1,0
부산,기장군,감경,여자,80-84세,377,18,40,120,142,29,5,2,2,0
부산,기장군,감경,여자,85세이상,486,47,68,159,171,18,2,1,0,0
대구,중구,일반,남자,65세미만,26,2,1,3,2,0,0,6,4,1
대구,중구,일반,남자,65-69세,51,1,2,13,14,1,0,4,3,4
대구,중구,일반,남자,70-74세,73,3,3,14,19,3,1,5,4,1
대구,중구,일반,남자,75-79세,88,4,6,20,25,5,5,3,8,1
대구,중구,일반,남자,80-84세,107,6,6,21,35,14,1,4,1,2
대구,중구,일반,남자,85세이상,124,2,9,25,53,10,1,6,6,0
대구,중구,일반,여자,65세미만,21,0,1,4,2,0,0,5,1,1
대구,중구,일반,여자,65-69세,50,1,1,5,10,5,1,13,2,3
대구,중구,일반,여자,70-74세,103,3,6,23,16,3,0,13,7,3
대구,중구,일반,여자,75-79세,164,3,5,31,49,13,4,18,5,5
대구,중구,일반,여자,80-84세,274,3,16,65,102,27,2,19,7,3
대구,중구,일반,여자,85세이상,343,14,30,88,116,36,3,14,5,1
대구,중구,기초,남자,65세미만,24,0,1,4,6,1,0,4,2,1
대구,중구,기초,남자,65-69세,29,1,0,4,4,5,0,8,0,2
대구,중구,기초,남자,70-74세,21,0,0,2,6,1,0,1,3,2
대구,중구,기초,남자,75-79세,18,0,1,3,3,2,0,0,3,0
대구,중구,기초,남자,80-84세,25,2,0,3,9,2,0,1,3,0
대구,중구,기초,남자,85세이상,11,0,0,3,4,0,0,0,1,0
대구,중구,기초,여자,65세미만,11,0,1,0,6,0,0,1,1,0
대구,중구,기초,여자,65-69세,37,0,0,4,11,4,1,4,3,1
대구,중구,기초,여자,70-74세,35,0,1,4,7,3,1,4,6,0
대구,중구,기초,여자,75-79세,52,0,1,5,14,8,1,3,3,0
대구,중구,기초,여자,80-84세,79,4,3,16,22,9,3,1,2,0
대구,중구,기초,여자,85세이상,101,3,5,22,43,5,0,1,1,0
대구,중구,의료,남자,65세미만,0,0,0,0,0,0,0,0,0,0
대구,중구,의료,남자,65-69세,3,0,0,0,0,0,0,1,1,1
대구,중구,의료,남자,70-74세,0,0,0,0,0,0,0,0,0,0
대구,중구,의료,남자,75-79세,2,0,0,0,1,0,0,0,0,0
대구,중구,의료,남자,80-84세,0,0,0,0,0,0,0,0,0,0
대구,중구,의료,남자,85세이상,5,0,0,0,3,0,1,1,0,0
대구,중구,의료,여자,65세미만,0,0,0,0,0,0,0,0,0,0
대구,중구,의료,여자,65-69세,0,0,0,0,0,0,0,0,0,0
대구,중구,의료,여자,70-74세,2,1,1,0,0,0,0,0,0,0
대구,중구,의료,여자,75-79세,2,0,0,1,1,0,0,0,0,0
대구,중구,의료,여자,80-84세,6,0,1,0,2,0,0,0,0,0
대구,중구,의료,여자,85세이상,16,1,0,4,8,2,0,0,0,0
대구,중구,감경,남자,65세미만,5,0,0,1,1,0,0,2,1,0
대구,중구,감경,남자,65-69세,20,1,1,3,6,2,2,0,0,0
대구,중구,감경,남자,70-74세,29,1,4,9,11,1,1,0,0,0
대구,중구,감경,남자,75-79세,34,1,3,9,11,3,2,0,0,1
대구,중구,감경,남자,80-84세,46,2,1,16,20,5,1,0,0,0
대구,중구,감경,남자,85세이상,40,0,4,13,16,3,2,0,0,0
대구,중구,감경,여자,65세미만,7,1,0,0,2,1,0,0,0,0
대구,중구,감경,여자,65-69세,18,2,0,6,6,1,1,0,0,0
대구,중구,감경,여자,70-74세,30,0,4,6,11,1,0,2,1,0
대구,중구,감경,여자,75-79세,86,1,9,24,32,9,2,2,0,0
대구,중구,감경,여자,80-84세,134,3,9,40,52,17,1,1,0,0
대구,중구,감경,여자,85세이상,212,10,20,68,83,17,2,1,0,0
대구,동구,일반,남자,65세미만,68,4,4,13,14,1,1,9,6,1
대구,동구,일반,남자,65-69세,157,4,4,34,37,6,0,22,8,3
대구,동구,일반,남자,70-74세,206,3,7,39,52,22,6,24,11,3
대구,동구,일반,남자,75-79세,303,4,17,52,85,39,11,20,10,6
대구,동구,일반,남자,80-84세,418,13,19,79,125,54,18,24,15,4
대구,동구,일반,남자,85세이상,403,6,16,85,165,46,11,23,10,5
대구,동구,일반,여자,65세미만,67,2,2,17,8,4,3,13,5,2
대구,동구,일반,여자,65-69세,184,2,3,22,30,7,4,38,13,4
대구,동구,일반,여자,70-74세,386,2,13,49,77,28,14,46,29,7
대구,동구,일반,여자,75-79세,698,15,31,90,197,71,24,75,32,17
대구,동구,일반,여자,80-84세,1093,28,54,199,358,149,34,86,42,9
대구,동구,일반,여자,85세이상,1081,52,96,239,385,110,16,39,31,9
대구,동구,기초,남자,65세미만,128,4,2,18,26,16,5,18,9,8
대구,동구,기초,남자,65-69세,158,5,4,20,36,21,7,19,16,4
대구,동구,기초,남자,70-74세,155,3,3,21,42,24,7,9,12,6
대구,동구,기초,남자,75-79세,129,2,4,11,30,23,4,4,9,4
대구,동구,기초,남자,80-84세,119,4,4,20,34,16,7,7,3,1
대구,동구,기초,남자,85세이상,71,1,4,13,22,11,0,3,0,1
대구,동구,기초,여자,65세미만,88,3,6,14,12,12,3,11,8,3
대구,동구,기초,여자,65-69세,134,4,5,8,22,15,2,15,20,8
대구,동구,기초,여자,70-74세,200,5,4,26,56,23,8,15,20,4
대구,동구,기초,여자,75-79세,317,7,10,41,91,34,13,15,17,1
대구,동구,기초,여자,80-84세,416,8,20,72,141,57,9,16,14,7
대구,동구,기초,여자,85세이상,515,26,36,121,168,39,4,12,9,1
대구,동구,의료,남자,65세미만,1,0,0,0,0,0,0,1,0,0
대구,동구,의료,남자,65-69세,0,0,0,0,0,0,0,0,0,0
대구,동구,의료,남자,70-74세,4,0,0,0,1,0,0,0,0,0
대구,동구,의료,남자,75-79세,13,0,2,3,2,1,0,1,2,0
대구,동구,의료,남자,80-84세,5,1,1,1,1,0,0,0,0,0
대구,동구,의료,남자,85세이상,14,0,0,3,4,1,2,1,0,0
대구,동구,의료,여자,65세미만,1,0,0,0,0,0,0,0,0,1
대구,동구,의료,여자,65-69세,4,0,0,1,1,0,0,0,0,1
대구,동구,의료,여자,70-74세,9,0,0,1,2,0,0,1,1,0
대구,동구,의료,여자,75-79세,20,0,0,2,6,5,1,2,3,0
대구,동구,의료,여자,80-84세,35,1,0,8,10,2,0,3,0,0
대구,동구,의료,여자,85세이상,88,3,10,24,20,9,0,2,1,0
대구,동구,감경,남자,65세미만,53,2,3,20,16,6,0,1,0,0
대구,동구,감경,남자,65-69세,92,3,9,21,39,8,4,1,2,0
대구,동구,감경,남자,70-74세,147,4,7,39,66,18,3,1,0,2
대구,동구,감경,남자,75-79세,174,2,16,29,81,26,10,2,1,0
대구,동구,감경,남자,80-84세,222,6,13,56,87,44,8,3,0,1
대구,동구,감경,남자,85세이상,254,5,17,65,115,35,8,2,0,1
대구,동구,감경,여자,65세미만,34,2,5,8,12,1,0,1,0,1
대구,동구,감경,여자,65-69세,74,6,7,17,29,5,2,0,1,0
대구,동구,감경,여자,70-74세,178,9,9,41,67,24,6,1,2,2
대구,동구,감경,여자,75-79세,387,15,26,69,156,66,18,6,5,1
대구,동구,감경,여자,80-84세,720,23,58,169,317,93,23,4,3,1
대구,동구,감경,여자,85세이상,1137,43,117,334,470,125,20,3,2,0
대구,서구,일반,남자,65세미만,36,1,1,3,1,1,1,7,5,3
대구,서구,일반,남자,65-69세,102,2,5,19,19,5,1,12,10,5
대구,서구,일반,남자,70-74세,145,1,6,34,36,6,2,22,5,2
대구,서구,일반,남자,75-79세,151,6,11,34,46,13,2,12,5,2
대구,서구,일반,남자,80-84세,207,4,7,37,72,24,4,14,8,0
대구,서구,일반,남자,85세이상,170,4,9,50,66,13,2,7,4,0
대구,서구,일반,여자,65세미만,37,1,1,3,4,0,0,5,5,3
대구,서구,일반,여자,65-69세,106,3,3,11,17,3,3,22,6,4
대구,서구,일반,여자,70-74세,191,5,4,20,48,18,1,24,6,4
대구,서구,일반,여자,75-79세,350,8,18,58,97,27,9,25,25,3
대구,서구,일반,여자,80-84세,501,17,25,108,173,57,7,31,15,3
대구,서구,일반,여자,85세이상,491,18,53,146,172,29,2,15,4,1
대구,서구,기초,남자,65세미만,114,3,11,34,18,8,1,7,9,2
대구,서구,기초,남자,65-69세,129,6,8,22,46,8,1,6,6,7
대구,서구,기초,남자,70-74세,75,4,0,15,24,11,2,8,3,1
대구,서구,기초,남자,75-79세,63,3,5,18,17,5,0,4,3,0
대구,서구,기초,남자,80-84세,60,1,8,11,17,6,0,5,1,0
대구,서구,기초,남자,85세이상,31,0,1,5,16,3,1,1,0,0
대구,서구,기초,여자,65세미만,53,5,3,14,8,3,2,1,1,0
대구,서구,기초,여자,65-69세,71,3,4,16,15,5,0,9,6,1
대구,서구,기초,여자,70-74세,125,2,8,11,54,11,3,12,7,4
대구,서구,기초,여자,75-79세,188,6,17,33,63,20,1,10,7,1
대구,서구,기초,여자,80-84세,244,15,18,56,84,27,0,13,2,0
대구,서구,기초,여자,85세이상,338,14,41,107,109,28,2,4,2,1
대구,서구,의료,남자,65세미만,2,1,0,0,1,0,0,0,0,0
대구,서구,의료,남자,65-69세,3,0,0,0,2,0,0,0,1,0
대구,서구,의료,남자,70-74세,5,0,0,1,1,0,1,0,0,0
대구,서구,의료,남자,75-79세,7,0,0,2,3,2,0,0,0,0
대구,서구,의료,남자,80-84세,1,0,0,0,1,0,0,0,0,0
대구,서구,의료,남자,85세이상,11,0,1,2,3,2,0,0,0,0
대구,서구,의료,여자,65세미만,0,0,0,0,0,0,0,0,0,0
대구,서구,의료,여자,65-69세,1,0,0,0,0,0,0,1,0,0
대구,서구,의료,여자,70-74세,5,0,0,3,1,0,0,1,0,0
대구,서구,의료,여자,75-79세,6,0,0,1,1,0,0,0,1,0
대구,서구,의료,여자,80-84세,14,0,1,1,4,2,0,0,0,0
대구,서구,의료,여자,85세이상,47,1,6,17,9,3,0,1,0,0
대구,서구,감경,남자,65세미만,41,10,5,9,8,1,0,1,0,0
대구,서구,감경,남자,65-69세,70,6,8,11,32,4,0,2,1,0
대구,서구,감경,남자,70-74세,104,5,5,37,41,9,1,0,0,0
대구,서구,감경,남자,75-79세,122,4,11,35,47,16,2,3,0,0
대구,서구,감경,남자,80-84세,152,2,13,46,67,16,3,0,0,0
대구,서구,감경,남자,85세이상,144,4,14,47,65,11,0,0,0,0
대구,서구,감경,여자,65세미만,29,4,2,6,11,0,1,1,0,0
대구,서구,감경,여자,65-69세,55,3,4,17,18,1,0,3,1,0
대구,서구,감경,여자,70-74세,141,4,10,29,71,14,2,1,0,0
대구,서구,감경,여자,75-79세,275,4,23,64,111,38,3,5,0,1
대구,서구,감경,여자,80-84세,552,19,48,148,220,82,2,4,1,1
대구,서구,감경,여자,85세이상,691,30,82,239,265,46,3,0,1,0
대구,남구,일반,남자,65세미만,45,3,4,5,5,0,0,7,5,0
대구,남구,일반,남자,65-69세,77,3,10,15,15,4,1,3,6,2
대구,남구,일반,남자,70-74세,107,5,6,18,27,6,0,11,6,1
대구,남구,일반,남자,75-79세,141,8,7,17,41,10,0,10,7,4
대구,남구,일반,남자,80-84세,234,4,17,42,73,25,3,17,3,2
대구,남구,일반,남자,85세이상,271,5,15,60,114,19,4,7,5,4
대구,남구,일반,여자,65세미만,42,3,5,8,5,2,0,11,2,0
대구,남구,일반,여자,65-69세,90,4,3,7,15,4,2,12,6,0
대구,남구,일반,여자,70-74세,182,8,8,25,37,8,0,29,13,5
대구,남구,일반,여자,75-79세,361,14,15,45,93,30,6,34,15,5
대구,남구,일반,여자,80-84세,634,15,25,113,228,67,9,36,26,1
대구,남구,일반,여자,85세이상,686,31,66,177,235,59,3,29,12,0
대구,남구,기초,남자,65세미만,61,3,3,11,16,3,0,9,5,1
대구,남구,기초,남자,65-69세,76,2,1,7,28,5,2,10,6,4
대구,남구,기초,남자,70-74세,67,2,6,4,19,4,0,5,8,3
대구,남구,기초,남자,75-79세,65,1,4,7,24,9,1,1,5,1
대구,남구,기초,남자,80-84세,51,1,5,14,18,3,0,1,1,2
대구,남구,기초,남자,85세이상,46,3,2,6,16,8,0,3,2,0
대구,남구,기초,여자,65세미만,44,3,5,9,10,1,0,6,1,1
대구,남구,기초,여자,65-69세,94,3,1,13,31,4,2,9,7,4
대구,남구,기초,여자,70-74세,109,4,1,18,34,8,1,11,4,1
대구,남구,기초,여자,75-79세,148,2,6,28,43,13,2,15,7,3
대구,남구,기초,여자,80-84세,224,6,12,55,82,23,3,8,8,2
대구,남구,기초,여자,85세이상,277,13,31,60,95,20,0,10,4,0
대구,남구,의료,남자,65세미만,1,0,0,1,0,0,0,0,0,0
대구,남구,의료,남자,65-69세,3,1,0,0,0,0,0,0,0,0
대구,남구,의료,남자,70-74세,4,0,0,0,2,0,0,1,0,0
대구,남구,의료,남자,75-79세,3,0,0,1,1,0,0,1,0,0
대구,남구,의료,남자,80-84세,2,0,0,0,0,0,0,0,0,0
대구,남구,의료,남자,85세이상,5,0,0,3,0,0,0,0,1,0
대구,남구,의료,여자,65세미만,0,0,0,0,0,0,0,0,0,0
대구,남구,의료,여자,65-69세,2,0,0,1,0,0,0,0,0,1
대구,남구,의료,여자,70-74세,5,1,0,1,3,0,0,0,0,0
대구,남구,의료,여자,75-79세,3,0,0,0,1,0,0,0,2,0
대구,남구,의료,여자,80-84세,2,0,0,1,0,0,0,0,0,0
대구,남구,의료,여자,85세이상,46,3,3,11,10,6,0,0,0,0
대구,남구,감경,남자,65세미만,34,3,3,11,8,1,0,1,1,0
대구,남구,감경,남자,65-69세,47,3,5,12,14,2,1,2,2,0
대구,남구,감경,남자,70-74세,65,3,4,24,27,3,2,0,0,0
대구,남구,감경,남자,75-79세,84,4,9,17,38,5,2,1,2,0
대구,남구,감경,남자,80-84세,111,3,7,27,46,19,1,2,2,1
대구,남구,감경,남자,85세이상,122,5,9,27,58,15,3,0,0,0
대구,남구,감경,여자,65세미만,26,4,7,8,5,1,0,0,0,0
대구,남구,감경,여자,65-69세,44,5,2,11,21,0,0,2,0,0
대구,남구,감경,여자,70-74세,126,3,11,31,45,14,4,4,2,0
대구,남구,감경,여자,75-79세,204,13,16,48,73,26,3,3,0,2
대구,남구,감경,여자,80-84세,386,20,28,89,166,46,3,6,1,1
대구,남구,감경,여자,85세이상,571,27,60,193,214,51,2,1,1,0
대구,북구,일반,남자,65세미만,97,5,3,19,15,3,2,17,6,7
대구,북구,일반,남자,65-69세,161,5,8,38,36,2,0,10,11,7
대구,북구,일반,남자,70-74세,236,7,9,54,60,14,5,21,14,3
대구,북구,일반,남자,75-79세,312,13,16,54,74,23,12,28,24,8
대구,북구,일반,남자,80-84세,381,12,22,74,115,55,7,29,12,4
대구,북구,일반,남자,85세이상,370,9,23,95,118,35,5,17,9,2
대구,북구,일반,여자,65세미만,87,9,3,9,18,3,0,9,5,4
대구,북구,일반,여자,65-69세,211,15,15,21,31,14,2,26,16,11
대구,북구,일반,여자,70-74세,375,14,18,59,91,23,7,37,32,6
대구,북구,일반,여자,75-79세,719,18,41,136,190,57,21,61,31,16
대구,북구,일반,여자,80-84세,1058,39,66,227,321,112,17,69,42,14
대구,북구,일반,여자,85세이상,1048,40,106,300,367,62,8,25,27,6
대구,북구,기초,남자,65세미만,146,6,10,26,33,11,1,13,10,7
대구,북구,기초,남자,65-69세,120,1,3,16,30,12,4,8,16,6
대구,북구,기초,남자,70-74세,99,2,2,24,28,11,0,5,7,5
대구,북구,기초,남자,75-79세,78,0,4,16,27,8,3,4,8,2
대구,북구,기초,남자,80-84세,84,2,10,24,21,7,3,2,4,0
대구,북구,기초,남자,85세이상,58,2,2,13,30,2,0,3,0,0
대구,북구,기초,여자,65세미만,67,4,9,13,10,7,4,6,4,1
대구,북구,기초,여자,65-69세,80,2,6,13,28,8,0,6,2,0
대구,북구,기초,여자,70-74세,135,3,8,22,34,16,1,12,9,2
대구,북구,기초,여자,75-79세,247,9,19,40,89,21,6,15,12,5
대구,북구,기초,여자,80-84세,366,12,26,78,138,41,4,15,11,2
대구,북구,기초,여자,85세이상,414,18,41,126,132,34,5,9,9,1
대구,북구,의료,남자,65세미만,1,0,0,0,0,0,0,0,1,0
대구,북구,의료,남자,65-69세,1,0,0,0,1,0,0,0,0,0
대구,북구,의료,남자,70-74세,4,0,0,1,3,0,0,0,0,0
대구,북구,의료,남자,75-79세,4,0,1,1,0,2,0,0,0,0
대구,북구,의료,남자,80-84세,5,0,0,2,1,0,0,0,0,0
대구,북구,의료,남자,85세이상,21,1,2,3,11,0,0,1,0,0
대구,북구,의료,여자,65세미만,1,1,0,0,0,0,0,0,0,0
대구,북구,의료,여자,65-69세,0,0,0,0,0,0,0,0,0,0
대구,북구,의료,여자,70-74세,2,0,0,0,1,0,1,0,0,0
대구,북구,의료,여자,75-79세,7,1,0,2,2,1,0,0,0,0
대구,북구,의료,여자,80-84세,30,1,4,9,6,2,0,2,1,0
대구,북구,의료,여자,85세이상,90,1,5,31,30,12,1,0,1,1
대구,북구,감경,남자,65세미만,80,8,8,18,26,6,1,3,0,0
대구,북구,감경,남자,65-69세,123,8,11,34,45,10,2,2,1,1
대구,북구,감경,남자,70-74세,150,8,12,29,70,18,4,1,0,1
대구,북구,감경,남자,75-79세,161,3,13,44,60,22,6,3,3,0
대구,북구,감경,남자,80-84세,241,18,16,68,81,34,9,0,1,2
대구,북구,감경,남자,85세이상,234,5,23,75,102,22,3,0,0,0
대구,북구,감경,여자,65세미만,57,7,2,19,19,5,0,1,0,0
대구,북구,감경,여자,65-69세,95,9,6,28,26,8,3,1,1,0
대구,북구,감경,여자,70-74세,219,10,22,58,74,21,3,5,2,0
대구,북구,감경,여자,75-79세,431,29,37,106,160,55,12,4,2,1
대구,북구,감경,여자,80-84세,895,34,77,243,363,112,22,3,5,0
대구,북구,감경,여자,85세이상,1155,53,149,430,398,92,7,0,2,0
대구,수성구,일반,남자,65세미만,65,4,3,12,13,2,0,9,2,2
대구,수성구,일반,남자,65-69세,126,3,10,24,35,5,1,11,12,1
대구,수성구,일반,남자,70-74세,213,7,17,54,54,7,2,15,11,3
대구,수성구,일반,남자,75-79세,341,7,14,84,101,34,4,22,11,3
대구,수성구,일반,남자,80-84세,474,11,27,115,150,54,9,29,17,1
대구,수성구,일반,남자,85세이상,614,20,34,138,252,63,7,26,13,2
대구,수성구,일반,여자,65세미만,58,1,5,10,10,2,0,11,3,4
대구,수성구,일반,여자,65-69세,166,5,8,22,31,9,0,21,9,5
대구,수성구,일반,여자,70-74세,352,15,21,55,86,28,3,41,20,1
대구,수성구,일반,여자,75-79세,720,22,55,96,206,70,17,78,39,7
대구,수성구,일반,여자,80-84세,1277,41,94,230,429,144,18,68,52,4
대구,수성구,일반,여자,85세이상,1492,73,154,347,545,154,13,46,26,5
대구,수성구,기초,남자,65세미만,97,5,9,15,20,5,3,17,5,4
대구,수성구,기초,남자,65-69세,148,3,7,19,57,8,2,12,21,3
대구,수성구,기초,남자,70-74세,99,2,2,15,35,6,0,11,6,3
대구,수성구,기초,남자,75-79세,86,3,8,12,22,16,1,7,3,0
대구,수성구,기초,남자,80-84세,85,3,3,14,33,14,0,5,6,0
대구,수성구,기초,남자,85세이상,48,2,2,13,19,5,0,2,1,0
대구,수성구,기초,여자,65세미만,59,3,4,5,15,6,0,7,3,3
대구,수성구,기초,여자,65-69세,128,3,2,16,28,13,2,15,13,3
대구,수성구,기초,여자,70-74세,161,6,4,20,37,19,3,15,12,2
대구,수성구,기초,여자,75-79세,228,5,10,36,82,18,3,12,18,3
대구,수성구,기초,여자,80-84세,325,17,24,55,95,47,1,18,19,1
대구,수성구,기초,여자,85세이상,395,20,42,80,136,36,4,13,3,0
대구,수성구,의료,남자,65세미만,0,0,0,0,0,0,0,0,0,0
대구,수성구,의료,남자,65-69세,2,0,1,0,1,0,0,0,0,0
대구,수성구,의료,남자,70-74세,10,0,0,1,5,1,0,2,1,0
대구,수성구,의료,남자,75-79세,8,1,0,1,3,0,1,1,0,0
대구,수성구,의료,남자,80-84세,4,0,0,1,2,0,0,0,0,0
대구,수성구,의료,남자,85세이상,16,3,1,2,6,1,0,0,0,0
대구,수성구,의료,여자,65세미만,1,0,0,0,0,0,0,0,1,0
대구,수성구,의료,여자,65-69세,3,1,0,1,0,1,0,0,0,0
대구,수성구,의료,여자,70-74세,10,0,0,1,3,4,0,0,1,0
대구,수성구,의료,여자,75-79세,10,0,0,1,2,1,0,1,0,0
대구,수성구,의료,여자,80-84세,23,0,0,5,6,4,0,0,2,0
대구,수성구,의료,여자,85세이상,77,8,6,15,27,5,0,2,1,0
대구,수성구,감경,남자,65세미만,36,1,3,13,12,2,1,2,0,0
대구,수성구,감경,남자,65-69세,58,2,6,23,18,5,0,1,0,0
대구,수성구,감경,남자,70-74세,86,4,10,22,35,9,0,0,1,0
대구,수성구,감경,남자,75-79세,89,1,10,28,33,11,1,0,0,1
대구,수성구,감경,남자,80-84세,118,4,9,31,43,21,2,2,0,0
대구,수성구,감경,남자,85세이상,140,4,12,35,68,20,0,0,0,0
대구,수성구,감경,여자,65세미만,31,4,1,5,15,3,0,0,0,0
대구,수성구,감경,여자,65-69세,63,7,3,13,19,6,2,1,3,0
대구,수성구,감경,여자,70-74세,110,3,10,26,41,11,0,3,2,1
대구,수성구,감경,여자,75-79세,228,13,20,55,92,19,6,5,1,2
대구,수성구,감경,여자,80-84세,486,21,43,119,204,71,5,6,4,0
대구,수성구,감경,여자,85세이상,780,46,107,214,314,69,4,2,2,0
대구,달서구,일반,남자,65세미만,118,6,7,10,13,1,1,33,10,3
대구,달서구,일반,남자,65-69세,202,6,12,31,57,7,2,33,9,3
대구,달서구,일반,남자,70-74세,281,5,20,59,68,22,3,32,13,2
대구,달서구,일반,남자,75-79세,373,11,20,66,118,25,3,39,14,5
대구,달서구,일반,남자,80-84세,472,4,20,98,152,57,11,34,18,7
대구,달서구,일반,남자,85세이상,499,11,35,103,197,44,7,27,14,1
대구,달서구,일반,여자,65세미만,80,7,6,12,14,1,0,15,5,1
대구,달서구,일반,여자,65-69세,228,6,7,24,41,7,2,33,20,0
대구,달서구,일반,여자,70-74세,463,5,11,59,119,22,6,70,31,6
대구,달서구,일반,여자,75-79세,717,10,16,88,204,62,15,94,35,6
대구,달서구,일반,여자,80-84세,1292,21,63,210,462,134,19,112,53,4
대구,달서구,일반,여자,85세이상,1359,23,106,323,529,114,15,64,25,2
대구,달서구,기초,남자,65세미만,200,8,9,31,40,21,4,28,12,6
대구,달서구,기초,남자,65-69세,249,2,10,30,74,25,6,18,26,9
대구,달서구,기초,남자,70-74세,189,4,3,20,68,26,3,18,14,4
대구,달서구,기초,남자,75-79세,132,1,5,12,48,16,3,13,12,3
대구,달서구,기초,남자,80-84세,113,0,1,16,45,18,2,2,4,3
대구,달서구,기초,남자,85세이상,68,0,3,10,30,14,0,2,2,0
대구,달서구,기초,여자,65세미만,113,1,2,17,25,9,5,17,8,5
대구,달서구,기초,여자,65-69세,207,8,2,25,57,20,4,30,21,4
대구,달서구,기초,여자,70-74세,247,6,9,21,90,27,2,29,12,2
대구,달서구,기초,여자,75-79세,318,6,7,38,106,40,5,28,17,1
대구,달서구,기초,여자,80-84세,489,11,26,79,202,64,4,16,10,1
대구,달서구,기초,여자,85세이상,527,11,44,108,224,50,2,21,5,1
대구,달서구,의료,남자,65세미만,2,0,0,0,1,0,0,0,0,1
대구,달서구,의료,남자,65-69세,4,0,0,0,1,0,0,1,0,0
대구,달서구,의료,남자,70-74세,14,0,0,5,6,0,0,0,1,0
대구,달서구,의료,남자,75-79세,31,1,1,5,12,4,0,4,2,0
대구,달서구,의료,남자,80-84세,8,1,0,1,1,1,0,1,0,0
대구,달서구,의료,남자,85세이상,26,1,2,5,4,1,0,1,1,0
대구,달서구,의료,여자,65세미만,1,0,0,0,0,0,0,0,1,0
대구,달서구,의료,여자,65-69세,7,0,0,2,1,1,0,0,0,0
대구,달서구,의료,여자,70-74세,13,1,0,3,4,0,0,0,0,0
대구,달서구,의료,여자,75-79세,20,1,1,2,5,1,0,2,0,0
대구,달서구,의료,여자,80-84세,31,0,1,6,9,3,0,2,1,0
대구,달서구,의료,여자,85세이상,80,2,4,21,29,7,0,1,0,0
대구,달서구,감경,남자,65세미만,65,5,5,20,22,2,0,2,0,1
대구,달서구,감경,남자,65-69세,125,5,7,35,51,16,1,1,2,0
대구,달서구,감경,남자,70-74세,147,7,11,36,73,12,1,1,0,0
대구,달서구,감경,남자,75-79세,159,4,14,39,68,20,6,1,1,1
대구,달서구,감경,남자,80-84세,247,2,17,63,106,38,9,1,1,2
대구,달서구,감경,남자,85세이상,222,6,8,64,113,25,1,0,1,0
대구,달서구,감경,여자,65세미만,56,5,4,17,18,7,1,0,0,0
대구,달서구,감경,여자,65-69세,96,7,8,23,29,12,3,3,0,0
대구,달서구,감경,여자,70-74세,202,9,18,40,77,25,5,5,3,1
대구,달서구,감경,여자,75-79세,425,11,32,87,187,56,10,13,0,0
대구,달서구,감경,여자,80-84세,846,18,71,193,391,112,10,5,5,0
대구,달서구,감경,여자,85세이상,1101,44,135,310,468,102,14,3,1,0
대구,달성군,일반,남자,65세미만,43,2,1,7,7,3,0,8,5,1
대구,달성군,일반,남자,65-69세,89,3,3,17,19,8,1,13,4,0
대구,달성군,일반,남자,70-74세,137,1,9,29,34,6,3,15,6,5
대구,달성군,일반,남자,75-79세,147,1,6,29,54,13,2,10,2,2
대구,달성군,일반,남자,80-84세,214,3,7,49,79,25,6,9,7,3
대구,달성군,일반,남자,85세이상,230,7,22,50,83,17,5,13,6,2
대구,달성군,일반,여자,65세미만,40,1,4,2,6,0,0,10,2,1
대구,달성군,일반,여자,65-69세,90,3,5,8,16,5,1,13,7,2
대구,달성군,일반,여자,70-74세,193,5,10,19,51,15,1,21,11,6
대구,달성군,일반,여자,75-79세,342,6,15,51,104,34,13,24,17,4
대구,달성군,일반,여자,80-84세,583,16,39,124,180,51,10,30,22,2
대구,달성군,일반,여자,85세이상,714,39,74,174,240,73,7,25,9,1
대구,달성군,기초,남자,65세미만,69,1,8,8,16,2,1,6,3,8
대구,달성군,기초,남자,65-69세,58,1,2,15,15,8,0,4,4,2
대구,달성군,기초,남자,70-74세,51,2,4,15,20,1,1,1,3,0
대구,달성군,기초,남자,75-79세,49,0,1,9,16,3,1,3,2,1
대구,달성군,기초,남자,80-84세,45,3,3,6,14,5,1,1,1,1
대구,달성군,기초,남자,85세이상,31,0,0,6,10,7,0,0,0,0
대구,달성군,기초,여자,65세미만,46,1,4,7,7,1,1,5,5,2
대구,달성군,기초,여자,65-69세,70,2,3,8,19,5,2,5,4,2
대구,달성군,기초,여자,70-74세,91,6,0,11,27,14,4,5,4,4
대구,달성군,기초,여자,75-79세,131,3,6,9,44,12,2,8,6,4
대구,달성군,기초,여자,80-84세,171,5,7,23,65,15,5,8,4,0
대구,달성군,기초,여자,85세이상,228,12,31,65,53,15,1,5,3,0
대구,달성군,의료,남자,65세미만,0,0,0,0,0,0,0,0,0,0
대구,달성군,의료,남자,65-69세,2,0,0,0,1,0,0,0,0,0
대구,달성군,의료,남자,70-74세,8,0,0,1,2,1,0,0,0,0
대구,달성군,의료,남자,75-79세,5,0,1,2,1,1,0,0,0,0
대구,달성군,의료,남자,80-84세,2,0,0,1,1,0,0,0,0,0
대구,달성군,의료,남자,85세이상,6,0,0,1,3,0,1,0,0,0
대구,달성군,의료,여자,65세미만,0,0,0,0,0,0,0,0,0,0
대구,달성군,의료,여자,65-69세,2,0,0,0,2,0,0,0,0,0
대구,달성군,의료,여자,70-74세,7,0,1,1,3,1,0,1,0,0
대구,달성군,의료,여자,75-79세,6,0,0,0,3,0,0,0,0,0
대구,달성군,의료,여자,80-84세,12,0,1,1,4,2,0,0,0,0
대구,달성군,의료,여자,85세이상,47,2,3,10,24,1,0,1,0,0
대구,달성군,감경,남자,65세미만,18,2,3,4,6,0,0,0,0,0
대구,달성군,감경,남자,65-69세,58,3,6,15,22,5,2,0,0,0
대구,달성군,감경,남자,70-74세,87,4,7,22,34,10,4,1,0,0
대구,달성군,감경,남자,75-79세,84,1,7,21,36,13,2,0,1,0
대구,달성군,감경,남자,80-84세,110,2,11,32,43,16,1,0,0,0
대구,달성군,감경,남자,85세이상,149,5,12,39,77,10,2,0,0,0
대구,달성군,감경,여자,65세미만,25,3,2,10,6,2,0,0,0,0
대구,달성군,감경,여자,65-69세,56,8,7,9,20,5,0,0,1,0
대구,달성군,감경,여자,70-74세,99,7,7,25,37,15,2,0,0,0
대구,달성군,감경,여자,75-79세,175,10,14,49,62,16,5,2,3,2
대구,달성군,감경,여자,80-84세,430,25,43,120,154,65,3,4,0,0
대구,달성군,감경,여자,85세이상,694,19,101,239,245,68,4,1,0,1
대구,군위군,일반,남자,65세미만,2,0,0,0,0,0,0,1,1,0
대구,군위군,일반,남자,65-69세,16,0,0,3,3,0,0,4,1,1
대구,군위군,일반,남자,70-74세,27,0,0,5,8,0,1,4,0,1
대구,군위군,일반,남자,75-79세,41,0,1,9,9,2,0,5,3,0
대구,군위군,일반,남자,80-84세,68,0,2,12,26,6,2,6,6,1
대구,군위군,일반,남자,85세이상,83,1,6,14,31,8,1,3,4,0
대구,군위군,일반,여자,65세미만,3,0,0,1,0,0,0,0,0,0
대구,군위군,일반,여자,65-69세,22,3,1,1,3,0,0,5,3,0
대구,군위군,일반,여자,70-74세,45,1,0,2,11,4,1,11,5,1
대구,군위군,일반,여자,75-79세,96,0,3,10,25,6,1,9,15,2
대구,군위군,일반,여자,80-84세,153,5,6,23,47,21,1,11,8,2
대구,군위군,일반,여자,85세이상,188,2,11,33,83,15,4,17,4,0
대구,군위군,기초,남자,65세미만,7,2,0,1,2,0,0,1,0,0
대구,군위군,기초,남자,65-69세,12,0,0,2,5,1,0,1,2,0
대구,군위군,기초,남자,70-74세,7,0,0,3,2,0,0,0,0,0
대구,군위군,기초,남자,75-79세,9,0,0,1,1,0,0,1,4,1
대구,군위군,기초,남자,80-84세,7,0,1,2,2,1,0,1,0,0
대구,군위군,기초,남자,85세이상,4,0,0,2,1,0,0,1,0,0
대구,군위군,기초,여자,65세미만,1,0,0,0,1,0,0,0,0,0
대구,군위군,기초,여자,65-69세,9,0,1,0,2,2,1,0,3,0
대구,군위군,기초,여자,70-74세,13,0,0,0,5,0,0,4,0,0
대구,군위군,기초,여자,75-79세,21,0,0,3,7,3,0,1,4,0
대구,군위군,기초,여자,80-84세,35,1,0,5,12,8,0,2,2,1
대구,군위군,기초,여자,85세이상,43,0,3,11,20,3,0,1,3,0
대구,군위군,의료,남자,65세미만,0,0,0,0,0,0,0,0,0,0
대구,군위군,의료,남자,65-69세,3,0,1,0,0,0,0,0,1,0
대구,군위군,의료,남자,70-74세,1,0,0,0,0,0,0,1,0,0
대구,군위군,의료,남자,75-79세,1,0,0,1,0,0,0,0,0,0
대구,군위군,의료,남자,80-84세,1,0,0,0,1,0,0,0,0,0
대구,군위군,의료,남자,85세이상,3,0,0,1,2,0,0,0,0,0
대구,군위군,의료,여자,65세미만,0,0,0,0,0,0,0,0,0,0
대구,군위군,의료,여자,65-69세,0,0,0,0,0,0,0,0,0,0
대구,군위군,의료,여자,70-74세,1,0,0,0,1,0,0,0,0,0
대구,군위군,의료,여자,75-79세,0,0,0,0,0,0,0,0,0,0
대구,군위군,의료,여자,80-84세,3,0,0,0,1,0,0,1,0,0
대구,군위군,의료,여자,85세이상,13,0,1,2,5,2,0,1,0,0
대구,군위군,감경,남자,65세미만,5,0,1,1,2,0,0,0,0,0
대구,군위군,감경,남자,65-69세,9,0,0,5,3,0,0,0,0,0
대구,군위군,감경,남자,70-74세,14,0,1,4,4,1,0,1,0,0
대구,군위군,감경,남자,75-79세,28,0,5,5,16,1,0,0,0,0
대구,군위군,감경,남자,80-84세,37,2,3,4,23,3,1,0,1,0
대구,군위군,감경,남자,85세이상,41,0,5,8,23,4,0,0,1,0
대구,군위군,감경,여자,65세미만,2,1,0,0,1,0,0,0,0,0
대구,군위군,감경,여자,65-69세,10,0,0,2,4,2,0,0,0,0
대구,군위군,감경,여자,70-74세,34,2,4,4,16,3,2,0,0,0
대구,군위군,감경,여자,75-79세,43,0,1,6,21,4,2,0,1,0
대구,군위군,감경,여자,80-84세,106,1,6,21,57,15,1,2,0,1
대구,군위군,감경,여자,85세이상,201,6,22,47,103,17,1,1,2,0
인천,중구,일반,남자,65세미만,21,0,1,4,5,0,0,2,0,0
인천,중구,일반,남자,65-69세,33,0,2,8,12,0,0,2,3,0
인천,중구,일반,남자,70-74세,69,1,5,12,28,3,0,3,1,0
인천,중구,일반,남자,75-79세,116,3,12,24,42,3,0,8,2,1
인천,중구,일반,남자,80-84세,119,3,6,27,30,11,1,7,11,2
인천,중구,일반,남자,85세이상,119,2,7,40,36,5,1,8,3,0
인천,중구,일반,여자,65세미만,20,1,1,2,2,0,0,8,2,2
인천,중구,일반,여자,65-69세,55,2,3,10,6,0,1,14,2,1
인천,중구,일반,여자,70-74세,124,8,6,16,37,1,1,17,7,3
인천,중구,일반,여자,75-79세,210,11,14,46,60,16,3,15,3,0
인천,중구,일반,여자,80-84세,274,8,19,63,95,17,2,18,7,1
인천,중구,일반,여자,85세이상,412,12,55,142,155,12,0,8,5,1
인천,중구,기초,남자,65세미만,54,3,3,18,17,0,0,3,2,0
인천,중구,기초,남자,65-69세,51,4,4,10,19,2,2,0,6,0
인천,중구,기초,남자,70-74세,63,1,3,11,22,3,0,6,3,0
인천,중구,기초,남자,75-79세,51,0,7,11,11,2,3,2,4,0
인천,중구,기초,남자,80-84세,56,0,4,14,21,4,2,2,0,0
인천,중구,기초,남자,85세이상,40,1,3,7,21,0,0,1,0,0
인천,중구,기초,여자,65세미만,18,2,1,3,8,2,0,1,1,0
인천,중구,기초,여자,65-69세,45,0,2,9,23,1,0,1,4,0
인천,중구,기초,여자,70-74세,61,1,1,15,25,0,0,6,2,0
인천,중구,기초,여자,75-79세,107,5,11,14,44,6,0,7,4,0
인천,중구,기초,여자,80-84세,138,8,16,31,49,7,1,8,1,0
인천,중구,기초,여자,85세이상,213,17,36,60,63,6,0,4,0,0
인천,중구,의료,남자,65세미만,0,0,0,0,0,0,0,0,0,0
인천,중구,의료,남자,65-69세,0,0,0,0,0,0,0,0,0,0
인천,중구,의료,남자,70-74세,2,0,0,0,0,1,0,1,0,0
인천,중구,의료,남자,75-79세,7,0,1,3,1,0,0,0,1,0
인천,중구,의료,남자,80-84세,3,0,0,0,2,0,0,0,0,0
인천,중구,의료,남자,85세이상,8,0,0,4,1,1,0,0,0,0
인천,중구,의료,여자,65세미만,1,0,0,1,0,0,0,0,0,0
인천,중구,의료,여자,65-69세,0,0,0,0,0,0,0,0,0,0
인천,중구,의료,여자,70-74세,5,0,1,2,1,0,0,0,0,1
인천,중구,의료,여자,75-79세,2,0,0,1,0,0,0,0,0,0
인천,중구,의료,여자,80-84세,5,0,0,0,3,0,0,0,0,0
인천,중구,의료,여자,85세이상,16,2,3,1,7,0,0,0,0,0
인천,중구,감경,남자,65세미만,21,2,3,5,9,1,0,1,0,0
인천,중구,감경,남자,65-69세,23,2,2,6,11,1,0,0,0,0
인천,중구,감경,남자,70-74세,55,0,3,21,25,3,0,1,0,0
인천,중구,감경,남자,75-79세,62,1,8,21,23,2,0,0,0,0
인천,중구,감경,남자,80-84세,81,2,11,25,36,6,1,0,0,0
인천,중구,감경,남자,85세이상,83,2,8,25,42,4,0,0,0,0
인천,중구,감경,여자,65세미만,17,4,0,5,3,1,0,1,0,0
인천,중구,감경,여자,65-69세,28,1,2,7,10,4,0,0,0,0
인천,중구,감경,여자,70-74세,57,0,10,15,19,2,0,1,0,0
인천,중구,감경,여자,75-79세,127,7,6,34,60,5,0,2,2,0
인천,중구,감경,여자,80-84세,234,11,18,68,120,7,0,1,3,0
인천,중구,감경,여자,85세이상,401,19,76,136,150,11,0,0,0,0
인천,동구,일반,남자,65세미만,10,0,0,1,1,0,0,3,1,1
인천,동구,일반,남자,65-69세,33,2,4,4,8,1,0,3,0,0
인천,동구,일반,남자,70-74세,49,3,1,11,12,3,0,5,3,1
인천,동구,일반,남자,75-79세,76,2,6,15,25,5,0,7,3,0
인천,동구,일반,남자,80-84세,77,2,7,18,31,4,1,4,0,0
인천,동구,일반,남자,85세이상,61,0,0,16,32,6,0,0,2,0
인천,동구,일반,여자,65세미만,14,0,0,3,1,0,0,4,1,0
인천,동구,일반,여자,65-69세,33,0,1,4,10,0,0,4,1,1
인천,동구,일반,여자,70-74세,73,1,2,9,18,3,0,11,5,1
인천,동구,일반,여자,75-79세,146,1,8,18,37,14,2,27,8,2
인천,동구,일반,여자,80-84세,192,3,15,47,64,11,1,16,4,1
인천,동구,일반,여자,85세이상,224,6,23,75,84,9,0,11,2,0
인천,동구,기초,남자,65세미만,25,0,1,3,8,4,0,3,0,1
인천,동구,기초,남자,65-69세,48,0,1,9,19,0,1,7,5,1
인천,동구,기초,남자,70-74세,29,2,1,1,11,3,0,3,1,1
인천,동구,기초,남자,75-79세,26,1,1,4,10,4,0,3,1,0
인천,동구,기초,남자,80-84세,24,3,1,5,8,1,0,2,2,0
인천,동구,기초,남자,85세이상,20,0,1,3,10,2,0,2,1,0
인천,동구,기초,여자,65세미만,10,1,0,5,0,0,0,0,1,1
인천,동구,기초,여자,65-69세,39,2,3,5,13,3,0,3,3,0
인천,동구,기초,여자,70-74세,37,1,2,5,13,2,1,4,5,0
인천,동구,기초,여자,75-79세,45,1,1,8,23,0,0,5,5,0
인천,동구,기초,여자,80-84세,93,1,5,29,39,6,1,6,2,0
인천,동구,기초,여자,85세이상,112,4,13,28,48,4,0,2,1,1
인천,동구,의료,남자,65세미만,0,0,0,0,0,0,0,0,0,0
인천,동구,의료,남자,65-69세,0,0,0,0,0,0,0,0,0,0
인천,동구,의료,남자,70-74세,3,0,0,0,1,0,0,0,1,0
인천,동구,의료,남자,75-79세,0,0,0,0,0,0,0,0,0,0
인천,동구,의료,남자,80-84세,1,0,0,0,1,0,0,0,0,0
인천,동구,의료,남자,85세이상,2,0,0,2,0,0,0,0,0,0
인천,동구,의료,여자,65세미만,0,0,0,0,0,0,0,0,0,0
인천,동구,의료,여자,65-69세,0,0,0,0,0,0,0,0,0,0
인천,동구,의료,여자,70-74세,1,0,0,0,1,0,0,0,0,0
인천,동구,의료,여자,75-79세,2,0,0,0,1,0,0,0,0,1
인천,동구,의료,여자,80-84세,1,0,0,0,1,0,0,0,0,0
인천,동구,의료,여자,85세이상,4,0,0,3,1,0,0,0,0,0
인천,동구,감경,남자,65세미만,10,1,1,4,3,1,0,0,0,0
인천,동구,감경,남자,65-69세,23,0,3,9,7,0,0,0,1,0
인천,동구,감경,남자,70-74세,23,0,0,9,9,3,0,0,0,0
인천,동구,감경,남자,75-79세,50,1,4,9,28,6,0,0,0,0
인천,동구,감경,남자,80-84세,58,2,4,22,24,6,0,0,0,0
인천,동구,감경,남자,85세이상,46,0,7,12,21,6,0,0,0,0
인천,동구,감경,여자,65세미만,9,2,2,2,2,1,0,0,0,0
인천,동구,감경,여자,65-69세,21,0,1,5,10,3,0,0,0,0
인천,동구,감경,여자,70-74세,46,5,3,8,24,1,1,1,0,0
인천,동구,감경,여자,75-79세,92,2,8,26,39,8,1,2,0,0
인천,동구,감경,여자,80-84세,149,7,8,41,73,11,0,2,0,0
인천,동구,감경,여자,85세이상,255,9,31,106,97,7,2,0,0,0
인천,미추홀구,일반,남자,65세미만,97,7,5,14,10,5,0,24,8,3
인천,미추홀구,일반,남자,65-69세,167,6,5,29,33,7,0,23,14,4
인천,미추홀구,일반,남자,70-74세,257,8,15,37,65,12,1,36,19,8
인천,미추홀구,일반,남자,75-79세,393,15,26,69,104,33,7,39,14,3
인천,미추홀구,일반,남자,80-84세,440,10,21,79,143,35,9,35,16,5
인천,미추홀구,일반,남자,85세이상,432,11,21,85,163,34,2,26,15,8
인천,미추홀구,일반,여자,65세미만,91,7,4,12,18,3,1,17,5,3
인천,미추홀구,일반,여자,65-69세,197,8,6,18,36,5,3,50,12,3
인천,미추홀구,일반,여자,70-74세,430,20,15,63,84,19,13,69,26,5
인천,미추홀구,일반,여자,75-79세,757,27,38,117,205,54,12,100,37,6
인천,미추홀구,일반,여자,80-84세,1078,40,63,227,343,73,19,102,34,12
인천,미추홀구,일반,여자,85세이상,1211,65,139,348,394,64,8,55,19,3
인천,미추홀구,기초,남자,65세미만,175,14,12,41,33,9,7,18,7,6
인천,미추홀구,기초,남자,65-69세,193,4,6,34,64,9,2,22,18,9
인천,미추홀구,기초,남자,70-74세,164,3,7,21,65,12,3,14,11,5
인천,미추홀구,기초,남자,75-79세,151,2,12,25,51,15,4,13,6,1
인천,미추홀구,기초,남자,80-84세,157,5,12,22,58,7,9,15,4,3
인천,미추홀구,기초,남자,85세이상,102,2,4,17,49,5,1,2,2,1
인천,미추홀구,기초,여자,65세미만,94,12,7,20,22,5,2,10,1,2
인천,미추홀구,기초,여자,65-69세,149,5,9,18,47,8,1,22,6,2
인천,미추홀구,기초,여자,70-74세,204,4,4,45,78,10,4,15,7,4
인천,미추홀구,기초,여자,75-79세,341,10,18,61,119,22,5,34,22,2
인천,미추홀구,기초,여자,80-84세,434,18,27,112,151,28,4,25,13,5
인천,미추홀구,기초,여자,85세이상,543,36,43,162,189,21,2,17,5,1
인천,미추홀구,의료,남자,65세미만,2,0,0,1,1,0,0,0,0,0
인천,미추홀구,의료,남자,65-69세,0,0,0,0,0,0,0,0,0,0
인천,미추홀구,의료,남자,70-74세,6,0,1,1,1,0,0,0,0,0
인천,미추홀구,의료,남자,75-79세,10,1,2,2,3,0,0,0,0,0
인천,미추홀구,의료,남자,80-84세,3,0,1,1,0,1,0,0,0,0
인천,미추홀구,의료,남자,85세이상,22,0,1,3,13,0,1,1,0,0
인천,미추홀구,의료,여자,65세미만,2,0,0,1,0,0,0,0,0,0
인천,미추홀구,의료,여자,65-69세,3,0,0,1,1,0,0,1,0,0
인천,미추홀구,의료,여자,70-74세,10,2,0,2,3,0,0,0,0,0
인천,미추홀구,의료,여자,75-79세,9,0,1,1,3,1,0,1,0,0
인천,미추홀구,의료,여자,80-84세,21,0,3,5,8,0,0,0,0,0
인천,미추홀구,의료,여자,85세이상,53,3,6,19,13,0,0,1,0,0
인천,미추홀구,감경,남자,65세미만,85,14,6,22,30,2,2,1,1,0
인천,미추홀구,감경,남자,65-69세,117,6,8,39,45,9,1,1,0,0
인천,미추홀구,감경,남자,70-74세,171,9,18,56,65,5,2,2,1,1
인천,미추홀구,감경,남자,75-79세,235,13,20,76,88,24,5,2,1,0
인천,미추홀구,감경,남자,80-84세,272,6,27,72,123,32,5,2,0,1
인천,미추홀구,감경,남자,85세이상,250,13,12,87,113,22,1,1,0,0
인천,미추홀구,감경,여자,65세미만,57,7,9,15,13,3,1,1,0,0
인천,미추홀구,감경,여자,65-69세,117,12,6,30,50,2,2,1,0,0
인천,미추홀구,감경,여자,70-74세,228,18,27,52,76,19,6,5,3,0
인천,미추홀구,감경,여자,75-79세,461,31,41,105,206,37,10,6,1,0
인천,미추홀구,감경,여자,80-84세,800,36,63,263,322,70,16,5,1,0
인천,미추홀구,감경,여자,85세이상,1308,68,175,465,498,64,6,6,0,0
인천,연수구,일반,남자,65세미만,70,6,2,17,10,1,0,15,4,4
인천,연수구,일반,남자,65-69세,103,2,10,20,28,2,1,14,4,0
인천,연수구,일반,남자,70-74세,133,10,5,28,26,4,1,17,6,0
인천,연수구,일반,남자,75-79세,186,3,13,47,65,14,0,16,4,1
인천,연수구,일반,남자,80-84세,236,12,17,50,72,19,0,18,9,2
인천,연수구,일반,남자,85세이상,238,8,18,64,95,10,0,8,2,2
인천,연수구,일반,여자,65세미만,71,9,8,17,13,1,1,12,1,1
인천,연수구,일반,여자,65-69세,122,7,7,20,25,5,2,15,8,0
인천,연수구,일반,여자,70-74세,202,3,9,40,53,16,2,19,5,3
인천,연수구,일반,여자,75-79세,375,12,20,65,118,26,5,32,6,0
인천,연수구,일반,여자,80-84세,698,23,47,152,252,56,4,59,9,3
인천,연수구,일반,여자,85세이상,881,50,98,255,330,29,5,27,11,2
인천,연수구,기초,남자,65세미만,95,4,6,14,31,5,0,15,11,1
인천,연수구,기초,남자,65-69세,133,0,4,14,43,7,0,23,16,4
인천,연수구,기초,남자,70-74세,65,0,1,10,21,6,1,9,12,0
인천,연수구,기초,남자,75-79세,80,0,2,9,32,4,1,12,8,2
인천,연수구,기초,남자,80-84세,58,0,9,5,20,2,0,8,5,2
인천,연수구,기초,남자,85세이상,45,2,1,6,18,5,0,2,1,0
인천,연수구,기초,여자,65세미만,57,2,5,6,13,8,0,4,3,6
인천,연수구,기초,여자,65-69세,75,2,3,10,26,6,2,7,3,3
인천,연수구,기초,여자,70-74세,98,0,5,13,40,7,2,15,10,1
인천,연수구,기초,여자,75-79세,154,2,4,25,56,13,2,19,4,1
인천,연수구,기초,여자,80-84세,230,0,13,42,97,23,2,14,8,2
인천,연수구,기초,여자,85세이상,295,13,37,66,130,15,0,5,4,2
인천,연수구,의료,남자,65세미만,0,0,0,0,0,0,0,0,0,0
인천,연수구,의료,남자,65-69세,2,0,0,0,1,0,0,0,0,0
인천,연수구,의료,남자,70-74세,4,0,0,0,1,0,0,0,0,0
인천,연수구,의료,남자,75-79세,5,0,0,1,2,0,0,1,0,0
인천,연수구,의료,남자,80-84세,3,0,0,0,1,0,0,0,0,0
인천,연수구,의료,남자,85세이상,8,1,0,3,1,0,0,0,0,0
인천,연수구,의료,여자,65세미만,0,0,0,0,0,0,0,0,0,0
인천,연수구,의료,여자,65-69세,3,0,0,0,1,0,0,0,0,1
인천,연수구,의료,여자,70-74세,1,0,0,0,1,0,0,0,0,0
인천,연수구,의료,여자,75-79세,6,1,0,0,2,0,0,1,0,0
인천,연수구,의료,여자,80-84세,9,0,0,2,2,0,0,0,0,0
인천,연수구,의료,여자,85세이상,27,0,3,9,10,1,0,0,0,0
인천,연수구,감경,남자,65세미만,43,2,2,15,17,2,1,1,0,0
인천,연수구,감경,남자,65-69세,42,2,3,12,18,3,0,0,0,0
인천,연수구,감경,남자,70-74세,56,0,8,14,25,6,0,0,1,0
인천,연수구,감경,남자,75-79세,82,1,8,28,30,11,1,0,0,1
인천,연수구,감경,남자,80-84세,92,4,12,28,30,13,2,0,0,0
인천,연수구,감경,남자,85세이상,125,3,10,30,69,9,1,1,1,0
인천,연수구,감경,여자,65세미만,21,1,5,4,7,2,0,0,0,0
인천,연수구,감경,여자,65-69세,47,1,8,12,15,4,0,4,0,0
인천,연수구,감경,여자,70-74세,70,3,10,22,19,8,0,0,0,0
인천,연수구,감경,여자,75-79세,154,7,14,34,70,17,2,0,1,0
인천,연수구,감경,여자,80-84세,329,16,35,84,147,28,1,2,1,0
인천,연수구,감경,여자,85세이상,595,31,78,193,249,22,4,3,2,0
인천,남동구,일반,남자,65세미만,152,9,12,24,26,0,3,28,12,0
인천,남동구,일반,남자,65-69세,228,12,12,40,53,6,1,29,13,4
인천,남동구,일반,남자,70-74세,274,14,18,54,81,16,5,23,7,2
인천,남동구,일반,남자,75-79세,393,10,28,80,119,34,10,31,12,4
인천,남동구,일반,남자,80-84세,441,7,35,112,143,35,7,20,18,3
인천,남동구,일반,남자,85세이상,414,14,40,97,167,28,4,14,10,1
인천,남동구,일반,여자,65세미만,126,11,11,18,10,2,2,26,9,2
인천,남동구,일반,여자,65-69세,257,6,14,31,51,5,3,48,16,7
인천,남동구,일반,여자,70-74세,419,15,25,50,111,14,6,67,22,9
인천,남동구,일반,여자,75-79세,737,19,47,109,226,31,11,78,38,3
인천,남동구,일반,여자,80-84세,1241,35,73,273,490,76,22,75,30,8
인천,남동구,일반,여자,85세이상,1330,58,146,437,455,67,3,41,10,0
인천,남동구,기초,남자,65세미만,267,17,18,55,90,11,4,21,8,2
인천,남동구,기초,남자,65-69세,273,8,17,47,89,10,3,31,16,5
인천,남동구,기초,남자,70-74세,200,3,10,35,86,13,1,17,5,4
인천,남동구,기초,남자,75-79세,211,3,7,48,82,15,1,13,13,2
인천,남동구,기초,남자,80-84세,203,3,13,39,86,13,2,10,5,0
인천,남동구,기초,남자,85세이상,152,2,11,29,72,10,1,7,0,0
인천,남동구,기초,여자,65세미만,156,18,15,39,37,7,0,19,6,0
인천,남동구,기초,여자,65-69세,240,9,11,42,95,17,0,31,11,2
인천,남동구,기초,여자,70-74세,275,6,11,53,114,6,2,30,14,3
인천,남동구,기초,여자,75-79세,465,17,28,93,199,25,8,40,10,2
인천,남동구,기초,여자,80-84세,575,17,39,108,268,34,5,22,7,1
인천,남동구,기초,여자,85세이상,705,34,77,199,260,33,2,9,8,0
인천,남동구,의료,남자,65세미만,3,0,0,1,1,0,0,0,0,0
인천,남동구,의료,남자,65-69세,3,0,1,1,0,1,0,0,0,0
인천,남동구,의료,남자,70-74세,7,0,0,2,2,0,1,1,0,0
인천,남동구,의료,남자,75-79세,12,0,2,1,6,1,0,1,0,0
인천,남동구,의료,남자,80-84세,9,0,0,0,4,1,0,1,0,0
인천,남동구,의료,남자,85세이상,13,0,0,6,4,1,1,0,0,0
인천,남동구,의료,여자,65세미만,1,0,0,0,0,0,0,1,0,0
인천,남동구,의료,여자,65-69세,6,1,0,0,1,0,1,1,2,0
인천,남동구,의료,여자,70-74세,16,0,0,3,8,0,0,2,0,0
인천,남동구,의료,여자,75-79세,12,1,1,3,5,0,0,1,0,0
인천,남동구,의료,여자,80-84세,24,0,4,2,8,4,1,2,0,0
인천,남동구,의료,여자,85세이상,76,2,6,20,31,4,0,1,1,0
인천,남동구,감경,남자,65세미만,101,3,14,40,26,3,0,2,0,0
인천,남동구,감경,남자,65-69세,161,10,17,35,75,15,2,2,0,0
인천,남동구,감경,남자,70-74세,213,10,15,60,96,19,6,2,2,1
인천,남동구,감경,남자,75-79세,212,10,24,56,94,18,5,0,2,0
인천,남동구,감경,남자,80-84세,314,10,25,86,155,24,5,1,0,0
인천,남동구,감경,남자,85세이상,305,14,30,81,152,19,5,3,0,0
인천,남동구,감경,여자,65세미만,73,8,10,23,13,9,0,0,1,0
인천,남동구,감경,여자,65-69세,146,7,16,40,57,7,4,3,2,0
인천,남동구,감경,여자,70-74세,266,17,22,65,118,23,5,1,0,0
인천,남동구,감경,여자,75-79세,493,24,43,134,214,40,10,6,2,1
인천,남동구,감경,여자,80-84세,977,47,89,299,437,69,11,6,1,0
인천,남동구,감경,여자,85세이상,1587,84,226,580,614,54,9,1,0,0
인천,부평구,일반,남자,65세미만,114,4,6,19,15,2,0,24,3,4
인천,부평구,일반,남자,65-69세,184,9,16,24,40,4,1,32,11,4
인천,부평구,일반,남자,70-74세,269,8,22,50,79,15,0,24,10,7
인천,부평구,일반,남자,75-79세,331,12,24,70,100,24,3,30,10,6
인천,부평구,일반,남자,80-84세,422,9,29,89,136,33,13,20,13,10
인천,부평구,일반,남자,85세이상,408,11,24,94,166,25,5,15,14,3
인천,부평구,일반,여자,65세미만,115,7,9,12,22,4,1,22,6,2
인천,부평구,일반,여자,65-69세,236,5,14,36,41,3,4,35,20,12
인천,부평구,일반,여자,70-74세,397,7,18,58,93,16,7,56,20,9
인천,부평구,일반,여자,75-79세,788,19,36,117,242,54,10,96,35,16
인천,부평구,일반,여자,80-84세,1206,32,84,221,466,94,17,65,46,14
인천,부평구,일반,여자,85세이상,1378,48,153,396,516,60,9,49,17,10
인천,부평구,기초,남자,65세미만,225,9,7,41,76,14,1,24,11,6
인천,부평구,기초,남자,65-69세,237,3,6,35,83,13,2,28,19,12
인천,부평구,기초,남자,70-74세,185,4,6,22,81,13,0,13,17,8
인천,부평구,기초,남자,75-79세,166,2,10,23,71,12,1,12,10,5
인천,부평구,기초,남자,80-84세,150,3,9,32,57,11,0,9,5,3
인천,부평구,기초,남자,85세이상,118,2,7,18,51,5,2,5,2,2
인천,부평구,기초,여자,65세미만,125,8,6,27,27,6,1,17,8,6
인천,부평구,기초,여자,65-69세,222,5,3,32,89,6,2,23,17,5
인천,부평구,기초,여자,70-74세,244,6,15,38,86,17,1,25,15,6
인천,부평구,기초,여자,75-79세,338,13,18,56,145,14,2,26,16,9
인천,부평구,기초,여자,80-84세,516,13,28,100,209,33,1,29,18,4
인천,부평구,기초,여자,85세이상,641,37,78,169,242,21,2,14,6,4
인천,부평구,의료,남자,65세미만,1,0,0,0,1,0,0,0,0,0
인천,부평구,의료,남자,65-69세,2,0,0,0,0,1,0,1,0,0
인천,부평구,의료,남자,70-74세,7,0,0,2,3,0,0,1,0,0
인천,부평구,의료,남자,75-79세,4,1,0,0,3,0,0,0,0,0
인천,부평구,의료,남자,80-84세,2,0,0,1,0,0,0,0,0,0
인천,부평구,의료,남자,85세이상,9,0,2,2,2,0,0,0,0,0
인천,부평구,의료,여자,65세미만,2,0,0,0,0,0,0,1,0,1
인천,부평구,의료,여자,65-69세,3,0,0,1,2,0,0,0,0,0
인천,부평구,의료,여자,70-74세,4,0,0,1,1,0,0,1,0,0
인천,부평구,의료,여자,75-79세,8,1,0,1,3,0,0,1,0,0
인천,부평구,의료,여자,80-84세,17,0,2,4,4,2,0,0,0,0
인천,부평구,의료,여자,85세이상,50,2,7,13,21,1,0,2,0,0
인천,부평구,감경,남자,65세미만,77,6,8,29,18,6,0,1,0,0
인천,부평구,감경,남자,65-69세,137,9,14,38,50,10,2,2,2,0
인천,부평구,감경,남자,70-74세,200,10,13,58,94,9,1,2,5,0
인천,부평구,감경,남자,75-79세,217,8,13,68,98,12,1,3,1,1
인천,부평구,감경,남자,80-84세,233,6,18,61,109,22,6,2,1,0
인천,부평구,감경,남자,85세이상,278,3,31,74,143,18,3,1,1,0
인천,부평구,감경,여자,65세미만,65,9,9,20,16,5,1,1,0,0
인천,부평구,감경,여자,65-69세,112,7,12,32,41,10,1,5,0,0
인천,부평구,감경,여자,70-74세,207,9,12,46,107,13,6,3,1,1
인천,부평구,감경,여자,75-79세,398,14,32,107,181,36,10,5,1,0
인천,부평구,감경,여자,80-84세,848,27,88,226,405,66,11,6,1,2
인천,부평구,감경,여자,85세이상,1380,68,193,482,555,52,4,3,2,2
인천,계양구,일반,남자,65세미만,70,9,5,6,12,3,0,9,5,2
인천,계양구,일반,남자,65-69세,119,5,3,17,25,6,1,14,10,4
인천,계양구,일반,남자,70-74세,141,8,20,41,23,4,1,11,5,4
인천,계양구,일반,남자,75-79세,190,9,10,43,56,6,2,14,3,4
인천,계양구,일반,남자,80-84세,237,9,16,53,70,20,7,7,5,5
인천,계양구,일반,남자,85세이상,225,6,15,61,86,10,3,9,4,2
인천,계양구,일반,여자,65세미만,85,5,9,24,10,3,0,11,4,3
인천,계양구,일반,여자,65-69세,150,9,13,16,20,5,2,23,9,7
인천,계양구,일반,여자,70-74세,207,9,10,31,42,9,2,33,16,3
인천,계양구,일반,여자,75-79세,381,21,21,75,90,19,3,44,14,9
인천,계양구,일반,여자,80-84세,680,39,60,179,209,46,10,39,15,6
인천,계양구,일반,여자,85세이상,817,32,96,278,271,31,8,29,9,2
인천,계양구,기초,남자,65세미만,154,9,11,40,40,8,2,13,2,6
인천,계양구,기초,남자,65-69세,128,2,6,29,44,9,1,13,6,5
인천,계양구,기초,남자,70-74세,87,6,4,17,28,9,2,7,3,2
인천,계양구,기초,남자,75-79세,81,3,4,23,27,4,3,3,1,2
인천,계양구,기초,남자,80-84세,90,2,7,21,34,4,0,2,2,2
인천,계양구,기초,남자,85세이상,74,1,7,22,24,3,1,4,1,0
인천,계양구,기초,여자,65세미만,76,8,9,13,17,7,1,0,4,1
인천,계양구,기초,여자,65-69세,79,3,6,17,20,2,0,5,5,2
인천,계양구,기초,여자,70-74세,110,5,4,24,33,5,0,12,4,3
인천,계양구,기초,여자,75-79세,172,13,7,29,56,12,4,15,9,2
인천,계양구,기초,여자,80-84세,286,23,29,59,102,14,2,12,5,2
인천,계양구,기초,여자,85세이상,397,22,47,122,131,12,3,5,3,2
인천,계양구,의료,남자,65세미만,1,0,0,0,0,0,0,0,1,0
인천,계양구,의료,남자,65-69세,0,0,0,0,0,0,0,0,0,0
인천,계양구,의료,남자,70-74세,1,1,0,0,0,0,0,0,0,0
인천,계양구,의료,남자,75-79세,2,0,0,0,2,0,0,0,0,0
인천,계양구,의료,남자,80-84세,5,0,2,0,0,0,0,0,0,0
인천,계양구,의료,남자,85세이상,8,0,0,3,2,0,0,1,0,0
인천,계양구,의료,여자,65세미만,1,0,0,0,1,0,0,0,0,0
인천,계양구,의료,여자,65-69세,3,0,0,1,2,0,0,0,0,0
인천,계양구,의료,여자,70-74세,3,1,1,0,0,0,0,0,0,1
인천,계양구,의료,여자,75-79세,7,0,1,1,3,0,0,0,1,0
인천,계양구,의료,여자,80-84세,6,0,0,2,3,1,0,0,0,0
인천,계양구,의료,여자,85세이상,33,1,3,6,16,0,0,2,0,0
인천,계양구,감경,남자,65세미만,74,5,7,23,17,6,1,4,1,0
인천,계양구,감경,남자,65-69세,95,5,7,30,43,2,1,1,1,0
인천,계양구,감경,남자,70-74세,102,7,11,39,33,7,2,1,0,0
인천,계양구,감경,남자,75-79세,122,3,10,40,53,9,3,1,0,0
인천,계양구,감경,남자,80-84세,188,7,15,57,79,17,4,1,1,0
인천,계양구,감경,남자,85세이상,187,10,18,54,87,14,3,0,0,0
인천,계양구,감경,여자,65세미만,51,6,7,16,14,4,0,0,1,1
인천,계양구,감경,여자,65-69세,74,6,4,18,32,6,2,1,0,1
인천,계양구,감경,여자,70-74세,138,3,19,31,64,7,1,3,1,0
인천,계양구,감경,여자,75-79세,277,16,22,76,111,25,8,4,2,0
인천,계양구,감경,여자,80-84세,580,27,54,178,245,44,9,5,0,0
인천,계양구,감경,여자,85세이상,937,65,141,351,315,43,8,0,0,1
인천,서구,일반,남자,65세미만,94,7,5,16,17,3,0,14,2,4
인천,서구,일반,남자,65-69세,167,3,10,25,44,7,3,21,3,3
인천,서구,일반,남자,70-74세,247,5,8,61,76,8,4,17,13,4
인천,서구,일반,남자,75-79세,323,9,23,62,107,26,2,25,4,5
인천,서구,일반,남자,80-84세,376,11,26,88,117,35,3,28,7,2
인천,서구,일반,남자,85세이상,361,12,18,85,142,31,7,11,6,2
인천,서구,일반,여자,65세미만,94,12,5,17,13,6,0,10,6,3
인천,서구,일반,여자,65-69세,227,8,6,36,39,11,2,31,8,5
인천,서구,일반,여자,70-74세,380,14,21,52,93,29,3,49,12,7
인천,서구,일반,여자,75-79세,685,17,30,115,240,50,14,51,23,8
인천,서구,일반,여자,80-84세,1053,42,73,222,381,90,11,66,17,6
인천,서구,일반,여자,85세이상,1284,75,129,365,466,83,7,37,22,3
인천,서구,기초,남자,65세미만,226,12,17,42,92,11,1,9,5,5
인천,서구,기초,남자,65-69세,191,6,8,40,63,7,3,13,11,7
인천,서구,기초,남자,70-74세,154,2,7,21,71,8,3,4,7,4
인천,서구,기초,남자,75-79세,109,3,6,24,36,6,1,7,3,4
인천,서구,기초,남자,80-84세,107,2,5,19,41,11,1,6,3,1
인천,서구,기초,남자,85세이상,93,1,10,22,37,6,0,3,4,0
인천,서구,기초,여자,65세미만,117,10,15,30,30,7,3,5,1,2
인천,서구,기초,여자,65-69세,136,1,8,26,48,9,0,17,10,3
인천,서구,기초,여자,70-74세,168,4,6,35,69,15,2,7,8,3
인천,서구,기초,여자,75-79세,258,8,17,55,94,22,1,13,5,5
인천,서구,기초,여자,80-84세,405,14,21,104,167,36,2,8,6,2
인천,서구,기초,여자,85세이상,603,25,61,197,215,25,1,9,2,0
인천,서구,의료,남자,65세미만,1,0,0,0,0,0,0,0,0,0
인천,서구,의료,남자,65-69세,1,0,0,1,0,0,0,0,0,0
인천,서구,의료,남자,70-74세,5,0,0,2,1,0,0,1,0,0
인천,서구,의료,남자,75-79세,4,0,0,1,2,0,0,0,0,0
인천,서구,의료,남자,80-84세,3,0,0,0,1,0,0,0,0,0
인천,서구,의료,남자,85세이상,9,2,1,2,3,0,0,0,0,0
인천,서구,의료,여자,65세미만,0,0,0,0,0,0,0,0,0,0
인천,서구,의료,여자,65-69세,1,0,0,1,0,0,0,0,0,0
인천,서구,의료,여자,70-74세,10,0,2,0,2,0,0,3,0,0
인천,서구,의료,여자,75-79세,6,0,0,0,2,0,0,1,0,0
인천,서구,의료,여자,80-84세,18,1,1,5,4,4,0,2,0,0
인천,서구,의료,여자,85세이상,47,6,3,11,17,1,0,0,0,0
인천,서구,감경,남자,65세미만,94,10,10,30,27,8,1,2,0,0
인천,서구,감경,남자,65-69세,123,9,8,27,62,8,4,0,0,1
인천,서구,감경,남자,70-74세,185,1,16,58,80,22,0,2,0,1
인천,서구,감경,남자,75-79세,205,12,15,48,107,13,2,3,0,0
인천,서구,감경,남자,80-84세,249,3,13,76,124,16,2,1,0,1
인천,서구,감경,남자,85세이상,252,7,21,83,116,19,1,1,0,0
인천,서구,감경,여자,65세미만,64,9,9,24,15,3,0,1,0,0
인천,서구,감경,여자,65-69세,140,8,16,40,46,7,2,4,0,0
인천,서구,감경,여자,70-74세,196,13,16,49,80,21,4,1,3,0
인천,서구,감경,여자,75-79세,445,27,52,114,168,43,9,8,2,0
인천,서구,감경,여자,80-84세,848,32,92,244,378,69,4,3,2,0
인천,서구,감경,여자,85세이상,1285,54,172,473,511,58,5,1,0,0
인천,강화군,일반,남자,65세미만,19,0,0,5,7,1,1,1,1,0
인천,강화군,일반,남자,65-69세,64,1,3,9,16,2,0,8,4,3
인천,강화군,일반,남자,70-74세,83,1,2,20,22,3,0,12,5,5
인천,강화군,일반,남자,75-79세,108,3,3,20,37,9,1,9,5,2
인천,강화군,일반,남자,80-84세,190,0,6,34,56,24,6,15,8,5
인천,강화군,일반,남자,85세이상,218,3,9,38,104,21,2,13,9,1
인천,강화군,일반,여자,65세미만,14,2,2,3,0,0,0,4,0,0
인천,강화군,일반,여자,65-69세,58,2,1,4,18,1,1,6,9,7
인천,강화군,일반,여자,70-74세,116,1,4,16,29,4,3,11,10,7
인천,강화군,일반,여자,75-79세,201,3,12,23,60,12,2,28,10,2
인천,강화군,일반,여자,80-84세,380,8,11,65,157,40,11,19,9,5
인천,강화군,일반,여자,85세이상,592,11,46,140,250,37,10,20,14,1
인천,강화군,기초,남자,65세미만,34,3,4,7,11,0,1,1,0,0
인천,강화군,기초,남자,65-69세,48,0,3,9,15,0,0,5,8,0
인천,강화군,기초,남자,70-74세,41,0,2,6,10,2,1,6,9,0
인천,강화군,기초,남자,75-79세,39,2,5,5,11,0,2,2,1,3
인천,강화군,기초,남자,80-84세,40,1,0,6,15,0,2,3,3,0
인천,강화군,기초,남자,85세이상,33,0,1,5,18,1,0,1,0,0
인천,강화군,기초,여자,65세미만,23,0,1,6,10,1,0,1,1,0
인천,강화군,기초,여자,65-69세,42,1,3,7,9,3,0,4,5,3
인천,강화군,기초,여자,70-74세,50,1,2,10,11,2,1,6,5,3
인천,강화군,기초,여자,75-79세,83,3,5,10,39,5,0,8,1,2
인천,강화군,기초,여자,80-84세,97,3,6,24,30,4,0,7,1,0
인천,강화군,기초,여자,85세이상,187,3,18,45,72,8,0,2,1,0
인천,강화군,의료,남자,65세미만,0,0,0,0,0,0,0,0,0,0
인천,강화군,의료,남자,65-69세,0,0,0,0,0,0,0,0,0,0
인천,강화군,의료,남자,70-74세,0,0,0,0,0,0,0,0,0,0
인천,강화군,의료,남자,75-79세,0,0,0,0,0,0,0,0,0,0
인천,강화군,의료,남자,80-84세,0,0,0,0,0,0,0,0,0,0
인천,강화군,의료,남자,85세이상,6,0,0,0,3,0,0,0,0,0
인천,강화군,의료,여자,65세미만,0,0,0,0,0,0,0,0,0,0
인천,강화군,의료,여자,65-69세,0,0,0,0,0,0,0,0,0,0
인천,강화군,의료,여자,70-74세,0,0,0,0,0,0,0,0,0,0
인천,강화군,의료,여자,75-79세,0,0,0,0,0,0,0,0,0,0
인천,강화군,의료,여자,80-84세,5,0,0,1,2,0,0,0,0,0
인천,강화군,의료,여자,85세이상,12,1,1,3,5,0,0,0,0,0
인천,강화군,감경,남자,65세미만,8,2,2,2,1,0,0,0,0,0
인천,강화군,감경,남자,65-69세,17,3,0,4,7,2,0,0,0,0
인천,강화군,감경,남자,70-74세,35,3,3,12,13,0,0,0,0,0
인천,강화군,감경,남자,75-79세,53,0,3,11,31,6,0,1,0,0
인천,강화군,감경,남자,80-84세,56,1,7,12,31,3,0,0,0,0
인천,강화군,감경,남자,85세이상,88,3,4,21,49,6,2,0,0,0
인천,강화군,감경,여자,65세미만,7,1,1,1,3,0,0,0,0,0
인천,강화군,감경,여자,65-69세,17,0,1,7,5,0,0,2,1,0
인천,강화군,감경,여자,70-74세,30,3,1,10,10,4,0,0,0,0
인천,강화군,감경,여자,75-79세,103,1,4,28,46,18,1,0,0,0
인천,강화군,감경,여자,80-84세,196,4,14,47,104,14,4,2,0,0
인천,강화군,감경,여자,85세이상,427,13,40,144,202,19,0,1,0,0
인천,옹진군,일반,남자,65세미만,7,1,0,2,0,0,0,1,1,0
인천,옹진군,일반,남자,65-69세,6,0,0,2,1,0,0,2,0,1
인천,옹진군,일반,남자,70-74세,12,0,0,2,4,0,0,0,1,3
인천,옹진군,일반,남자,75-79세,16,0,3,2,6,1,0,0,2,0
인천,옹진군,일반,남자,80-84세,10,0,1,3,3,0,0,2,1,0
인천,옹진군,일반,남자,85세이상,27,0,1,7,11,0,0,1,0,0
인천,옹진군,일반,여자,65세미만,2,0,0,0,0,0,0,1,1,0
인천,옹진군,일반,여자,65-69세,10,0,0,1,1,0,0,2,2,3
인천,옹진군,일반,여자,70-74세,25,0,1,3,3,0,0,3,1,10
인천,옹진군,일반,여자,75-79세,24,0,1,0,8,0,0,4,2,7
인천,옹진군,일반,여자,80-84세,41,2,1,9,11,2,0,5,2,4
인천,옹진군,일반,여자,85세이상,76,5,5,24,21,2,0,7,2,0
인천,옹진군,기초,남자,65세미만,5,1,0,0,2,0,0,0,1,0
인천,옹진군,기초,남자,65-69세,7,0,0,0,2,3,0,1,1,0
인천,옹진군,기초,남자,70-74세,4,1,0,0,3,0,0,0,0,0
인천,옹진군,기초,남자,75-79세,4,0,0,1,2,0,0,0,1,0
인천,옹진군,기초,남자,80-84세,5,0,0,1,0,0,0,1,0,0
인천,옹진군,기초,남자,85세이상,2,0,0,0,1,1,0,0,0,0
인천,옹진군,기초,여자,65세미만,4,0,0,1,1,0,0,1,0,0
인천,옹진군,기초,여자,65-69세,1,0,0,0,0,0,0,0,0,0
인천,옹진군,기초,여자,70-74세,8,0,0,1,3,0,0,2,0,1
인천,옹진군,기초,여자,75-79세,5,0,0,0,3,0,0,0,1,1
인천,옹진군,기초,여자,80-84세,16,0,1,4,8,0,0,1,1,0
인천,옹진군,기초,여자,85세이상,13,0,1,1,6,2,0,0,0,0
인천,옹진군,의료,남자,65세미만,0,0,0,0,0,0,0,0,0,0
인천,옹진군,의료,남자,65-69세,0,0,0,0,0,0,0,0,0,0
인천,옹진군,의료,남자,70-74세,0,0,0,0,0,0,0,0,0,0
인천,옹진군,의료,남자,75-79세,0,0,0,0,0,0,0,0,0,0
인천,옹진군,의료,남자,80-84세,0,0,0,0,0,0,0,0,0,0
인천,옹진군,의료,남자,85세이상,0,0,0,0,0,0,0,0,0,0
인천,옹진군,의료,여자,65세미만,0,0,0,0,0,0,0,0,0,0
인천,옹진군,의료,여자,65-69세,1,0,0,0,0,0,0,0,0,0
인천,옹진군,의료,여자,70-74세,0,0,0,0,0,0,0,0,0,0
인천,옹진군,의료,여자,75-79세,0,0,0,0,0,0,0,0,0,0
인천,옹진군,의료,여자,80-84세,0,0,0,0,0,0,0,0,0,0
인천,옹진군,의료,여자,85세이상,2,0,0,1,1,0,0,0,0,0
인천,옹진군,감경,남자,65세미만,3,0,0,1,2,0,0,0,0,0
인천,옹진군,감경,남자,65-69세,1,0,0,0,1,0,0,0,0,0
인천,옹진군,감경,남자,70-74세,6,0,0,2,2,0,0,0,0,0
인천,옹진군,감경,남자,75-79세,8,0,1,1,5,1,0,0,0,0
인천,옹진군,감경,남자,80-84세,11,0,0,3,8,0,0,0,0,0
인천,옹진군,감경,남자,85세이상,13,0,4,4,4,1,0,0,0,0
인천,옹진군,감경,여자,65세미만,5,0,1,3,1,0,0,0,0,0
인천,옹진군,감경,여자,65-69세,3,1,0,1,1,0,0,0,0,0
인천,옹진군,감경,여자,70-74세,10,0,1,5,4,0,0,0,0,0
인천,옹진군,감경,여자,75-79세,10,1,0,1,5,1,0,0,0,0
인천,옹진군,감경,여자,80-84세,24,0,2,5,13,3,0,0,0,0
인천,옹진군,감경,여자,85세이상,55,0,3,18,27,4,0,0,0,0
광주,동구,일반,남자,65세미만,13,1,0,3,2,0,0,2,1,0
광주,동구,일반,남자,65-69세,58,0,2,12,9,3,1,7,9,5
광주,동구,일반,남자,70-74세,108,2,7,18,33,7,1,12,7,3
광주,동구,일반,남자,75-79세,172,6,5,26,59,6,1,13,18,1
광주,동구,일반,남자,80-84세,214,4,11,28,75,27,6,22,10,2
광주,동구,일반,남자,85세이상,210,1,7,49,79,17,2,10,9,1
광주,동구,일반,여자,65세미만,18,1,1,1,5,0,0,6,1,2
광주,동구,일반,여자,65-69세,85,0,2,11,14,1,1,13,13,3
광주,동구,일반,여자,70-74세,173,5,3,24,33,4,2,31,21,5
광주,동구,일반,여자,75-79세,331,5,8,36,86,29,9,41,23,8
광주,동구,일반,여자,80-84세,498,10,13,78,185,52,8,46,26,2
광주,동구,일반,여자,85세이상,481,18,42,128,179,21,3,20,10,4
광주,동구,기초,남자,65세미만,37,1,2,6,8,1,2,4,4,2
광주,동구,기초,남자,65-69세,64,0,0,4,18,4,2,9,3,6
광주,동구,기초,남자,70-74세,43,1,2,1,8,3,2,6,6,3
광주,동구,기초,남자,75-79세,20,0,0,3,4,3,0,1,2,2
광주,동구,기초,남자,80-84세,30,0,2,1,13,2,1,1,3,1
광주,동구,기초,남자,85세이상,19,0,0,5,4,3,0,2,1,2
광주,동구,기초,여자,65세미만,13,1,2,2,2,1,2,1,0,0
광주,동구,기초,여자,65-69세,46,1,2,6,10,1,1,3,7,3
광주,동구,기초,여자,70-74세,66,0,2,2,19,2,3,5,8,9
광주,동구,기초,여자,75-79세,69,1,1,9,19,6,1,6,10,2
광주,동구,기초,여자,80-84세,93,1,2,14,32,10,0,4,7,3
광주,동구,기초,여자,85세이상,105,5,4,28,29,4,0,7,3,0
광주,동구,의료,남자,65세미만,0,0,0,0,0,0,0,0,0,0
광주,동구,의료,남자,65-69세,2,0,0,1,0,0,0,1,0,0
광주,동구,의료,남자,70-74세,3,0,0,0,2,0,0,0,0,1
광주,동구,의료,남자,75-79세,2,0,0,0,0,1,0,0,0,0
광주,동구,의료,남자,80-84세,6,1,0,1,3,1,0,0,0,0
광주,동구,의료,남자,85세이상,5,1,0,2,1,1,0,0,0,0
광주,동구,의료,여자,65세미만,0,0,0,0,0,0,0,0,0,0
광주,동구,의료,여자,65-69세,2,0,0,0,1,0,0,1,0,0
광주,동구,의료,여자,70-74세,6,0,0,1,3,0,0,0,1,0
광주,동구,의료,여자,75-79세,7,0,0,1,2,0,0,0,0,0
광주,동구,의료,여자,80-84세,15,0,0,2,6,0,2,0,2,0
광주,동구,의료,여자,85세이상,39,2,2,10,12,2,0,2,1,0
광주,동구,감경,남자,65세미만,16,4,1,3,4,0,0,1,0,0
광주,동구,감경,남자,65-69세,34,1,2,13,11,1,1,0,0,1
광주,동구,감경,남자,70-74세,41,3,2,13,15,5,2,1,0,0
광주,동구,감경,남자,75-79세,47,0,1,12,22,4,1,0,2,0
광주,동구,감경,남자,80-84세,57,2,5,16,29,3,1,0,1,0
광주,동구,감경,남자,85세이상,84,2,7,25,44,2,1,0,1,0
광주,동구,감경,여자,65세미만,9,1,0,2,2,2,0,0,0,1
광주,동구,감경,여자,65-69세,36,3,3,7,13,6,0,0,0,0
광주,동구,감경,여자,70-74세,58,3,1,18,24,5,0,1,0,0
광주,동구,감경,여자,75-79세,135,5,10,27,61,12,4,2,2,0
광주,동구,감경,여자,80-84세,228,8,19,55,99,23,3,0,3,0
광주,동구,감경,여자,85세이상,369,22,44,90,153,29,2,0,2,0
광주,서구,일반,남자,65세미만,47,1,3,5,6,1,0,12,6,6
광주,서구,일반,남자,65-69세,124,5,6,16,33,4,2,18,13,7
광주,서구,일반,남자,70-74세,212,9,8,41,54,7,3,25,18,8
광주,서구,일반,남자,75-79세,278,15,14,58,77,23,5,21,17,2
광주,서구,일반,남자,80-84세,347,13,21,64,122,36,7,22,19,7
광주,서구,일반,남자,85세이상,347,12,17,68,133,32,4,25,17,1
광주,서구,일반,여자,65세미만,54,3,8,10,9,0,0,6,0,5
광주,서구,일반,여자,65-69세,175,9,3,18,28,5,1,25,23,6
광주,서구,일반,여자,70-74세,319,7,11,41,71,16,4,47,31,11
광주,서구,일반,여자,75-79세,578,8,16,84,141,42,11,66,58,14
광주,서구,일반,여자,80-84세,855,26,43,176,300,71,13,52,51,7
광주,서구,일반,여자,85세이상,854,29,63,215,345,44,5,28,30,1
광주,서구,기초,남자,65세미만,95,1,4,12,21,8,0,15,11,10
광주,서구,기초,남자,65-69세,123,1,3,10,27,5,1,24,19,18
광주,서구,기초,남자,70-74세,98,1,2,14,36,5,1,7,14,8
광주,서구,기초,남자,75-79세,84,1,3,11,25,8,1,7,15,2
광주,서구,기초,남자,80-84세,63,0,1,10,20,11,0,1,5,3
광주,서구,기초,남자,85세이상,37,0,1,7,17,1,0,3,3,1
광주,서구,기초,여자,65세미만,47,2,4,4,14,3,1,10,5,0
광주,서구,기초,여자,65-69세,115,2,5,10,24,10,1,19,23,6
광주,서구,기초,여자,70-74세,146,1,5,17,42,7,0,15,23,13
광주,서구,기초,여자,75-79세,220,4,6,30,76,16,5,21,29,4
광주,서구,기초,여자,80-84세,231,9,13,38,80,32,3,13,12,2
광주,서구,기초,여자,85세이상,251,8,22,59,100,16,3,6,4,0
광주,서구,의료,남자,65세미만,4,0,0,0,1,0,0,0,0,0
광주,서구,의료,남자,65-69세,1,0,0,0,1,0,0,0,0,0
광주,서구,의료,남자,70-74세,4,0,2,1,0,0,0,1,0,0
광주,서구,의료,남자,75-79세,14,0,0,1,10,1,0,0,0,0
광주,서구,의료,남자,80-84세,5,0,0,1,2,0,0,0,1,0
광주,서구,의료,남자,85세이상,15,0,0,3,8,1,0,0,1,0
광주,서구,의료,여자,65세미만,0,0,0,0,0,0,0,0,0,0
광주,서구,의료,여자,65-69세,0,0,0,0,0,0,0,0,0,0
광주,서구,의료,여자,70-74세,11,0,0,2,5,1,0,1,0,0
광주,서구,의료,여자,75-79세,17,0,2,0,6,2,0,1,1,0
광주,서구,의료,여자,80-84세,14,1,0,4,5,1,0,1,1,0
광주,서구,의료,여자,85세이상,52,2,3,14,23,2,0,2,1,0
광주,서구,감경,남자,65세미만,40,3,7,15,9,0,1,1,0,0
광주,서구,감경,남자,65-69세,56,3,5,15,16,4,1,4,3,1
광주,서구,감경,남자,70-74세,79,3,7,20,29,10,1,2,2,1
광주,서구,감경,남자,75-79세,90,6,12,14,40,12,2,1,0,0
광주,서구,감경,남자,80-84세,128,6,10,28,62,12,3,2,1,0
광주,서구,감경,남자,85세이상,125,0,16,32,66,9,0,0,1,0
광주,서구,감경,여자,65세미만,22,2,4,3,7,3,0,0,0,0
광주,서구,감경,여자,65-69세,43,4,2,9,17,4,1,1,3,0
광주,서구,감경,여자,70-74세,120,4,7,26,56,13,2,1,2,1
광주,서구,감경,여자,75-79세,251,13,16,61,111,25,3,4,3,0
광주,서구,감경,여자,80-84세,452,14,47,135,187,31,7,1,0,2
광주,서구,감경,여자,85세이상,688,52,79,218,265,38,5,0,1,0
광주,남구,일반,남자,65세미만,52,2,1,10,7,1,0,8,8,2
광주,남구,일반,남자,65-69세,112,7,4,16,22,2,0,20,9,3
광주,남구,일반,남자,70-74세,188,4,5,38,44,8,2,29,14,1
광주,남구,일반,남자,75-79세,258,7,5,46,94,14,4,26,13,5
광주,남구,일반,남자,80-84세,322,4,11,68,103,24,4,31,21,5
광주,남구,일반,남자,85세이상,305,7,19,53,120,19,8,19,13,1
광주,남구,일반,여자,65세미만,42,4,1,5,7,2,0,9,3,2
광주,남구,일반,여자,65-69세,184,2,5,16,35,5,2,33,31,7
광주,남구,일반,여자,70-74세,318,10,10,47,65,12,3,51,27,13
광주,남구,일반,여자,75-79세,500,6,16,53,152,26,9,80,39,10
광주,남구,일반,여자,80-84세,721,15,33,114,259,59,13,67,28,7
광주,남구,일반,여자,85세이상,841,45,62,163,332,54,6,40,16,5
광주,남구,기초,남자,65세미만,64,7,5,7,15,4,0,10,2,2
광주,남구,기초,남자,65-69세,75,2,4,9,18,6,2,7,9,5
광주,남구,기초,남자,70-74세,69,0,0,6,27,4,0,8,7,2
광주,남구,기초,남자,75-79세,52,1,2,9,10,6,2,6,5,1
광주,남구,기초,남자,80-84세,48,0,1,6,17,3,1,5,5,1
광주,남구,기초,남자,85세이상,23,0,0,5,6,3,1,0,1,0
광주,남구,기초,여자,65세미만,50,3,2,7,13,5,0,7,1,1
광주,남구,기초,여자,65-69세,75,1,3,8,23,3,0,12,8,6
광주,남구,기초,여자,70-74세,89,0,2,11,21,4,2,12,12,4
광주,남구,기초,여자,75-79세,133,3,4,13,41,11,3,16,10,5
광주,남구,기초,여자,80-84세,166,3,2,29,67,16,1,4,6,3
광주,남구,기초,여자,85세이상,202,10,11,44,72,8,1,6,7,0
광주,남구,의료,남자,65세미만,1,0,0,1,0,0,0,0,0,0
광주,남구,의료,남자,65-69세,3,1,0,0,0,0,0,0,2,0
광주,남구,의료,남자,70-74세,6,0,1,2,1,0,0,1,0,0
광주,남구,의료,남자,75-79세,7,1,0,2,0,1,0,0,0,0
광주,남구,의료,남자,80-84세,9,1,0,1,2,4,0,0,0,0
광주,남구,의료,남자,85세이상,14,1,0,2,7,1,0,1,0,0
광주,남구,의료,여자,65세미만,0,0,0,0,0,0,0,0,0,0
광주,남구,의료,여자,65-69세,3,1,0,1,1,0,0,0,0,0
광주,남구,의료,여자,70-74세,8,0,0,0,2,2,0,0,1,0
광주,남구,의료,여자,75-79세,9,0,0,1,3,0,1,1,1,0
광주,남구,의료,여자,80-84세,32,0,1,6,10,1,0,2,0,0
광주,남구,의료,여자,85세이상,61,5,3,12,30,2,0,0,1,1
광주,남구,감경,남자,65세미만,30,1,3,10,6,1,0,2,1,0
광주,남구,감경,남자,65-69세,43,4,0,10,24,2,0,1,0,0
광주,남구,감경,남자,70-74세,109,6,7,31,48,7,2,0,0,0
광주,남구,감경,남자,75-79세,129,7,6,35,56,14,4,0,2,0
광주,남구,감경,남자,80-84세,113,6,8,24,56,12,3,1,0,0
광주,남구,감경,남자,85세이상,131,3,13,37,63,7,3,1,0,0
광주,남구,감경,여자,65세미만,31,6,2,10,7,2,0,0,0,1
광주,남구,감경,여자,65-69세,55,5,6,8,24,2,3,1,2,0
광주,남구,감경,여자,70-74세,124,7,6,29,53,12,0,4,1,0
광주,남구,감경,여자,75-79세,226,11,9,45,101,25,7,5,1,0
광주,남구,감경,여자,80-84세,461,23,29,116,206,46,8,5,3,0
광주,남구,감경,여자,85세이상,623,27,49,199,277,44,5,1,1,0
광주,북구,일반,남자,65세미만,109,2,2,19,12,3,1,25,12,6
광주,북구,일반,남자,65-69세,198,5,9,29,39,10,2,34,20,9
광주,북구,일반,남자,70-74세,308,10,13,47,89,10,4,42,27,7
광주,북구,일반,남자,75-79세,404,3,18,79,120,29,6,48,26,16
광주,북구,일반,남자,80-84세,561,10,20,105,163,63,10,59,36,17
광주,북구,일반,남자,85세이상,463,6,13,82,166,55,4,47,20,14
광주,북구,일반,여자,65세미만,88,0,4,14,16,4,1,15,3,7
광주,북구,일반,여자,65-69세,289,5,10,22,43,8,3,68,46,9
광주,북구,일반,여자,70-74세,510,13,17,49,112,23,8,94,59,21
광주,북구,일반,여자,75-79세,939,21,30,99,245,69,20,119,93,23
광주,북구,일반,여자,80-84세,1423,43,42,207,501,112,43,156,81,16
광주,북구,일반,여자,85세이상,1269,34,77,264,498,121,17,59,34,10
광주,북구,기초,남자,65세미만,187,3,7,22,51,19,6,24,16,6
광주,북구,기초,남자,65-69세,241,5,3,20,51,24,5,32,36,16
광주,북구,기초,남자,70-74세,161,0,3,17,53,12,2,20,21,13
광주,북구,기초,남자,75-79세,124,2,0,12,50,14,2,10,12,2
광주,북구,기초,남자,80-84세,106,0,1,16,45,18,1,6,5,1
광주,북구,기초,남자,85세이상,57,1,1,10,21,6,0,2,7,0
광주,북구,기초,여자,65세미만,95,5,5,11,11,10,3,22,5,2
광주,북구,기초,여자,65-69세,183,5,2,14,39,17,2,26,30,13
광주,북구,기초,여자,70-74세,240,5,6,27,64,18,3,39,36,6
광주,북구,기초,여자,75-79세,336,8,5,50,111,27,5,27,36,9
광주,북구,기초,여자,80-84세,402,2,8,73,151,55,10,23,22,3
광주,북구,기초,여자,85세이상,462,12,29,93,191,34,3,12,13,1
광주,북구,의료,남자,65세미만,1,0,0,0,1,0,0,0,0,0
광주,북구,의료,남자,65-69세,11,0,0,0,2,1,0,2,1,0
광주,북구,의료,남자,70-74세,13,0,0,3,4,2,0,0,1,1
광주,북구,의료,남자,75-79세,17,0,1,5,7,1,0,0,2,0
광주,북구,의료,남자,80-84세,19,0,0,4,5,2,2,0,3,1
광주,북구,의료,남자,85세이상,10,0,0,2,4,3,0,0,0,0
광주,북구,의료,여자,65세미만,0,0,0,0,0,0,0,0,0,0
광주,북구,의료,여자,65-69세,8,0,0,3,1,0,0,1,1,0
광주,북구,의료,여자,70-74세,16,0,0,5,6,1,0,0,2,1
광주,북구,의료,여자,75-79세,24,0,0,4,10,1,0,3,1,0
광주,북구,의료,여자,80-84세,45,0,3,7,15,6,3,1,1,1
광주,북구,의료,여자,85세이상,100,4,4,30,36,5,0,4,2,1
광주,북구,감경,남자,65세미만,69,9,8,13,18,6,1,1,0,1
광주,북구,감경,남자,65-69세,112,10,6,25,40,11,3,3,3,0
광주,북구,감경,남자,70-74세,167,7,8,48,69,12,4,2,2,0
광주,북구,감경,남자,75-79세,218,4,18,52,97,32,7,2,2,0
광주,북구,감경,남자,80-84세,235,5,7,62,103,36,8,4,3,0
광주,북구,감경,남자,85세이상,242,8,16,47,117,32,11,0,2,0
광주,북구,감경,여자,65세미만,54,5,8,12,17,2,1,0,0,0
광주,북구,감경,여자,65-69세,111,3,9,24,39,10,7,5,3,0
광주,북구,감경,여자,70-74세,216,10,8,48,89,21,5,4,8,1
광주,북구,감경,여자,75-79세,436,14,25,89,198,66,6,6,3,1
광주,북구,감경,여자,80-84세,824,35,53,163,380,95,18,7,4,2
광주,북구,감경,여자,85세이상,1200,48,88,341,554,94,9,8,3,2
광주,광산구,일반,남자,65세미만,65,2,4,12,13,1,0,9,4,5
광주,광산구,일반,남자,65-69세,137,4,9,25,22,2,0,22,18,5
광주,광산구,일반,남자,70-74세,167,8,14,32,38,8,0,16,12,11
광주,광산구,일반,남자,75-79세,275,12,15,48,84,18,2,10,22,12
광주,광산구,일반,남자,80-84세,325,7,12,70,120,26,5,19,10,6
광주,광산구,일반,남자,85세이상,294,14,18,70,99,24,2,21,11,2
광주,광산구,일반,여자,65세미만,52,6,3,4,9,4,0,14,3,1
광주,광산구,일반,여자,65-69세,185,6,1,20,34,9,0,27,28,4
광주,광산구,일반,여자,70-74세,354,11,11,49,74,15,7,55,27,8
광주,광산구,일반,여자,75-79세,634,20,25,102,165,36,10,63,51,11
광주,광산구,일반,여자,80-84세,996,32,70,184,322,89,12,78,47,11
광주,광산구,일반,여자,85세이상,918,42,70,199,346,56,8,38,20,2
광주,광산구,기초,남자,65세미만,101,7,4,21,22,6,0,13,5,4
광주,광산구,기초,남자,65-69세,119,4,1,7,38,8,1,14,18,13
광주,광산구,기초,남자,70-74세,89,2,2,14,30,4,1,8,13,5
광주,광산구,기초,남자,75-79세,76,1,3,12,25,4,3,2,4,2
광주,광산구,기초,남자,80-84세,46,0,3,9,14,5,0,2,3,1
광주,광산구,기초,남자,85세이상,37,1,1,10,10,4,1,1,2,0
광주,광산구,기초,여자,65세미만,53,2,4,8,15,3,0,7,4,1
광주,광산구,기초,여자,65-69세,132,2,3,20,35,9,1,14,22,10
광주,광산구,기초,여자,70-74세,141,0,5,14,41,13,2,11,15,9
광주,광산구,기초,여자,75-79세,201,7,6,22,71,15,4,18,22,2
광주,광산구,기초,여자,80-84세,241,6,11,40,100,22,0,8,17,3
광주,광산구,기초,여자,85세이상,285,14,33,63,101,24,1,5,6,0
광주,광산구,의료,남자,65세미만,3,1,1,0,0,0,0,0,0,0
광주,광산구,의료,남자,65-69세,3,0,1,0,1,1,0,0,0,0
광주,광산구,의료,남자,70-74세,6,1,0,0,2,0,0,0,0,0
광주,광산구,의료,남자,75-79세,19,1,1,5,5,3,0,0,0,0
광주,광산구,의료,남자,80-84세,9,0,1,4,1,0,0,0,0,0
광주,광산구,의료,남자,85세이상,8,1,1,3,0,0,0,0,1,0
광주,광산구,의료,여자,65세미만,2,0,0,1,1,0,0,0,0,0
광주,광산구,의료,여자,65-69세,7,0,0,0,2,0,0,1,1,1
광주,광산구,의료,여자,70-74세,17,0,1,1,9,0,0,0,1,0
광주,광산구,의료,여자,75-79세,7,1,0,1,1,2,0,0,0,0
광주,광산구,의료,여자,80-84세,38,0,4,4,16,2,0,0,1,0
광주,광산구,의료,여자,85세이상,61,5,4,20,20,4,0,1,0,0
광주,광산구,감경,남자,65세미만,55,0,6,16,21,4,0,2,0,1
광주,광산구,감경,남자,65-69세,56,5,4,18,20,3,0,1,1,1
광주,광산구,감경,남자,70-74세,105,8,6,36,36,7,1,1,3,1
광주,광산구,감경,남자,75-79세,133,9,8,36,52,14,2,4,1,0
광주,광산구,감경,남자,80-84세,165,4,14,46,73,19,3,1,0,0
광주,광산구,감경,남자,85세이상,156,7,14,37,80,10,2,0,1,0
광주,광산구,감경,여자,65세미만,42,2,5,9,14,6,1,1,0,0
광주,광산구,감경,여자,65-69세,83,6,8,19,35,6,3,1,0,0
광주,광산구,감경,여자,70-74세,176,14,13,39,62,18,2,3,5,0
광주,광산구,감경,여자,75-79세,357,19,33,80,130,40,4,6,3,1
광주,광산구,감경,여자,80-84세,685,27,71,183,269,76,8,4,6,0
광주,광산구,감경,여자,85세이상,948,52,106,269,422,53,5,3,1,0
대전,동구,일반,남자,65세미만,54,4,4,6,5,1,1,14,4,7
대전,동구,일반,남자,65-69세,106,0,1,21,23,4,0,23,7,2
대전,동구,일반,남자,70-74세,144,2,7,30,28,10,1,13,14,1
대전,동구,일반,남자,75-79세,213,4,11,33,60,15,5,17,15,4
대전,동구,일반,남자,80-84세,264,6,10,55,83,30,10,8,12,13
대전,동구,일반,남자,85세이상,266,9,16,61,88,29,3,8,10,3
대전,동구,일반,여자,65세미만,54,2,2,6,9,3,1,4,8,4
대전,동구,일반,여자,65-69세,152,6,4,10,21,5,0,26,14,6
대전,동구,일반,여자,70-74세,264,11,5,23,54,24,4,35,17,13
대전,동구,일반,여자,75-79세,466,15,19,64,113,37,7,51,33,9
대전,동구,일반,여자,80-84세,763,17,34,135,240,87,21,53,31,11
대전,동구,일반,여자,85세이상,773,32,76,200,277,65,5,24,16,4
대전,동구,기초,남자,65세미만,153,8,9,23,34,6,3,19,11,9
대전,동구,기초,남자,65-69세,185,2,11,15,47,15,0,17,20,16
대전,동구,기초,남자,70-74세,136,6,6,14,44,4,3,11,6,9
대전,동구,기초,남자,75-79세,105,1,2,9,38,10,3,8,8,6
대전,동구,기초,남자,80-84세,99,2,5,10,27,8,2,4,9,3
대전,동구,기초,남자,85세이상,79,1,3,18,28,3,0,2,7,2
대전,동구,기초,여자,65세미만,73,8,5,10,16,5,0,10,6,2
대전,동구,기초,여자,65-69세,131,3,7,19,41,5,0,12,10,9
대전,동구,기초,여자,70-74세,179,4,7,23,49,11,0,14,19,6
대전,동구,기초,여자,75-79세,258,5,14,39,72,26,4,21,17,10
대전,동구,기초,여자,80-84세,301,11,21,53,111,23,4,8,10,2
대전,동구,기초,여자,85세이상,362,14,31,68,126,19,2,8,12,2
대전,동구,의료,남자,65세미만,1,0,0,0,0,0,1,0,0,0
대전,동구,의료,남자,65-69세,1,0,0,0,1,0,0,0,0,0
대전,동구,의료,남자,70-74세,4,0,0,0,0,0,1,0,0,0
대전,동구,의료,남자,75-79세,6,0,1,2,2,1,0,0,0,0
대전,동구,의료,남자,80-84세,2,0,0,1,0,0,0,0,0,0
대전,동구,의료,남자,85세이상,12,0,2,0,5,0,0,0,1,1
대전,동구,의료,여자,65세미만,3,0,0,1,0,0,0,0,1,0
대전,동구,의료,여자,65-69세,1,0,0,0,0,0,0,0,1,0
대전,동구,의료,여자,70-74세,7,0,0,3,1,1,0,0,1,0
대전,동구,의료,여자,75-79세,6,0,0,3,1,1,0,0,0,0
대전,동구,의료,여자,80-84세,13,1,2,3,2,2,0,1,0,0
대전,동구,의료,여자,85세이상,44,0,6,7,15,2,0,0,1,0
대전,동구,감경,남자,65세미만,50,3,3,15,22,2,0,0,0,0
대전,동구,감경,남자,65-69세,67,5,2,21,24,8,0,3,0,0
대전,동구,감경,남자,70-74세,103,5,8,24,43,9,2,1,0,2
대전,동구,감경,남자,75-79세,131,1,13,26,59,18,3,0,1,0
대전,동구,감경,남자,80-84세,156,2,12,41,58,29,7,0,2,1
대전,동구,감경,남자,85세이상,200,5,24,59,88,16,4,0,0,0
대전,동구,감경,여자,65세미만,31,6,1,14,6,2,0,0,0,1
대전,동구,감경,여자,65-69세,61,4,5,13,28,2,1,1,0,2
대전,동구,감경,여자,70-74세,121,6,11,26,48,14,5,0,3,1
대전,동구,감경,여자,75-79세,259,11,26,56,109,27,4,0,4,0
대전,동구,감경,여자,80-84세,581,21,50,137,251,80,13,3,2,1
대전,동구,감경,여자,85세이상,875,47,112,295,324,61,7,1,0,0
대전,중구,일반,남자,65세미만,68,5,6,12,9,1,1,10,3,1
대전,중구,일반,남자,65-69세,119,10,4,13,24,5,2,16,11,9
대전,중구,일반,남자,70-74세,190,8,6,38,57,6,3,24,5,8
대전,중구,일반,남자,75-79세,254,12,16,51,68,15,7,24,12,4
대전,중구,일반,남자,80-84세,381,14,18,77,110,42,8,24,22,9
대전,중구,일반,남자,85세이상,409,15,15,94,149,41,3,22,13,2
대전,중구,일반,여자,65세미만,66,9,3,13,8,2,2,8,2,3
대전,중구,일반,여자,65-69세,166,7,6,19,30,6,0,27,10,5
대전,중구,일반,여자,70-74세,290,7,7,36,74,14,10,30,23,4
대전,중구,일반,여자,75-79세,561,17,27,79,155,46,14,62,41,8
대전,중구,일반,여자,80-84세,910,25,51,153,313,88,17,77,42,11
대전,중구,일반,여자,85세이상,932,40,83,226,371,69,6,40,12,1
대전,중구,기초,남자,65세미만,138,5,15,29,35,8,1,20,5,4
대전,중구,기초,남자,65-69세,132,4,7,13,34,9,2,13,14,7
대전,중구,기초,남자,70-74세,83,0,4,15,30,1,0,6,8,4
대전,중구,기초,남자,75-79세,84,2,2,10,32,8,1,2,11,4
대전,중구,기초,남자,80-84세,86,4,3,16,28,11,1,4,4,2
대전,중구,기초,남자,85세이상,42,1,2,5,18,3,0,0,1,0
대전,중구,기초,여자,65세미만,63,5,11,8,11,5,2,2,6,2
대전,중구,기초,여자,65-69세,87,4,2,14,22,6,0,10,5,3
대전,중구,기초,여자,70-74세,127,1,9,21,37,9,1,14,9,0
대전,중구,기초,여자,75-79세,184,7,6,27,59,12,1,9,19,5
대전,중구,기초,여자,80-84세,222,12,11,37,72,31,1,8,8,1
대전,중구,기초,여자,85세이상,292,13,21,61,119,12,4,4,4,2
대전,중구,의료,남자,65세미만,2,0,0,0,0,1,0,0,0,0
대전,중구,의료,남자,65-69세,4,0,0,1,0,0,0,2,0,0
대전,중구,의료,남자,70-74세,6,0,2,2,0,0,0,0,1,0
대전,중구,의료,남자,75-79세,3,0,0,0,1,1,0,0,0,0
대전,중구,의료,남자,80-84세,6,0,0,1,3,0,0,0,0,0
대전,중구,의료,남자,85세이상,8,1,2,1,2,2,0,0,0,0
대전,중구,의료,여자,65세미만,0,0,0,0,0,0,0,0,0,0
대전,중구,의료,여자,65-69세,1,0,0,1,0,0,0,0,0,0
대전,중구,의료,여자,70-74세,5,0,0,0,3,0,0,0,1,0
대전,중구,의료,여자,75-79세,7,0,0,1,3,0,0,0,0,0
대전,중구,의료,여자,80-84세,18,0,0,2,5,4,0,1,0,0
대전,중구,의료,여자,85세이상,24,1,2,9,7,1,0,1,0,0
대전,중구,감경,남자,65세미만,41,4,1,13,11,1,3,2,0,0
대전,중구,감경,남자,65-69세,81,9,3,19,38,6,0,1,0,0
대전,중구,감경,남자,70-74세,108,6,9,29,46,7,1,1,0,0
대전,중구,감경,남자,75-79세,139,5,12,33,57,20,3,0,1,0
대전,중구,감경,남자,80-84세,183,3,16,47,76,26,5,1,2,0
대전,중구,감경,남자,85세이상,181,8,13,45,81,27,3,1,0,0
대전,중구,감경,여자,65세미만,45,8,7,6,17,2,0,0,0,0
대전,중구,감경,여자,65-69세,71,5,6,10,32,5,0,4,1,0
대전,중구,감경,여자,70-74세,159,7,9,43,59,15,8,4,3,0
대전,중구,감경,여자,75-79세,322,11,23,69,128,48,4,5,3,1
대전,중구,감경,여자,80-84세,534,22,40,124,249,59,12,4,2,1
대전,중구,감경,여자,85세이상,812,40,81,253,338,67,5,5,2,0
대전,서구,일반,남자,65세미만,94,3,2,19,11,6,1,21,8,5
대전,서구,일반,남자,65-69세,136,6,5,25,23,7,1,18,9,6
대전,서구,일반,남자,70-74세,237,5,12,38,67,17,2,22,8,3
대전,서구,일반,남자,75-79세,315,7,10,63,119,30,5,12,12,3
대전,서구,일반,남자,80-84세,436,13,17,78,160,63,10,18,14,9
대전,서구,일반,남자,85세이상,499,17,30,118,199,45,9,20,12,2
대전,서구,일반,여자,65세미만,80,2,5,13,20,3,0,13,3,4
대전,서구,일반,여자,65-69세,203,9,8,31,24,8,2,37,20,2
대전,서구,일반,여자,70-74세,362,12,12,46,74,39,9,48,29,5
대전,서구,일반,여자,75-79세,697,16,27,113,211,59,15,59,39,9
대전,서구,일반,여자,80-84세,1134,23,67,226,404,120,26,66,28,5
대전,서구,일반,여자,85세이상,1445,63,142,373,558,103,16,42,24,4
대전,서구,기초,남자,65세미만,146,8,2,26,41,4,2,15,9,6
대전,서구,기초,남자,65-69세,141,4,6,19,46,11,2,15,17,1
대전,서구,기초,남자,70-74세,124,1,1,15,41,12,0,11,18,4
대전,서구,기초,남자,75-79세,104,1,3,17,33,11,2,9,8,3
대전,서구,기초,남자,80-84세,88,1,0,16,32,14,3,2,3,0
대전,서구,기초,남자,85세이상,62,1,2,18,19,4,0,2,1,3
대전,서구,기초,여자,65세미만,72,3,10,12,19,2,0,11,2,3
대전,서구,기초,여자,65-69세,124,4,3,11,34,10,0,21,8,9
대전,서구,기초,여자,70-74세,149,3,11,21,47,14,1,17,8,3
대전,서구,기초,여자,75-79세,195,3,11,29,64,16,1,13,10,1
대전,서구,기초,여자,80-84세,279,3,17,43,114,28,2,11,7,1
대전,서구,기초,여자,85세이상,364,18,28,76,132,24,1,8,6,0
대전,서구,의료,남자,65세미만,1,0,0,0,0,0,0,1,0,0
대전,서구,의료,남자,65-69세,4,0,0,1,1,0,0,0,1,0
대전,서구,의료,남자,70-74세,4,0,0,0,2,0,0,0,0,1
대전,서구,의료,남자,75-79세,5,0,0,1,2,0,0,0,1,0
대전,서구,의료,남자,80-84세,3,0,0,0,1,0,0,0,0,0
대전,서구,의료,남자,85세이상,8,0,1,0,3,0,0,1,0,0
대전,서구,의료,여자,65세미만,0,0,0,0,0,0,0,0,0,0
대전,서구,의료,여자,65-69세,1,0,0,0,1,0,0,0,0,0
대전,서구,의료,여자,70-74세,8,1,0,1,0,0,0,1,0,0
대전,서구,의료,여자,75-79세,10,0,0,3,3,1,0,0,1,0
대전,서구,의료,여자,80-84세,27,0,0,5,10,3,1,2,0,0
대전,서구,의료,여자,85세이상,50,7,4,11,16,2,0,1,0,0
대전,서구,감경,남자,65세미만,43,2,3,16,14,3,0,0,0,2
대전,서구,감경,남자,65-69세,94,2,6,29,38,6,0,1,1,1
대전,서구,감경,남자,70-74세,121,6,8,31,54,12,3,0,0,0
대전,서구,감경,남자,75-79세,149,4,10,46,62,18,1,1,1,0
대전,서구,감경,남자,80-84세,175,4,11,46,80,26,4,0,0,1
대전,서구,감경,남자,85세이상,210,6,23,73,80,16,5,0,1,1
대전,서구,감경,여자,65세미만,37,1,8,12,14,2,0,0,0,0
대전,서구,감경,여자,65-69세,82,4,7,21,34,11,1,1,0,0
대전,서구,감경,여자,70-74세,143,9,11,35,60,11,3,1,0,1
대전,서구,감경,여자,75-79세,335,8,25,90,139,41,8,2,2,0
대전,서구,감경,여자,80-84세,607,23,51,168,264,69,7,3,2,0
대전,서구,감경,여자,85세이상,1047,57,128,330,418,88,5,2,1,0
대전,유성구,일반,남자,65세미만,68,6,3,16,12,0,1,10,1,3
대전,유성구,일반,남자,65-69세,110,8,8,26,20,6,1,7,4,1
대전,유성구,일반,남자,70-74세,136,12,11,27,28,10,1,5,8,3
대전,유성구,일반,남자,75-79세,188,12,9,46,46,16,4,11,3,7
대전,유성구,일반,남자,80-84세,268,18,27,59,70,27,7,10,15,5
대전,유성구,일반,남자,85세이상,317,10,22,83,108,34,5,11,4,3
대전,유성구,일반,여자,65세미만,79,4,8,15,8,5,1,14,5,2
대전,유성구,일반,여자,65-69세,147,15,4,16,25,6,2,23,15,6
대전,유성구,일반,여자,70-74세,227,13,12,32,45,12,4,22,19,4
대전,유성구,일반,여자,75-79세,412,10,28,69,109,28,6,40,21,3
대전,유성구,일반,여자,80-84세,743,32,58,152,237,84,15,29,20,6
대전,유성구,일반,여자,85세이상,1038,66,109,270,329,101,15,26,21,5
대전,유성구,기초,남자,65세미만,63,2,5,10,17,2,1,6,4,4
대전,유성구,기초,남자,65-69세,61,1,2,9,12,1,1,7,9,8
대전,유성구,기초,남자,70-74세,51,1,3,9,16,6,0,7,1,2
대전,유성구,기초,남자,75-79세,49,0,3,8,6,4,1,4,7,0
대전,유성구,기초,남자,80-84세,39,0,2,7,11,6,0,1,5,1
대전,유성구,기초,남자,85세이상,26,0,3,4,2,3,0,1,1,1
대전,유성구,기초,여자,65세미만,36,6,3,2,12,1,0,2,2,1
대전,유성구,기초,여자,65-69세,58,4,5,5,11,4,0,6,8,3
대전,유성구,기초,여자,70-74세,69,0,4,8,23,3,1,10,3,5
대전,유성구,기초,여자,75-79세,112,7,6,21,29,13,2,6,9,2
대전,유성구,기초,여자,80-84세,124,3,11,23,38,14,0,3,3,0
대전,유성구,기초,여자,85세이상,177,13,25,38,46,8,2,2,4,1
대전,유성구,의료,남자,65세미만,0,0,0,0,0,0,0,0,0,0
대전,유성구,의료,남자,65-69세,3,1,0,0,0,0,0,0,0,0
대전,유성구,의료,남자,70-74세,3,0,0,1,0,0,0,0,0,0
대전,유성구,의료,남자,75-79세,2,0,1,0,1,0,0,0,0,0
대전,유성구,의료,남자,80-84세,1,0,0,0,0,0,0,0,0,0
대전,유성구,의료,남자,85세이상,10,0,0,4,1,0,0,1,0,0
대전,유성구,의료,여자,65세미만,1,0,0,0,0,0,0,0,0,0
대전,유성구,의료,여자,65-69세,3,0,0,2,0,0,0,0,0,0
대전,유성구,의료,여자,70-74세,3,0,1,0,0,1,0,0,1,0
대전,유성구,의료,여자,75-79세,7,0,2,0,1,2,0,0,1,0
대전,유성구,의료,여자,80-84세,13,0,4,1,2,1,0,0,0,0
대전,유성구,의료,여자,85세이상,44,5,7,8,16,2,1,0,0,0
대전,유성구,감경,남자,65세미만,40,2,2,15,11,1,0,1,0,1
대전,유성구,감경,남자,65-69세,50,5,3,18,14,5,1,1,0,0
대전,유성구,감경,남자,70-74세,49,5,3,15,17,3,1,2,0,0
대전,유성구,감경,남자,75-79세,88,7,6,23,34,9,2,0,1,1
대전,유성구,감경,남자,80-84세,89,6,7,28,31,9,4,0,0,0
대전,유성구,감경,남자,85세이상,141,9,14,43,59,12,3,1,0,0
대전,유성구,감경,여자,65세미만,31,5,4,7,7,1,1,1,0,1
대전,유성구,감경,여자,65-69세,52,1,7,11,22,5,0,2,1,0
대전,유성구,감경,여자,70-74세,94,11,8,14,36,13,1,4,0,0
대전,유성구,감경,여자,75-79세,176,12,28,50,49,24,1,1,0,1
대전,유성구,감경,여자,80-84세,329,26,39,96,116,36,8,0,0,0
대전,유성구,감경,여자,85세이상,636,42,104,189,229,60,5,0,0,0
대전,대덕구,일반,남자,65세미만,53,5,0,3,6,2,3,10,4,5
대전,대덕구,일반,남자,65-69세,79,2,3,7,17,4,1,9,13,4
대전,대덕구,일반,남자,70-74세,114,2,7,26,23,9,0,10,4,2
대전,대덕구,일반,남자,75-79세,165,9,4,29,44,19,3,8,7,4
대전,대덕구,일반,남자,80-84세,181,5,12,37,64,15,4,14,7,2
대전,대덕구,일반,남자,85세이상,182,1,8,32,73,16,4,6,11,1
대전,대덕구,일반,여자,65세미만,44,1,0,6,7,0,0,12,3,3
대전,대덕구,일반,여자,65-69세,91,1,2,12,8,3,1,18,10,4
대전,대덕구,일반,여자,70-74세,182,3,4,21,31,11,4,32,23,4
대전,대덕구,일반,여자,75-79세,269,7,7,31,85,22,4,33,7,5
대전,대덕구,일반,여자,80-84세,481,12,21,82,180,46,15,22,23,2
대전,대덕구,일반,여자,85세이상,523,19,41,118,195,51,7,18,15,3
대전,대덕구,기초,남자,65세미만,74,0,1,9,23,6,3,10,3,2
대전,대덕구,기초,남자,65-69세,90,2,4,3,18,7,4,12,10,6
대전,대덕구,기초,남자,70-74세,67,1,5,7,25,6,1,2,6,1
대전,대덕구,기초,남자,75-79세,56,3,3,9,14,6,2,3,4,1
대전,대덕구,기초,남자,80-84세,44,0,3,4,13,8,1,1,4,0
대전,대덕구,기초,남자,85세이상,31,1,1,2,15,4,1,0,0,0
대전,대덕구,기초,여자,65세미만,37,2,4,4,7,2,0,5,6,5
대전,대덕구,기초,여자,65-69세,90,1,5,9,27,7,1,8,9,7
대전,대덕구,기초,여자,70-74세,116,1,3,25,28,10,2,8,13,3
대전,대덕구,기초,여자,75-79세,143,1,9,21,47,6,2,7,19,6
대전,대덕구,기초,여자,80-84세,170,2,4,29,64,21,5,9,14,1
대전,대덕구,기초,여자,85세이상,227,11,17,52,85,18,2,5,5,0
대전,대덕구,의료,남자,65세미만,0,0,0,0,0,0,0,0,0,0
대전,대덕구,의료,남자,65-69세,1,0,0,0,1,0,0,0,0,0
대전,대덕구,의료,남자,70-74세,5,1,0,1,2,0,0,1,0,0
대전,대덕구,의료,남자,75-79세,5,0,0,2,1,1,0,0,0,0
대전,대덕구,의료,남자,80-84세,2,0,0,1,0,1,0,0,0,0
대전,대덕구,의료,남자,85세이상,7,0,1,3,0,1,0,0,0,0
대전,대덕구,의료,여자,65세미만,2,0,0,0,0,0,0,2,0,0
대전,대덕구,의료,여자,65-69세,4,0,0,0,1,0,0,1,0,0
대전,대덕구,의료,여자,70-74세,3,0,1,0,0,0,1,0,0,0
대전,대덕구,의료,여자,75-79세,4,0,0,0,2,0,0,1,0,0
대전,대덕구,의료,여자,80-84세,9,1,0,0,6,1,0,0,0,0
대전,대덕구,의료,여자,85세이상,26,2,2,3,8,0,0,2,0,0
대전,대덕구,감경,남자,65세미만,35,3,3,13,11,3,0,2,0,0
대전,대덕구,감경,남자,65-69세,49,4,2,13,13,5,0,1,1,3
대전,대덕구,감경,남자,70-74세,65,4,5,18,24,9,1,2,0,0
대전,대덕구,감경,남자,75-79세,100,4,8,29,45,9,4,0,0,0
대전,대덕구,감경,남자,80-84세,110,6,15,22,50,15,1,0,0,0
대전,대덕구,감경,남자,85세이상,125,5,11,32,56,12,3,0,0,0
대전,대덕구,감경,여자,65세미만,22,0,4,4,8,0,1,1,0,0
대전,대덕구,감경,여자,65-69세,40,3,0,8,17,7,3,0,0,1
대전,대덕구,감경,여자,70-74세,83,3,9,14,33,12,3,0,2,0
대전,대덕구,감경,여자,75-79세,174,9,5,33,75,37,6,2,1,0
대전,대덕구,감경,여자,80-84세,308,9,21,72,140,43,10,2,1,0
대전,대덕구,감경,여자,85세이상,537,22,42,183,241,35,7,1,0,0
울산,중구,일반,남자,65세미만,43,3,3,7,4,1,0,6,5,0
울산,중구,일반,남자,65-69세,80,3,4,17,15,3,2,7,8,3
울산,중구,일반,남자,70-74세,141,3,4,28,28,7,3,12,5,8
울산,중구,일반,남자,75-79세,180,1,14,29,37,16,8,16,10,9
울산,중구,일반,남자,80-84세,264,9,12,49,80,21,7,14,11,8
울산,중구,일반,남자,85세이상,162,0,14,35,54,12,5,6,6,8
울산,중구,일반,여자,65세미만,48,7,2,10,12,2,1,7,2,1
울산,중구,일반,여자,65-69세,127,5,5,12,22,6,2,12,9,11
울산,중구,일반,여자,70-74세,208,7,5,24,42,20,7,29,9,7
울산,중구,일반,여자,75-79세,402,6,20,65,93,33,16,32,19,24
울산,중구,일반,여자,80-84세,558,14,28,102,168,53,14,32,30,15
울산,중구,일반,여자,85세이상,527,23,39,143,163,52,8,23,12,3
울산,중구,기초,남자,65세미만,71,4,5,8,20,5,2,7,4,5
울산,중구,기초,남자,65-69세,65,1,3,6,15,7,11,2,3,3
울산,중구,기초,남자,70-74세,56,1,1,7,17,5,0,6,3,5
울산,중구,기초,남자,75-79세,48,1,3,9,8,5,1,4,2,5
울산,중구,기초,남자,80-84세,30,1,2,3,13,3,2,0,1,1
울산,중구,기초,남자,85세이상,22,0,1,4,8,0,2,0,2,1
울산,중구,기초,여자,65세미만,23,2,2,4,6,0,1,1,0,2
울산,중구,기초,여자,65-69세,62,2,1,9,14,6,1,7,0,7
울산,중구,기초,여자,70-74세,69,0,3,10,22,4,4,6,6,3
울산,중구,기초,여자,75-79세,86,0,5,12,24,11,2,5,8,5
울산,중구,기초,여자,80-84세,121,2,9,17,42,11,3,8,3,3
울산,중구,기초,여자,85세이상,142,3,7,46,45,10,2,1,4,4
울산,중구,의료,남자,65세미만,0,0,0,0,0,0,0,0,0,0
울산,중구,의료,남자,65-69세,0,0,0,0,0,0,0,0,0,0
울산,중구,의료,남자,70-74세,1,0,0,1,0,0,0,0,0,0
울산,중구,의료,남자,75-79세,4,0,1,0,1,1,0,0,1,0
울산,중구,의료,남자,80-84세,2,0,0,0,1,0,0,0,0,0
울산,중구,의료,남자,85세이상,2,0,0,0,1,0,0,0,0,0
울산,중구,의료,여자,65세미만,0,0,0,0,0,0,0,0,0,0
울산,중구,의료,여자,65-69세,1,0,0,0,1,0,0,0,0,0
울산,중구,의료,여자,70-74세,3,0,0,0,1,0,0,0,0,0
울산,중구,의료,여자,75-79세,5,1,0,2,2,0,0,0,0,0
울산,중구,의료,여자,80-84세,8,0,0,1,1,0,0,2,0,0
울산,중구,의료,여자,85세이상,18,1,1,5,7,3,1,0,0,0
울산,중구,감경,남자,65세미만,22,2,2,11,5,0,0,0,0,0
울산,중구,감경,남자,65-69세,61,1,5,12,26,5,1,1,0,0
울산,중구,감경,남자,70-74세,71,1,3,22,29,6,5,0,1,0
울산,중구,감경,남자,75-79세,53,4,6,15,23,2,1,0,0,0
울산,중구,감경,남자,80-84세,66,2,9,15,30,8,0,0,0,0
울산,중구,감경,남자,85세이상,50,3,3,16,14,13,1,0,0,0
울산,중구,감경,여자,65세미만,20,3,3,6,4,3,0,0,0,0
울산,중구,감경,여자,65-69세,52,3,10,14,11,7,2,0,1,1
울산,중구,감경,여자,70-74세,78,4,6,22,26,8,4,1,1,0
울산,중구,감경,여자,75-79세,128,4,9,25,47,19,7,4,0,0
울산,중구,감경,여자,80-84세,234,6,16,71,86,28,14,0,1,0
울산,중구,감경,여자,85세이상,340,16,36,121,127,19,5,0,0,0
울산,남구,일반,남자,65세미만,70,2,5,15,15,0,0,5,5,4
울산,남구,일반,남자,65-69세,104,7,8,16,29,6,0,9,6,5
울산,남구,일반,남자,70-74세,180,12,14,37,55,8,1,11,6,6
울산,남구,일반,남자,75-79세,201,13,4,49,61,6,2,12,4,3
울산,남구,일반,남자,80-84세,226,11,8,55,91,8,6,9,4,6
울산,남구,일반,남자,85세이상,186,8,15,34,70,17,0,5,6,8
울산,남구,일반,여자,65세미만,65,6,11,9,7,3,1,5,5,2
울산,남구,일반,여자,65-69세,130,5,5,10,32,1,1,15,5,3
울산,남구,일반,여자,70-74세,274,8,14,33,83,8,11,21,10,3
울산,남구,일반,여자,75-79세,462,10,19,75,156,31,10,29,10,9
울산,남구,일반,여자,80-84세,676,24,34,156,256,47,7,22,12,12
울산,남구,일반,여자,85세이상,662,53,65,173,218,41,11,12,5,4
울산,남구,기초,남자,65세미만,88,4,2,13,19,5,2,5,5,5
울산,남구,기초,남자,65-69세,112,1,3,12,31,4,6,10,9,9
울산,남구,기초,남자,70-74세,65,0,0,8,28,4,2,3,5,0
울산,남구,기초,남자,75-79세,41,1,0,6,12,0,1,4,6,1
울산,남구,기초,남자,80-84세,47,0,1,8,19,5,1,0,3,0
울산,남구,기초,남자,85세이상,29,0,2,5,11,2,1,0,1,0
울산,남구,기초,여자,65세미만,42,3,3,7,12,5,1,3,3,0
울산,남구,기초,여자,65-69세,96,0,5,11,36,4,0,5,11,2
울산,남구,기초,여자,70-74세,74,1,7,11,21,3,2,7,1,4
울산,남구,기초,여자,75-79세,131,4,4,14,45,6,1,8,12,2
울산,남구,기초,여자,80-84세,159,5,5,31,67,6,2,4,3,3
울산,남구,기초,여자,85세이상,165,2,13,34,64,7,2,2,1,0
울산,남구,의료,남자,65세미만,0,0,0,0,0,0,0,0,0,0
울산,남구,의료,남자,65-69세,1,0,0,1,0,0,0,0,0,0
울산,남구,의료,남자,70-74세,1,0,0,0,0,1,0,0,0,0
울산,남구,의료,남자,75-79세,3,0,0,1,0,1,0,0,0,0
울산,남구,의료,남자,80-84세,1,0,0,0,0,1,0,0,0,0
울산,남구,의료,남자,85세이상,4,0,1,3,0,0,0,0,0,0
울산,남구,의료,여자,65세미만,0,0,0,0,0,0,0,0,0,0
울산,남구,의료,여자,65-69세,1,0,0,0,0,0,0,1,0,0
울산,남구,의료,여자,70-74세,2,0,0,1,0,0,0,0,0,0
울산,남구,의료,여자,75-79세,5,0,1,0,1,0,0,0,1,0
울산,남구,의료,여자,80-84세,16,0,0,2,8,1,0,0,0,0
울산,남구,의료,여자,85세이상,27,1,1,5,9,0,0,0,0,0
울산,남구,감경,남자,65세미만,27,4,3,5,12,0,0,0,0,0
울산,남구,감경,남자,65-69세,64,1,5,18,24,7,1,1,0,0
울산,남구,감경,남자,70-74세,75,7,7,16,30,8,2,0,0,0
울산,남구,감경,남자,75-79세,71,3,9,17,30,5,3,0,0,1
울산,남구,감경,남자,80-84세,77,5,8,24,28,7,1,0,0,0
울산,남구,감경,남자,85세이상,74,0,6,30,33,3,2,0,0,0
울산,남구,감경,여자,65세미만,28,4,4,8,5,1,0,0,0,0
울산,남구,감경,여자,65-69세,51,0,5,8,17,8,3,0,0,0
울산,남구,감경,여자,70-74세,78,3,3,15,33,8,2,1,1,0
울산,남구,감경,여자,75-79세,170,9,17,42,60,15,3,1,0,0
울산,남구,감경,여자,80-84세,302,14,31,76,128,31,4,0,1,0
울산,남구,감경,여자,85세이상,392,30,51,128,145,9,5,1,0,0
울산,동구,일반,남자,65세미만,26,0,0,4,2,0,0,4,3,1
울산,동구,일반,남자,65-69세,64,2,5,16,11,2,1,3,6,2
울산,동구,일반,남자,70-74세,104,3,7,25,32,5,2,2,2,3
울산,동구,일반,남자,75-79세,127,2,8,29,44,6,6,7,4,3
울산,동구,일반,남자,80-84세,105,4,5,16,39,5,3,9,4,5
울산,동구,일반,남자,85세이상,78,2,5,22,25,6,0,5,1,2
울산,동구,일반,여자,65세미만,36,5,3,8,4,0,0,9,1,1
울산,동구,일반,여자,65-69세,92,3,5,13,22,0,3,8,5,2
울산,동구,일반,여자,70-74세,136,5,2,15,46,5,2,9,8,9
울산,동구,일반,여자,75-79세,196,1,8,29,63,17,4,19,6,5
울산,동구,일반,여자,80-84세,274,13,7,56,91,27,1,24,7,4
울산,동구,일반,여자,85세이상,256,10,23,80,78,14,3,8,6,3
울산,동구,기초,남자,65세미만,50,2,0,4,15,8,2,0,3,1
울산,동구,기초,남자,65-69세,56,0,1,4,23,6,0,3,5,4
울산,동구,기초,남자,70-74세,50,0,1,4,17,6,0,3,7,2
울산,동구,기초,남자,75-79세,30,0,0,2,15,3,0,3,0,1
울산,동구,기초,남자,80-84세,24,0,2,6,10,3,0,0,0,0
울산,동구,기초,남자,85세이상,11,0,0,2,6,2,1,0,0,0
울산,동구,기초,여자,65세미만,21,1,0,2,8,1,0,5,0,0
울산,동구,기초,여자,65-69세,52,2,2,4,21,3,1,4,2,6
울산,동구,기초,여자,70-74세,64,0,2,10,22,6,2,10,5,2
울산,동구,기초,여자,75-79세,59,1,5,6,22,3,1,7,3,3
울산,동구,기초,여자,80-84세,76,2,0,14,36,7,2,1,2,1
울산,동구,기초,여자,85세이상,88,4,12,20,30,5,1,0,2,1
울산,동구,의료,남자,65세미만,0,0,0,0,0,0,0,0,0,0
울산,동구,의료,남자,65-69세,0,0,0,0,0,0,0,0,0,0
울산,동구,의료,남자,70-74세,2,0,0,0,0,1,0,0,1,0
울산,동구,의료,남자,75-79세,2,0,0,1,1,0,0,0,0,0
울산,동구,의료,남자,80-84세,0,0,0,0,0,0,0,0,0,0
울산,동구,의료,남자,85세이상,1,0,0,0,1,0,0,0,0,0
울산,동구,의료,여자,65세미만,0,0,0,0,0,0,0,0,0,0
울산,동구,의료,여자,65-69세,2,0,0,1,0,0,0,0,0,0
울산,동구,의료,여자,70-74세,0,0,0,0,0,0,0,0,0,0
울산,동구,의료,여자,75-79세,5,0,0,0,2,0,0,1,0,0
울산,동구,의료,여자,80-84세,3,0,0,0,1,0,0,0,0,0
울산,동구,의료,여자,85세이상,5,1,1,1,1,0,0,1,0,0
울산,동구,감경,남자,65세미만,14,2,1,4,4,1,0,0,0,0
울산,동구,감경,남자,65-69세,45,2,1,19,14,6,1,0,0,0
울산,동구,감경,남자,70-74세,40,2,4,12,16,5,0,0,0,0
울산,동구,감경,남자,75-79세,46,2,3,12,20,1,2,0,0,2
울산,동구,감경,남자,80-84세,43,2,3,16,16,4,1,0,0,0
울산,동구,감경,남자,85세이상,23,0,4,7,9,2,1,0,0,0
울산,동구,감경,여자,65세미만,16,3,1,6,4,0,0,0,0,0
울산,동구,감경,여자,65-69세,24,1,2,10,9,1,0,0,0,0
울산,동구,감경,여자,70-74세,49,2,8,13,20,5,0,0,0,0
울산,동구,감경,여자,75-79세,86,1,5,26,33,9,3,0,0,0
울산,동구,감경,여자,80-84세,118,7,13,37,38,13,3,2,0,0
울산,동구,감경,여자,85세이상,186,11,24,52,77,15,1,0,0,0
울산,북구,일반,남자,65세미만,32,2,2,4,9,2,0,7,0,0
울산,북구,일반,남자,65-69세,70,3,3,10,21,3,3,3,1,2
울산,북구,일반,남자,70-74세,89,4,7,21,18,4,1,4,6,5
울산,북구,일반,남자,75-79세,100,4,5,24,23,10,1,5,2,3
울산,북구,일반,남자,80-84세,119,3,12,26,32,12,3,4,2,3
울산,북구,일반,남자,85세이상,107,3,8,28,32,9,1,6,3,2
울산,북구,일반,여자,65세미만,28,5,3,7,1,1,1,2,3,0
울산,북구,일반,여자,65-69세,69,3,3,10,13,2,1,15,5,0
울산,북구,일반,여자,70-74세,127,4,5,18,30,9,6,9,5,4
울산,북구,일반,여자,75-79세,251,10,19,45,64,17,8,24,5,7
울산,북구,일반,여자,80-84세,395,11,22,80,116,35,12,24,10,8
울산,북구,일반,여자,85세이상,438,19,36,126,136,25,3,17,11,3
울산,북구,기초,남자,65세미만,26,3,2,2,7,0,2,1,2,0
울산,북구,기초,남자,65-69세,41,2,0,5,12,1,3,4,2,5
울산,북구,기초,남자,70-74세,22,0,0,7,6,1,0,2,2,2
울산,북구,기초,남자,75-79세,18,0,2,4,4,1,0,2,2,0
울산,북구,기초,남자,80-84세,24,0,2,2,9,2,2,0,0,0
울산,북구,기초,남자,85세이상,11,0,1,2,3,1,0,0,0,1
울산,북구,기초,여자,65세미만,22,2,0,3,5,2,1,2,0,0
울산,북구,기초,여자,65-69세,41,1,2,10,13,1,1,2,2,4
울산,북구,기초,여자,70-74세,42,3,1,6,13,4,0,3,3,3
울산,북구,기초,여자,75-79세,50,3,0,11,9,5,4,6,4,2
울산,북구,기초,여자,80-84세,71,2,6,15,20,6,4,2,0,1
울산,북구,기초,여자,85세이상,81,4,8,32,22,5,1,1,1,1
울산,북구,의료,남자,65세미만,1,0,0,0,0,0,0,0,1,0
울산,북구,의료,남자,65-69세,0,0,0,0,0,0,0,0,0,0
울산,북구,의료,남자,70-74세,3,0,0,0,2,0,1,0,0,0
울산,북구,의료,남자,75-79세,2,0,0,0,0,0,0,1,0,0
울산,북구,의료,남자,80-84세,1,0,0,0,0,0,0,0,0,0
울산,북구,의료,남자,85세이상,1,0,0,0,0,1,0,0,0,0
울산,북구,의료,여자,65세미만,0,0,0,0,0,0,0,0,0,0
울산,북구,의료,여자,65-69세,2,0,0,0,1,0,0,0,0,0
울산,북구,의료,여자,70-74세,3,0,0,0,2,1,0,0,0,0
울산,북구,의료,여자,75-79세,1,0,0,0,0,0,0,0,0,0
울산,북구,의료,여자,80-84세,7,0,1,4,1,0,1,0,0,0
울산,북구,의료,여자,85세이상,7,1,2,0,2,0,0,0,0,0
울산,북구,감경,남자,65세미만,31,5,6,8,6,2,1,0,0,0
울산,북구,감경,남자,65-69세,33,2,4,10,13,1,1,1,0,0
울산,북구,감경,남자,70-74세,45,3,4,17,12,3,1,2,0,0
울산,북구,감경,남자,75-79세,46,3,3,15,18,5,1,0,0,0
울산,북구,감경,남자,80-84세,34,3,3,12,8,5,2,0,0,0
울산,북구,감경,남자,85세이상,47,2,7,16,16,3,2,0,0,0
울산,북구,감경,여자,65세미만,18,2,4,5,6,0,1,0,0,0
울산,북구,감경,여자,65-69세,40,2,2,11,14,3,0,1,1,0
울산,북구,감경,여자,70-74세,42,3,2,14,11,5,5,0,0,0
울산,북구,감경,여자,75-79세,82,4,11,14,37,5,3,0,0,0
울산,북구,감경,여자,80-84세,157,9,11,45,63,15,3,2,0,0
울산,북구,감경,여자,85세이상,230,11,27,79,83,16,5,0,0,0
울산,울주군,일반,남자,65세미만,49,3,7,10,8,2,0,4,2,0
울산,울주군,일반,남자,65-69세,84,5,3,11,22,1,1,12,1,2
울산,울주군,일반,남자,70-74세,143,11,12,25,41,5,0,7,9,0
울산,울주군,일반,남자,75-79세,195,6,12,35,51,11,2,14,13,1
울산,울주군,일반,남자,80-84세,229,4,13,45,76,20,0,16,8,2
울산,울주군,일반,남자,85세이상,242,12,23,50,99,10,1,16,6,1
울산,울주군,일반,여자,65세미만,52,2,8,8,10,3,0,7,0,0
울산,울주군,일반,여자,65-69세,130,6,6,21,26,6,2,12,7,2
울산,울주군,일반,여자,70-74세,243,8,15,24,65,10,5,24,9,5
울산,울주군,일반,여자,75-79세,514,21,27,103,149,34,4,37,18,8
울산,울주군,일반,여자,80-84세,708,34,32,126,272,54,6,35,18,3
울산,울주군,일반,여자,85세이상,867,35,104,235,311,38,2,24,9,3
울산,울주군,기초,남자,65세미만,54,5,3,14,13,2,0,3,3,1
울산,울주군,기초,남자,65-69세,77,4,2,13,22,3,1,10,6,3
울산,울주군,기초,남자,70-74세,63,3,8,12,18,2,2,3,3,1
울산,울주군,기초,남자,75-79세,47,0,2,7,17,5,2,1,4,1
울산,울주군,기초,남자,80-84세,51,1,5,6,24,5,0,3,0,1
울산,울주군,기초,남자,85세이상,22,0,1,5,8,0,0,1,2,0
울산,울주군,기초,여자,65세미만,45,2,7,6,16,2,0,3,2,0
울산,울주군,기초,여자,65-69세,61,5,4,11,16,3,0,2,5,5
울산,울주군,기초,여자,70-74세,62,1,3,11,18,1,1,5,6,0
울산,울주군,기초,여자,75-79세,118,2,5,20,41,8,1,9,6,1
울산,울주군,기초,여자,80-84세,120,7,17,19,44,5,2,3,1,1
울산,울주군,기초,여자,85세이상,175,13,22,46,63,6,2,3,0,0
울산,울주군,의료,남자,65세미만,0,0,0,0,0,0,0,0,0,0
울산,울주군,의료,남자,65-69세,1,0,0,0,0,0,0,1,0,0
울산,울주군,의료,남자,70-74세,2,0,0,1,0,0,0,0,0,0
울산,울주군,의료,남자,75-79세,6,0,2,2,2,0,0,0,0,0
울산,울주군,의료,남자,80-84세,2,0,0,0,1,0,0,0,0,0
울산,울주군,의료,남자,85세이상,3,0,0,1,1,0,0,0,0,0
울산,울주군,의료,여자,65세미만,0,0,0,0,0,0,0,0,0,0
울산,울주군,의료,여자,65-69세,0,0,0,0,0,0,0,0,0,0
울산,울주군,의료,여자,70-74세,5,0,0,0,1,0,0,2,0,0
울산,울주군,의료,여자,75-79세,6,0,2,1,2,0,0,0,0,0
울산,울주군,의료,여자,80-84세,13,3,0,1,1,0,0,0,2,0
울산,울주군,의료,여자,85세이상,32,1,4,9,13,1,0,0,1,0
울산,울주군,감경,남자,65세미만,33,5,4,13,6,1,0,0,0,0
울산,울주군,감경,남자,65-69세,42,7,2,10,15,1,0,0,0,0
울산,울주군,감경,남자,70-74세,67,3,5,13,33,6,1,1,0,0
울산,울주군,감경,남자,75-79세,114,7,8,27,58,7,0,0,0,1
울산,울주군,감경,남자,80-84세,87,5,9,28,34,5,3,0,0,0
울산,울주군,감경,남자,85세이상,101,2,16,25,44,7,1,0,1,0
울산,울주군,감경,여자,65세미만,31,4,1,8,10,2,0,0,0,0
울산,울주군,감경,여자,65-69세,64,12,7,16,16,8,1,1,0,0
울산,울주군,감경,여자,70-74세,95,5,5,23,40,11,3,1,0,0
울산,울주군,감경,여자,75-79세,212,7,26,47,98,16,2,0,1,0
울산,울주군,감경,여자,80-84세,356,19,42,94,145,35,2,0,1,0
울산,울주군,감경,여자,85세이상,539,24,89,184,199,19,4,0,0,0
세종,세종시,일반,남자,65세미만,37,0,2,7,12,2,0,3,4,0
세종,세종시,일반,남자,65-69세,101,4,1,18,25,8,0,12,6,2
세종,세종시,일반,남자,70-74세,150,5,9,19,58,9,5,15,9,1
세종,세종시,일반,남자,75-79세,193,7,11,27,64,33,2,11,7,1
세종,세종시,일반,남자,80-84세,278,3,13,51,87,36,9,8,19,3
세종,세종시,일반,남자,85세이상,290,3,23,53,115,39,5,10,13,3
세종,세종시,일반,여자,65세미만,30,4,1,5,10,0,0,0,1,0
세종,세종시,일반,여자,65-69세,104,1,6,17,20,15,1,11,4,0
세종,세종시,일반,여자,70-74세,202,6,10,16,59,19,9,17,8,5
세종,세종시,일반,여자,75-79세,394,5,15,58,108,51,10,31,30,7
세종,세종시,일반,여자,80-84세,600,12,35,92,201,82,17,30,28,3
세종,세종시,일반,여자,85세이상,841,29,64,216,317,87,15,22,15,1
세종,세종시,기초,남자,65세미만,37,2,3,3,9,6,0,3,2,1
세종,세종시,기초,남자,65-69세,31,0,3,6,5,2,0,6,3,1
세종,세종시,기초,남자,70-74세,35,1,3,3,6,4,0,2,5,2
세종,세종시,기초,남자,75-79세,21,0,0,3,7,2,0,0,3,0
세종,세종시,기초,남자,80-84세,32,0,1,8,13,0,1,2,3,0
세종,세종시,기초,남자,85세이상,29,0,0,8,13,2,1,0,1,1
세종,세종시,기초,여자,65세미만,18,0,1,2,8,1,1,0,1,0
세종,세종시,기초,여자,65-69세,49,1,1,6,18,1,3,4,5,1
세종,세종시,기초,여자,70-74세,45,2,3,5,9,2,2,1,6,1
세종,세종시,기초,여자,75-79세,66,1,0,13,27,5,1,3,6,2
세종,세종시,기초,여자,80-84세,109,6,8,25,29,13,2,7,4,0
세종,세종시,기초,여자,85세이상,128,6,12,31,44,6,1,2,2,1
세종,세종시,의료,남자,65세미만,1,0,0,0,0,0,0,0,0,0
세종,세종시,의료,남자,65-69세,0,0,0,0,0,0,0,0,0,0
세종,세종시,의료,남자,70-74세,2,0,0,0,2,0,0,0,0,0
세종,세종시,의료,남자,75-79세,4,0,1,0,1,0,0,1,0,0
세종,세종시,의료,남자,80-84세,1,0,0,1,0,0,0,0,0,0
세종,세종시,의료,남자,85세이상,8,1,1,0,2,2,0,0,0,0
세종,세종시,의료,여자,65세미만,0,0,0,0,0,0,0,0,0,0
세종,세종시,의료,여자,65-69세,0,0,0,0,0,0,0,0,0,0
세종,세종시,의료,여자,70-74세,2,0,0,1,0,0,0,0,0,0
세종,세종시,의료,여자,75-79세,7,0,0,3,1,1,0,0,1,0
세종,세종시,의료,여자,80-84세,12,1,0,1,4,1,0,0,3,0
세종,세종시,의료,여자,85세이상,27,1,3,7,10,5,0,0,0,0
세종,세종시,감경,남자,65세미만,27,0,3,10,7,1,0,0,0,0
세종,세종시,감경,남자,65-69세,34,0,2,7,16,5,1,0,0,0
세종,세종시,감경,남자,70-74세,52,1,2,15,20,9,1,0,0,0
세종,세종시,감경,남자,75-79세,47,2,3,13,20,7,1,0,0,0
세종,세종시,감경,남자,80-84세,83,2,6,21,35,15,3,1,0,0
세종,세종시,감경,남자,85세이상,104,2,4,22,54,17,2,1,1,0
세종,세종시,감경,여자,65세미만,12,3,0,1,4,1,1,0,1,0
세종,세종시,감경,여자,65-69세,37,1,4,10,12,4,2,1,1,0
세종,세종시,감경,여자,70-74세,68,2,9,12,35,4,1,1,1,0
세종,세종시,감경,여자,75-79세,134,4,11,33,52,17,5,1,0,1
세종,세종시,감경,여자,80-84세,277,8,23,67,114,47,7,0,1,0
세종,세종시,감경,여자,85세이상,517,11,54,137,232,63,5,1,0,0
경기,수원시,일반,남자,65세미만,220,16,15,38,35,6,1,30,9,9
경기,수원시,일반,남자,65-69세,396,28,25,80,77,9,5,33,14,9
경기,수원시,일반,남자,70-74세,528,26,33,116,142,16,7,39,17,8
경기,수원시,일반,남자,75-79세,728,37,40,156,205,55,10,38,25,10
경기,수원시,일반,남자,80-84세,989,40,55,234,276,105,34,50,20,6
경기,수원시,일반,남자,85세이상,1018,34,54,286,381,69,15,34,18,13
경기,수원시,일반,여자,65세미만,215,27,13,42,37,10,2,24,10,8
경기,수원시,일반,여자,65-69세,469,22,25,82,62,17,5,59,22,8
경기,수원시,일반,여자,70-74세,892,44,50,164,199,47,19,72,42,14
경기,수원시,일반,여자,75-79세,1593,73,98,307,405,102,49,129,52,21
경기,수원시,일반,여자,80-84세,2548,152,183,605,732,183,51,147,63,20
경기,수원시,일반,여자,85세이상,3036,188,340,971,967,157,33,80,21,13
경기,수원시,기초,남자,65세미만,210,18,8,41,45,11,8,25,7,10
경기,수원시,기초,남자,65-69세,253,8,13,41,64,14,8,19,23,14
경기,수원시,기초,남자,70-74세,200,7,14,21,59,13,8,11,18,6
경기,수원시,기초,남자,75-79세,184,7,10,34,60,6,1,9,10,7
경기,수원시,기초,남자,80-84세,187,9,9,38,76,10,2,6,7,2
경기,수원시,기초,남자,85세이상,82,4,4,16,26,3,0,3,2,2
경기,수원시,기초,여자,65세미만,101,12,5,21,18,5,1,15,2,9
경기,수원시,기초,여자,65-69세,229,11,12,41,48,12,0,25,12,10
경기,수원시,기초,여자,70-74세,260,13,8,39,74,7,2,18,27,11
경기,수원시,기초,여자,75-79세,385,18,25,67,123,27,4,18,11,7
경기,수원시,기초,여자,80-84세,471,23,45,120,143,29,5,17,13,6
경기,수원시,기초,여자,85세이상,635,45,69,189,195,34,2,10,5,3
경기,수원시,의료,남자,65세미만,0,0,0,0,0,0,0,0,0,0
경기,수원시,의료,남자,65-69세,3,0,0,0,0,0,0,1,1,0
경기,수원시,의료,남자,70-74세,14,0,0,3,5,2,0,1,1,1
경기,수원시,의료,남자,75-79세,31,1,4,7,13,1,0,0,2,0
경기,수원시,의료,남자,80-84세,19,0,1,4,4,3,0,1,1,0
경기,수원시,의료,남자,85세이상,44,0,3,11,16,2,0,1,1,0
경기,수원시,의료,여자,65세미만,2,0,0,0,0,0,1,0,0,0
경기,수원시,의료,여자,65-69세,2,0,0,0,0,0,0,0,0,1
경기,수원시,의료,여자,70-74세,20,0,2,4,7,0,0,0,1,2
경기,수원시,의료,여자,75-79세,25,0,1,4,7,1,1,3,2,0
경기,수원시,의료,여자,80-84세,77,7,5,14,22,7,0,3,1,1
경기,수원시,의료,여자,85세이상,176,7,15,61,57,8,0,4,0,0
경기,수원시,감경,남자,65세미만,161,13,18,64,44,5,0,1,0,0
경기,수원시,감경,남자,65-69세,223,15,17,90,73,9,1,1,0,0
경기,수원시,감경,남자,70-74세,273,8,26,105,93,21,7,2,0,1
경기,수원시,감경,남자,75-79세,312,22,28,96,108,27,8,2,2,1
경기,수원시,감경,남자,80-84세,390,24,29,118,165,33,9,1,0,1
경기,수원시,감경,남자,85세이상,452,18,28,150,209,36,6,0,0,0
경기,수원시,감경,여자,65세미만,119,28,10,36,21,11,1,1,1,2
경기,수원시,감경,여자,65-69세,185,22,17,58,50,17,5,2,2,0
경기,수원시,감경,여자,70-74세,351,27,29,104,116,37,8,3,1,0
경기,수원시,감경,여자,75-79세,712,47,74,201,259,60,26,4,3,2
경기,수원시,감경,여자,80-84세,1259,85,129,406,481,89,21,3,5,0
경기,수원시,감경,여자,85세이상,2092,160,289,725,762,108,18,4,1,0
경기,성남시,일반,남자,65세미만,219,25,9,39,36,4,3,26,7,6
경기,성남시,일반,남자,65-69세,347,27,25,82,61,10,2,30,14,14
경기,성남시,일반,남자,70-74세,426,31,35,94,118,14,2,26,9,4
경기,성남시,일반,남자,75-79세,644,46,42,148,183,27,12,38,18,10
경기,성남시,일반,남자,80-84세,935,55,82,214,278,69,17,31,20,12
경기,성남시,일반,남자,85세이상,1154,69,100,320,365,74,16,35,19,10
경기,성남시,일반,여자,65세미만,154,17,7,26,21,4,1,22,7,7
경기,성남시,일반,여자,65-69세,366,22,22,60,59,9,3,33,17,11
경기,성남시,일반,여자,70-74세,700,45,42,110,166,44,17,49,35,11
경기,성남시,일반,여자,75-79세,1290,86,86,231,355,82,19,80,51,23
경기,성남시,일반,여자,80-84세,2058,135,182,482,652,141,29,84,38,16
경기,성남시,일반,여자,85세이상,3073,274,399,893,923,150,31,80,31,14
경기,성남시,기초,남자,65세미만,217,12,10,36,49,5,8,28,19,11
경기,성남시,기초,남자,65-69세,263,6,14,39,84,12,2,34,18,8
경기,성남시,기초,남자,70-74세,194,3,12,30,53,18,3,14,16,7
경기,성남시,기초,남자,75-79세,178,5,16,37,50,16,2,6,10,9
경기,성남시,기초,남자,80-84세,148,2,7,28,70,7,0,5,2,1
경기,성남시,기초,남자,85세이상,86,4,5,17,28,3,2,1,4,1
경기,성남시,기초,여자,65세미만,113,12,8,19,22,4,2,18,4,5
경기,성남시,기초,여자,65-69세,205,9,6,27,59,7,2,27,17,11
경기,성남시,기초,여자,70-74세,231,9,17,39,72,16,1,16,7,5
경기,성남시,기초,여자,75-79세,335,9,20,64,112,19,3,19,19,9
경기,성남시,기초,여자,80-84세,484,16,35,115,180,28,2,21,12,4
경기,성남시,기초,여자,85세이상,559,46,55,157,184,25,2,8,6,0
경기,성남시,의료,남자,65세미만,1,0,0,0,0,0,0,0,0,0
경기,성남시,의료,남자,65-69세,0,0,0,0,0,0,0,0,0,0
경기,성남시,의료,남자,70-74세,4,0,0,0,1,0,0,1,0,0
경기,성남시,의료,남자,75-79세,5,0,0,0,0,1,1,0,0,1
경기,성남시,의료,남자,80-84세,6,0,1,0,2,0,0,1,1,0
경기,성남시,의료,남자,85세이상,15,0,1,1,6,1,0,2,0,0
경기,성남시,의료,여자,65세미만,2,0,0,1,0,0,0,0,0,0
경기,성남시,의료,여자,65-69세,3,1,0,1,0,0,0,1,0,0
경기,성남시,의료,여자,70-74세,6,0,1,2,1,0,0,0,0,0
경기,성남시,의료,여자,75-79세,11,0,2,2,5,0,0,0,0,0
경기,성남시,의료,여자,80-84세,29,1,2,8,7,1,0,3,0,0
경기,성남시,의료,여자,85세이상,56,7,6,20,16,3,0,1,0,0
경기,성남시,감경,남자,65세미만,96,13,4,32,28,7,2,1,0,0
경기,성남시,감경,남자,65-69세,151,8,16,57,49,10,0,2,2,0
경기,성남시,감경,남자,70-74세,205,9,28,61,72,10,7,2,1,1
경기,성남시,감경,남자,75-79세,231,10,31,67,94,17,3,0,1,1
경기,성남시,감경,남자,80-84세,273,12,27,90,103,27,5,0,1,0
경기,성남시,감경,남자,85세이상,248,11,28,80,102,19,1,0,0,0
경기,성남시,감경,여자,65세미만,74,21,8,19,14,4,1,0,0,0
경기,성남시,감경,여자,65-69세,105,14,11,27,37,4,1,1,0,2
경기,성남시,감경,여자,70-74세,270,29,20,80,91,19,6,5,1,0
경기,성남시,감경,여자,75-79세,450,23,41,137,177,43,4,2,2,0
경기,성남시,감경,여자,80-84세,798,50,85,242,325,61,8,3,1,1
경기,성남시,감경,여자,85세이상,1335,109,231,457,459,46,5,2,0,0
경기,의정부시,일반,남자,65세미만,136,9,7,14,18,4,1,22,7,11
경기,의정부시,일반,남자,65-69세,202,9,7,35,51,7,2,21,8,8
경기,의정부시,일반,남자,70-74세,244,15,16,42,55,17,2,25,12,9
경기,의정부시,일반,남자,75-79세,383,10,16,72,100,51,10,28,10,12
경기,의정부시,일반,남자,80-84세,506,14,26,97,156,69,17,27,17,15
경기,의정부시,일반,남자,85세이상,483,8,25,96,169,68,15,30,25,5
경기,의정부시,일반,여자,65세미만,107,9,4,19,20,5,2,11,4,4
경기,의정부시,일반,여자,65-69세,228,9,3,24,29,8,4,36,21,11
경기,의정부시,일반,여자,70-74세,407,14,15,59,75,29,10,47,26,9
경기,의정부시,일반,여자,75-79세,758,12,36,118,183,101,26,67,43,29
경기,의정부시,일반,여자,80-84세,1153,43,52,222,369,155,44,80,40,25
경기,의정부시,일반,여자,85세이상,1322,50,117,333,459,152,23,37,21,12
경기,의정부시,기초,남자,65세미만,243,14,20,41,71,16,9,22,7,6
경기,의정부시,기초,남자,65-69세,225,7,14,38,63,26,9,14,15,14
경기,의정부시,기초,남자,70-74세,158,3,11,20,58,14,4,7,7,12
경기,의정부시,기초,남자,75-79세,143,5,10,15,44,20,6,3,10,5
경기,의정부시,기초,남자,80-84세,115,5,6,24,34,22,6,2,2,5
경기,의정부시,기초,남자,85세이상,92,4,5,21,31,13,5,1,1,3
경기,의정부시,기초,여자,65세미만,103,12,7,26,20,12,2,7,4,1
경기,의정부시,기초,여자,65-69세,158,18,8,18,42,11,4,11,11,13
경기,의정부시,기초,여자,70-74세,174,9,10,17,48,20,5,17,17,6
경기,의정부시,기초,여자,75-79세,308,14,8,51,118,40,9,11,10,6
경기,의정부시,기초,여자,80-84세,462,22,29,91,179,63,9,10,10,9
경기,의정부시,기초,여자,85세이상,567,33,51,161,194,56,7,11,5,1
경기,의정부시,의료,남자,65세미만,1,0,0,0,1,0,0,0,0,0
경기,의정부시,의료,남자,65-69세,5,1,1,1,1,0,0,0,0,0
경기,의정부시,의료,남자,70-74세,4,0,0,2,1,0,0,0,1,0
경기,의정부시,의료,남자,75-79세,6,0,1,1,1,1,0,0,0,1
경기,의정부시,의료,남자,80-84세,7,0,1,0,4,1,0,0,0,0
경기,의정부시,의료,남자,85세이상,20,0,1,2,4,1,3,2,0,2
경기,의정부시,의료,여자,65세미만,1,0,0,0,0,0,0,1,0,0
경기,의정부시,의료,여자,65-69세,4,0,0,1,0,1,0,1,0,0
경기,의정부시,의료,여자,70-74세,8,0,0,4,2,0,0,0,0,1
경기,의정부시,의료,여자,75-79세,16,0,0,4,6,1,0,0,1,0
경기,의정부시,의료,여자,80-84세,21,1,1,3,9,3,1,0,1,0
경기,의정부시,의료,여자,85세이상,59,2,4,20,20,4,0,2,0,1
경기,의정부시,감경,남자,65세미만,114,10,11,30,35,6,6,4,1,1
경기,의정부시,감경,남자,65-69세,153,7,13,42,62,11,2,3,1,0
경기,의정부시,감경,남자,70-74세,182,9,9,57,64,24,5,2,0,2
경기,의정부시,감경,남자,75-79세,249,6,11,62,110,34,11,1,1,2
경기,의정부시,감경,남자,80-84세,359,10,21,92,137,70,14,1,1,1
경기,의정부시,감경,남자,85세이상,341,6,24,84,161,49,8,0,0,2
경기,의정부시,감경,여자,65세미만,65,8,3,21,17,3,2,0,3,1
경기,의정부시,감경,여자,65-69세,126,10,9,29,51,8,5,6,0,0
경기,의정부시,감경,여자,70-74세,242,9,17,61,85,39,12,3,3,2
경기,의정부시,감경,여자,75-79세,550,26,41,128,202,89,23,10,3,0
경기,의정부시,감경,여자,80-84세,919,45,60,244,380,126,30,4,5,3
경기,의정부시,감경,여자,85세이상,1445,74,158,481,566,123,15,6,2,0
경기,안양시,일반,남자,65세미만,143,5,7,21,20,3,0,14,14,13
경기,안양시,일반,남자,65-69세,217,6,8,50,51,3,7,22,18,4
경기,안양시,일반,남자,70-74세,248,8,14,56,59,14,4,28,10,5
경기,안양시,일반,남자,75-79세,386,10,18,80,114,29,15,26,8,12
경기,안양시,일반,남자,80-84세,501,16,31,98,140,60,12,38,15,7
경기,안양시,일반,남자,85세이상,570,10,34,130,207,52,12,22,18,12
경기,안양시,일반,여자,65세미만,103,5,7,12,24,4,3,14,5,7
경기,안양시,일반,여자,65-69세,233,8,8,39,45,7,7,24,9,10
경기,안양시,일반,여자,70-74세,417,7,12,54,74,32,12,40,17,11
경기,안양시,일반,여자,75-79세,830,21,28,115,242,77,30,80,42,20
경기,안양시,일반,여자,80-84세,1331,37,77,243,435,116,37,92,45,17
경기,안양시,일반,여자,85세이상,1764,63,133,504,633,145,25,71,26,10
경기,안양시,기초,남자,65세미만,109,7,4,16,21,9,5,10,7,9
경기,안양시,기초,남자,65-69세,105,3,4,8,33,6,2,16,6,8
경기,안양시,기초,남자,70-74세,74,2,3,12,21,7,3,5,3,2
경기,안양시,기초,남자,75-79세,62,2,1,18,21,5,1,0,2,2
경기,안양시,기초,남자,80-84세,46,1,2,6,20,6,0,1,1,1
경기,안양시,기초,남자,85세이상,41,1,2,9,12,2,0,2,1,1
경기,안양시,기초,여자,65세미만,57,1,5,14,10,3,3,9,1,2
경기,안양시,기초,여자,65-69세,66,2,2,9,15,5,1,7,3,4
경기,안양시,기초,여자,70-74세,94,6,6,16,22,7,2,10,4,3
경기,안양시,기초,여자,75-79세,136,3,10,21,42,9,4,6,5,6
경기,안양시,기초,여자,80-84세,199,4,13,41,71,13,6,9,5,3
경기,안양시,기초,여자,85세이상,303,5,27,87,110,13,3,4,7,3
경기,안양시,의료,남자,65세미만,1,0,0,0,0,0,0,0,0,0
경기,안양시,의료,남자,65-69세,2,1,1,0,0,0,0,0,0,0
경기,안양시,의료,남자,70-74세,2,0,0,0,1,0,0,0,0,0
경기,안양시,의료,남자,75-79세,7,0,0,0,4,1,1,0,0,0
경기,안양시,의료,남자,80-84세,0,0,0,0,0,0,0,0,0,0
경기,안양시,의료,남자,85세이상,8,0,1,3,2,0,0,1,0,0
경기,안양시,의료,여자,65세미만,0,0,0,0,0,0,0,0,0,0
경기,안양시,의료,여자,65-69세,1,0,0,0,0,0,0,0,0,0
경기,안양시,의료,여자,70-74세,3,0,0,0,2,0,0,0,1,0
경기,안양시,의료,여자,75-79세,4,0,1,1,1,0,0,0,0,0
경기,안양시,의료,여자,80-84세,14,0,1,4,5,2,0,0,0,0
경기,안양시,의료,여자,85세이상,40,1,4,5,13,3,0,3,1,0
경기,안양시,감경,남자,65세미만,57,5,5,17,19,2,2,1,1,0
경기,안양시,감경,남자,65-69세,102,6,7,30,39,9,1,2,1,0
경기,안양시,감경,남자,70-74세,125,7,10,42,47,9,4,1,2,1
경기,안양시,감경,남자,75-79세,156,6,10,41,58,24,6,1,1,0
경기,안양시,감경,남자,80-84세,166,4,15,31,81,25,6,0,1,0
경기,안양시,감경,남자,85세이상,193,8,10,56,92,19,2,0,1,1
경기,안양시,감경,여자,65세미만,52,8,7,16,15,3,0,1,1,0
경기,안양시,감경,여자,65-69세,81,4,5,20,31,10,2,1,0,0
경기,안양시,감경,여자,70-74세,138,5,13,33,60,13,2,3,2,0
경기,안양시,감경,여자,75-79세,286,17,13,69,109,37,15,7,0,1
경기,안양시,감경,여자,80-84세,541,18,44,140,245,63,21,1,1,0
경기,안양시,감경,여자,85세이상,1061,48,115,328,427,102,18,3,1,0
경기,부천시,일반,남자,65세미만,210,5,9,31,24,11,0,33,11,8
경기,부천시,일반,남자,65-69세,354,16,17,61,85,9,4,52,17,12
경기,부천시,일반,남자,70-74세,419,18,19,65,112,23,7,48,15,17
경기,부천시,일반,남자,75-79세,562,20,25,91,171,40,16,49,26,13
경기,부천시,일반,남자,80-84세,750,22,39,123,271,64,9,54,27,12
경기,부천시,일반,남자,85세이상,658,12,32,148,228,51,13,43,20,5
경기,부천시,일반,여자,65세미만,200,18,10,28,36,9,1,33,15,6
경기,부천시,일반,여자,65-69세,385,10,21,50,66,13,7,72,15,14
경기,부천시,일반,여자,70-74세,612,20,18,85,141,35,7,82,38,19
경기,부천시,일반,여자,75-79세,1173,30,44,172,353,84,22,127,67,15
경기,부천시,일반,여자,80-84세,1792,45,111,328,602,157,18,157,54,18
경기,부천시,일반,여자,85세이상,2279,106,202,615,827,116,25,92,36,7
경기,부천시,기초,남자,65세미만,291,13,19,65,87,12,3,23,13,12
경기,부천시,기초,남자,65-69세,299,11,12,35,103,13,5,26,24,23
경기,부천시,기초,남자,70-74세,197,5,13,25,73,18,2,20,9,9
경기,부천시,기초,남자,75-79세,178,3,8,25,65,23,2,10,8,7
경기,부천시,기초,남자,80-84세,146,4,2,34,49,22,4,6,9,1
경기,부천시,기초,남자,85세이상,105,1,9,29,39,5,1,2,2,2
경기,부천시,기초,여자,65세미만,136,9,12,22,36,7,1,12,6,3
경기,부천시,기초,여자,65-69세,199,9,10,24,57,10,5,28,13,12
경기,부천시,기초,여자,70-74세,270,6,14,49,83,14,3,30,18,10
경기,부천시,기초,여자,75-79세,391,5,27,68,136,32,4,38,14,16
경기,부천시,기초,여자,80-84세,535,12,27,107,223,51,5,25,24,10
경기,부천시,기초,여자,85세이상,779,40,80,224,292,41,5,16,11,4
경기,부천시,의료,남자,65세미만,1,0,0,0,0,0,0,0,0,0
경기,부천시,의료,남자,65-69세,4,0,0,1,1,0,0,1,1,0
경기,부천시,의료,남자,70-74세,2,0,0,0,1,0,0,1,0,0
경기,부천시,의료,남자,75-79세,20,1,2,5,9,1,0,0,1,0
경기,부천시,의료,남자,80-84세,6,0,0,0,3,0,0,1,0,0
경기,부천시,의료,남자,85세이상,20,1,1,7,4,2,0,0,0,0
경기,부천시,의료,여자,65세미만,2,0,0,0,1,0,0,0,0,0
경기,부천시,의료,여자,65-69세,3,0,0,0,0,0,0,0,0,0
경기,부천시,의료,여자,70-74세,9,0,0,1,0,2,0,1,1,2
경기,부천시,의료,여자,75-79세,12,0,0,1,2,1,0,3,0,1
경기,부천시,의료,여자,80-84세,34,0,1,14,11,1,0,2,2,0
경기,부천시,의료,여자,85세이상,75,2,6,36,22,0,0,1,0,0
경기,부천시,감경,남자,65세미만,152,18,15,44,48,11,3,1,0,3
경기,부천시,감경,남자,65-69세,237,13,13,64,107,18,7,2,0,0
경기,부천시,감경,남자,70-74세,282,7,16,87,120,30,9,1,1,0
경기,부천시,감경,남자,75-79세,339,10,28,93,153,30,13,2,0,0
경기,부천시,감경,남자,80-84세,388,16,31,100,183,35,10,2,0,1
경기,부천시,감경,남자,85세이상,448,11,32,127,224,34,10,2,1,0
경기,부천시,감경,여자,65세미만,116,13,14,31,35,9,2,0,1,0
경기,부천시,감경,여자,65-69세,172,8,17,43,76,11,2,2,1,1
경기,부천시,감경,여자,70-74세,332,19,25,94,134,30,1,4,2,0
경기,부천시,감경,여자,75-79세,662,32,60,152,278,72,18,9,4,2
경기,부천시,감경,여자,80-84세,1294,67,95,348,586,128,26,9,4,1
경기,부천시,감경,여자,85세이상,2208,115,285,723,895,134,25,0,2,1
경기,광명시,일반,남자,65세미만,62,3,4,8,11,0,1,9,4,6
경기,광명시,일반,남자,65-69세,115,3,9,17,28,7,1,15,6,5
경기,광명시,일반,남자,70-74세,137,4,7,29,30,12,2,17,7,1
경기,광명시,일반,남자,75-79세,174,2,5,39,48,20,10,16,6,2
경기,광명시,일반,남자,80-84세,231,4,14,43,60,35,9,17,9,4
경기,광명시,일반,남자,85세이상,214,5,6,36,86,22,7,9,11,3
경기,광명시,일반,여자,65세미만,43,1,2,5,6,1,0,9,5,3
경기,광명시,일반,여자,65-69세,122,3,5,14,21,3,7,15,15,4
경기,광명시,일반,여자,70-74세,236,15,8,31,38,10,14,31,13,11
경기,광명시,일반,여자,75-79세,414,17,13,51,113,47,18,40,17,7
경기,광명시,일반,여자,80-84세,638,19,27,113,210,67,24,54,14,7
경기,광명시,일반,여자,85세이상,820,31,80,205,280,64,26,33,14,2
경기,광명시,기초,남자,65세미만,51,4,4,10,10,2,0,6,4,2
경기,광명시,기초,남자,65-69세,63,1,4,7,18,3,1,7,6,3
경기,광명시,기초,남자,70-74세,41,2,0,5,13,4,1,2,4,2
경기,광명시,기초,남자,75-79세,35,1,1,7,9,2,1,9,0,0
경기,광명시,기초,남자,80-84세,41,0,3,5,14,5,4,1,2,2
경기,광명시,기초,남자,85세이상,27,0,4,4,9,2,2,0,0,1
경기,광명시,기초,여자,65세미만,25,2,2,3,5,1,0,1,2,4
경기,광명시,기초,여자,65-69세,46,2,1,6,9,6,1,4,5,5
경기,광명시,기초,여자,70-74세,66,1,6,12,13,7,2,4,7,2
경기,광명시,기초,여자,75-79세,94,7,6,9,30,8,3,6,7,0
경기,광명시,기초,여자,80-84세,148,3,9,21,64,14,3,5,11,2
경기,광명시,기초,여자,85세이상,193,7,17,41,81,20,0,4,4,1
경기,광명시,의료,남자,65세미만,0,0,0,0,0,0,0,0,0,0
경기,광명시,의료,남자,65-69세,1,0,0,0,0,0,0,0,0,0
경기,광명시,의료,남자,70-74세,1,0,0,0,1,0,0,0,0,0
경기,광명시,의료,남자,75-79세,3,0,1,0,0,0,1,0,1,0
경기,광명시,의료,남자,80-84세,0,0,0,0,0,0,0,0,0,0
경기,광명시,의료,남자,85세이상,8,0,0,3,2,1,0,0,0,0
경기,광명시,의료,여자,65세미만,3,0,0,0,0,0,1,1,1,0
경기,광명시,의료,여자,65-69세,0,0,0,0,0,0,0,0,0,0
경기,광명시,의료,여자,70-74세,1,0,0,1,0,0,0,0,0,0
경기,광명시,의료,여자,75-79세,3,0,0,1,0,0,0,1,1,0
경기,광명시,의료,여자,80-84세,15,1,1,2,5,0,1,0,0,0
경기,광명시,의료,여자,85세이상,36,5,0,8,14,3,1,1,1,0
경기,광명시,감경,남자,65세미만,36,3,3,15,7,0,1,1,0,0
경기,광명시,감경,남자,65-69세,47,2,6,19,19,0,0,0,0,0
경기,광명시,감경,남자,70-74세,79,6,4,22,30,9,2,0,0,1
경기,광명시,감경,남자,75-79세,83,3,4,21,31,16,3,2,0,0
경기,광명시,감경,남자,80-84세,100,3,9,27,42,13,3,1,0,0
경기,광명시,감경,남자,85세이상,90,1,8,24,42,11,2,0,1,0
경기,광명시,감경,여자,65세미만,21,2,1,7,4,1,1,1,0,0
경기,광명시,감경,여자,65-69세,55,2,7,18,18,2,1,2,0,0
경기,광명시,감경,여자,70-74세,74,4,4,18,31,5,2,2,0,0
경기,광명시,감경,여자,75-79세,159,4,13,42,55,21,8,3,5,0
경기,광명시,감경,여자,80-84세,271,7,20,74,117,31,11,1,1,0
경기,광명시,감경,여자,85세이상,488,26,58,150,187,53,2,0,0,1
경기,평택시,일반,남자,65세미만,85,3,12,18,20,3,0,10,2,2
경기,평택시,일반,남자,65-69세,169,5,15,29,57,7,1,11,5,6
경기,평택시,일반,남자,70-74세,244,7,26,46,80,8,2,20,7,3
경기,평택시,일반,남자,75-79세,344,10,23,88,108,18,4,17,9,5
경기,평택시,일반,남자,80-84세,498,8,48,107,202,34,10,27,11,3
경기,평택시,일반,남자,85세이상,560,15,44,133,230,37,5,17,14,5
경기,평택시,일반,여자,65세미만,75,5,9,15,18,1,0,7,7,0
경기,평택시,일반,여자,65-69세,190,9,9,23,39,13,2,32,6,2
경기,평택시,일반,여자,70-74세,431,14,25,61,111,22,13,34,17,15
경기,평택시,일반,여자,75-79세,801,13,44,143,303,59,12,51,23,6
경기,평택시,일반,여자,80-84세,1382,37,103,308,544,104,14,71,31,9
경기,평택시,일반,여자,85세이상,1547,48,156,481,617,73,9,39,14,3
경기,평택시,기초,남자,65세미만,147,7,25,28,41,7,1,11,4,4
경기,평택시,기초,남자,65-69세,150,5,7,28,59,10,1,8,7,6
경기,평택시,기초,남자,70-74세,97,0,3,15,40,8,5,4,1,4
경기,평택시,기초,남자,75-79세,93,0,5,13,40,4,4,4,7,5
경기,평택시,기초,남자,80-84세,116,1,10,26,41,12,2,3,2,4
경기,평택시,기초,남자,85세이상,59,2,4,9,30,3,0,0,1,0
경기,평택시,기초,여자,65세미만,77,5,7,25,15,4,0,6,2,1
경기,평택시,기초,여자,65-69세,129,2,9,22,35,14,2,9,4,6
경기,평택시,기초,여자,70-74세,146,5,8,26,50,10,2,13,9,5
경기,평택시,기초,여자,75-79세,224,3,11,44,91,13,1,9,4,8
경기,평택시,기초,여자,80-84세,293,6,32,70,104,23,5,4,10,1
경기,평택시,기초,여자,85세이상,335,15,48,101,110,12,1,5,2,1
경기,평택시,의료,남자,65세미만,4,0,0,1,0,0,0,1,1,0
경기,평택시,의료,남자,65-69세,1,0,0,0,0,0,0,1,0,0
경기,평택시,의료,남자,70-74세,2,0,0,0,2,0,0,0,0,0
경기,평택시,의료,남자,75-79세,5,0,0,0,4,0,0,0,0,0
경기,평택시,의료,남자,80-84세,1,0,0,0,0,0,1,0,0,0
경기,평택시,의료,남자,85세이상,9,0,1,3,1,1,0,0,0,0
경기,평택시,의료,여자,65세미만,2,0,0,0,0,1,0,0,0,0
경기,평택시,의료,여자,65-69세,1,0,0,1,0,0,0,0,0,0
경기,평택시,의료,여자,70-74세,3,0,0,2,0,0,0,0,0,0
경기,평택시,의료,여자,75-79세,8,0,0,1,2,0,0,0,0,0
경기,평택시,의료,여자,80-84세,13,1,0,3,6,0,0,0,1,0
경기,평택시,의료,여자,85세이상,35,0,3,11,15,0,0,0,0,0
경기,평택시,감경,남자,65세미만,65,7,9,25,13,3,1,0,0,0
경기,평택시,감경,남자,65-69세,113,9,13,30,44,7,3,1,1,0
경기,평택시,감경,남자,70-74세,150,6,16,38,65,11,4,0,2,1
경기,평택시,감경,남자,75-79세,172,4,14,54,78,11,1,0,0,0
경기,평택시,감경,남자,80-84세,221,4,20,68,97,21,4,1,0,0
경기,평택시,감경,남자,85세이상,268,9,20,69,140,19,3,1,1,0
경기,평택시,감경,여자,65세미만,46,3,6,16,13,1,1,0,1,0
경기,평택시,감경,여자,65-69세,97,6,8,19,48,9,0,0,0,0
경기,평택시,감경,여자,70-74세,184,6,13,43,81,16,4,2,1,0
경기,평택시,감경,여자,75-79세,383,10,35,99,166,28,11,6,0,0
경기,평택시,감경,여자,80-84세,708,25,55,218,302,72,9,2,2,1
경기,평택시,감경,여자,85세이상,1111,45,155,369,460,49,6,1,1,0
경기,동두천시,일반,남자,65세미만,30,2,1,4,5,0,0,8,2,0
경기,동두천시,일반,남자,65-69세,57,1,1,8,11,2,1,12,6,0
경기,동두천시,일반,남자,70-74세,73,2,3,13,16,9,1,10,3,2
경기,동두천시,일반,남자,75-79세,99,1,3,14,24,14,1,11,7,5
경기,동두천시,일반,남자,80-84세,155,7,7,29,43,18,3,12,8,2
경기,동두천시,일반,남자,85세이상,120,1,9,21,25,13,6,10,7,0
경기,동두천시,일반,여자,65세미만,24,2,1,3,2,1,1,5,1,1
경기,동두천시,일반,여자,65-69세,70,1,3,5,7,1,3,9,8,9
경기,동두천시,일반,여자,70-74세,128,9,0,12,16,5,3,23,14,7
경기,동두천시,일반,여자,75-79세,209,2,4,27,39,19,4,39,16,3
경기,동두천시,일반,여자,80-84세,339,8,21,49,95,44,12,41,14,3
경기,동두천시,일반,여자,85세이상,333,21,31,82,89,32,7,22,6,2
경기,동두천시,기초,남자,65세미만,77,3,3,13,9,6,3,12,7,6
경기,동두천시,기초,남자,65-69세,67,3,2,9,20,3,3,10,4,3
경기,동두천시,기초,남자,70-74세,53,2,4,4,21,5,2,2,4,4
경기,동두천시,기초,남자,75-79세,59,0,4,11,16,7,1,3,3,2
경기,동두천시,기초,남자,80-84세,57,2,5,7,18,9,2,1,3,1
경기,동두천시,기초,남자,85세이상,44,0,3,6,13,7,1,3,0,1
경기,동두천시,기초,여자,65세미만,36,2,2,5,6,3,0,7,3,2
경기,동두천시,기초,여자,65-69세,50,1,3,9,17,0,1,5,1,1
경기,동두천시,기초,여자,70-74세,70,2,2,7,16,8,1,8,11,1
경기,동두천시,기초,여자,75-79세,91,3,4,11,31,10,3,9,6,1
경기,동두천시,기초,여자,80-84세,163,4,10,30,52,23,6,9,4,2
경기,동두천시,기초,여자,85세이상,168,6,18,52,51,19,2,1,2,1
경기,동두천시,의료,남자,65세미만,0,0,0,0,0,0,0,0,0,0
경기,동두천시,의료,남자,65-69세,0,0,0,0,0,0,0,0,0,0
경기,동두천시,의료,남자,70-74세,2,0,0,0,1,0,0,1,0,0
경기,동두천시,의료,남자,75-79세,1,0,0,0,0,0,0,0,0,0
경기,동두천시,의료,남자,80-84세,1,0,0,0,0,0,0,0,1,0
경기,동두천시,의료,남자,85세이상,2,0,0,0,0,0,0,0,0,0
경기,동두천시,의료,여자,65세미만,0,0,0,0,0,0,0,0,0,0
경기,동두천시,의료,여자,65-69세,2,0,0,0,0,0,0,0,0,0
경기,동두천시,의료,여자,70-74세,2,0,0,0,2,0,0,0,0,0
경기,동두천시,의료,여자,75-79세,3,0,0,0,1,1,0,0,1,0
경기,동두천시,의료,여자,80-84세,4,0,0,2,1,0,0,0,0,0
경기,동두천시,의료,여자,85세이상,16,0,3,3,2,3,0,1,0,0
경기,동두천시,감경,남자,65세미만,34,2,1,11,8,2,1,3,0,0
경기,동두천시,감경,남자,65-69세,44,2,0,13,17,8,0,2,0,1
경기,동두천시,감경,남자,70-74세,57,1,5,12,27,6,1,2,1,0
경기,동두천시,감경,남자,75-79세,81,1,6,22,34,12,4,0,0,0
경기,동두천시,감경,남자,80-84세,92,1,8,23,29,20,3,0,1,0
경기,동두천시,감경,남자,85세이상,105,2,7,23,40,22,7,0,0,0
경기,동두천시,감경,여자,65세미만,23,1,4,5,8,1,0,2,0,0
경기,동두천시,감경,여자,65-69세,51,3,4,17,11,4,0,1,1,0
경기,동두천시,감경,여자,70-74세,69,2,6,16,20,9,1,3,1,0
경기,동두천시,감경,여자,75-79세,146,7,12,40,51,16,3,1,1,1
경기,동두천시,감경,여자,80-84세,366,19,31,86,137,62,7,6,2,2
경기,동두천시,감경,여자,85세이상,467,24,51,139,174,62,4,2,2,1
경기,안산시,일반,남자,65세미만,154,5,8,25,20,11,3,25,6,3
경기,안산시,일반,남자,65-69세,216,5,11,29,52,14,8,24,8,5
경기,안산시,일반,남자,70-74세,249,3,9,40,60,19,11,16,11,7
경기,안산시,일반,남자,75-79세,352,13,18,67,80,25,9,35,13,6
경기,안산시,일반,남자,80-84세,459,10,14,90,141,60,20,11,18,5
경기,안산시,일반,남자,85세이상,463,11,17,86,169,52,15,17,14,10
경기,안산시,일반,여자,65세미만,113,6,7,7,20,3,1,21,6,5
경기,안산시,일반,여자,65-69세,274,4,11,35,45,11,8,34,22,5
경기,안산시,일반,여자,70-74세,412,7,11,40,106,41,10,44,24,14
경기,안산시,일반,여자,75-79세,766,17,23,99,199,80,26,59,32,14
경기,안산시,일반,여자,80-84세,1213,29,52,213,329,149,47,76,45,12
경기,안산시,일반,여자,85세이상,1520,45,98,370,544,165,26,43,29,6
경기,안산시,기초,남자,65세미만,260,15,10,48,66,26,8,22,9,8
경기,안산시,기초,남자,65-69세,189,6,12,25,55,23,5,8,12,7
경기,안산시,기초,남자,70-74세,150,6,5,22,51,12,4,5,9,9
경기,안산시,기초,남자,75-79세,143,6,7,28,41,11,7,5,7,5
경기,안산시,기초,남자,80-84세,143,1,5,22,41,25,6,6,4,3
경기,안산시,기초,남자,85세이상,118,3,3,18,55,9,4,5,0,4
경기,안산시,기초,여자,65세미만,114,10,6,22,33,6,0,11,6,1
경기,안산시,기초,여자,65-69세,128,6,5,13,32,16,3,9,10,7
경기,안산시,기초,여자,70-74세,216,6,6,25,70,22,3,14,19,3
경기,안산시,기초,여자,75-79세,293,7,6,39,94,36,8,16,21,7
경기,안산시,기초,여자,80-84세,503,17,21,89,184,71,9,20,20,5
경기,안산시,기초,여자,85세이상,707,30,46,174,280,65,12,8,13,1
경기,안산시,의료,남자,65세미만,0,0,0,0,0,0,0,0,0,0
경기,안산시,의료,남자,65-69세,4,0,0,0,0,1,0,0,3,0
경기,안산시,의료,남자,70-74세,7,0,0,0,2,0,0,2,0,0
경기,안산시,의료,남자,75-79세,4,1,1,0,0,1,1,0,0,0
경기,안산시,의료,남자,80-84세,3,0,0,1,1,1,0,0,0,0
경기,안산시,의료,남자,85세이상,14,0,1,1,3,2,0,0,0,1
경기,안산시,의료,여자,65세미만,0,0,0,0,0,0,0,0,0,0
경기,안산시,의료,여자,65-69세,1,0,0,0,0,0,0,1,0,0
경기,안산시,의료,여자,70-74세,10,0,1,2,1,0,0,0,1,1
경기,안산시,의료,여자,75-79세,11,1,0,1,3,1,0,2,0,1
경기,안산시,의료,여자,80-84세,18,1,0,2,10,2,0,1,0,1
경기,안산시,의료,여자,85세이상,54,3,8,11,20,3,2,1,1,0
경기,안산시,감경,남자,65세미만,101,7,10,25,28,11,6,2,0,1
경기,안산시,감경,남자,65-69세,133,5,11,29,66,14,1,0,0,2
경기,안산시,감경,남자,70-74세,160,5,12,30,65,23,3,2,0,0
경기,안산시,감경,남자,75-79세,207,3,14,48,97,22,10,1,1,1
경기,안산시,감경,남자,80-84세,264,8,17,61,108,40,15,1,2,1
경기,안산시,감경,남자,85세이상,282,4,19,65,132,42,11,0,1,1
경기,안산시,감경,여자,65세미만,63,6,3,13,20,5,2,1,2,0
경기,안산시,감경,여자,65-69세,106,6,5,29,43,11,2,0,1,1
경기,안산시,감경,여자,70-74세,210,7,15,42,77,31,13,2,6,0
경기,안산시,감경,여자,75-79세,445,22,31,100,178,66,17,3,1,2
경기,안산시,감경,여자,80-84세,980,34,71,251,373,173,37,6,5,2
경기,안산시,감경,여자,85세이상,1506,57,127,484,616,167,21,1,1,0
경기,고양시,일반,남자,65세미만,233,10,8,42,43,6,3,26,7,12
경기,고양시,일반,남자,65-69세,361,29,22,74,78,13,5,38,17,15
경기,고양시,일반,남자,70-74세,508,19,28,104,126,35,16,38,16,13
경기,고양시,일반,남자,75-79세,811,30,38,160,237,85,25,43,26,13
경기,고양시,일반,남자,80-84세,1227,48,60,233,386,158,45,64,38,21
경기,고양시,일반,남자,85세이상,1619,31,72,330,582,185,42,84,42,30
경기,고양시,일반,여자,65세미만,226,25,10,55,38,11,3,26,11,3
경기,고양시,일반,여자,65-69세,442,17,22,71,75,17,11,50,24,14
경기,고양시,일반,여자,70-74세,837,38,51,126,160,66,31,88,27,14
경기,고양시,일반,여자,75-79세,1909,76,74,280,503,198,83,162,68,35
경기,고양시,일반,여자,80-84세,3338,118,172,609,1053,415,115,207,108,45
경기,고양시,일반,여자,85세이상,4466,195,356,1114,1610,399,98,166,68,24
경기,고양시,기초,남자,65세미만,321,25,18,64,71,25,7,24,7,12
경기,고양시,기초,남자,65-69세,301,7,20,45,82,23,11,14,21,14
경기,고양시,기초,남자,70-74세,205,6,6,38,60,21,3,11,13,6
경기,고양시,기초,남자,75-79세,193,3,6,31,62,26,8,13,7,2
경기,고양시,기초,남자,80-84세,207,6,13,34,70,22,4,9,6,6
경기,고양시,기초,남자,85세이상,165,4,10,26,65,24,1,2,1,5
경기,고양시,기초,여자,65세미만,133,12,10,35,16,10,4,12,5,1
경기,고양시,기초,여자,65-69세,207,6,8,42,48,16,3,19,12,9
경기,고양시,기초,여자,70-74세,252,13,13,39,84,15,6,20,7,5
경기,고양시,기초,여자,75-79세,432,16,21,64,131,54,8,41,13,9
경기,고양시,기초,여자,80-84세,607,32,39,94,216,67,22,25,9,12
경기,고양시,기초,여자,85세이상,979,50,69,232,336,101,14,24,11,4
경기,고양시,의료,남자,65세미만,5,0,0,2,0,0,0,0,0,1
경기,고양시,의료,남자,65-69세,1,0,1,0,0,0,0,0,0,0
경기,고양시,의료,남자,70-74세,5,0,0,0,2,0,0,0,2,0
경기,고양시,의료,남자,75-79세,5,0,0,2,0,1,0,1,0,0
경기,고양시,의료,남자,80-84세,12,0,0,2,6,0,0,0,0,0
경기,고양시,의료,남자,85세이상,30,0,1,11,4,3,0,0,0,0
경기,고양시,의료,여자,65세미만,2,1,0,0,0,0,0,0,0,0
경기,고양시,의료,여자,65-69세,2,0,0,0,0,0,0,1,1,0
경기,고양시,의료,여자,70-74세,8,0,2,1,1,2,1,0,0,0
경기,고양시,의료,여자,75-79세,17,0,0,4,3,5,0,0,0,0
경기,고양시,의료,여자,80-84세,40,0,2,7,9,7,0,2,2,0
경기,고양시,의료,여자,85세이상,128,7,8,33,46,8,1,6,2,0
경기,고양시,감경,남자,65세미만,143,23,6,34,50,8,5,3,1,0
경기,고양시,감경,남자,65-69세,221,10,16,59,105,13,6,0,1,1
경기,고양시,감경,남자,70-74세,269,13,13,76,116,22,8,4,0,0
경기,고양시,감경,남자,75-79세,353,16,38,100,122,53,10,3,0,0
경기,고양시,감경,남자,80-84세,488,13,29,100,220,82,23,7,0,2
경기,고양시,감경,남자,85세이상,635,16,27,160,299,108,11,0,1,0
경기,고양시,감경,여자,65세미만,117,17,15,30,30,8,6,4,1,0
경기,고양시,감경,여자,65-69세,173,18,14,49,54,12,12,1,1,1
경기,고양시,감경,여자,70-74세,345,28,29,86,115,41,13,10,2,3
경기,고양시,감경,여자,75-79세,741,53,53,176,267,104,33,7,4,1
경기,고양시,감경,여자,80-84세,1671,80,116,436,687,248,58,5,3,1
경기,고양시,감경,여자,85세이상,2760,137,290,861,1119,242,62,10,2,0
경기,과천시,일반,남자,65세미만,13,1,0,1,4,0,1,0,0,3
경기,과천시,일반,남자,65-69세,14,1,0,2,1,2,0,5,2,1
경기,과천시,일반,남자,70-74세,29,1,1,9,7,1,0,3,2,0
경기,과천시,일반,남자,75-79세,38,1,2,2,16,2,1,1,1,0
경기,과천시,일반,남자,80-84세,65,2,1,8,23,10,2,3,2,3
경기,과천시,일반,남자,85세이상,94,6,3,20,33,14,3,7,2,0
경기,과천시,일반,여자,65세미만,14,0,0,2,5,5,0,1,0,0
경기,과천시,일반,여자,65-69세,28,0,1,4,7,3,1,4,2,1
경기,과천시,일반,여자,70-74세,30,0,1,6,8,4,2,2,3,0
경기,과천시,일반,여자,75-79세,96,1,5,12,24,12,3,13,3,1
경기,과천시,일반,여자,80-84세,169,5,8,17,55,34,8,8,8,2
경기,과천시,일반,여자,85세이상,267,6,18,63,98,29,8,16,4,4
경기,과천시,기초,남자,65세미만,2,0,0,0,0,0,0,1,1,0
경기,과천시,기초,남자,65-69세,6,0,0,1,0,1,0,1,1,0
경기,과천시,기초,남자,70-74세,5,0,1,0,2,0,0,0,2,0
경기,과천시,기초,남자,75-79세,5,0,0,1,2,1,0,1,0,0
경기,과천시,기초,남자,80-84세,5,0,0,1,2,1,0,0,1,0
경기,과천시,기초,남자,85세이상,5,0,1,0,2,0,0,1,0,0
경기,과천시,기초,여자,65세미만,2,0,1,0,1,0,0,0,0,0
경기,과천시,기초,여자,65-69세,3,0,0,0,0,1,0,1,0,0
경기,과천시,기초,여자,70-74세,7,0,1,0,2,0,0,2,0,0
경기,과천시,기초,여자,75-79세,16,1,2,0,3,3,0,0,2,0
경기,과천시,기초,여자,80-84세,15,1,0,2,4,1,0,1,2,0
경기,과천시,기초,여자,85세이상,33,2,3,9,4,4,0,3,0,0
경기,과천시,의료,남자,65세미만,0,0,0,0,0,0,0,0,0,0
경기,과천시,의료,남자,65-69세,0,0,0,0,0,0,0,0,0,0
경기,과천시,의료,남자,70-74세,0,0,0,0,0,0,0,0,0,0
경기,과천시,의료,남자,75-79세,0,0,0,0,0,0,0,0,0,0
경기,과천시,의료,남자,80-84세,0,0,0,0,0,0,0,0,0,0
경기,과천시,의료,남자,85세이상,0,0,0,0,0,0,0,0,0,0
경기,과천시,의료,여자,65세미만,0,0,0,0,0,0,0,0,0,0
경기,과천시,의료,여자,65-69세,0,0,0,0,0,0,0,0,0,0
경기,과천시,의료,여자,70-74세,0,0,0,0,0,0,0,0,0,0
경기,과천시,의료,여자,75-79세,0,0,0,0,0,0,0,0,0,0
경기,과천시,의료,여자,80-84세,0,0,0,0,0,0,0,0,0,0
경기,과천시,의료,여자,85세이상,1,0,0,0,0,1,0,0,0,0
경기,과천시,감경,남자,65세미만,1,1,0,0,0,0,0,0,0,0
경기,과천시,감경,남자,65-69세,4,1,0,1,1,1,0,0,0,0
경기,과천시,감경,남자,70-74세,3,0,0,1,1,0,0,0,0,0
경기,과천시,감경,남자,75-79세,7,1,2,2,0,2,0,0,0,0
경기,과천시,감경,남자,80-84세,3,0,0,1,1,0,0,0,0,0
경기,과천시,감경,남자,85세이상,9,0,0,1,6,2,0,0,0,0
경기,과천시,감경,여자,65세미만,2,0,0,0,1,0,0,0,0,0
경기,과천시,감경,여자,65-69세,2,0,1,1,0,0,0,0,0,0
경기,과천시,감경,여자,70-74세,5,0,0,0,3,2,0,0,0,0
경기,과천시,감경,여자,75-79세,7,0,1,1,3,2,0,0,0,0
경기,과천시,감경,여자,80-84세,25,0,3,6,9,6,0,0,0,0
경기,과천시,감경,여자,85세이상,66,1,7,20,29,9,0,0,0,0
경기,구리시,일반,남자,65세미만,43,2,3,12,3,1,0,5,3,1
경기,구리시,일반,남자,65-69세,78,5,2,9,16,3,0,8,3,4
경기,구리시,일반,남자,70-74세,109,5,9,21,26,9,3,7,3,4
경기,구리시,일반,남자,75-79세,136,5,6,32,36,12,1,6,4,3
경기,구리시,일반,남자,80-84세,201,6,15,35,71,18,9,8,0,4
경기,구리시,일반,남자,85세이상,183,12,10,47,67,11,4,6,2,3
경기,구리시,일반,여자,65세미만,33,3,1,7,5,0,1,2,2,1
경기,구리시,일반,여자,65-69세,69,1,2,16,9,4,2,6,2,1
경기,구리시,일반,여자,70-74세,150,6,7,28,32,3,5,15,8,2
경기,구리시,일반,여자,75-79세,307,18,18,43,77,28,9,20,13,7
경기,구리시,일반,여자,80-84세,441,23,45,95,138,42,9,19,13,4
경기,구리시,일반,여자,85세이상,488,31,45,156,152,37,5,7,8,2
경기,구리시,기초,남자,65세미만,48,3,2,9,10,2,3,2,2,4
경기,구리시,기초,남자,65-69세,63,1,7,7,12,6,0,4,9,5
경기,구리시,기초,남자,70-74세,40,1,1,4,14,1,1,4,5,0
경기,구리시,기초,남자,75-79세,38,0,2,6,8,2,1,3,3,5
경기,구리시,기초,남자,80-84세,35,2,3,4,10,3,0,1,1,1
경기,구리시,기초,남자,85세이상,29,1,1,6,7,3,3,0,0,1
경기,구리시,기초,여자,65세미만,18,0,1,4,5,3,0,1,2,0
경기,구리시,기초,여자,65-69세,40,1,2,1,9,1,1,3,3,5
경기,구리시,기초,여자,70-74세,58,3,2,10,21,4,1,2,4,1
경기,구리시,기초,여자,75-79세,74,3,1,11,23,5,0,7,2,2
경기,구리시,기초,여자,80-84세,100,4,6,23,33,16,1,1,2,1
경기,구리시,기초,여자,85세이상,142,8,12,46,39,10,0,4,2,1
경기,구리시,의료,남자,65세미만,0,0,0,0,0,0,0,0,0,0
경기,구리시,의료,남자,65-69세,1,0,0,1,0,0,0,0,0,0
경기,구리시,의료,남자,70-74세,2,0,0,1,1,0,0,0,0,0
경기,구리시,의료,남자,75-79세,1,0,0,0,1,0,0,0,0,0
경기,구리시,의료,남자,80-84세,1,0,0,0,1,0,0,0,0,0
경기,구리시,의료,남자,85세이상,2,0,0,2,0,0,0,0,0,0
경기,구리시,의료,여자,65세미만,0,0,0,0,0,0,0,0,0,0
경기,구리시,의료,여자,65-69세,0,0,0,0,0,0,0,0,0,0
경기,구리시,의료,여자,70-74세,1,0,0,1,0,0,0,0,0,0
경기,구리시,의료,여자,75-79세,1,0,1,0,0,0,0,0,0,0
경기,구리시,의료,여자,80-84세,5,1,1,0,1,1,0,0,0,0
경기,구리시,의료,여자,85세이상,10,1,1,0,2,1,1,0,0,1
경기,구리시,감경,남자,65세미만,33,8,1,5,10,5,0,1,0,0
경기,구리시,감경,남자,65-69세,33,4,3,10,12,2,1,0,0,0
경기,구리시,감경,남자,70-74세,43,2,2,17,13,3,2,1,0,0
경기,구리시,감경,남자,75-79세,53,2,0,18,19,10,3,0,0,0
경기,구리시,감경,남자,80-84세,73,3,6,20,29,12,1,0,0,0
경기,구리시,감경,남자,85세이상,74,3,9,27,33,1,0,0,0,0
경기,구리시,감경,여자,65세미만,16,3,3,2,3,1,1,1,0,0
경기,구리시,감경,여자,65-69세,26,1,1,3,13,2,2,0,0,0
경기,구리시,감경,여자,70-74세,57,4,5,19,18,2,3,0,1,0
경기,구리시,감경,여자,75-79세,138,6,7,40,59,8,6,4,0,0
경기,구리시,감경,여자,80-84세,237,6,34,66,98,21,6,0,0,0
경기,구리시,감경,여자,85세이상,358,17,57,116,137,21,4,0,0,0
경기,남양주시,일반,남자,65세미만,139,11,11,22,27,4,3,17,8,2
경기,남양주시,일반,남자,65-69세,238,10,20,51,56,10,4,23,13,11
경기,남양주시,일반,남자,70-74세,363,10,22,61,104,22,14,47,11,7
경기,남양주시,일반,남자,75-79세,581,17,37,120,168,57,22,35,17,10
경기,남양주시,일반,남자,80-84세,765,20,45,149,230,94,37,39,18,15
경기,남양주시,일반,남자,85세이상,774,17,45,175,299,86,19,23,18,4
경기,남양주시,일반,여자,65세미만,125,14,6,26,15,5,0,14,13,3
경기,남양주시,일반,여자,65-69세,348,10,16,51,60,19,8,45,20,14
경기,남양주시,일반,여자,70-74세,565,13,25,79,140,55,17,59,31,12
경기,남양주시,일반,여자,75-79세,1151,21,52,188,355,108,33,92,47,25
경기,남양주시,일반,여자,80-84세,1816,50,133,374,567,222,63,102,34,30
경기,남양주시,일반,여자,85세이상,2189,74,246,658,764,163,25,59,25,12
경기,남양주시,기초,남자,65세미만,251,12,14,54,85,20,5,16,3,2
경기,남양주시,기초,남자,65-69세,254,8,14,38,91,20,8,14,11,8
경기,남양주시,기초,남자,70-74세,170,4,7,35,64,23,3,7,1,5
경기,남양주시,기초,남자,75-79세,141,2,6,34,48,10,5,7,4,2
경기,남양주시,기초,남자,80-84세,181,4,8,35,76,27,5,4,2,0
경기,남양주시,기초,남자,85세이상,132,3,9,36,49,15,2,1,1,3
경기,남양주시,기초,여자,65세미만,99,8,8,27,28,6,2,6,5,1
경기,남양주시,기초,여자,65-69세,153,4,7,35,45,15,3,10,9,3
경기,남양주시,기초,여자,70-74세,213,5,14,33,73,22,2,12,6,9
경기,남양주시,기초,여자,75-79세,370,10,21,66,137,48,9,13,14,4
경기,남양주시,기초,여자,80-84세,509,17,40,119,180,55,10,19,9,4
경기,남양주시,기초,여자,85세이상,704,38,88,193,245,44,3,8,9,1
경기,남양주시,의료,남자,65세미만,1,0,0,0,0,0,0,0,1,0
경기,남양주시,의료,남자,65-69세,4,1,1,1,1,0,0,0,0,0
경기,남양주시,의료,남자,70-74세,6,0,0,4,1,0,0,0,0,0
경기,남양주시,의료,남자,75-79세,5,1,1,0,0,2,0,0,0,0
경기,남양주시,의료,남자,80-84세,6,0,1,1,2,1,0,1,0,0
경기,남양주시,의료,남자,85세이상,14,0,2,4,7,1,0,0,0,0
경기,남양주시,의료,여자,65세미만,0,0,0,0,0,0,0,0,0,0
경기,남양주시,의료,여자,65-69세,4,0,0,1,1,0,1,0,0,0
경기,남양주시,의료,여자,70-74세,9,0,2,3,3,1,0,0,0,0
경기,남양주시,의료,여자,75-79세,14,0,0,0,6,2,0,1,1,1
경기,남양주시,의료,여자,80-84세,36,0,3,7,18,4,1,1,0,0
경기,남양주시,의료,여자,85세이상,78,5,9,18,33,2,0,0,1,0
경기,남양주시,감경,남자,65세미만,135,18,13,40,46,7,3,1,0,1
경기,남양주시,감경,남자,65-69세,208,5,16,64,89,18,5,3,0,0
경기,남양주시,감경,남자,70-74세,247,11,28,70,94,22,13,2,1,1
경기,남양주시,감경,남자,75-79세,395,19,34,102,163,49,10,2,2,0
경기,남양주시,감경,남자,80-84세,467,15,33,136,187,64,19,1,2,2
경기,남양주시,감경,남자,85세이상,452,18,34,126,191,69,8,1,1,0
경기,남양주시,감경,여자,65세미만,92,7,6,28,32,9,2,0,1,0
경기,남양주시,감경,여자,65-69세,207,9,21,57,74,18,10,4,2,1
경기,남양주시,감경,여자,70-74세,361,29,29,93,118,49,13,1,3,1
경기,남양주시,감경,여자,75-79세,729,32,64,165,301,98,35,7,1,0
경기,남양주시,감경,여자,80-84세,1390,45,115,383,575,178,45,4,2,0
경기,남양주시,감경,여자,85세이상,2085,114,267,719,762,162,20,4,0,1
경기,오산시,일반,남자,65세미만,44,5,2,10,10,1,1,5,1,1
경기,오산시,일반,남자,65-69세,60,6,4,17,10,2,0,3,4,1
경기,오산시,일반,남자,70-74세,114,8,12,25,25,6,0,4,6,1
경기,오산시,일반,남자,75-79세,119,5,15,39,27,3,3,7,3,0
경기,오산시,일반,남자,80-84세,168,12,10,36,52,8,2,8,2,2
경기,오산시,일반,남자,85세이상,168,9,19,46,57,8,4,6,2,3
경기,오산시,일반,여자,65세미만,34,7,1,5,6,1,0,6,1,0
경기,오산시,일반,여자,65-69세,77,7,1,18,18,2,1,5,1,2
경기,오산시,일반,여자,70-74세,158,8,10,22,35,8,3,17,4,5
경기,오산시,일반,여자,75-79세,289,16,22,57,85,18,5,16,6,2
경기,오산시,일반,여자,80-84세,457,31,29,135,127,27,9,19,6,7
경기,오산시,일반,여자,85세이상,490,36,68,150,147,19,0,13,7,3
경기,오산시,기초,남자,65세미만,59,6,5,14,19,0,2,3,1,1
경기,오산시,기초,남자,65-69세,47,3,2,13,10,2,0,2,1,3
경기,오산시,기초,남자,70-74세,28,3,3,6,8,1,0,0,1,1
경기,오산시,기초,남자,75-79세,36,2,4,7,9,1,0,1,5,0
경기,오산시,기초,남자,80-84세,39,2,2,8,14,3,1,3,2,0
경기,오산시,기초,남자,85세이상,24,0,4,4,11,1,0,1,0,0
경기,오산시,기초,여자,65세미만,29,4,2,9,8,1,0,1,0,0
경기,오산시,기초,여자,65-69세,44,0,2,5,12,0,1,5,6,1
경기,오산시,기초,여자,70-74세,43,1,2,10,12,1,0,1,6,2
경기,오산시,기초,여자,75-79세,89,5,6,13,32,2,2,3,3,3
경기,오산시,기초,여자,80-84세,100,6,11,21,40,6,0,1,3,1
경기,오산시,기초,여자,85세이상,126,10,17,25,43,6,0,2,1,0
경기,오산시,의료,남자,65세미만,0,0,0,0,0,0,0,0,0,0
경기,오산시,의료,남자,65-69세,0,0,0,0,0,0,0,0,0,0
경기,오산시,의료,남자,70-74세,1,0,1,0,0,0,0,0,0,0
경기,오산시,의료,남자,75-79세,1,1,0,0,0,0,0,0,0,0
경기,오산시,의료,남자,80-84세,1,0,0,1,0,0,0,0,0,0
경기,오산시,의료,남자,85세이상,5,0,0,2,1,0,0,0,0,0
경기,오산시,의료,여자,65세미만,0,0,0,0,0,0,0,0,0,0
경기,오산시,의료,여자,65-69세,0,0,0,0,0,0,0,0,0,0
경기,오산시,의료,여자,70-74세,0,0,0,0,0,0,0,0,0,0
경기,오산시,의료,여자,75-79세,2,0,0,1,0,0,0,1,0,0
경기,오산시,의료,여자,80-84세,4,0,0,2,2,0,0,0,0,0
경기,오산시,의료,여자,85세이상,12,0,1,4,5,0,0,0,0,0
경기,오산시,감경,남자,65세미만,40,7,6,13,10,0,0,0,0,0
경기,오산시,감경,남자,65-69세,61,7,11,21,17,1,1,0,1,0
경기,오산시,감경,남자,70-74세,68,5,3,27,25,3,0,0,1,0
경기,오산시,감경,남자,75-79세,85,4,9,33,31,5,0,1,0,0
경기,오산시,감경,남자,80-84세,90,7,8,30,37,3,0,0,1,1
경기,오산시,감경,남자,85세이상,87,1,14,31,34,3,1,0,0,0
경기,오산시,감경,여자,65세미만,25,6,2,9,5,0,0,1,0,0
경기,오산시,감경,여자,65-69세,55,5,9,19,15,4,1,1,0,0
경기,오산시,감경,여자,70-74세,84,7,6,24,29,9,1,2,1,0
경기,오산시,감경,여자,75-79세,180,12,13,60,56,15,4,3,0,1
경기,오산시,감경,여자,80-84세,301,24,39,97,114,11,5,0,2,0
경기,오산시,감경,여자,85세이상,426,36,74,140,156,12,1,1,1,0
경기,시흥시,일반,남자,65세미만,102,7,7,10,27,4,1,15,4,1
경기,시흥시,일반,남자,65-69세,163,5,13,26,41,2,2,15,8,6
경기,시흥시,일반,남자,70-74세,167,5,6,35,36,13,4,17,6,6
경기,시흥시,일반,남자,75-79세,256,4,10,45,74,30,5,23,11,7
경기,시흥시,일반,남자,80-84세,323,6,17,51,94,33,15,19,11,9
경기,시흥시,일반,남자,85세이상,318,10,16,50,119,27,9,20,6,3
경기,시흥시,일반,여자,65세미만,89,4,2,14,10,6,1,12,8,2
경기,시흥시,일반,여자,65-69세,162,1,4,21,35,8,3,24,9,5
경기,시흥시,일반,여자,70-74세,312,9,13,42,58,21,9,37,19,9
경기,시흥시,일반,여자,75-79세,609,12,25,84,140,65,19,73,42,9
경기,시흥시,일반,여자,80-84세,970,36,45,148,331,118,25,61,33,13
경기,시흥시,일반,여자,85세이상,1132,34,104,281,403,94,14,45,20,7
경기,시흥시,기초,남자,65세미만,156,9,8,34,36,7,1,19,10,10
경기,시흥시,기초,남자,65-69세,157,3,9,20,51,7,2,14,9,13
경기,시흥시,기초,남자,70-74세,79,2,1,15,22,13,2,6,3,1
경기,시흥시,기초,남자,75-79세,97,6,0,17,35,7,5,4,6,2
경기,시흥시,기초,남자,80-84세,100,2,5,20,27,16,2,2,3,2
경기,시흥시,기초,남자,85세이상,64,0,2,12,27,8,3,3,1,1
경기,시흥시,기초,여자,65세미만,67,5,3,16,14,6,0,8,1,3
경기,시흥시,기초,여자,65-69세,99,3,3,15,31,6,1,11,7,3
경기,시흥시,기초,여자,70-74세,112,3,9,14,28,14,1,10,9,3
경기,시흥시,기초,여자,75-79세,202,5,10,41,71,21,5,7,9,5
경기,시흥시,기초,여자,80-84세,260,9,24,50,98,28,5,8,8,0
경기,시흥시,기초,여자,85세이상,399,26,39,109,144,35,5,6,6,3
경기,시흥시,의료,남자,65세미만,1,0,0,0,0,0,0,0,0,0
경기,시흥시,의료,남자,65-69세,1,0,0,0,0,0,0,0,0,0
경기,시흥시,의료,남자,70-74세,2,0,0,0,0,0,0,0,0,0
경기,시흥시,의료,남자,75-79세,3,0,1,0,1,1,0,0,0,0
경기,시흥시,의료,남자,80-84세,3,0,0,0,1,2,0,0,0,0
경기,시흥시,의료,남자,85세이상,9,1,0,2,2,2,0,0,1,0
경기,시흥시,의료,여자,65세미만,0,0,0,0,0,0,0,0,0,0
경기,시흥시,의료,여자,65-69세,1,0,0,0,0,0,0,0,0,0
경기,시흥시,의료,여자,70-74세,5,0,0,1,1,0,0,2,1,0
경기,시흥시,의료,여자,75-79세,7,0,0,0,4,0,0,0,1,1
경기,시흥시,의료,여자,80-84세,16,1,2,4,1,0,1,2,1,0
경기,시흥시,의료,여자,85세이상,36,0,1,10,13,4,0,1,0,0
경기,시흥시,감경,남자,65세미만,80,6,10,20,25,6,2,2,0,1
경기,시흥시,감경,남자,65-69세,113,1,15,30,45,10,5,0,1,0
경기,시흥시,감경,남자,70-74세,127,5,4,30,58,16,4,3,2,1
경기,시흥시,감경,남자,75-79세,149,5,9,41,59,22,7,3,0,0
경기,시흥시,감경,남자,80-84세,209,6,9,46,89,33,13,1,0,0
경기,시흥시,감경,남자,85세이상,245,10,16,61,114,38,2,0,0,0
경기,시흥시,감경,여자,65세미만,65,14,5,15,18,2,4,0,0,0
경기,시흥시,감경,여자,65-69세,82,6,8,17,31,10,4,0,3,0
경기,시흥시,감경,여자,70-74세,183,18,21,40,56,28,3,1,3,0
경기,시흥시,감경,여자,75-79세,382,14,27,88,155,56,13,1,0,0
경기,시흥시,감경,여자,80-84세,696,34,57,178,292,85,19,3,3,1
경기,시흥시,감경,여자,85세이상,1139,55,112,393,465,88,8,3,1,0
경기,군포시,일반,남자,65세미만,61,4,3,11,9,0,0,10,3,1
경기,군포시,일반,남자,65-69세,86,7,3,19,13,2,1,6,1,2
경기,군포시,일반,남자,70-74세,138,5,8,29,34,11,2,6,3,4
경기,군포시,일반,남자,75-79세,155,5,7,21,44,11,8,11,7,5
경기,군포시,일반,남자,80-84세,258,5,16,47,71,22,7,9,11,11
경기,군포시,일반,남자,85세이상,323,8,16,50,122,37,9,17,7,6
경기,군포시,일반,여자,65세미만,53,7,2,9,5,5,0,5,1,2
경기,군포시,일반,여자,65-69세,118,3,6,18,16,6,1,15,10,8
경기,군포시,일반,여자,70-74세,179,6,10,20,33,8,4,14,15,3
경기,군포시,일반,여자,75-79세,396,15,18,55,100,36,16,36,11,13
경기,군포시,일반,여자,80-84세,709,24,63,108,209,76,21,36,24,11
경기,군포시,일반,여자,85세이상,1027,56,96,261,323,80,21,29,18,9
경기,군포시,기초,남자,65세미만,86,5,3,9,21,8,3,7,5,2
경기,군포시,기초,남자,65-69세,73,2,2,10,24,7,1,3,3,8
경기,군포시,기초,남자,70-74세,65,2,5,7,16,7,2,3,9,3
경기,군포시,기초,남자,75-79세,44,2,2,4,13,2,2,1,2,3
경기,군포시,기초,남자,80-84세,58,0,5,6,22,7,3,2,2,0
경기,군포시,기초,남자,85세이상,39,1,4,10,14,3,1,1,2,0
경기,군포시,기초,여자,65세미만,41,2,2,8,7,2,0,7,4,3
경기,군포시,기초,여자,65-69세,66,2,2,10,15,6,1,5,4,5
경기,군포시,기초,여자,70-74세,74,3,5,13,21,5,1,6,5,1
경기,군포시,기초,여자,75-79세,113,7,3,13,35,8,4,1,14,3
경기,군포시,기초,여자,80-84세,175,7,11,30,66,23,5,7,5,2
경기,군포시,기초,여자,85세이상,290,13,40,70,96,20,1,3,4,1
경기,군포시,의료,남자,65세미만,1,0,0,0,0,0,0,1,0,0
경기,군포시,의료,남자,65-69세,2,0,0,0,0,0,0,1,0,0
경기,군포시,의료,남자,70-74세,5,0,0,0,1,0,0,1,0,0
경기,군포시,의료,남자,75-79세,1,0,0,0,0,0,0,0,0,0
경기,군포시,의료,남자,80-84세,1,0,0,0,0,0,0,1,0,0
경기,군포시,의료,남자,85세이상,7,0,1,1,1,1,0,0,1,0
경기,군포시,의료,여자,65세미만,0,0,0,0,0,0,0,0,0,0
경기,군포시,의료,여자,65-69세,1,0,0,0,0,0,0,0,0,0
경기,군포시,의료,여자,70-74세,3,0,0,0,1,0,0,1,0,0
경기,군포시,의료,여자,75-79세,6,0,1,1,1,0,0,0,1,0
경기,군포시,의료,여자,80-84세,10,0,0,0,5,1,0,0,0,0
경기,군포시,의료,여자,85세이상,30,0,0,12,14,2,1,1,0,0
경기,군포시,감경,남자,65세미만,33,4,2,11,11,1,1,1,0,0
경기,군포시,감경,남자,65-69세,54,2,8,16,17,6,0,1,0,1
경기,군포시,감경,남자,70-74세,58,6,5,19,20,6,0,0,0,0
경기,군포시,감경,남자,75-79세,67,2,6,15,30,8,2,1,0,0
경기,군포시,감경,남자,80-84세,96,3,8,21,46,9,2,1,0,0
경기,군포시,감경,남자,85세이상,121,3,11,27,57,7,7,2,0,1
경기,군포시,감경,여자,65세미만,21,3,5,5,5,1,0,1,0,0
경기,군포시,감경,여자,65-69세,51,6,6,12,12,5,4,0,2,0
경기,군포시,감경,여자,70-74세,66,3,5,26,23,6,1,0,0,1
경기,군포시,감경,여자,75-79세,155,8,17,40,54,14,4,2,1,0
경기,군포시,감경,여자,80-84세,325,13,29,86,128,40,15,2,0,1
경기,군포시,감경,여자,85세이상,650,50,92,205,232,49,7,1,0,0
경기,의왕시,일반,남자,65세미만,44,5,1,5,8,3,1,7,2,2
경기,의왕시,일반,남자,65-69세,65,3,5,6,14,5,2,9,1,2
경기,의왕시,일반,남자,70-74세,79,5,2,12,25,9,1,7,3,1
경기,의왕시,일반,남자,75-79세,115,3,6,24,33,9,3,2,1,4
경기,의왕시,일반,남자,80-84세,157,3,8,25,51,19,4,6,5,3
경기,의왕시,일반,남자,85세이상,172,7,9,45,62,11,3,5,2,0
경기,의왕시,일반,여자,65세미만,27,3,0,3,9,1,0,3,2,1
경기,의왕시,일반,여자,65-69세,69,3,3,8,7,2,0,8,7,1
경기,의왕시,일반,여자,70-74세,96,5,7,11,19,3,1,12,4,4
경기,의왕시,일반,여자,75-79세,214,11,6,29,56,20,7,14,9,3
경기,의왕시,일반,여자,80-84세,391,13,11,66,112,35,19,30,9,12
경기,의왕시,일반,여자,85세이상,551,21,44,158,183,52,10,16,10,2
경기,의왕시,기초,남자,65세미만,26,0,1,9,6,3,0,1,2,1
경기,의왕시,기초,남자,65-69세,21,1,1,2,5,1,0,3,3,0
경기,의왕시,기초,남자,70-74세,16,1,1,4,2,1,0,2,1,0
경기,의왕시,기초,남자,75-79세,14,0,3,2,5,0,0,1,0,0
경기,의왕시,기초,남자,80-84세,18,2,2,1,5,2,2,0,0,0
경기,의왕시,기초,남자,85세이상,9,1,0,1,4,0,0,0,0,0
경기,의왕시,기초,여자,65세미만,12,0,1,2,0,1,2,1,0,2
경기,의왕시,기초,여자,65-69세,16,1,0,2,1,3,0,2,1,1
경기,의왕시,기초,여자,70-74세,25,0,4,1,4,4,1,4,1,1
경기,의왕시,기초,여자,75-79세,40,0,1,6,6,1,1,3,3,1
경기,의왕시,기초,여자,80-84세,66,3,7,10,30,6,0,1,2,0
경기,의왕시,기초,여자,85세이상,77,8,9,13,27,7,0,0,0,1
경기,의왕시,의료,남자,65세미만,1,1,0,0,0,0,0,0,0,0
경기,의왕시,의료,남자,65-69세,0,0,0,0,0,0,0,0,0,0
경기,의왕시,의료,남자,70-74세,1,0,1,0,0,0,0,0,0,0
경기,의왕시,의료,남자,75-79세,1,0,0,1,0,0,0,0,0,0
경기,의왕시,의료,남자,80-84세,0,0,0,0,0,0,0,0,0,0
경기,의왕시,의료,남자,85세이상,5,0,0,1,1,1,0,0,0,1
경기,의왕시,의료,여자,65세미만,0,0,0,0,0,0,0,0,0,0
경기,의왕시,의료,여자,65-69세,0,0,0,0,0,0,0,0,0,0
경기,의왕시,의료,여자,70-74세,0,0,0,0,0,0,0,0,0,0
경기,의왕시,의료,여자,75-79세,3,0,0,0,1,1,0,0,0,0
경기,의왕시,의료,여자,80-84세,1,0,0,0,0,0,0,0,1,0
경기,의왕시,의료,여자,85세이상,9,0,0,3,3,2,0,0,0,0
경기,의왕시,감경,남자,65세미만,19,1,1,6,7,0,0,0,1,0
경기,의왕시,감경,남자,65-69세,31,4,2,10,8,1,4,1,0,0
경기,의왕시,감경,남자,70-74세,34,4,4,9,11,5,0,0,1,0
경기,의왕시,감경,남자,75-79세,38,1,4,9,13,7,1,0,0,0
경기,의왕시,감경,남자,80-84세,41,4,3,8,16,4,2,0,0,0
경기,의왕시,감경,남자,85세이상,52,1,8,17,18,5,2,0,0,0
경기,의왕시,감경,여자,65세미만,16,3,1,6,3,0,1,0,0,0
경기,의왕시,감경,여자,65-69세,23,2,3,3,9,4,0,1,0,0
경기,의왕시,감경,여자,70-74세,32,1,2,8,11,6,2,0,0,0
경기,의왕시,감경,여자,75-79세,64,4,1,16,24,11,4,0,0,0
경기,의왕시,감경,여자,80-84세,163,6,17,45,69,14,5,0,1,1
경기,의왕시,감경,여자,85세이상,304,25,28,104,116,24,1,1,0,0
경기,하남시,일반,남자,65세미만,60,3,10,10,9,1,0,10,2,2
경기,하남시,일반,남자,65-69세,99,5,9,19,21,4,1,12,2,2
경기,하남시,일반,남자,70-74세,162,9,11,42,45,3,2,10,6,1
경기,하남시,일반,남자,75-79세,215,11,5,72,57,12,3,14,7,0
경기,하남시,일반,남자,80-84세,255,5,26,60,80,20,5,9,5,3
경기,하남시,일반,남자,85세이상,231,7,15,55,77,24,3,13,8,1
경기,하남시,일반,여자,65세미만,52,4,0,12,9,1,0,9,2,4
경기,하남시,일반,여자,65-69세,152,10,13,18,25,11,1,22,7,6
경기,하남시,일반,여자,70-74세,201,8,11,46,45,11,2,21,8,4
경기,하남시,일반,여자,75-79세,390,16,20,79,109,28,8,35,17,4
경기,하남시,일반,여자,80-84세,597,21,52,126,189,71,11,25,23,5
경기,하남시,일반,여자,85세이상,798,32,87,263,274,50,5,19,9,3
경기,하남시,기초,남자,65세미만,52,3,1,8,15,3,1,6,3,5
경기,하남시,기초,남자,65-69세,57,1,3,7,13,4,0,10,5,3
경기,하남시,기초,남자,70-74세,55,0,4,7,25,3,0,2,1,3
경기,하남시,기초,남자,75-79세,34,1,3,4,11,5,2,3,1,2
경기,하남시,기초,남자,80-84세,49,1,0,7,21,6,0,3,6,2
경기,하남시,기초,남자,85세이상,26,0,2,4,7,6,0,2,2,0
경기,하남시,기초,여자,65세미만,20,3,2,2,4,2,0,3,1,0
경기,하남시,기초,여자,65-69세,50,1,2,8,9,1,1,11,2,2
경기,하남시,기초,여자,70-74세,53,3,3,8,14,2,0,7,5,3
경기,하남시,기초,여자,75-79세,72,2,2,9,27,4,3,7,4,1
경기,하남시,기초,여자,80-84세,101,2,4,24,35,13,2,4,7,0
경기,하남시,기초,여자,85세이상,148,5,23,34,55,11,1,1,3,1
경기,하남시,의료,남자,65세미만,0,0,0,0,0,0,0,0,0,0
경기,하남시,의료,남자,65-69세,1,0,0,1,0,0,0,0,0,0
경기,하남시,의료,남자,70-74세,2,0,0,0,0,2,0,0,0,0
경기,하남시,의료,남자,75-79세,4,0,0,0,3,0,0,0,0,0
경기,하남시,의료,남자,80-84세,0,0,0,0,0,0,0,0,0,0
경기,하남시,의료,남자,85세이상,7,0,2,3,0,0,0,0,0,0
경기,하남시,의료,여자,65세미만,1,0,0,0,1,0,0,0,0,0
경기,하남시,의료,여자,65-69세,1,0,0,0,0,0,0,0,0,1
경기,하남시,의료,여자,70-74세,4,0,0,0,2,0,0,0,0,0
경기,하남시,의료,여자,75-79세,3,0,0,0,1,0,1,0,0,0
경기,하남시,의료,여자,80-84세,10,0,0,2,6,0,0,1,0,0
경기,하남시,의료,여자,85세이상,24,0,4,12,4,2,0,0,0,0
경기,하남시,감경,남자,65세미만,30,3,7,10,9,1,0,0,0,0
경기,하남시,감경,남자,65-69세,52,3,3,18,25,1,0,0,2,0
경기,하남시,감경,남자,70-74세,78,8,6,19,32,7,2,0,0,0
경기,하남시,감경,남자,75-79세,107,2,11,38,36,12,3,2,0,0
경기,하남시,감경,남자,80-84세,82,6,5,17,31,15,3,1,0,0
경기,하남시,감경,남자,85세이상,88,2,6,31,39,7,1,0,0,0
경기,하남시,감경,여자,65세미만,25,1,7,9,4,2,0,0,0,0
경기,하남시,감경,여자,65-69세,47,6,2,15,16,5,0,0,0,0
경기,하남시,감경,여자,70-74세,103,10,10,22,40,12,1,0,1,0
경기,하남시,감경,여자,75-79세,151,14,16,38,59,12,5,1,0,0
경기,하남시,감경,여자,80-84세,294,8,33,96,112,27,5,1,0,0
경기,하남시,감경,여자,85세이상,518,26,73,162,198,37,7,1,0,0
경기,용인시,일반,남자,65세미만,218,22,14,38,45,3,0,17,5,5
경기,용인시,일반,남자,65-69세,359,24,24,77,84,8,4,30,11,12
경기,용인시,일반,남자,70-74세,547,37,43,137,125,21,4,44,15,8
경기,용인시,일반,남자,75-79세,809,35,43,206,218,42,18,48,31,11
경기,용인시,일반,남자,80-84세,1336,73,99,319,405,113,29,63,32,18
경기,용인시,일반,남자,85세이상,1565,71,109,376,582,112,20,58,33,19
경기,용인시,일반,여자,65세미만,181,25,13,35,31,6,4,19,8,6
경기,용인시,일반,여자,65-69세,421,22,28,63,80,15,3,34,20,14
경기,용인시,일반,여자,70-74세,877,56,46,153,206,47,12,77,37,23
경기,용인시,일반,여자,75-79세,1874,107,98,358,574,131,51,115,72,32
경기,용인시,일반,여자,80-84세,2968,187,224,684,934,216,65,165,65,20
경기,용인시,일반,여자,85세이상,3996,297,481,1152,1392,185,43,90,35,17
경기,용인시,기초,남자,65세미만,148,9,13,18,51,3,1,14,8,6
경기,용인시,기초,남자,65-69세,124,7,3,20,44,4,2,10,8,4
경기,용인시,기초,남자,70-74세,97,8,5,13,35,2,1,8,3,7
경기,용인시,기초,남자,75-79세,101,2,8,17,33,4,0,3,4,4
경기,용인시,기초,남자,80-84세,91,6,11,13,26,8,1,5,7,1
경기,용인시,기초,남자,85세이상,80,1,3,23,32,2,2,3,2,0
경기,용인시,기초,여자,65세미만,77,11,6,15,16,0,0,6,4,4
경기,용인시,기초,여자,65-69세,111,12,7,19,30,1,0,10,7,1
경기,용인시,기초,여자,70-74세,143,8,13,22,44,3,1,8,4,1
경기,용인시,기초,여자,75-79세,249,11,21,57,77,14,3,11,11,3
경기,용인시,기초,여자,80-84세,330,16,30,73,130,17,4,7,6,4
경기,용인시,기초,여자,85세이상,523,51,82,169,148,16,1,7,8,3
경기,용인시,의료,남자,65세미만,3,1,0,0,0,0,0,0,1,0
경기,용인시,의료,남자,65-69세,3,0,0,0,0,0,0,0,0,0
경기,용인시,의료,남자,70-74세,1,0,1,0,0,0,0,0,0,0
경기,용인시,의료,남자,75-79세,7,0,1,1,4,0,0,0,0,0
경기,용인시,의료,남자,80-84세,4,0,0,0,3,0,0,0,0,0
경기,용인시,의료,남자,85세이상,19,0,0,5,7,0,0,0,0,1
경기,용인시,의료,여자,65세미만,0,0,0,0,0,0,0,0,0,0
경기,용인시,의료,여자,65-69세,3,0,1,0,1,0,0,0,0,0
경기,용인시,의료,여자,70-74세,9,1,0,0,2,1,0,1,0,1
경기,용인시,의료,여자,75-79세,9,2,0,3,2,0,0,0,0,0
경기,용인시,의료,여자,80-84세,25,3,1,8,9,1,1,1,0,0
경기,용인시,의료,여자,85세이상,69,4,8,23,26,1,0,1,1,0
경기,용인시,감경,남자,65세미만,106,18,12,29,30,3,1,1,0,0
경기,용인시,감경,남자,65-69세,130,15,19,34,49,2,4,3,0,0
경기,용인시,감경,남자,70-74세,222,18,24,67,88,13,4,1,1,0
경기,용인시,감경,남자,75-79세,274,15,22,82,124,15,4,1,1,0
경기,용인시,감경,남자,80-84세,361,14,41,122,145,26,10,0,1,0
경기,용인시,감경,남자,85세이상,462,17,33,150,212,29,11,3,1,0
경기,용인시,감경,여자,65세미만,82,11,10,30,18,4,0,1,0,0
경기,용인시,감경,여자,65-69세,140,14,18,38,46,10,5,1,0,0
경기,용인시,감경,여자,70-74세,247,28,38,77,76,8,5,1,0,0
경기,용인시,감경,여자,75-79세,554,49,61,153,204,44,14,2,0,2
경기,용인시,감경,여자,80-84세,1136,71,120,352,458,76,21,2,0,1
경기,용인시,감경,여자,85세이상,1942,151,291,669,705,89,14,0,0,0
경기,파주시,일반,남자,65세미만,103,10,5,17,14,8,2,9,5,5
경기,파주시,일반,남자,65-69세,160,10,7,22,35,8,2,13,9,5
경기,파주시,일반,남자,70-74세,218,11,8,44,56,18,4,20,9,6
경기,파주시,일반,남자,75-79세,353,10,23,62,92,32,17,16,12,11
경기,파주시,일반,남자,80-84세,496,13,24,96,158,52,11,20,17,6
경기,파주시,일반,남자,85세이상,534,15,20,121,185,65,14,10,12,6
경기,파주시,일반,여자,65세미만,83,11,4,12,13,11,1,7,2,2
경기,파주시,일반,여자,65-69세,208,9,5,30,35,10,5,15,17,8
경기,파주시,일반,여자,70-74세,360,18,18,47,69,31,10,38,24,8
경기,파주시,일반,여자,75-79세,804,22,41,109,180,79,25,81,38,25
경기,파주시,일반,여자,80-84세,1306,48,71,237,388,138,35,76,50,22
경기,파주시,일반,여자,85세이상,1447,67,117,355,465,149,24,50,27,7
경기,파주시,기초,남자,65세미만,193,9,15,39,46,18,3,15,8,7
경기,파주시,기초,남자,65-69세,159,5,3,27,47,13,6,15,12,6
경기,파주시,기초,남자,70-74세,113,3,6,19,38,8,7,6,5,6
경기,파주시,기초,남자,75-79세,118,3,7,25,29,14,3,3,5,1
경기,파주시,기초,남자,80-84세,134,3,7,28,42,19,3,3,5,1
경기,파주시,기초,남자,85세이상,110,1,5,19,45,21,4,0,6,0
경기,파주시,기초,여자,65세미만,91,7,9,21,23,4,1,9,3,3
경기,파주시,기초,여자,65-69세,124,7,3,12,34,10,4,10,17,6
경기,파주시,기초,여자,70-74세,154,6,11,26,34,11,2,18,7,4
경기,파주시,기초,여자,75-79세,281,15,12,51,74,41,10,11,11,5
경기,파주시,기초,여자,80-84세,387,22,27,69,127,49,8,23,8,3
경기,파주시,기초,여자,85세이상,545,22,54,135,204,48,3,7,5,1
경기,파주시,의료,남자,65세미만,0,0,0,0,0,0,0,0,0,0
경기,파주시,의료,남자,65-69세,2,0,0,0,0,0,0,0,0,0
경기,파주시,의료,남자,70-74세,6,0,0,3,1,1,0,0,0,1
경기,파주시,의료,남자,75-79세,3,0,0,0,1,2,0,0,0,0
경기,파주시,의료,남자,80-84세,7,0,0,3,2,0,0,0,0,0
경기,파주시,의료,남자,85세이상,11,0,0,0,6,2,0,0,0,0
경기,파주시,의료,여자,65세미만,1,0,0,0,0,0,0,1,0,0
경기,파주시,의료,여자,65-69세,4,0,0,0,1,0,0,1,0,0
경기,파주시,의료,여자,70-74세,7,0,0,1,4,1,0,0,0,0
경기,파주시,의료,여자,75-79세,6,0,1,0,1,1,0,0,0,0
경기,파주시,의료,여자,80-84세,16,0,0,2,3,5,0,0,2,0
경기,파주시,의료,여자,85세이상,66,3,5,14,22,8,0,0,2,0
경기,파주시,감경,남자,65세미만,82,8,7,32,19,5,4,1,1,0
경기,파주시,감경,남자,65-69세,103,8,10,35,34,9,3,0,0,0
경기,파주시,감경,남자,70-74세,174,8,16,46,68,29,4,0,1,0
경기,파주시,감경,남자,75-79세,212,9,14,61,80,30,10,1,0,0
경기,파주시,감경,남자,80-84세,300,12,20,70,121,57,10,1,1,1
경기,파주시,감경,남자,85세이상,343,10,14,95,153,53,11,0,0,2
경기,파주시,감경,여자,65세미만,59,8,3,10,24,6,3,0,0,0
경기,파주시,감경,여자,65-69세,109,13,4,24,42,12,2,2,1,0
경기,파주시,감경,여자,70-74세,205,6,14,54,76,29,9,3,1,0
경기,파주시,감경,여자,75-79세,458,27,35,98,189,63,19,3,4,0
경기,파주시,감경,여자,80-84세,924,40,62,250,366,144,35,1,4,0
경기,파주시,감경,여자,85세이상,1308,72,150,420,497,131,19,2,1,0
경기,이천시,일반,남자,65세미만,34,4,0,6,9,1,0,5,0,4
경기,이천시,일반,남자,65-69세,82,5,2,19,19,0,4,10,4,3
경기,이천시,일반,남자,70-74세,101,12,9,30,16,3,0,9,3,2
경기,이천시,일반,남자,75-79세,163,4,10,46,46,8,2,11,12,3
경기,이천시,일반,남자,80-84세,210,10,17,67,62,12,3,10,6,2
경기,이천시,일반,남자,85세이상,213,4,18,71,70,5,1,9,7,6
경기,이천시,일반,여자,65세미만,26,3,1,5,4,1,1,3,1,3
경기,이천시,일반,여자,65-69세,107,4,9,20,15,1,2,10,10,6
경기,이천시,일반,여자,70-74세,189,8,6,31,40,7,6,18,12,11
경기,이천시,일반,여자,75-79세,326,9,17,63,82,14,3,31,17,8
경기,이천시,일반,여자,80-84세,550,24,44,140,161,30,14,43,24,12
경기,이천시,일반,여자,85세이상,689,48,53,238,217,30,5,28,10,8
경기,이천시,기초,남자,65세미만,59,3,2,20,17,1,0,5,3,2
경기,이천시,기초,남자,65-69세,77,0,2,19,26,2,1,7,5,8
경기,이천시,기초,남자,70-74세,53,3,4,13,13,2,1,2,3,2
경기,이천시,기초,남자,75-79세,30,1,1,8,8,3,1,1,2,1
경기,이천시,기초,남자,80-84세,46,1,2,13,12,0,2,2,2,7
경기,이천시,기초,남자,85세이상,28,1,5,5,11,1,0,1,1,1
경기,이천시,기초,여자,65세미만,25,2,1,5,3,1,1,6,2,1
경기,이천시,기초,여자,65-69세,39,1,2,7,10,2,0,4,5,1
경기,이천시,기초,여자,70-74세,63,1,3,11,21,1,1,5,2,7
경기,이천시,기초,여자,75-79세,78,2,1,26,22,1,1,5,5,6
경기,이천시,기초,여자,80-84세,110,5,10,26,41,1,3,3,2,4
경기,이천시,기초,여자,85세이상,158,8,13,66,48,3,2,5,3,0
경기,이천시,의료,남자,65세미만,0,0,0,0,0,0,0,0,0,0
경기,이천시,의료,남자,65-69세,0,0,0,0,0,0,0,0,0,0
경기,이천시,의료,남자,70-74세,2,0,0,0,0,0,0,1,0,0
경기,이천시,의료,남자,75-79세,2,0,0,0,1,0,0,0,1,0
경기,이천시,의료,남자,80-84세,1,0,0,0,0,0,0,0,0,0
경기,이천시,의료,남자,85세이상,4,0,0,2,1,0,0,0,0,0
경기,이천시,의료,여자,65세미만,0,0,0,0,0,0,0,0,0,0
경기,이천시,의료,여자,65-69세,0,0,0,0,0,0,0,0,0,0
경기,이천시,의료,여자,70-74세,1,0,0,1,0,0,0,0,0,0
경기,이천시,의료,여자,75-79세,1,0,0,0,1,0,0,0,0,0
경기,이천시,의료,여자,80-84세,5,0,0,3,2,0,0,0,0,0
경기,이천시,의료,여자,85세이상,18,1,2,6,5,1,0,1,1,0
경기,이천시,감경,남자,65세미만,29,2,2,16,5,1,0,0,0,0
경기,이천시,감경,남자,65-69세,44,1,4,18,12,3,1,0,0,0
경기,이천시,감경,남자,70-74세,59,7,3,23,22,2,1,0,0,0
경기,이천시,감경,남자,75-79세,78,8,7,31,24,2,1,0,0,0
경기,이천시,감경,남자,80-84세,111,9,7,41,43,7,2,0,0,0
경기,이천시,감경,남자,85세이상,129,7,9,50,51,11,0,0,0,0
경기,이천시,감경,여자,65세미만,22,3,1,9,7,0,0,0,0,0
경기,이천시,감경,여자,65-69세,40,5,6,9,18,0,1,0,0,0
경기,이천시,감경,여자,70-74세,96,5,11,37,34,2,3,0,0,1
경기,이천시,감경,여자,75-79세,162,8,13,59,52,6,8,0,2,1
경기,이천시,감경,여자,80-84세,342,27,27,117,133,19,9,2,0,1
경기,이천시,감경,여자,85세이상,554,36,79,229,174,22,4,1,2,0
경기,안성시,일반,남자,65세미만,43,2,3,9,7,3,0,7,4,1
경기,안성시,일반,남자,65-69세,69,4,5,15,17,3,0,6,4,4
경기,안성시,일반,남자,70-74세,104,1,8,18,41,5,1,5,1,0
경기,안성시,일반,남자,75-79세,162,9,4,51,49,10,2,8,6,0
경기,안성시,일반,남자,80-84세,272,10,12,58,93,24,3,10,7,5
경기,안성시,일반,남자,85세이상,307,8,26,62,127,21,2,11,10,3
경기,안성시,일반,여자,65세미만,34,3,1,8,6,2,0,3,2,2
경기,안성시,일반,여자,65-69세,114,2,5,21,24,8,1,14,9,3
경기,안성시,일반,여자,70-74세,180,8,9,23,48,13,1,22,15,3
경기,안성시,일반,여자,75-79세,359,7,19,58,112,23,7,33,19,7
경기,안성시,일반,여자,80-84세,745,21,58,178,263,48,13,34,26,8
경기,안성시,일반,여자,85세이상,919,30,134,289,314,43,8,21,8,4
경기,안성시,기초,남자,65세미만,87,8,12,19,21,2,0,7,3,0
경기,안성시,기초,남자,65-69세,92,4,4,16,31,5,2,3,6,5
경기,안성시,기초,남자,70-74세,66,1,7,10,25,4,1,5,3,2
경기,안성시,기초,남자,75-79세,49,1,6,9,16,3,0,0,2,2
경기,안성시,기초,남자,80-84세,47,1,6,6,19,4,0,2,4,0
경기,안성시,기초,남자,85세이상,33,1,3,6,16,1,0,0,1,1
경기,안성시,기초,여자,65세미만,28,3,4,7,4,1,0,4,0,1
경기,안성시,기초,여자,65-69세,62,3,3,12,19,3,1,6,5,4
경기,안성시,기초,여자,70-74세,71,2,4,14,21,4,0,4,3,6
경기,안성시,기초,여자,75-79세,126,7,9,22,45,1,2,7,8,2
경기,안성시,기초,여자,80-84세,184,10,18,37,64,12,3,8,6,3
경기,안성시,기초,여자,85세이상,247,13,27,65,73,13,3,8,4,1
경기,안성시,의료,남자,65세미만,0,0,0,0,0,0,0,0,0,0
경기,안성시,의료,남자,65-69세,0,0,0,0,0,0,0,0,0,0
경기,안성시,의료,남자,70-74세,0,0,0,0,0,0,0,0,0,0
경기,안성시,의료,남자,75-79세,0,0,0,0,0,0,0,0,0,0
경기,안성시,의료,남자,80-84세,0,0,0,0,0,0,0,0,0,0
경기,안성시,의료,남자,85세이상,5,0,0,2,3,0,0,0,0,0
경기,안성시,의료,여자,65세미만,0,0,0,0,0,0,0,0,0,0
경기,안성시,의료,여자,65-69세,1,0,0,0,1,0,0,0,0,0
경기,안성시,의료,여자,70-74세,2,0,0,0,2,0,0,0,0,0
경기,안성시,의료,여자,75-79세,2,0,0,1,1,0,0,0,0,0
경기,안성시,의료,여자,80-84세,11,0,2,2,3,1,0,0,0,0
경기,안성시,의료,여자,85세이상,23,2,0,7,9,0,0,0,0,0
경기,안성시,감경,남자,65세미만,33,3,5,13,10,0,0,0,1,0
경기,안성시,감경,남자,65-69세,49,3,10,18,14,1,0,1,0,0
경기,안성시,감경,남자,70-74세,74,2,10,30,25,5,0,0,0,0
경기,안성시,감경,남자,75-79세,90,2,8,37,32,8,1,0,0,0
경기,안성시,감경,남자,80-84세,135,5,18,29,62,13,4,1,0,1
경기,안성시,감경,남자,85세이상,148,5,8,51,73,8,2,0,0,0
경기,안성시,감경,여자,65세미만,26,5,2,8,6,1,1,1,0,0
경기,안성시,감경,여자,65-69세,50,5,5,15,16,2,0,1,1,0
경기,안성시,감경,여자,70-74세,96,4,8,23,47,7,4,1,0,1
경기,안성시,감경,여자,75-79세,184,7,18,53,80,9,1,0,1,1
경기,안성시,감경,여자,80-84세,403,18,40,118,186,28,3,1,1,0
경기,안성시,감경,여자,85세이상,737,48,112,265,264,35,1,0,0,0
경기,김포시,일반,남자,65세미만,68,2,3,25,8,1,0,5,2,4
경기,김포시,일반,남자,65-69세,141,8,7,32,38,2,0,13,4,4
경기,김포시,일반,남자,70-74세,221,5,12,51,79,12,2,17,5,3
경기,김포시,일반,남자,75-79세,314,3,14,66,114,23,5,24,13,5
경기,김포시,일반,남자,80-84세,420,15,31,84,143,34,8,29,15,2
경기,김포시,일반,남자,85세이상,446,17,23,114,166,28,5,29,7,4
경기,김포시,일반,여자,65세미만,73,8,5,17,11,3,0,8,4,2
경기,김포시,일반,여자,65-69세,197,6,12,23,42,12,1,22,10,6
경기,김포시,일반,여자,70-74세,332,17,16,58,76,23,8,36,16,5
경기,김포시,일반,여자,75-79세,660,21,29,107,219,57,12,64,22,11
경기,김포시,일반,여자,80-84세,972,35,61,198,366,82,16,69,26,12
경기,김포시,일반,여자,85세이상,1233,54,116,357,461,65,10,44,9,3
경기,김포시,기초,남자,65세미만,104,7,7,20,27,5,3,10,5,2
경기,김포시,기초,남자,65-69세,91,5,4,22,31,6,1,5,4,1
경기,김포시,기초,남자,70-74세,81,5,4,19,20,3,2,8,5,3
경기,김포시,기초,남자,75-79세,86,6,7,18,21,5,1,5,3,3
경기,김포시,기초,남자,80-84세,84,4,8,18,31,9,3,3,2,1
경기,김포시,기초,남자,85세이상,72,4,10,17,27,1,1,0,3,0
경기,김포시,기초,여자,65세미만,57,3,9,14,15,3,0,3,3,1
경기,김포시,기초,여자,65-69세,82,2,6,16,30,4,0,9,4,3
경기,김포시,기초,여자,70-74세,89,4,6,10,28,10,3,10,7,2
경기,김포시,기초,여자,75-79세,154,2,10,29,65,11,2,8,6,0
경기,김포시,기초,여자,80-84세,203,7,14,41,86,10,4,3,8,2
경기,김포시,기초,여자,85세이상,350,19,39,108,129,6,5,4,7,0
경기,김포시,의료,남자,65세미만,0,0,0,0,0,0,0,0,0,0
경기,김포시,의료,남자,65-69세,0,0,0,0,0,0,0,0,0,0
경기,김포시,의료,남자,70-74세,3,1,1,0,0,0,0,0,1,0
경기,김포시,의료,남자,75-79세,7,0,0,4,1,2,0,0,0,0
경기,김포시,의료,남자,80-84세,1,0,0,0,0,1,0,0,0,0
경기,김포시,의료,남자,85세이상,14,0,2,4,7,0,0,0,0,0
경기,김포시,의료,여자,65세미만,0,0,0,0,0,0,0,0,0,0
경기,김포시,의료,여자,65-69세,1,0,0,1,0,0,0,0,0,0
경기,김포시,의료,여자,70-74세,2,1,0,0,1,0,0,0,0,0
경기,김포시,의료,여자,75-79세,6,0,1,1,2,0,0,0,1,0
경기,김포시,의료,여자,80-84세,13,0,0,4,5,0,0,1,0,0
경기,김포시,의료,여자,85세이상,37,2,2,9,14,5,0,0,0,0
경기,김포시,감경,남자,65세미만,50,4,6,18,13,4,1,0,0,0
경기,김포시,감경,남자,65-69세,81,3,5,24,38,2,1,0,1,0
경기,김포시,감경,남자,70-74세,112,6,8,31,49,9,3,1,1,0
경기,김포시,감경,남자,75-79세,148,2,10,43,74,9,3,0,0,0
경기,김포시,감경,남자,80-84세,184,3,12,60,81,22,3,0,1,0
경기,김포시,감경,남자,85세이상,185,6,14,58,87,17,3,0,0,0
경기,김포시,감경,여자,65세미만,33,5,4,10,8,4,0,0,0,0
경기,김포시,감경,여자,65-69세,84,8,5,23,36,2,2,0,0,0
경기,김포시,감경,여자,70-74세,165,14,14,34,72,16,4,2,0,0
경기,김포시,감경,여자,75-79세,303,15,20,88,129,23,10,2,0,0
경기,김포시,감경,여자,80-84세,532,26,50,152,219,49,14,5,1,1
경기,김포시,감경,여자,85세이상,899,52,111,269,401,40,7,1,2,0
경기,화성시,일반,남자,65세미만,145,5,9,31,24,2,1,24,8,1
경기,화성시,일반,남자,65-69세,233,10,14,53,48,7,1,22,12,13
경기,화성시,일반,남자,70-74세,318,11,15,54,96,20,3,30,7,7
경기,화성시,일반,남자,75-79세,463,12,32,96,141,32,8,26,11,20
경기,화성시,일반,남자,80-84세,547,15,35,116,177,47,10,27,17,15
경기,화성시,일반,남자,85세이상,666,10,44,177,243,36,14,19,9,11
경기,화성시,일반,여자,65세미만,96,11,7,19,16,5,1,9,2,1
경기,화성시,일반,여자,65-69세,279,7,11,36,60,17,9,26,12,16
경기,화성시,일반,여자,70-74세,483,12,19,77,133,19,11,37,16,5
경기,화성시,일반,여자,75-79세,910,34,41,154,264,69,27,64,43,19
경기,화성시,일반,여자,80-84세,1489,39,71,363,537,106,27,71,32,16
경기,화성시,일반,여자,85세이상,1830,64,195,609,635,83,14,41,19,7
경기,화성시,기초,남자,65세미만,126,5,11,32,34,6,2,12,3,3
경기,화성시,기초,남자,65-69세,114,2,5,19,37,2,4,9,11,5
경기,화성시,기초,남자,70-74세,106,5,6,26,31,4,2,3,0,6
경기,화성시,기초,남자,75-79세,93,3,6,21,25,7,1,6,6,4
경기,화성시,기초,남자,80-84세,88,3,6,22,34,2,1,2,2,0
경기,화성시,기초,남자,85세이상,81,2,5,16,30,7,1,2,1,0
경기,화성시,기초,여자,65세미만,72,8,8,20,20,3,0,0,3,2
경기,화성시,기초,여자,65-69세,95,5,13,18,22,3,0,11,6,2
경기,화성시,기초,여자,70-74세,124,5,13,23,41,7,2,5,5,1
경기,화성시,기초,여자,75-79세,178,6,12,37,61,16,2,9,5,3
경기,화성시,기초,여자,80-84세,249,6,22,56,92,8,1,18,4,3
경기,화성시,기초,여자,85세이상,381,19,41,132,129,15,1,1,4,0
경기,화성시,의료,남자,65세미만,1,0,0,0,1,0,0,0,0,0
경기,화성시,의료,남자,65-69세,3,1,0,0,0,0,0,0,0,0
경기,화성시,의료,남자,70-74세,3,0,0,1,1,0,0,0,0,1
경기,화성시,의료,남자,75-79세,6,0,0,3,3,0,0,0,0,0
경기,화성시,의료,남자,80-84세,5,0,0,1,2,1,0,0,0,0
경기,화성시,의료,남자,85세이상,8,1,0,3,1,0,0,0,0,0
경기,화성시,의료,여자,65세미만,1,0,0,0,1,0,0,0,0,0
경기,화성시,의료,여자,65-69세,2,0,0,0,1,0,0,0,0,0
경기,화성시,의료,여자,70-74세,3,0,0,1,1,0,0,0,0,0
경기,화성시,의료,여자,75-79세,9,0,0,1,5,0,0,1,0,0
경기,화성시,의료,여자,80-84세,18,0,0,2,5,3,1,0,1,1
경기,화성시,의료,여자,85세이상,42,1,5,15,10,2,0,1,0,0
경기,화성시,감경,남자,65세미만,78,5,9,29,27,1,0,0,0,0
경기,화성시,감경,남자,65-69세,123,4,11,39,50,5,1,1,0,1
경기,화성시,감경,남자,70-74세,174,5,14,50,81,10,3,1,0,0
경기,화성시,감경,남자,75-79세,203,11,16,59,95,15,3,1,0,0
경기,화성시,감경,남자,80-84세,254,4,23,84,111,24,1,1,0,0
경기,화성시,감경,남자,85세이상,249,11,19,89,112,10,2,0,0,0
경기,화성시,감경,여자,65세미만,60,8,10,21,9,1,0,1,0,0
경기,화성시,감경,여자,65-69세,126,7,7,34,50,11,3,3,2,0
경기,화성시,감경,여자,70-74세,226,17,16,61,89,19,3,3,0,0
경기,화성시,감경,여자,75-79세,455,29,43,113,196,36,9,4,0,1
경기,화성시,감경,여자,80-84세,834,43,79,239,353,63,19,6,0,0
경기,화성시,감경,여자,85세이상,1351,62,177,511,522,58,6,0,0,0
경기,광주시,일반,남자,65세미만,71,7,5,14,11,0,0,11,4,1
경기,광주시,일반,남자,65-69세,157,10,12,38,35,3,2,12,3,6
경기,광주시,일반,남자,70-74세,198,10,7,46,53,7,5,13,6,7
경기,광주시,일반,남자,75-79세,294,8,23,69,80,12,2,28,9,9
경기,광주시,일반,남자,80-84세,369,14,31,83,108,24,5,25,11,4
경기,광주시,일반,남자,85세이상,341,14,23,85,118,19,7,14,9,9
경기,광주시,일반,여자,65세미만,72,9,6,18,13,0,1,4,4,2
경기,광주시,일반,여자,65-69세,176,6,7,30,34,4,1,30,7,5
경기,광주시,일반,여자,70-74세,338,16,15,45,84,9,4,30,24,9
경기,광주시,일반,여자,75-79세,545,23,23,100,148,34,12,38,21,6
경기,광주시,일반,여자,80-84세,896,47,62,222,279,46,21,57,22,9
경기,광주시,일반,여자,85세이상,1174,93,152,345,376,44,16,19,23,1
경기,광주시,기초,남자,65세미만,68,3,9,16,16,3,1,4,4,1
경기,광주시,기초,남자,65-69세,84,2,5,15,25,1,2,7,7,4
경기,광주시,기초,남자,70-74세,55,2,2,17,18,2,0,5,2,1
경기,광주시,기초,남자,75-79세,63,3,0,14,23,4,0,5,4,0
경기,광주시,기초,남자,80-84세,49,2,3,8,23,1,0,2,0,0
경기,광주시,기초,남자,85세이상,35,3,3,10,12,0,1,0,0,0
경기,광주시,기초,여자,65세미만,23,1,2,5,8,1,0,3,0,0
경기,광주시,기초,여자,65-69세,51,2,1,10,14,1,0,5,4,0
경기,광주시,기초,여자,70-74세,67,5,1,14,16,3,0,4,5,2
경기,광주시,기초,여자,75-79세,114,7,8,25,47,5,5,4,3,1
경기,광주시,기초,여자,80-84세,157,4,19,39,50,8,0,7,4,0
경기,광주시,기초,여자,85세이상,215,13,32,78,51,7,1,4,2,1
경기,광주시,의료,남자,65세미만,0,0,0,0,0,0,0,0,0,0
경기,광주시,의료,남자,65-69세,2,0,0,1,1,0,0,0,0,0
경기,광주시,의료,남자,70-74세,2,0,0,0,1,1,0,0,0,0
경기,광주시,의료,남자,75-79세,2,0,0,1,1,0,0,0,0,0
경기,광주시,의료,남자,80-84세,2,1,0,0,1,0,0,0,0,0
경기,광주시,의료,남자,85세이상,8,0,2,1,3,0,0,0,0,0
경기,광주시,의료,여자,65세미만,1,0,0,0,1,0,0,0,0,0
경기,광주시,의료,여자,65-69세,0,0,0,0,0,0,0,0,0,0
경기,광주시,의료,여자,70-74세,6,1,0,1,2,0,0,0,0,0
경기,광주시,의료,여자,75-79세,4,0,0,1,3,0,0,0,0,0
경기,광주시,의료,여자,80-84세,7,0,2,1,1,0,0,0,0,0
경기,광주시,의료,여자,85세이상,32,1,2,16,10,0,0,0,0,0
경기,광주시,감경,남자,65세미만,63,9,7,17,22,3,1,0,1,0
경기,광주시,감경,남자,65-69세,120,10,7,47,44,6,2,2,0,0
경기,광주시,감경,남자,70-74세,139,16,12,37,59,9,1,0,0,0
경기,광주시,감경,남자,75-79세,185,4,17,60,86,13,2,0,0,0
경기,광주시,감경,남자,80-84세,179,8,12,55,73,15,7,1,2,0
경기,광주시,감경,남자,85세이상,192,6,18,66,80,13,5,0,0,0
경기,광주시,감경,여자,65세미만,43,2,5,18,14,2,1,0,0,0
경기,광주시,감경,여자,65-69세,106,9,14,31,34,10,1,0,1,0
경기,광주시,감경,여자,70-74세,161,12,17,47,65,6,3,1,0,0
경기,광주시,감경,여자,75-79세,327,20,27,100,132,27,7,1,0,0
경기,광주시,감경,여자,80-84세,611,31,62,204,247,37,14,3,1,1
경기,광주시,감경,여자,85세이상,819,73,119,292,290,30,3,0,0,0
경기,양주시,일반,남자,65세미만,72,7,2,11,7,7,0,12,8,5
경기,양주시,일반,남자,65-69세,126,6,4,28,29,6,1,16,6,6
경기,양주시,일반,남자,70-74세,180,5,12,33,38,20,3,13,12,6
경기,양주시,일반,남자,75-79세,234,12,13,48,51,20,4,22,11,6
경기,양주시,일반,남자,80-84세,344,6,17,75,109,49,7,16,11,8
경기,양주시,일반,남자,85세이상,335,7,9,78,131,47,4,13,8,2
경기,양주시,일반,여자,65세미만,57,6,2,13,5,3,0,10,1,3
경기,양주시,일반,여자,65-69세,127,8,7,21,15,7,2,20,5,3
경기,양주시,일반,여자,70-74세,249,13,10,34,45,20,7,35,16,11
경기,양주시,일반,여자,75-79세,453,14,23,83,116,45,16,35,28,6
경기,양주시,일반,여자,80-84세,696,30,39,132,246,80,14,41,24,12
경기,양주시,일반,여자,85세이상,973,45,81,283,337,107,12,38,7,6
경기,양주시,기초,남자,65세미만,185,8,16,59,51,7,4,4,7,3
경기,양주시,기초,남자,65-69세,125,8,6,18,50,16,2,7,4,4
경기,양주시,기초,남자,70-74세,119,5,4,20,37,15,2,3,6,6
경기,양주시,기초,남자,75-79세,110,2,12,19,39,17,1,3,8,3
경기,양주시,기초,남자,80-84세,104,4,2,23,37,16,2,1,3,1
경기,양주시,기초,남자,85세이상,82,2,6,12,32,15,0,2,1,0
경기,양주시,기초,여자,65세미만,74,5,8,18,16,3,5,5,0,1
경기,양주시,기초,여자,65-69세,81,4,8,14,21,6,2,6,5,2
경기,양주시,기초,여자,70-74세,129,9,8,17,38,22,3,7,5,8
경기,양주시,기초,여자,75-79세,197,10,3,44,73,16,6,8,7,11
경기,양주시,기초,여자,80-84세,280,10,26,66,110,34,3,11,4,2
경기,양주시,기초,여자,85세이상,442,28,29,141,151,40,4,9,2,3
경기,양주시,의료,남자,65세미만,1,0,0,1,0,0,0,0,0,0
경기,양주시,의료,남자,65-69세,0,0,0,0,0,0,0,0,0,0
경기,양주시,의료,남자,70-74세,3,0,0,1,2,0,0,0,0,0
경기,양주시,의료,남자,75-79세,6,0,0,2,3,0,1,0,0,0
경기,양주시,의료,남자,80-84세,3,0,0,0,1,0,0,1,0,0
경기,양주시,의료,남자,85세이상,13,0,0,4,3,3,0,1,0,0
경기,양주시,의료,여자,65세미만,0,0,0,0,0,0,0,0,0,0
경기,양주시,의료,여자,65-69세,1,0,0,0,1,0,0,0,0,0
경기,양주시,의료,여자,70-74세,1,0,0,0,1,0,0,0,0,0
경기,양주시,의료,여자,75-79세,6,0,0,2,1,0,0,0,0,0
경기,양주시,의료,여자,80-84세,14,2,0,3,3,2,0,1,0,0
경기,양주시,의료,여자,85세이상,36,4,2,4,12,4,2,1,0,0
경기,양주시,감경,남자,65세미만,69,2,7,20,25,5,3,3,0,0
경기,양주시,감경,남자,65-69세,106,3,9,33,43,13,0,0,0,0
경기,양주시,감경,남자,70-74세,145,8,13,41,60,14,1,2,0,0
경기,양주시,감경,남자,75-79세,224,5,16,65,84,34,11,1,0,0
경기,양주시,감경,남자,80-84세,227,7,12,58,89,48,9,0,0,0
경기,양주시,감경,남자,85세이상,274,8,18,74,122,41,6,0,0,0
경기,양주시,감경,여자,65세미만,48,7,5,11,18,3,2,0,0,0
경기,양주시,감경,여자,65-69세,93,8,10,23,36,6,4,2,1,0
경기,양주시,감경,여자,70-74세,170,14,12,23,68,32,10,0,2,0
경기,양주시,감경,여자,75-79세,386,23,23,91,155,54,20,4,3,0
경기,양주시,감경,여자,80-84세,670,25,45,211,248,111,14,1,2,0
경기,양주시,감경,여자,85세이상,1089,62,115,370,413,107,5,2,0,0
경기,포천시,일반,남자,65세미만,46,0,2,6,9,2,0,8,7,2
경기,포천시,일반,남자,65-69세,68,2,2,8,21,1,0,11,2,4
경기,포천시,일반,남자,70-74세,93,2,4,7,32,5,2,10,7,7
경기,포천시,일반,남자,75-79세,133,9,6,29,28,8,3,13,9,8
경기,포천시,일반,남자,80-84세,218,7,9,39,68,26,14,7,13,6
경기,포천시,일반,남자,85세이상,224,4,8,52,91,21,6,13,6,6
경기,포천시,일반,여자,65세미만,39,4,1,5,5,2,2,6,4,1
경기,포천시,일반,여자,65-69세,91,3,1,12,12,4,3,12,6,6
경기,포천시,일반,여자,70-74세,172,3,2,16,29,11,3,27,15,17
경기,포천시,일반,여자,75-79세,325,11,10,60,75,32,9,38,12,15
경기,포천시,일반,여자,80-84세,515,13,22,101,170,48,20,36,19,15
경기,포천시,일반,여자,85세이상,674,30,54,175,260,65,10,15,8,6
경기,포천시,기초,남자,65세미만,98,3,3,19,18,8,4,11,5,9
경기,포천시,기초,남자,65-69세,86,1,4,12,27,5,1,6,6,11
경기,포천시,기초,남자,70-74세,80,4,5,16,16,2,5,5,4,6
경기,포천시,기초,남자,75-79세,56,0,2,12,16,2,2,4,1,6
경기,포천시,기초,남자,80-84세,58,1,0,13,17,4,1,1,5,4
경기,포천시,기초,남자,85세이상,47,0,1,17,21,3,1,2,1,0
경기,포천시,기초,여자,65세미만,40,3,3,9,7,5,0,5,2,2
경기,포천시,기초,여자,65-69세,80,2,5,9,21,5,1,7,4,11
경기,포천시,기초,여자,70-74세,101,3,1,19,25,10,1,5,9,12
경기,포천시,기초,여자,75-79세,147,3,5,19,48,15,4,9,9,13
경기,포천시,기초,여자,80-84세,188,2,10,55,67,18,3,5,8,1
경기,포천시,기초,여자,85세이상,220,10,11,62,93,20,4,1,4,0
경기,포천시,의료,남자,65세미만,0,0,0,0,0,0,0,0,0,0
경기,포천시,의료,남자,65-69세,0,0,0,0,0,0,0,0,0,0
경기,포천시,의료,남자,70-74세,0,0,0,0,0,0,0,0,0,0
경기,포천시,의료,남자,75-79세,2,0,1,1,0,0,0,0,0,0
경기,포천시,의료,남자,80-84세,1,0,0,1,0,0,0,0,0,0
경기,포천시,의료,남자,85세이상,6,0,1,0,3,0,0,0,0,0
경기,포천시,의료,여자,65세미만,0,0,0,0,0,0,0,0,0,0
경기,포천시,의료,여자,65-69세,0,0,0,0,0,0,0,0,0,0
경기,포천시,의료,여자,70-74세,3,0,0,0,3,0,0,0,0,0
경기,포천시,의료,여자,75-79세,2,0,0,1,1,0,0,0,0,0
경기,포천시,의료,여자,80-84세,8,0,1,2,1,1,0,2,0,0
경기,포천시,의료,여자,85세이상,24,2,1,6,5,5,0,1,1,0
경기,포천시,감경,남자,65세미만,37,2,0,8,18,3,2,0,0,1
경기,포천시,감경,남자,65-69세,62,2,6,22,24,3,0,0,1,3
경기,포천시,감경,남자,70-74세,66,2,5,16,27,7,3,1,0,0
경기,포천시,감경,남자,75-79세,90,2,4,25,37,7,7,1,1,1
경기,포천시,감경,남자,80-84세,134,1,9,34,61,20,7,0,0,1
경기,포천시,감경,남자,85세이상,186,2,14,46,92,23,3,1,0,0
경기,포천시,감경,여자,65세미만,23,2,4,8,4,1,2,1,0,0
경기,포천시,감경,여자,65-69세,43,3,3,12,14,2,2,1,1,0
경기,포천시,감경,여자,70-74세,92,7,7,22,37,8,3,2,1,1
경기,포천시,감경,여자,75-79세,217,7,14,51,90,28,9,1,4,2
경기,포천시,감경,여자,80-84세,472,18,32,120,197,76,17,4,0,3
경기,포천시,감경,여자,85세이상,805,42,64,241,342,83,15,3,1,0
경기,여주시,일반,남자,65세미만,24,0,1,2,6,1,0,3,1,1
경기,여주시,일반,남자,65-69세,66,2,4,18,16,3,0,4,3,0
경기,여주시,일반,남자,70-74세,75,6,4,13,17,3,1,4,2,2
경기,여주시,일반,남자,75-79세,137,7,5,27,36,16,1,12,3,1
경기,여주시,일반,남자,80-84세,161,4,11,30,54,17,4,5,1,4
경기,여주시,일반,남자,85세이상,210,5,11,51,81,25,4,3,3,0
경기,여주시,일반,여자,65세미만,27,1,3,5,4,0,0,5,1,2
경기,여주시,일반,여자,65-69세,81,3,8,6,12,1,1,8,3,7
경기,여주시,일반,여자,70-74세,157,8,5,16,33,3,2,15,5,9
경기,여주시,일반,여자,75-79세,250,8,13,38,67,15,2,13,12,3
경기,여주시,일반,여자,80-84세,443,15,26,102,157,35,11,12,10,11
경기,여주시,일반,여자,85세이상,594,37,72,156,196,42,5,14,5,5
경기,여주시,기초,남자,65세미만,47,2,5,9,12,5,0,4,2,1
경기,여주시,기초,남자,65-69세,70,1,3,18,18,3,0,11,4,3
경기,여주시,기초,남자,70-74세,35,1,3,5,10,4,1,1,2,1
경기,여주시,기초,남자,75-79세,30,2,0,3,13,4,1,3,0,0
경기,여주시,기초,남자,80-84세,53,2,3,12,19,8,0,0,1,1
경기,여주시,기초,남자,85세이상,33,2,2,10,13,0,1,0,0,0
경기,여주시,기초,여자,65세미만,29,5,3,3,9,2,0,2,0,1
경기,여주시,기초,여자,65-69세,50,3,2,10,15,3,2,4,2,1
경기,여주시,기초,여자,70-74세,57,2,6,10,14,5,1,3,1,3
경기,여주시,기초,여자,75-79세,91,2,7,22,18,6,2,4,3,1
경기,여주시,기초,여자,80-84세,137,9,12,25,49,12,2,2,7,3
경기,여주시,기초,여자,85세이상,140,6,20,51,42,5,1,1,1,0
경기,여주시,의료,남자,65세미만,0,0,0,0,0,0,0,0,0,0
경기,여주시,의료,남자,65-69세,1,0,0,0,0,0,0,0,0,0
경기,여주시,의료,남자,70-74세,1,0,0,0,1,0,0,0,0,0
경기,여주시,의료,남자,75-79세,1,0,0,0,1,0,0,0,0,0
경기,여주시,의료,남자,80-84세,0,0,0,0,0,0,0,0,0,0
경기,여주시,의료,남자,85세이상,4,0,0,0,4,0,0,0,0,0
경기,여주시,의료,여자,65세미만,0,0,0,0,0,0,0,0,0,0
경기,여주시,의료,여자,65-69세,1,0,0,0,1,0,0,0,0,0
경기,여주시,의료,여자,70-74세,1,0,0,0,0,0,0,0,0,0
경기,여주시,의료,여자,75-79세,2,1,0,0,0,0,0,0,0,0
경기,여주시,의료,여자,80-84세,7,0,0,2,2,1,0,0,0,1
경기,여주시,의료,여자,85세이상,8,0,2,3,1,2,0,0,0,0
경기,여주시,감경,남자,65세미만,17,1,2,9,3,0,1,0,0,0
경기,여주시,감경,남자,65-69세,26,1,1,7,12,1,3,0,0,0
경기,여주시,감경,남자,70-74세,42,1,4,14,20,3,0,0,0,0
경기,여주시,감경,남자,75-79세,56,4,4,16,24,6,0,1,0,0
경기,여주시,감경,남자,80-84세,70,2,9,17,27,8,4,0,1,0
경기,여주시,감경,남자,85세이상,92,1,8,30,44,6,2,0,0,0
경기,여주시,감경,여자,65세미만,13,3,3,1,2,0,0,1,0,1
경기,여주시,감경,여자,65-69세,31,2,0,10,14,1,0,0,0,0
경기,여주시,감경,여자,70-74세,58,3,6,10,21,8,0,0,0,0
경기,여주시,감경,여자,75-79세,143,14,8,34,62,12,2,0,1,0
경기,여주시,감경,여자,80-84세,309,22,33,90,114,37,3,0,1,0
경기,여주시,감경,여자,85세이상,458,33,72,147,179,16,4,0,0,0
경기,연천군,일반,남자,65세미만,12,1,0,0,5,1,1,2,0,0
경기,연천군,일반,남자,65-69세,22,0,1,5,6,2,0,4,1,0
경기,연천군,일반,남자,70-74세,29,0,3,4,8,3,1,4,3,0
경기,연천군,일반,남자,75-79세,58,0,0,8,14,7,2,8,9,1
경기,연천군,일반,남자,80-84세,70,3,5,7,17,7,3,4,7,2
경기,연천군,일반,남자,85세이상,89,1,4,7,30,17,2,7,3,1
경기,연천군,일반,여자,65세미만,9,1,0,2,2,1,1,0,0,1
경기,연천군,일반,여자,65-69세,28,0,0,5,6,3,0,5,0,2
경기,연천군,일반,여자,70-74세,48,1,1,6,5,1,2,11,5,4
경기,연천군,일반,여자,75-79세,120,2,4,10,34,11,2,15,14,1
경기,연천군,일반,여자,80-84세,194,6,4,30,55,24,4,14,13,5
경기,연천군,일반,여자,85세이상,163,11,9,25,52,25,11,7,11,0
경기,연천군,기초,남자,65세미만,27,0,4,5,7,1,0,4,0,3
경기,연천군,기초,남자,65-69세,27,2,3,1,5,2,0,3,2,4
경기,연천군,기초,남자,70-74세,21,1,2,0,7,3,0,2,1,2
경기,연천군,기초,남자,75-79세,20,0,1,5,5,2,1,0,1,0
경기,연천군,기초,남자,80-84세,21,1,1,2,6,4,0,1,4,0
경기,연천군,기초,남자,85세이상,17,0,0,2,6,5,1,1,1,0
경기,연천군,기초,여자,65세미만,10,0,0,2,4,3,0,0,0,0
경기,연천군,기초,여자,65-69세,24,0,1,2,6,6,0,2,2,0
경기,연천군,기초,여자,70-74세,42,0,0,6,14,7,1,5,3,2
경기,연천군,기초,여자,75-79세,46,1,2,7,15,5,3,3,1,3
경기,연천군,기초,여자,80-84세,81,4,5,11,28,16,2,5,1,1
경기,연천군,기초,여자,85세이상,112,7,10,21,38,16,2,1,2,1
경기,연천군,의료,남자,65세미만,0,0,0,0,0,0,0,0,0,0
경기,연천군,의료,남자,65-69세,0,0,0,0,0,0,0,0,0,0
경기,연천군,의료,남자,70-74세,0,0,0,0,0,0,0,0,0,0
경기,연천군,의료,남자,75-79세,1,0,0,0,0,0,0,1,0,0
경기,연천군,의료,남자,80-84세,2,0,0,0,0,1,0,0,0,0
경기,연천군,의료,남자,85세이상,3,0,0,0,2,0,0,0,1,0
경기,연천군,의료,여자,65세미만,0,0,0,0,0,0,0,0,0,0
경기,연천군,의료,여자,65-69세,2,0,0,0,1,0,0,1,0,0
경기,연천군,의료,여자,70-74세,3,0,0,0,2,0,0,0,0,0
경기,연천군,의료,여자,75-79세,3,0,0,1,0,1,0,1,0,0
경기,연천군,의료,여자,80-84세,7,0,0,1,5,0,0,0,1,0
경기,연천군,의료,여자,85세이상,9,1,0,2,4,1,1,0,0,0
경기,연천군,감경,남자,65세미만,8,1,0,4,1,1,0,0,0,0
경기,연천군,감경,남자,65-69세,11,0,1,3,4,3,0,0,0,0
경기,연천군,감경,남자,70-74세,11,0,1,3,7,0,0,0,0,0
경기,연천군,감경,남자,75-79세,34,1,3,6,12,7,4,0,0,0
경기,연천군,감경,남자,80-84세,38,0,5,6,17,7,2,0,0,0
경기,연천군,감경,남자,85세이상,48,2,3,10,22,8,1,0,0,0
경기,연천군,감경,여자,65세미만,7,1,1,3,0,1,1,0,0,0
경기,연천군,감경,여자,65-69세,16,1,1,4,8,1,0,0,1,0
경기,연천군,감경,여자,70-74세,29,2,1,2,16,4,0,0,1,1
경기,연천군,감경,여자,75-79세,77,0,3,16,34,16,1,0,2,1
경기,연천군,감경,여자,80-84세,134,7,6,22,55,26,12,2,0,0
경기,연천군,감경,여자,85세이상,192,5,14,48,86,30,2,0,1,1
경기,가평군,일반,남자,65세미만,18,2,1,1,4,1,0,3,0,2
경기,가평군,일반,남자,65-69세,48,0,1,7,10,3,1,8,4,2
경기,가평군,일반,남자,70-74세,56,1,0,6,17,6,0,6,6,1
경기,가평군,일반,남자,75-79세,92,1,1,12,23,14,3,9,7,2
경기,가평군,일반,남자,80-84세,103,0,6,13,40,14,7,4,4,2
경기,가평군,일반,남자,85세이상,129,1,4,24,47,23,6,8,2,2
경기,가평군,일반,여자,65세미만,10,0,0,2,1,0,0,2,1,0
경기,가평군,일반,여자,65-69세,37,1,2,6,8,2,0,4,2,1
경기,가평군,일반,여자,70-74세,74,1,0,9,13,4,1,11,7,2
경기,가평군,일반,여자,75-79세,163,2,2,13,42,14,3,24,13,4
경기,가평군,일반,여자,80-84세,260,6,7,46,88,30,13,25,13,5
경기,가평군,일반,여자,85세이상,290,3,11,65,124,31,5,15,6,0
경기,가평군,기초,남자,65세미만,51,6,3,5,5,3,3,7,2,1
경기,가평군,기초,남자,65-69세,43,4,4,10,9,4,1,2,2,2
경기,가평군,기초,남자,70-74세,38,1,5,8,3,6,1,3,1,3
경기,가평군,기초,남자,75-79세,37,2,5,5,6,5,1,2,2,1
경기,가평군,기초,남자,80-84세,30,0,3,6,8,3,2,4,2,0
경기,가평군,기초,남자,85세이상,29,1,3,2,13,4,0,1,0,1
경기,가평군,기초,여자,65세미만,22,4,4,4,1,0,1,2,0,0
경기,가평군,기초,여자,65-69세,31,2,0,9,6,2,2,4,1,3
경기,가평군,기초,여자,70-74세,49,1,2,12,14,4,0,3,5,0
경기,가평군,기초,여자,75-79세,72,3,2,19,21,9,3,4,2,3
경기,가평군,기초,여자,80-84세,85,3,5,13,32,7,5,5,3,3
경기,가평군,기초,여자,85세이상,103,5,9,22,31,8,2,4,4,0
경기,가평군,의료,남자,65세미만,0,0,0,0,0,0,0,0,0,0
경기,가평군,의료,남자,65-69세,1,0,0,0,0,0,0,1,0,0
경기,가평군,의료,남자,70-74세,0,0,0,0,0,0,0,0,0,0
경기,가평군,의료,남자,75-79세,0,0,0,0,0,0,0,0,0,0
경기,가평군,의료,남자,80-84세,1,0,0,0,1,0,0,0,0,0
경기,가평군,의료,남자,85세이상,6,0,0,1,2,0,0,0,0,1
경기,가평군,의료,여자,65세미만,0,0,0,0,0,0,0,0,0,0
경기,가평군,의료,여자,65-69세,1,0,0,0,0,0,0,0,1,0
경기,가평군,의료,여자,70-74세,0,0,0,0,0,0,0,0,0,0
경기,가평군,의료,여자,75-79세,2,0,0,0,0,0,0,0,2,0
경기,가평군,의료,여자,80-84세,1,0,0,0,1,0,0,0,0,0
경기,가평군,의료,여자,85세이상,6,0,0,1,2,0,0,0,0,0
경기,가평군,감경,남자,65세미만,10,0,0,2,4,1,1,0,0,0
경기,가평군,감경,남자,65-69세,21,0,1,5,10,4,1,0,0,0
경기,가평군,감경,남자,70-74세,13,0,0,3,8,2,0,0,0,0
경기,가평군,감경,남자,75-79세,26,0,0,5,12,7,1,0,0,0
경기,가평군,감경,남자,80-84세,59,0,2,11,28,15,1,0,0,1
경기,가평군,감경,남자,85세이상,70,0,2,14,41,12,0,0,0,0
경기,가평군,감경,여자,65세미만,6,4,0,1,1,0,0,0,0,0
경기,가평군,감경,여자,65-69세,16,1,4,4,3,3,0,1,0,0
경기,가평군,감경,여자,70-74세,31,1,1,14,10,3,0,0,0,0
경기,가평군,감경,여자,75-79세,86,0,3,17,44,11,5,1,1,1
경기,가평군,감경,여자,80-84세,163,0,6,29,78,28,9,3,1,0
경기,가평군,감경,여자,85세이상,278,3,19,61,143,37,3,1,1,0
경기,양평군,일반,남자,65세미만,41,2,3,8,8,1,0,5,4,3
경기,양평군,일반,남자,65-69세,71,1,7,13,20,3,0,8,2,1
경기,양평군,일반,남자,70-74세,110,4,5,23,36,4,2,5,3,3
경기,양평군,일반,남자,75-79세,184,5,10,33,62,12,2,12,7,4
경기,양평군,일반,남자,80-84세,258,5,17,49,84,16,9,19,9,5
경기,양평군,일반,남자,85세이상,269,2,15,60,102,16,2,18,8,8
경기,양평군,일반,여자,65세미만,30,0,1,9,6,1,1,4,1,1
경기,양평군,일반,여자,65-69세,89,6,2,8,16,1,0,15,6,2
경기,양평군,일반,여자,70-74세,138,4,9,23,35,6,1,15,6,3
경기,양평군,일반,여자,75-79세,345,7,21,53,102,22,3,44,22,3
경기,양평군,일반,여자,80-84세,559,5,41,115,196,46,16,31,20,9
경기,양평군,일반,여자,85세이상,774,21,82,231,290,36,11,16,9,4
경기,양평군,기초,남자,65세미만,53,3,5,22,12,0,0,1,2,0
경기,양평군,기초,남자,65-69세,58,3,4,9,19,1,3,3,2,4
경기,양평군,기초,남자,70-74세,32,0,0,8,11,1,0,2,2,2
경기,양평군,기초,남자,75-79세,39,1,1,6,14,3,1,3,1,2
경기,양평군,기초,남자,80-84세,36,0,2,10,13,3,0,1,0,1
경기,양평군,기초,남자,85세이상,30,0,3,3,10,5,1,1,0,0
경기,양평군,기초,여자,65세미만,21,2,3,4,4,0,0,2,2,2
경기,양평군,기초,여자,65-69세,40,0,2,12,12,2,1,3,1,3
경기,양평군,기초,여자,70-74세,52,2,2,8,20,2,1,4,3,1
경기,양평군,기초,여자,75-79세,69,1,4,8,34,5,1,3,3,2
경기,양평군,기초,여자,80-84세,108,1,12,20,46,6,2,5,5,0
경기,양평군,기초,여자,85세이상,177,6,15,47,71,5,2,5,5,0
경기,양평군,의료,남자,65세미만,0,0,0,0,0,0,0,0,0,0
경기,양평군,의료,남자,65-69세,0,0,0,0,0,0,0,0,0,0
경기,양평군,의료,남자,70-74세,1,0,0,1,0,0,0,0,0,0
경기,양평군,의료,남자,75-79세,1,0,0,1,0,0,0,0,0,0
경기,양평군,의료,남자,80-84세,1,0,0,0,1,0,0,0,0,0
경기,양평군,의료,남자,85세이상,1,0,0,0,0,0,0,0,0,0
경기,양평군,의료,여자,65세미만,0,0,0,0,0,0,0,0,0,0
경기,양평군,의료,여자,65-69세,0,0,0,0,0,0,0,0,0,0
경기,양평군,의료,여자,70-74세,0,0,0,0,0,0,0,0,0,0
경기,양평군,의료,여자,75-79세,0,0,0,0,0,0,0,0,0,0
경기,양평군,의료,여자,80-84세,0,0,0,0,0,0,0,0,0,0
경기,양평군,의료,여자,85세이상,0,0,0,0,0,0,0,0,0,0
경기,양평군,감경,남자,65세미만,30,1,3,14,6,1,0,0,0,1
경기,양평군,감경,남자,65-69세,22,1,1,12,5,0,0,0,0,0
경기,양평군,감경,남자,70-74세,46,1,6,10,17,5,3,0,0,0
경기,양평군,감경,남자,75-79세,66,1,5,21,28,6,1,0,0,0
경기,양평군,감경,남자,80-84세,82,1,9,30,34,5,2,0,0,0
경기,양평군,감경,남자,85세이상,128,4,11,38,65,7,2,1,0,0
경기,양평군,감경,여자,65세미만,18,2,0,7,5,1,1,1,0,0
경기,양평군,감경,여자,65-69세,39,2,4,8,15,3,3,0,0,0
경기,양평군,감경,여자,70-74세,62,3,8,22,20,3,2,0,0,0
경기,양평군,감경,여자,75-79세,143,5,15,40,58,10,3,1,1,0
경기,양평군,감경,여자,80-84세,307,13,28,88,139,24,9,0,0,0
경기,양평군,감경,여자,85세이상,590,22,76,203,249,28,6,0,1,0
강원,춘천시,일반,남자,65세미만,70,9,6,10,8,0,0,9,6,2
강원,춘천시,일반,남자,65-69세,137,6,7,27,31,5,0,17,8,7
강원,춘천시,일반,남자,70-74세,161,11,15,26,40,7,2,10,5,5
강원,춘천시,일반,남자,75-79세,270,11,19,53,87,11,3,21,10,6
강원,춘천시,일반,남자,80-84세,389,12,20,93,124,34,8,22,7,7
강원,춘천시,일반,남자,85세이상,450,17,42,96,157,36,3,13,12,9
강원,춘천시,일반,여자,65세미만,55,5,5,12,5,1,0,6,3,4
강원,춘천시,일반,여자,65-69세,145,6,8,21,22,5,6,19,10,4
강원,춘천시,일반,여자,70-74세,282,10,12,36,60,20,4,20,18,7
강원,춘천시,일반,여자,75-79세,539,24,34,79,138,34,12,42,31,11
강원,춘천시,일반,여자,80-84세,964,41,54,189,332,90,22,64,26,12
강원,춘천시,일반,여자,85세이상,1205,49,131,332,434,77,14,43,12,6
강원,춘천시,기초,남자,65세미만,165,11,6,32,42,11,3,15,6,3
강원,춘천시,기초,남자,65-69세,140,3,7,30,30,8,3,11,9,6
강원,춘천시,기초,남자,70-74세,112,6,8,14,39,8,2,9,5,4
강원,춘천시,기초,남자,75-79세,87,4,3,7,36,2,0,7,4,6
강원,춘천시,기초,남자,80-84세,98,1,6,24,27,11,0,5,5,3
강원,춘천시,기초,남자,85세이상,77,5,1,19,23,7,0,5,1,1
강원,춘천시,기초,여자,65세미만,73,7,7,15,19,6,0,5,5,1
강원,춘천시,기초,여자,65-69세,126,6,7,14,29,7,3,16,11,4
강원,춘천시,기초,여자,70-74세,138,3,10,28,32,8,2,16,14,2
강원,춘천시,기초,여자,75-79세,224,12,13,41,70,17,3,12,14,5
강원,춘천시,기초,여자,80-84세,363,15,16,61,136,34,4,19,12,3
강원,춘천시,기초,여자,85세이상,448,24,48,120,146,25,8,7,5,1
강원,춘천시,의료,남자,65세미만,0,0,0,0,0,0,0,0,0,0
강원,춘천시,의료,남자,65-69세,1,0,1,0,0,0,0,0,0,0
강원,춘천시,의료,남자,70-74세,2,2,0,0,0,0,0,0,0,0
강원,춘천시,의료,남자,75-79세,8,1,0,1,3,1,0,0,0,0
강원,춘천시,의료,남자,80-84세,7,0,1,1,2,1,0,1,0,0
강원,춘천시,의료,남자,85세이상,20,1,0,6,5,2,0,2,0,0
강원,춘천시,의료,여자,65세미만,0,0,0,0,0,0,0,0,0,0
강원,춘천시,의료,여자,65-69세,3,0,0,0,1,0,0,0,1,0
강원,춘천시,의료,여자,70-74세,8,0,0,2,3,0,0,0,0,0
강원,춘천시,의료,여자,75-79세,11,0,0,0,3,0,0,2,0,0
강원,춘천시,의료,여자,80-84세,31,2,3,7,6,1,0,1,0,1
강원,춘천시,의료,여자,85세이상,59,3,3,17,21,5,0,0,1,0
강원,춘천시,감경,남자,65세미만,59,5,6,14,18,4,2,2,2,1
강원,춘천시,감경,남자,65-69세,91,6,11,31,28,2,3,2,0,0
강원,춘천시,감경,남자,70-74세,66,5,2,24,26,5,0,0,0,2
강원,춘천시,감경,남자,75-79세,138,6,14,44,58,9,3,1,0,0
강원,춘천시,감경,남자,80-84세,187,13,15,60,64,23,5,0,2,0
강원,춘천시,감경,남자,85세이상,226,10,17,82,86,18,5,0,0,1
강원,춘천시,감경,여자,65세미만,32,4,5,7,9,3,0,0,1,0
강원,춘천시,감경,여자,65-69세,62,4,10,17,17,3,1,2,1,0
강원,춘천시,감경,여자,70-74세,100,4,12,33,30,10,3,3,0,0
강원,춘천시,감경,여자,75-79세,282,16,27,61,105,32,15,5,1,1
강원,춘천시,감경,여자,80-84세,639,31,52,183,266,66,16,4,1,1
강원,춘천시,감경,여자,85세이상,1067,67,144,394,364,63,8,4,4,0
강원,원주시,일반,남자,65세미만,86,7,7,11,15,2,0,11,6,6
강원,원주시,일반,남자,65-69세,124,8,11,30,20,4,1,12,4,6
강원,원주시,일반,남자,70-74세,152,7,10,31,32,4,2,6,7,7
강원,원주시,일반,남자,75-79세,259,14,17,60,71,10,4,11,11,11
강원,원주시,일반,남자,80-84세,406,18,31,97,99,33,13,22,14,11
강원,원주시,일반,남자,85세이상,425,17,33,106,129,19,6,23,10,6
강원,원주시,일반,여자,65세미만,73,6,4,8,15,3,1,9,4,7
강원,원주시,일반,여자,65-69세,134,11,7,9,22,4,1,18,11,7
강원,원주시,일반,여자,70-74세,278,17,22,41,51,9,8,26,16,4
강원,원주시,일반,여자,75-79세,535,28,39,82,143,41,9,44,29,11
강원,원주시,일반,여자,80-84세,978,45,85,245,248,73,18,64,30,10
강원,원주시,일반,여자,85세이상,1223,91,180,375,322,56,12,42,21,7
강원,원주시,기초,남자,65세미만,194,12,15,52,52,5,1,16,13,8
강원,원주시,기초,남자,65-69세,149,7,10,34,38,6,3,14,8,8
강원,원주시,기초,남자,70-74세,101,5,6,16,35,4,3,7,4,4
강원,원주시,기초,남자,75-79세,76,2,4,21,20,1,1,5,4,3
강원,원주시,기초,남자,80-84세,77,6,5,24,19,3,0,2,3,2
강원,원주시,기초,남자,85세이상,63,1,8,12,22,6,0,4,1,1
강원,원주시,기초,여자,65세미만,71,14,7,14,12,2,1,5,1,0
강원,원주시,기초,여자,65-69세,99,8,8,25,22,1,2,9,3,5
강원,원주시,기초,여자,70-74세,100,6,8,19,28,0,1,4,8,5
강원,원주시,기초,여자,75-79세,187,22,24,38,42,7,6,15,4,1
강원,원주시,기초,여자,80-84세,279,18,26,65,75,25,4,16,5,4
강원,원주시,기초,여자,85세이상,388,33,65,125,89,15,2,13,8,0
강원,원주시,의료,남자,65세미만,1,0,0,0,1,0,0,0,0,0
강원,원주시,의료,남자,65-69세,2,0,0,1,0,0,0,0,1,0
강원,원주시,의료,남자,70-74세,4,0,1,1,1,0,0,0,1,0
강원,원주시,의료,남자,75-79세,2,1,0,0,0,0,0,1,0,0
강원,원주시,의료,남자,80-84세,9,0,1,1,1,1,0,0,0,0
강원,원주시,의료,남자,85세이상,14,0,0,2,8,0,0,0,0,0
강원,원주시,의료,여자,65세미만,2,0,0,1,0,0,0,0,0,0
강원,원주시,의료,여자,65-69세,1,0,0,1,0,0,0,0,0,0
강원,원주시,의료,여자,70-74세,5,1,0,3,1,0,0,0,0,0
강원,원주시,의료,여자,75-79세,8,1,0,1,3,0,1,0,2,0
강원,원주시,의료,여자,80-84세,29,0,5,6,10,2,0,2,0,0
강원,원주시,의료,여자,85세이상,70,7,8,18,20,5,0,1,0,1
강원,원주시,감경,남자,65세미만,72,9,15,20,16,0,1,2,0,0
강원,원주시,감경,남자,65-69세,99,15,14,30,31,3,1,1,0,1
강원,원주시,감경,남자,70-74세,84,8,11,27,26,5,1,1,1,0
강원,원주시,감경,남자,75-79세,159,8,18,64,47,9,3,0,1,1
강원,원주시,감경,남자,80-84세,202,17,23,56,74,13,8,0,0,2
강원,원주시,감경,남자,85세이상,250,13,30,89,82,25,6,0,1,0
강원,원주시,감경,여자,65세미만,48,9,4,12,15,0,1,1,0,1
강원,원주시,감경,여자,65-69세,64,6,6,22,14,3,2,0,2,2
강원,원주시,감경,여자,70-74세,154,12,16,54,48,5,5,2,1,1
강원,원주시,감경,여자,75-79세,308,22,47,92,99,18,14,0,1,0
강원,원주시,감경,여자,80-84세,694,64,97,228,230,40,12,5,2,0
강원,원주시,감경,여자,85세이상,1175,126,214,407,328,70,9,4,1,0
강원,강릉시,일반,남자,65세미만,42,1,5,8,4,0,0,7,3,2
강원,강릉시,일반,남자,65-69세,94,10,9,17,15,3,0,8,2,3
강원,강릉시,일반,남자,70-74세,131,8,9,28,32,2,2,5,7,5
강원,강릉시,일반,남자,75-79세,218,7,17,55,61,4,1,11,11,8
강원,강릉시,일반,남자,80-84세,280,11,20,62,76,17,6,17,9,5
강원,강릉시,일반,남자,85세이상,324,14,26,80,113,15,4,9,12,5
강원,강릉시,일반,여자,65세미만,32,1,4,7,5,1,0,0,2,1
강원,강릉시,일반,여자,65-69세,117,6,7,18,19,3,0,15,11,2
강원,강릉시,일반,여자,70-74세,203,5,8,36,45,6,2,17,8,11
강원,강릉시,일반,여자,75-79세,435,12,17,77,110,29,9,34,25,13
강원,강릉시,일반,여자,80-84세,721,30,54,161,237,37,15,40,22,5
강원,강릉시,일반,여자,85세이상,933,40,134,275,289,36,8,27,19,9
강원,강릉시,기초,남자,65세미만,138,7,16,31,42,3,2,6,4,4
강원,강릉시,기초,남자,65-69세,141,5,13,26,47,6,0,7,6,9
강원,강릉시,기초,남자,70-74세,93,4,8,20,42,1,0,2,0,2
강원,강릉시,기초,남자,75-79세,95,2,6,22,39,4,0,6,5,3
강원,강릉시,기초,남자,80-84세,79,1,3,19,22,3,1,4,5,4
강원,강릉시,기초,남자,85세이상,50,2,7,15,12,4,1,2,1,0
강원,강릉시,기초,여자,65세미만,65,8,7,21,13,6,1,2,0,1
강원,강릉시,기초,여자,65-69세,87,3,5,19,24,2,2,4,5,4
강원,강릉시,기초,여자,70-74세,114,5,10,31,37,4,5,4,1,1
강원,강릉시,기초,여자,75-79세,201,8,14,48,67,9,1,12,5,3
강원,강릉시,기초,여자,80-84세,215,6,21,56,82,12,1,12,2,0
강원,강릉시,기초,여자,85세이상,354,23,65,133,70,10,1,4,0,1
강원,강릉시,의료,남자,65세미만,0,0,0,0,0,0,0,0,0,0
강원,강릉시,의료,남자,65-69세,2,0,0,0,0,0,0,1,0,1
강원,강릉시,의료,남자,70-74세,5,0,0,1,1,1,0,0,0,0
강원,강릉시,의료,남자,75-79세,5,1,1,0,2,0,0,0,0,1
강원,강릉시,의료,남자,80-84세,0,0,0,0,0,0,0,0,0,0
강원,강릉시,의료,남자,85세이상,11,0,3,2,3,2,0,0,0,0
강원,강릉시,의료,여자,65세미만,1,0,0,0,0,0,0,0,0,0
강원,강릉시,의료,여자,65-69세,1,0,1,0,0,0,0,0,0,0
강원,강릉시,의료,여자,70-74세,6,0,0,1,0,1,0,2,0,0
강원,강릉시,의료,여자,75-79세,8,0,2,2,1,0,0,0,1,0
강원,강릉시,의료,여자,80-84세,20,2,2,8,2,2,0,1,0,0
강원,강릉시,의료,여자,85세이상,62,1,10,16,26,0,2,2,1,0
강원,강릉시,감경,남자,65세미만,46,6,6,14,15,1,0,0,0,1
강원,강릉시,감경,남자,65-69세,65,3,14,20,20,1,0,1,0,1
강원,강릉시,감경,남자,70-74세,91,4,14,32,31,3,2,1,0,1
강원,강릉시,감경,남자,75-79세,134,5,13,49,49,6,2,2,1,0
강원,강릉시,감경,남자,80-84세,156,5,16,62,63,5,2,0,0,0
강원,강릉시,감경,남자,85세이상,204,6,15,79,83,8,3,1,1,0
강원,강릉시,감경,여자,65세미만,40,11,4,14,8,1,0,0,1,0
강원,강릉시,감경,여자,65-69세,66,5,6,23,22,4,0,1,1,1
강원,강릉시,감경,여자,70-74세,135,10,17,40,33,12,3,2,0,2
강원,강릉시,감경,여자,75-79세,269,18,32,77,91,23,6,2,1,0
강원,강릉시,감경,여자,80-84세,556,34,80,180,197,32,9,6,2,0
강원,강릉시,감경,여자,85세이상,973,66,165,371,315,36,7,0,0,1
강원,동해시,일반,남자,65세미만,23,1,1,4,2,0,0,4,3,2
강원,동해시,일반,남자,65-69세,36,5,4,8,8,0,2,1,1,1
강원,동해시,일반,남자,70-74세,52,0,4,12,10,4,0,4,1,5
강원,동해시,일반,남자,75-79세,76,3,6,18,14,11,0,5,4,3
강원,동해시,일반,남자,80-84세,108,0,6,22,36,6,1,7,6,6
강원,동해시,일반,남자,85세이상,111,2,6,27,42,8,0,5,3,3
강원,동해시,일반,여자,65세미만,15,1,1,5,6,0,0,1,0,0
강원,동해시,일반,여자,65-69세,43,1,1,5,6,4,0,5,3,2
강원,동해시,일반,여자,70-74세,88,1,8,10,18,4,1,12,5,3
강원,동해시,일반,여자,75-79세,166,6,7,22,47,10,2,18,8,5
강원,동해시,일반,여자,80-84세,282,8,18,53,86,25,5,17,20,8
강원,동해시,일반,여자,85세이상,308,14,33,91,97,20,4,17,6,6
강원,동해시,기초,남자,65세미만,57,4,6,19,12,2,2,2,1,2
강원,동해시,기초,남자,65-69세,53,4,1,8,13,3,0,7,7,3
강원,동해시,기초,남자,70-74세,40,0,3,11,8,1,1,3,7,2
강원,동해시,기초,남자,75-79세,29,0,5,5,8,1,2,1,2,1
강원,동해시,기초,남자,80-84세,32,0,3,7,11,2,1,2,1,2
강원,동해시,기초,남자,85세이상,23,0,0,8,6,3,1,2,0,0
강원,동해시,기초,여자,65세미만,32,2,3,8,9,1,0,2,2,1
강원,동해시,기초,여자,65-69세,35,2,2,7,9,2,0,3,2,0
강원,동해시,기초,여자,70-74세,46,1,3,6,13,4,0,3,4,3
강원,동해시,기초,여자,75-79세,74,2,6,13,18,5,2,9,1,3
강원,동해시,기초,여자,80-84세,92,5,7,19,37,7,3,1,4,1
강원,동해시,기초,여자,85세이상,130,12,17,32,45,6,0,0,0,0
강원,동해시,의료,남자,65세미만,0,0,0,0,0,0,0,0,0,0
강원,동해시,의료,남자,65-69세,2,1,0,0,0,0,0,0,0,1
강원,동해시,의료,남자,70-74세,1,0,0,0,1,0,0,0,0,0
강원,동해시,의료,남자,75-79세,3,0,0,1,1,0,0,0,0,0
강원,동해시,의료,남자,80-84세,2,0,0,1,0,0,1,0,0,0
강원,동해시,의료,남자,85세이상,2,0,0,1,0,0,0,0,0,0
강원,동해시,의료,여자,65세미만,0,0,0,0,0,0,0,0,0,0
강원,동해시,의료,여자,65-69세,0,0,0,0,0,0,0,0,0,0
강원,동해시,의료,여자,70-74세,2,0,0,0,0,0,0,1,0,0
강원,동해시,의료,여자,75-79세,4,0,0,0,1,0,0,0,1,1
강원,동해시,의료,여자,80-84세,10,0,1,2,4,1,0,1,0,0
강원,동해시,의료,여자,85세이상,26,4,0,10,7,2,0,0,0,0
강원,동해시,감경,남자,65세미만,33,6,6,12,6,0,0,1,0,0
강원,동해시,감경,남자,65-69세,31,4,1,12,7,1,0,0,0,0
강원,동해시,감경,남자,70-74세,29,2,5,8,11,0,0,0,0,0
강원,동해시,감경,남자,75-79세,60,4,8,24,14,2,2,0,0,0
강원,동해시,감경,남자,80-84세,94,4,11,32,30,7,4,0,2,0
강원,동해시,감경,남자,85세이상,64,2,9,15,30,4,3,1,0,0
강원,동해시,감경,여자,65세미만,14,2,2,3,3,0,1,0,1,0
강원,동해시,감경,여자,65-69세,29,1,5,10,6,3,1,0,0,0
강원,동해시,감경,여자,70-74세,58,1,6,16,21,9,2,1,0,0
강원,동해시,감경,여자,75-79세,129,7,12,38,44,15,3,2,1,0
강원,동해시,감경,여자,80-84세,244,18,30,67,103,21,2,1,0,1
강원,동해시,감경,여자,85세이상,394,22,56,143,133,23,6,2,0,0
강원,태백시,일반,남자,65세미만,7,0,0,1,2,0,0,2,1,0
강원,태백시,일반,남자,65-69세,18,0,0,4,1,0,0,1,2,5
강원,태백시,일반,남자,70-74세,29,1,1,1,6,1,0,3,3,9
강원,태백시,일반,남자,75-79세,48,3,4,6,5,1,1,6,6,5
강원,태백시,일반,남자,80-84세,38,1,1,5,4,2,0,7,5,2
강원,태백시,일반,남자,85세이상,28,1,0,4,2,2,1,4,5,2
강원,태백시,일반,여자,65세미만,9,1,0,0,2,0,0,3,0,0
강원,태백시,일반,여자,65-69세,32,1,0,4,2,1,0,4,7,2
강원,태백시,일반,여자,70-74세,52,0,2,2,3,1,0,11,12,6
강원,태백시,일반,여자,75-79세,93,2,4,12,13,0,0,17,17,5
강원,태백시,일반,여자,80-84세,130,5,9,24,29,2,4,21,11,3
강원,태백시,일반,여자,85세이상,106,11,11,18,30,0,1,3,9,4
강원,태백시,기초,남자,65세미만,13,1,0,2,2,0,0,3,0,1
강원,태백시,기초,남자,65-69세,20,0,0,1,3,0,0,2,5,4
강원,태백시,기초,남자,70-74세,9,0,0,1,1,0,0,0,4,1
강원,태백시,기초,남자,75-79세,13,2,2,0,2,0,1,1,3,0
강원,태백시,기초,남자,80-84세,14,1,0,3,2,0,0,1,3,1
강원,태백시,기초,남자,85세이상,17,1,2,1,5,0,0,1,1,1
강원,태백시,기초,여자,65세미만,11,1,0,4,0,0,0,0,2,1
강원,태백시,기초,여자,65-69세,23,0,2,4,1,1,0,5,2,3
강원,태백시,기초,여자,70-74세,31,1,2,2,4,0,1,4,6,1
강원,태백시,기초,여자,75-79세,37,2,1,5,8,1,1,4,8,2
강원,태백시,기초,여자,80-84세,48,2,0,6,17,2,1,2,6,5
강원,태백시,기초,여자,85세이상,68,8,9,12,17,2,0,3,3,2
강원,태백시,의료,남자,65세미만,0,0,0,0,0,0,0,0,0,0
강원,태백시,의료,남자,65-69세,0,0,0,0,0,0,0,0,0,0
강원,태백시,의료,남자,70-74세,1,0,0,0,0,0,0,0,0,1
강원,태백시,의료,남자,75-79세,0,0,0,0,0,0,0,0,0,0
강원,태백시,의료,남자,80-84세,1,0,0,1,0,0,0,0,0,0
강원,태백시,의료,남자,85세이상,1,0,0,0,0,0,0,0,0,0
강원,태백시,의료,여자,65세미만,0,0,0,0,0,0,0,0,0,0
강원,태백시,의료,여자,65-69세,0,0,0,0,0,0,0,0,0,0
강원,태백시,의료,여자,70-74세,0,0,0,0,0,0,0,0,0,0
강원,태백시,의료,여자,75-79세,3,0,0,0,0,0,0,3,0,0
강원,태백시,의료,여자,80-84세,5,0,0,0,2,1,0,0,2,0
강원,태백시,의료,여자,85세이상,10,0,1,1,5,0,0,1,0,0
강원,태백시,감경,남자,65세미만,5,1,2,1,0,0,0,0,0,0
강원,태백시,감경,남자,65-69세,5,0,1,3,0,0,0,0,1,0
강원,태백시,감경,남자,70-74세,19,0,5,3,8,0,0,0,0,0
강원,태백시,감경,남자,75-79세,23,1,2,7,6,0,1,1,1,0
강원,태백시,감경,남자,80-84세,27,2,3,10,7,2,1,0,0,0
강원,태백시,감경,남자,85세이상,29,1,4,8,11,0,4,0,0,0
강원,태백시,감경,여자,65세미만,3,0,0,1,2,0,0,0,0,0
강원,태백시,감경,여자,65-69세,16,2,2,3,5,0,0,1,0,0
강원,태백시,감경,여자,70-74세,23,2,2,5,8,4,1,0,0,0
강원,태백시,감경,여자,75-79세,62,1,8,16,26,4,0,0,2,0
강원,태백시,감경,여자,80-84세,107,6,10,32,43,7,2,1,0,0
강원,태백시,감경,여자,85세이상,135,15,16,41,45,9,2,1,2,0
강원,속초시,일반,남자,65세미만,22,1,0,1,3,1,0,4,0,1
강원,속초시,일반,남자,65-69세,26,3,3,5,2,0,0,3,0,1
강원,속초시,일반,남자,70-74세,30,2,3,7,8,0,0,2,1,2
강원,속초시,일반,남자,75-79세,52,4,7,8,14,1,0,2,1,0
강원,속초시,일반,남자,80-84세,72,2,8,14,16,3,2,2,3,4
강원,속초시,일반,남자,85세이상,79,3,3,16,33,2,1,1,4,1
강원,속초시,일반,여자,65세미만,12,3,1,2,1,0,0,0,0,0
강원,속초시,일반,여자,65-69세,17,3,1,3,1,0,0,2,3,1
강원,속초시,일반,여자,70-74세,66,2,3,8,12,5,1,4,4,5
강원,속초시,일반,여자,75-79세,120,5,3,17,31,4,4,12,9,2
강원,속초시,일반,여자,80-84세,210,9,15,41,61,9,6,19,3,3
강원,속초시,일반,여자,85세이상,244,22,45,54,65,6,0,4,5,2
강원,속초시,기초,남자,65세미만,36,2,4,8,5,1,0,4,1,3
강원,속초시,기초,남자,65-69세,45,2,3,6,10,1,0,5,3,3
강원,속초시,기초,남자,70-74세,36,2,2,7,4,2,2,6,2,0
강원,속초시,기초,남자,75-79세,21,1,1,5,10,0,1,1,0,1
강원,속초시,기초,남자,80-84세,29,2,3,8,5,0,1,1,0,1
강원,속초시,기초,남자,85세이상,23,0,1,11,6,0,1,0,0,0
강원,속초시,기초,여자,65세미만,16,1,1,6,2,1,0,2,0,0
강원,속초시,기초,여자,65-69세,31,2,2,7,8,0,0,5,2,0
강원,속초시,기초,여자,70-74세,39,5,1,5,11,0,0,4,3,1
강원,속초시,기초,여자,75-79세,64,5,5,10,23,1,0,8,2,0
강원,속초시,기초,여자,80-84세,90,6,7,23,29,2,1,3,1,0
강원,속초시,기초,여자,85세이상,138,17,25,33,33,2,2,0,1,0
강원,속초시,의료,남자,65세미만,0,0,0,0,0,0,0,0,0,0
강원,속초시,의료,남자,65-69세,1,0,0,0,1,0,0,0,0,0
강원,속초시,의료,남자,70-74세,0,0,0,0,0,0,0,0,0,0
강원,속초시,의료,남자,75-79세,0,0,0,0,0,0,0,0,0,0
강원,속초시,의료,남자,80-84세,1,0,0,0,0,1,0,0,0,0
강원,속초시,의료,남자,85세이상,6,0,2,1,2,0,0,0,0,0
강원,속초시,의료,여자,65세미만,0,0,0,0,0,0,0,0,0,0
강원,속초시,의료,여자,65-69세,1,0,0,1,0,0,0,0,0,0
강원,속초시,의료,여자,70-74세,1,0,0,0,0,0,0,0,0,0
강원,속초시,의료,여자,75-79세,0,0,0,0,0,0,0,0,0,0
강원,속초시,의료,여자,80-84세,6,2,0,0,3,0,0,1,0,0
강원,속초시,의료,여자,85세이상,9,2,4,1,2,0,0,0,0,0
강원,속초시,감경,남자,65세미만,13,1,2,4,3,0,0,1,0,0
강원,속초시,감경,남자,65-69세,20,0,2,4,8,2,1,0,1,0
강원,속초시,감경,남자,70-74세,26,5,5,6,7,2,0,0,0,0
강원,속초시,감경,남자,75-79세,33,0,5,13,13,0,0,0,0,0
강원,속초시,감경,남자,80-84세,38,4,8,13,9,3,1,0,0,0
강원,속초시,감경,남자,85세이상,52,6,6,13,19,6,0,0,1,0
강원,속초시,감경,여자,65세미만,12,1,0,7,1,1,0,1,0,0
강원,속초시,감경,여자,65-69세,19,2,1,6,5,2,0,0,1,0
강원,속초시,감경,여자,70-74세,37,6,4,12,11,2,0,0,0,0
강원,속초시,감경,여자,75-79세,70,5,12,12,29,7,0,0,0,0
강원,속초시,감경,여자,80-84세,154,16,26,34,61,5,1,3,1,0
강원,속초시,감경,여자,85세이상,264,17,40,87,101,13,1,0,0,0
강원,삼척시,일반,남자,65세미만,12,1,0,0,2,1,0,1,1,3
강원,삼척시,일반,남자,65-69세,31,0,0,6,5,1,1,3,5,3
강원,삼척시,일반,남자,70-74세,47,1,1,9,8,3,0,7,5,4
강원,삼척시,일반,남자,75-79세,70,2,3,13,17,0,1,8,2,7
강원,삼척시,일반,남자,80-84세,80,1,5,13,18,4,1,6,7,6
강원,삼척시,일반,남자,85세이상,106,3,10,20,33,3,2,12,5,6
강원,삼척시,일반,여자,65세미만,17,0,0,2,4,1,0,3,0,0
강원,삼척시,일반,여자,65-69세,38,2,0,5,6,0,0,7,1,5
강원,삼척시,일반,여자,70-74세,80,1,3,7,9,1,0,9,12,4
강원,삼척시,일반,여자,75-79세,171,6,9,25,26,10,1,21,10,7
강원,삼척시,일반,여자,80-84세,220,7,16,46,68,14,3,16,8,4
강원,삼척시,일반,여자,85세이상,290,16,26,84,93,3,3,10,11,4
강원,삼척시,기초,남자,65세미만,35,1,3,11,7,0,2,3,1,2
강원,삼척시,기초,남자,65-69세,57,4,1,8,12,2,1,3,9,5
강원,삼척시,기초,남자,70-74세,32,2,2,6,9,2,0,6,1,0
강원,삼척시,기초,남자,75-79세,24,1,1,6,8,0,1,0,3,0
강원,삼척시,기초,남자,80-84세,13,0,0,1,4,1,0,1,2,1
강원,삼척시,기초,남자,85세이상,10,0,1,4,4,0,1,0,0,0
강원,삼척시,기초,여자,65세미만,13,1,0,4,2,0,0,1,0,1
강원,삼척시,기초,여자,65-69세,35,1,1,3,11,3,0,5,4,3
강원,삼척시,기초,여자,70-74세,31,0,1,7,13,1,0,2,1,1
강원,삼척시,기초,여자,75-79세,51,0,3,6,14,3,1,6,6,1
강원,삼척시,기초,여자,80-84세,86,3,3,20,34,5,0,7,2,0
강원,삼척시,기초,여자,85세이상,84,3,11,29,25,2,1,2,2,1
강원,삼척시,의료,남자,65세미만,0,0,0,0,0,0,0,0,0,0
강원,삼척시,의료,남자,65-69세,0,0,0,0,0,0,0,0,0,0
강원,삼척시,의료,남자,70-74세,1,0,0,0,1,0,0,0,0,0
강원,삼척시,의료,남자,75-79세,1,0,0,1,0,0,0,0,0,0
강원,삼척시,의료,남자,80-84세,0,0,0,0,0,0,0,0,0,0
강원,삼척시,의료,남자,85세이상,5,0,0,2,1,0,0,0,1,0
강원,삼척시,의료,여자,65세미만,0,0,0,0,0,0,0,0,0,0
강원,삼척시,의료,여자,65-69세,1,0,0,0,0,0,0,1,0,0
강원,삼척시,의료,여자,70-74세,1,0,0,0,1,0,0,0,0,0
강원,삼척시,의료,여자,75-79세,3,0,1,0,1,0,1,0,0,0
강원,삼척시,의료,여자,80-84세,9,0,0,0,6,2,0,0,0,0
강원,삼척시,의료,여자,85세이상,25,0,3,10,10,1,0,0,1,0
강원,삼척시,감경,남자,65세미만,10,0,1,4,4,0,1,0,0,0
강원,삼척시,감경,남자,65-69세,23,2,0,4,14,0,0,0,0,0
강원,삼척시,감경,남자,70-74세,20,3,5,6,3,1,0,0,0,0
강원,삼척시,감경,남자,75-79세,36,1,6,6,16,2,0,0,0,0
강원,삼척시,감경,남자,80-84세,51,3,5,19,19,2,0,0,0,0
강원,삼척시,감경,남자,85세이상,68,7,4,27,23,4,2,0,0,0
강원,삼척시,감경,여자,65세미만,7,0,2,3,1,0,0,1,0,0
강원,삼척시,감경,여자,65-69세,19,2,3,5,3,1,1,1,0,0
강원,삼척시,감경,여자,70-74세,43,2,2,14,13,4,0,0,1,0
강원,삼척시,감경,여자,75-79세,102,3,8,32,44,4,4,1,0,0
강원,삼척시,감경,여자,80-84세,190,11,12,56,84,15,3,0,1,0
강원,삼척시,감경,여자,85세이상,336,25,40,124,136,6,1,0,0,0
강원,홍천군,일반,남자,65세미만,19,1,0,7,4,0,0,1,1,0
강원,홍천군,일반,남자,65-69세,32,3,1,8,5,0,1,6,0,0
강원,홍천군,일반,남자,70-74세,40,0,2,8,8,1,1,2,4,1
강원,홍천군,일반,남자,75-79세,65,1,5,13,16,4,3,0,3,2
강원,홍천군,일반,남자,80-84세,100,2,9,24,32,5,1,3,2,0
강원,홍천군,일반,남자,85세이상,117,1,5,34,43,12,0,4,3,1
강원,홍천군,일반,여자,65세미만,9,1,0,5,2,0,0,0,0,1
강원,홍천군,일반,여자,65-69세,43,1,2,1,5,0,2,10,5,1
강원,홍천군,일반,여자,70-74세,85,2,3,9,15,2,3,11,2,4
강원,홍천군,일반,여자,75-79세,162,4,10,24,38,9,3,14,3,4
강원,홍천군,일반,여자,80-84세,233,4,19,40,66,21,6,11,7,3
강원,홍천군,일반,여자,85세이상,334,12,29,88,120,27,7,9,8,1
강원,홍천군,기초,남자,65세미만,38,2,7,6,10,0,0,5,3,2
강원,홍천군,기초,남자,65-69세,38,0,1,4,13,1,1,3,2,1
강원,홍천군,기초,남자,70-74세,24,1,3,3,10,1,1,2,1,1
강원,홍천군,기초,남자,75-79세,27,0,2,1,7,2,2,0,6,2
강원,홍천군,기초,남자,80-84세,26,0,0,4,10,2,0,1,0,1
강원,홍천군,기초,남자,85세이상,20,0,2,6,6,1,1,0,3,0
강원,홍천군,기초,여자,65세미만,15,0,1,4,3,0,0,0,0,2
강원,홍천군,기초,여자,65-69세,28,0,1,4,8,2,0,4,2,3
강원,홍천군,기초,여자,70-74세,20,1,0,2,9,1,0,3,1,1
강원,홍천군,기초,여자,75-79세,36,2,4,4,9,1,0,4,1,2
강원,홍천군,기초,여자,80-84세,41,1,2,9,7,2,1,0,1,0
강원,홍천군,기초,여자,85세이상,97,4,10,17,40,3,2,2,2,0
강원,홍천군,의료,남자,65세미만,1,0,1,0,0,0,0,0,0,0
강원,홍천군,의료,남자,65-69세,0,0,0,0,0,0,0,0,0,0
강원,홍천군,의료,남자,70-74세,0,0,0,0,0,0,0,0,0,0
강원,홍천군,의료,남자,75-79세,0,0,0,0,0,0,0,0,0,0
강원,홍천군,의료,남자,80-84세,2,0,0,0,0,0,0,0,0,0
강원,홍천군,의료,남자,85세이상,5,0,0,1,2,0,0,0,0,0
강원,홍천군,의료,여자,65세미만,0,0,0,0,0,0,0,0,0,0
강원,홍천군,의료,여자,65-69세,0,0,0,0,0,0,0,0,0,0
강원,홍천군,의료,여자,70-74세,1,0,0,0,0,0,0,0,0,0
강원,홍천군,의료,여자,75-79세,1,0,0,0,0,0,0,0,0,0
강원,홍천군,의료,여자,80-84세,5,0,1,2,1,0,0,0,0,0
강원,홍천군,의료,여자,85세이상,14,0,2,3,2,0,0,0,0,0
강원,홍천군,감경,남자,65세미만,16,0,2,5,6,1,1,0,0,0
강원,홍천군,감경,남자,65-69세,28,3,2,9,9,3,0,1,0,0
강원,홍천군,감경,남자,70-74세,24,1,0,7,12,2,1,0,0,0
강원,홍천군,감경,남자,75-79세,42,1,6,14,13,2,3,0,0,0
강원,홍천군,감경,남자,80-84세,57,2,4,21,23,5,0,0,0,0
강원,홍천군,감경,남자,85세이상,75,4,7,26,31,6,1,0,0,0
강원,홍천군,감경,여자,65세미만,11,3,1,2,2,1,0,0,0,0
강원,홍천군,감경,여자,65-69세,24,1,5,5,10,1,0,0,0,0
강원,홍천군,감경,여자,70-74세,40,3,4,10,11,6,1,0,0,0
강원,홍천군,감경,여자,75-79세,76,5,19,22,18,7,0,0,0,0
강원,홍천군,감경,여자,80-84세,188,6,9,51,92,14,6,1,1,0
강원,홍천군,감경,여자,85세이상,348,16,50,115,133,23,5,0,0,0
강원,횡성군,일반,남자,65세미만,14,1,1,2,2,0,0,2,1,2
강원,횡성군,일반,남자,65-69세,27,1,2,1,7,1,0,2,4,0
강원,횡성군,일반,남자,70-74세,25,1,1,6,4,0,0,0,0,1
강원,횡성군,일반,남자,75-79세,53,1,1,5,12,3,2,5,7,1
강원,횡성군,일반,남자,80-84세,80,0,12,12,28,6,0,6,2,1
강원,횡성군,일반,남자,85세이상,75,1,8,11,33,4,0,3,1,2
강원,횡성군,일반,여자,65세미만,6,0,1,1,1,0,0,0,0,1
강원,횡성군,일반,여자,65-69세,24,1,2,1,4,1,1,3,2,0
강원,횡성군,일반,여자,70-74세,41,0,1,3,8,3,0,5,5,2
강원,횡성군,일반,여자,75-79세,134,1,8,18,30,15,7,11,11,0
강원,횡성군,일반,여자,80-84세,186,2,6,29,71,14,5,13,10,2
강원,횡성군,일반,여자,85세이상,231,5,17,66,92,20,2,8,2,0
강원,횡성군,기초,남자,65세미만,24,5,0,7,8,2,0,1,0,0
강원,횡성군,기초,남자,65-69세,22,1,1,1,7,0,1,3,2,1
강원,횡성군,기초,남자,70-74세,13,0,0,4,3,2,0,1,1,0
강원,횡성군,기초,남자,75-79세,14,0,2,5,2,1,1,0,0,0
강원,횡성군,기초,남자,80-84세,5,0,0,1,2,1,0,0,1,0
강원,횡성군,기초,남자,85세이상,12,0,1,3,6,1,0,0,0,0
강원,횡성군,기초,여자,65세미만,12,0,0,2,3,2,1,0,0,0
강원,횡성군,기초,여자,65-69세,17,0,0,1,8,1,0,1,2,1
강원,횡성군,기초,여자,70-74세,20,1,0,1,5,1,1,0,2,1
강원,횡성군,기초,여자,75-79세,29,1,1,4,8,1,1,1,1,1
강원,횡성군,기초,여자,80-84세,38,1,1,8,15,6,2,1,1,0
강원,횡성군,기초,여자,85세이상,68,2,4,16,23,4,1,1,1,0
강원,횡성군,의료,남자,65세미만,1,0,0,0,0,0,0,1,0,0
강원,횡성군,의료,남자,65-69세,1,0,0,0,0,0,0,0,0,0
강원,횡성군,의료,남자,70-74세,0,0,0,0,0,0,0,0,0,0
강원,횡성군,의료,남자,75-79세,0,0,0,0,0,0,0,0,0,0
강원,횡성군,의료,남자,80-84세,0,0,0,0,0,0,0,0,0,0
강원,횡성군,의료,남자,85세이상,1,0,0,0,0,0,0,0,0,0
강원,횡성군,의료,여자,65세미만,0,0,0,0,0,0,0,0,0,0
강원,횡성군,의료,여자,65-69세,0,0,0,0,0,0,0,0,0,0
강원,횡성군,의료,여자,70-74세,1,0,0,0,0,0,0,0,0,0
강원,횡성군,의료,여자,75-79세,1,0,0,1,0,0,0,0,0,0
강원,횡성군,의료,여자,80-84세,3,0,0,0,1,0,0,1,0,0
강원,횡성군,의료,여자,85세이상,15,0,1,5,3,0,0,0,0,0
강원,횡성군,감경,남자,65세미만,10,1,0,6,1,1,0,0,1,0
강원,횡성군,감경,남자,65-69세,16,0,0,4,11,1,0,0,0,0
강원,횡성군,감경,남자,70-74세,16,0,0,6,7,1,0,1,0,0
강원,횡성군,감경,남자,75-79세,18,0,2,3,7,3,1,1,0,0
강원,횡성군,감경,남자,80-84세,54,2,4,14,26,4,0,0,0,0
강원,횡성군,감경,남자,85세이상,45,1,5,8,26,5,0,0,0,0
강원,횡성군,감경,여자,65세미만,10,1,2,3,2,1,1,0,0,0
강원,횡성군,감경,여자,65-69세,17,2,2,2,10,0,1,0,0,0
강원,횡성군,감경,여자,70-74세,27,1,1,8,7,4,0,0,0,0
강원,횡성군,감경,여자,75-79세,60,5,4,14,27,4,3,1,1,0
강원,횡성군,감경,여자,80-84세,151,5,18,44,66,14,1,0,1,0
강원,횡성군,감경,여자,85세이상,288,17,28,96,123,17,0,0,0,0
강원,영월군,일반,남자,65세미만,10,0,1,2,0,1,0,0,0,0
강원,영월군,일반,남자,65-69세,15,0,1,3,4,1,0,0,1,2
강원,영월군,일반,남자,70-74세,30,1,1,9,6,1,0,4,1,3
강원,영월군,일반,남자,75-79세,28,0,1,9,4,2,0,2,1,2
강원,영월군,일반,남자,80-84세,74,2,5,17,28,2,0,2,7,3
강원,영월군,일반,남자,85세이상,52,1,3,16,19,4,0,2,1,1
강원,영월군,일반,여자,65세미만,3,0,0,1,1,0,0,1,0,0
강원,영월군,일반,여자,65-69세,23,0,0,3,5,0,0,2,2,0
강원,영월군,일반,여자,70-74세,57,0,2,8,9,1,2,6,7,4
강원,영월군,일반,여자,75-79세,97,1,3,18,28,1,2,16,4,3
강원,영월군,일반,여자,80-84세,186,2,12,52,46,1,2,13,15,7
강원,영월군,일반,여자,85세이상,147,3,19,52,47,3,0,3,1,1
강원,영월군,기초,남자,65세미만,23,0,1,7,5,0,0,1,4,0
강원,영월군,기초,남자,65-69세,17,1,1,6,3,1,0,3,0,0
강원,영월군,기초,남자,70-74세,13,0,2,4,3,0,0,3,0,0
강원,영월군,기초,남자,75-79세,13,0,0,5,6,0,0,1,0,0
강원,영월군,기초,남자,80-84세,12,0,1,3,7,0,0,0,0,0
강원,영월군,기초,남자,85세이상,13,1,0,4,4,0,0,0,0,1
강원,영월군,기초,여자,65세미만,11,0,1,1,6,0,1,0,0,0
강원,영월군,기초,여자,65-69세,18,1,1,4,0,0,0,1,3,4
강원,영월군,기초,여자,70-74세,23,2,0,5,9,0,0,1,0,4
강원,영월군,기초,여자,75-79세,30,1,0,4,15,0,0,2,1,2
강원,영월군,기초,여자,80-84세,33,1,2,10,13,0,0,1,2,2
강원,영월군,기초,여자,85세이상,44,2,3,20,16,1,0,0,0,0
강원,영월군,의료,남자,65세미만,0,0,0,0,0,0,0,0,0,0
강원,영월군,의료,남자,65-69세,0,0,0,0,0,0,0,0,0,0
강원,영월군,의료,남자,70-74세,0,0,0,0,0,0,0,0,0,0
강원,영월군,의료,남자,75-79세,0,0,0,0,0,0,0,0,0,0
강원,영월군,의료,남자,80-84세,1,0,0,0,1,0,0,0,0,0
강원,영월군,의료,남자,85세이상,1,0,0,0,0,0,0,0,0,1
강원,영월군,의료,여자,65세미만,1,0,0,1,0,0,0,0,0,0
강원,영월군,의료,여자,65-69세,1,0,0,0,0,0,0,1,0,0
강원,영월군,의료,여자,70-74세,1,0,0,1,0,0,0,0,0,0
강원,영월군,의료,여자,75-79세,5,0,0,1,0,0,0,1,0,0
강원,영월군,의료,여자,80-84세,5,0,0,0,5,0,0,0,0,0
강원,영월군,의료,여자,85세이상,11,0,3,4,2,0,0,0,0,0
강원,영월군,감경,남자,65세미만,3,0,0,2,1,0,0,0,0,0
강원,영월군,감경,남자,65-69세,11,1,1,4,4,0,0,0,0,0
강원,영월군,감경,남자,70-74세,6,2,1,1,2,0,0,0,0,0
강원,영월군,감경,남자,75-79세,26,0,1,12,10,1,1,0,1,0
강원,영월군,감경,남자,80-84세,35,0,2,16,13,4,0,0,0,0
강원,영월군,감경,남자,85세이상,71,1,6,30,28,3,0,0,1,0
강원,영월군,감경,여자,65세미만,5,2,0,2,0,0,0,0,0,0
강원,영월군,감경,여자,65-69세,9,1,0,2,4,0,0,0,0,1
강원,영월군,감경,여자,70-74세,25,2,2,11,7,3,0,0,0,0
강원,영월군,감경,여자,75-79세,58,3,5,20,24,0,0,0,0,1
강원,영월군,감경,여자,80-84세,132,9,8,32,69,7,1,1,0,0
강원,영월군,감경,여자,85세이상,216,4,37,72,97,4,0,0,1,0
강원,평창군,일반,남자,65세미만,9,0,0,3,2,0,0,2,0,0
강원,평창군,일반,남자,65-69세,26,1,1,2,7,0,0,3,2,1
강원,평창군,일반,남자,70-74세,30,0,2,6,9,0,0,4,2,2
강원,평창군,일반,남자,75-79세,44,3,2,11,11,0,1,4,3,2
강원,평창군,일반,남자,80-84세,77,1,4,18,21,2,3,1,6,1
강원,평창군,일반,남자,85세이상,56,0,3,15,20,3,0,3,1,1
강원,평창군,일반,여자,65세미만,12,0,0,3,2,1,0,2,0,0
강원,평창군,일반,여자,65-69세,26,2,0,6,4,2,0,2,0,0
강원,평창군,일반,여자,70-74세,49,0,0,8,9,1,2,6,1,2
강원,평창군,일반,여자,75-79세,85,2,3,13,28,4,3,4,5,1
강원,평창군,일반,여자,80-84세,163,4,10,28,51,8,0,16,4,2
강원,평창군,일반,여자,85세이상,182,7,15,64,58,4,0,4,4,1
강원,평창군,기초,남자,65세미만,10,0,0,2,3,1,0,0,1,2
강원,평창군,기초,남자,65-69세,13,0,1,2,3,0,0,1,0,0
강원,평창군,기초,남자,70-74세,5,0,0,2,1,0,0,1,0,1
강원,평창군,기초,남자,75-79세,11,0,0,2,4,1,0,2,0,0
강원,평창군,기초,남자,80-84세,14,0,3,2,3,0,0,2,1,2
강원,평창군,기초,남자,85세이상,11,1,1,0,3,1,0,0,1,0
강원,평창군,기초,여자,65세미만,8,2,2,2,0,0,0,0,0,1
강원,평창군,기초,여자,65-69세,13,2,0,2,2,0,1,0,2,2
강원,평창군,기초,여자,70-74세,19,1,0,0,6,1,0,4,1,0
강원,평창군,기초,여자,75-79세,20,1,0,3,7,0,0,2,0,0
강원,평창군,기초,여자,80-84세,32,2,1,11,8,4,1,1,0,0
강원,평창군,기초,여자,85세이상,38,0,2,15,11,1,0,0,0,0
강원,평창군,의료,남자,65세미만,0,0,0,0,0,0,0,0,0,0
강원,평창군,의료,남자,65-69세,0,0,0,0,0,0,0,0,0,0
강원,평창군,의료,남자,70-74세,0,0,0,0,0,0,0,0,0,0
강원,평창군,의료,남자,75-79세,0,0,0,0,0,0,0,0,0,0
강원,평창군,의료,남자,80-84세,0,0,0,0,0,0,0,0,0,0
강원,평창군,의료,남자,85세이상,3,0,1,0,1,0,0,0,0,0
강원,평창군,의료,여자,65세미만,0,0,0,0,0,0,0,0,0,0
강원,평창군,의료,여자,65-69세,0,0,0,0,0,0,0,0,0,0
강원,평창군,의료,여자,70-74세,0,0,0,0,0,0,0,0,0,0
강원,평창군,의료,여자,75-79세,0,0,0,0,0,0,0,0,0,0
강원,평창군,의료,여자,80-84세,4,0,0,1,3,0,0,0,0,0
강원,평창군,의료,여자,85세이상,13,0,2,7,2,0,0,0,0,0
강원,평창군,감경,남자,65세미만,5,0,1,1,2,0,0,0,0,0
강원,평창군,감경,남자,65-69세,8,0,1,2,3,1,0,0,0,0
강원,평창군,감경,남자,70-74세,14,1,0,8,4,0,0,0,0,0
강원,평창군,감경,남자,75-79세,23,3,2,9,6,1,0,0,0,0
강원,평창군,감경,남자,80-84세,35,2,2,17,9,4,0,0,0,0
강원,평창군,감경,남자,85세이상,45,4,6,11,20,4,0,0,0,0
강원,평창군,감경,여자,65세미만,3,0,0,2,1,0,0,0,0,0
강원,평창군,감경,여자,65-69세,7,0,0,2,4,0,1,0,0,0
강원,평창군,감경,여자,70-74세,19,0,1,4,9,3,0,0,0,0
강원,평창군,감경,여자,75-79세,47,1,2,9,25,3,0,0,0,0
강원,평창군,감경,여자,80-84세,104,4,9,32,43,9,2,1,1,1
강원,평창군,감경,여자,85세이상,215,7,16,80,93,9,1,0,1,0
강원,정선군,일반,남자,65세미만,4,0,0,1,1,0,0,1,1,0
강원,정선군,일반,남자,65-69세,14,0,1,1,2,0,0,5,1,3
강원,정선군,일반,남자,70-74세,20,0,2,5,3,2,0,0,1,3
강원,정선군,일반,남자,75-79세,32,0,1,6,5,0,0,5,3,1
강원,정선군,일반,남자,80-84세,36,0,1,8,8,0,0,3,4,0
강원,정선군,일반,남자,85세이상,35,0,4,9,9,0,0,1,3,0
강원,정선군,일반,여자,65세미만,5,0,0,3,1,0,0,0,1,0
강원,정선군,일반,여자,65-69세,20,0,0,2,4,0,0,3,3,1
강원,정선군,일반,여자,70-74세,38,1,2,5,4,0,0,8,3,4
강원,정선군,일반,여자,75-79세,65,2,3,9,16,0,1,10,4,3
강원,정선군,일반,여자,80-84세,100,2,9,27,25,2,0,15,6,0
강원,정선군,일반,여자,85세이상,101,3,9,35,33,2,0,4,3,2
강원,정선군,기초,남자,65세미만,12,0,0,3,2,1,0,0,0,1
강원,정선군,기초,남자,65-69세,15,0,3,1,1,0,0,6,0,1
강원,정선군,기초,남자,70-74세,12,1,1,2,3,0,0,1,1,1
강원,정선군,기초,남자,75-79세,15,0,1,3,2,0,0,0,2,1
강원,정선군,기초,남자,80-84세,11,0,0,4,2,0,0,2,0,0
강원,정선군,기초,남자,85세이상,14,0,1,2,3,0,0,0,1,0
강원,정선군,기초,여자,65세미만,5,1,1,0,1,0,0,2,0,0
강원,정선군,기초,여자,65-69세,12,1,0,2,3,0,0,1,2,0
강원,정선군,기초,여자,70-74세,14,1,0,2,2,1,0,2,1,3
강원,정선군,기초,여자,75-79세,28,1,0,5,7,0,0,4,3,1
강원,정선군,기초,여자,80-84세,35,5,2,11,8,1,0,2,0,0
강원,정선군,기초,여자,85세이상,70,1,9,15,9,0,0,1,2,0
강원,정선군,의료,남자,65세미만,0,0,0,0,0,0,0,0,0,0
강원,정선군,의료,남자,65-69세,0,0,0,0,0,0,0,0,0,0
강원,정선군,의료,남자,70-74세,1,0,0,1,0,0,0,0,0,0
강원,정선군,의료,남자,75-79세,3,1,0,1,0,0,0,0,1,0
강원,정선군,의료,남자,80-84세,0,0,0,0,0,0,0,0,0,0
강원,정선군,의료,남자,85세이상,4,1,0,0,2,0,0,1,0,0
강원,정선군,의료,여자,65세미만,0,0,0,0,0,0,0,0,0,0
강원,정선군,의료,여자,65-69세,0,0,0,0,0,0,0,0,0,0
강원,정선군,의료,여자,70-74세,1,0,0,0,0,1,0,0,0,0
강원,정선군,의료,여자,75-79세,0,0,0,0,0,0,0,0,0,0
강원,정선군,의료,여자,80-84세,4,0,1,2,1,0,0,0,0,0
강원,정선군,의료,여자,85세이상,12,0,0,4,3,0,0,1,0,0
강원,정선군,감경,남자,65세미만,11,3,1,5,1,0,0,0,1,0
강원,정선군,감경,남자,65-69세,9,1,3,2,2,0,0,0,0,0
강원,정선군,감경,남자,70-74세,15,1,2,5,4,0,1,0,0,0
강원,정선군,감경,남자,75-79세,25,1,1,11,9,1,0,0,0,0
강원,정선군,감경,남자,80-84세,52,6,4,17,18,1,0,1,0,0
강원,정선군,감경,남자,85세이상,40,0,1,20,17,2,0,0,0,0
강원,정선군,감경,여자,65세미만,9,1,1,3,4,0,0,0,0,0
강원,정선군,감경,여자,65-69세,14,1,0,7,5,1,0,0,0,0
강원,정선군,감경,여자,70-74세,18,1,1,7,7,0,0,0,0,0
강원,정선군,감경,여자,75-79세,52,2,3,20,22,1,0,2,0,0
강원,정선군,감경,여자,80-84세,109,4,8,49,38,5,0,1,1,0
강원,정선군,감경,여자,85세이상,195,14,36,75,63,2,0,2,0,1
강원,철원군,일반,남자,65세미만,9,1,1,2,2,0,0,1,0,0
강원,철원군,일반,남자,65-69세,19,0,0,5,2,0,0,6,1,1
강원,철원군,일반,남자,70-74세,26,0,1,2,9,2,0,1,5,0
강원,철원군,일반,남자,75-79세,54,1,3,6,16,4,2,4,3,2
강원,철원군,일반,남자,80-84세,52,1,3,8,15,8,2,2,2,0
강원,철원군,일반,남자,85세이상,47,2,3,6,16,4,3,2,3,0
강원,철원군,일반,여자,65세미만,6,0,0,1,0,1,0,1,2,0
강원,철원군,일반,여자,65-69세,27,2,2,2,1,0,0,3,5,1
강원,철원군,일반,여자,70-74세,47,0,1,3,10,1,3,11,4,2
강원,철원군,일반,여자,75-79세,85,2,2,7,21,8,2,11,5,0
강원,철원군,일반,여자,80-84세,134,4,6,12,45,19,4,15,8,0
강원,철원군,일반,여자,85세이상,141,4,11,20,48,24,3,3,4,1
강원,철원군,기초,남자,65세미만,16,1,0,3,4,0,1,2,4,0
강원,철원군,기초,남자,65-69세,14,0,1,2,2,0,0,2,4,1
강원,철원군,기초,남자,70-74세,6,0,0,1,1,1,0,1,0,0
강원,철원군,기초,남자,75-79세,10,0,0,1,2,1,0,1,0,1
강원,철원군,기초,남자,80-84세,8,0,1,1,4,0,0,1,1,0
강원,철원군,기초,남자,85세이상,6,0,1,1,0,0,1,1,0,0
강원,철원군,기초,여자,65세미만,8,0,0,0,3,0,0,2,0,0
강원,철원군,기초,여자,65-69세,20,0,1,2,4,1,1,3,3,1
강원,철원군,기초,여자,70-74세,23,0,1,1,5,0,1,1,5,0
강원,철원군,기초,여자,75-79세,31,0,0,2,9,1,0,4,8,0
강원,철원군,기초,여자,80-84세,38,2,0,4,10,6,2,5,3,0
강원,철원군,기초,여자,85세이상,48,3,2,9,10,4,0,5,5,0
강원,철원군,의료,남자,65세미만,0,0,0,0,0,0,0,0,0,0
강원,철원군,의료,남자,65-69세,0,0,0,0,0,0,0,0,0,0
강원,철원군,의료,남자,70-74세,1,0,0,0,0,0,0,0,0,0
강원,철원군,의료,남자,75-79세,2,0,0,0,0,0,1,1,0,0
강원,철원군,의료,남자,80-84세,2,0,0,0,0,0,0,1,0,0
강원,철원군,의료,남자,85세이상,1,0,0,0,1,0,0,0,0,0
강원,철원군,의료,여자,65세미만,0,0,0,0,0,0,0,0,0,0
강원,철원군,의료,여자,65-69세,0,0,0,0,0,0,0,0,0,0
강원,철원군,의료,여자,70-74세,6,0,0,0,4,0,0,0,1,0
강원,철원군,의료,여자,75-79세,1,0,0,0,1,0,0,0,0,0
강원,철원군,의료,여자,80-84세,1,0,0,1,0,0,0,0,0,0
강원,철원군,의료,여자,85세이상,7,0,0,0,5,2,0,0,0,0
강원,철원군,감경,남자,65세미만,9,0,1,4,2,1,0,0,1,0
강원,철원군,감경,남자,65-69세,12,1,2,4,2,1,0,0,1,0
강원,철원군,감경,남자,70-74세,17,0,0,5,9,1,1,0,0,0
강원,철원군,감경,남자,75-79세,20,0,1,5,11,2,0,0,0,0
강원,철원군,감경,남자,80-84세,41,0,0,9,13,11,5,0,0,0
강원,철원군,감경,남자,85세이상,45,4,0,10,20,9,1,0,0,0
강원,철원군,감경,여자,65세미만,3,0,0,2,1,0,0,0,0,0
강원,철원군,감경,여자,65-69세,9,0,1,4,2,0,0,1,0,0
강원,철원군,감경,여자,70-74세,22,1,1,3,10,4,1,2,0,0
강원,철원군,감경,여자,75-79세,54,0,5,12,28,4,1,1,1,0
강원,철원군,감경,여자,80-84세,122,2,9,32,49,20,3,3,0,0
강원,철원군,감경,여자,85세이상,147,6,16,40,61,15,4,0,0,0
강원,화천군,일반,남자,65세미만,3,0,1,1,0,0,0,1,0,0
강원,화천군,일반,남자,65-69세,9,0,0,0,1,0,0,1,1,2
강원,화천군,일반,남자,70-74세,12,0,0,4,2,0,0,0,2,2
강원,화천군,일반,남자,75-79세,24,0,2,4,6,1,1,3,3,1
강원,화천군,일반,남자,80-84세,33,1,0,4,12,2,1,5,2,1
강원,화천군,일반,남자,85세이상,23,0,0,7,7,2,0,0,2,1
강원,화천군,일반,여자,65세미만,2,0,0,1,0,0,0,0,0,0
강원,화천군,일반,여자,65-69세,9,0,1,1,1,1,1,1,1,0
강원,화천군,일반,여자,70-74세,12,0,0,2,3,0,0,1,4,0
강원,화천군,일반,여자,75-79세,46,2,1,6,11,3,1,4,3,1
강원,화천군,일반,여자,80-84세,58,1,3,7,24,5,0,3,3,3
강원,화천군,일반,여자,85세이상,72,2,7,23,21,2,1,3,3,2
강원,화천군,기초,남자,65세미만,3,0,0,0,1,0,0,0,0,0
강원,화천군,기초,남자,65-69세,9,0,0,0,2,1,0,2,3,1
강원,화천군,기초,남자,70-74세,6,1,1,0,2,0,0,0,1,0
강원,화천군,기초,남자,75-79세,6,0,1,0,0,0,0,1,2,2
강원,화천군,기초,남자,80-84세,9,0,0,4,1,1,0,1,1,0
강원,화천군,기초,남자,85세이상,12,1,0,2,9,0,0,0,0,0
강원,화천군,기초,여자,65세미만,3,0,0,1,0,0,0,1,0,0
강원,화천군,기초,여자,65-69세,6,0,0,0,1,0,0,0,4,1
강원,화천군,기초,여자,70-74세,8,0,2,0,0,0,0,3,1,0
강원,화천군,기초,여자,75-79세,16,1,3,1,5,0,0,1,3,0
강원,화천군,기초,여자,80-84세,46,0,1,11,19,2,2,5,2,0
강원,화천군,기초,여자,85세이상,29,0,5,4,14,2,0,1,1,0
강원,화천군,의료,남자,65세미만,0,0,0,0,0,0,0,0,0,0
강원,화천군,의료,남자,65-69세,0,0,0,0,0,0,0,0,0,0
강원,화천군,의료,남자,70-74세,0,0,0,0,0,0,0,0,0,0
강원,화천군,의료,남자,75-79세,0,0,0,0,0,0,0,0,0,0
강원,화천군,의료,남자,80-84세,0,0,0,0,0,0,0,0,0,0
강원,화천군,의료,남자,85세이상,1,0,0,1,0,0,0,0,0,0
강원,화천군,의료,여자,65세미만,0,0,0,0,0,0,0,0,0,0
강원,화천군,의료,여자,65-69세,0,0,0,0,0,0,0,0,0,0
강원,화천군,의료,여자,70-74세,0,0,0,0,0,0,0,0,0,0
강원,화천군,의료,여자,75-79세,1,0,0,0,0,0,0,1,0,0
강원,화천군,의료,여자,80-84세,1,0,0,0,0,0,0,0,0,0
강원,화천군,의료,여자,85세이상,3,0,0,0,3,0,0,0,0,0
강원,화천군,감경,남자,65세미만,2,1,0,1,0,0,0,0,0,0
강원,화천군,감경,남자,65-69세,4,1,0,0,3,0,0,0,0,0
강원,화천군,감경,남자,70-74세,2,0,0,1,1,0,0,0,0,0
강원,화천군,감경,남자,75-79세,13,1,0,4,6,0,0,0,0,1
강원,화천군,감경,남자,80-84세,24,0,2,8,9,2,1,0,1,0
강원,화천군,감경,남자,85세이상,23,2,2,4,11,3,1,0,0,0
강원,화천군,감경,여자,65세미만,2,0,0,0,2,0,0,0,0,0
강원,화천군,감경,여자,65-69세,4,0,0,2,2,0,0,0,0,0
강원,화천군,감경,여자,70-74세,5,0,1,1,2,0,0,1,0,0
강원,화천군,감경,여자,75-79세,20,1,2,4,10,0,0,1,0,0
강원,화천군,감경,여자,80-84세,45,1,2,12,21,4,2,0,0,0
강원,화천군,감경,여자,85세이상,78,6,7,28,30,3,1,0,0,0
강원,양구군,일반,남자,65세미만,2,0,0,0,0,0,0,0,0,1
강원,양구군,일반,남자,65-69세,9,0,2,1,0,0,0,0,3,1
강원,양구군,일반,남자,70-74세,15,0,0,2,6,1,0,2,1,0
강원,양구군,일반,남자,75-79세,9,0,0,1,4,0,0,0,1,1
강원,양구군,일반,남자,80-84세,15,0,2,1,5,0,0,2,2,0
강원,양구군,일반,남자,85세이상,20,0,2,1,12,1,1,0,1,1
강원,양구군,일반,여자,65세미만,3,0,0,1,0,0,0,0,0,1
강원,양구군,일반,여자,65-69세,12,0,0,0,2,0,0,3,2,0
강원,양구군,일반,여자,70-74세,25,1,1,2,2,0,1,4,3,1
강원,양구군,일반,여자,75-79세,28,2,2,5,1,2,1,4,3,1
강원,양구군,일반,여자,80-84세,59,1,2,16,13,7,1,2,3,1
강원,양구군,일반,여자,85세이상,54,4,3,8,21,5,3,1,1,0
강원,양구군,기초,남자,65세미만,17,1,3,5,3,0,0,1,2,0
강원,양구군,기초,남자,65-69세,13,0,1,3,1,0,0,1,1,2
강원,양구군,기초,남자,70-74세,5,0,0,0,0,0,0,1,1,1
강원,양구군,기초,남자,75-79세,7,1,0,1,2,0,0,0,1,1
강원,양구군,기초,남자,80-84세,4,0,0,2,1,0,1,0,0,0
강원,양구군,기초,남자,85세이상,3,0,0,0,1,2,0,0,0,0
강원,양구군,기초,여자,65세미만,8,1,1,1,2,0,1,0,1,0
강원,양구군,기초,여자,65-69세,18,1,1,1,2,0,1,5,2,1
강원,양구군,기초,여자,70-74세,19,2,0,1,2,1,0,2,2,0
강원,양구군,기초,여자,75-79세,21,0,3,3,4,0,2,1,4,1
강원,양구군,기초,여자,80-84세,20,1,0,2,7,2,1,1,3,0
강원,양구군,기초,여자,85세이상,38,3,4,8,12,3,2,1,0,0
강원,양구군,의료,남자,65세미만,0,0,0,0,0,0,0,0,0,0
강원,양구군,의료,남자,65-69세,0,0,0,0,0,0,0,0,0,0
강원,양구군,의료,남자,70-74세,0,0,0,0,0,0,0,0,0,0
강원,양구군,의료,남자,75-79세,1,0,0,0,1,0,0,0,0,0
강원,양구군,의료,남자,80-84세,0,0,0,0,0,0,0,0,0,0
강원,양구군,의료,남자,85세이상,1,0,0,0,0,1,0,0,0,0
강원,양구군,의료,여자,65세미만,0,0,0,0,0,0,0,0,0,0
강원,양구군,의료,여자,65-69세,0,0,0,0,0,0,0,0,0,0
강원,양구군,의료,여자,70-74세,1,0,0,1,0,0,0,0,0,0
강원,양구군,의료,여자,75-79세,2,0,0,0,0,1,0,0,0,0
강원,양구군,의료,여자,80-84세,1,0,0,0,1,0,0,0,0,0
강원,양구군,의료,여자,85세이상,2,0,0,1,0,0,0,0,0,0
강원,양구군,감경,남자,65세미만,4,0,0,2,1,0,0,0,0,0
강원,양구군,감경,남자,65-69세,6,0,1,3,1,0,0,0,0,1
강원,양구군,감경,남자,70-74세,1,0,1,0,0,0,0,0,0,0
강원,양구군,감경,남자,75-79세,8,0,1,0,6,1,0,0,0,0
강원,양구군,감경,남자,80-84세,21,1,4,6,7,1,1,0,0,0
강원,양구군,감경,남자,85세이상,24,0,2,7,10,1,2,0,0,0
강원,양구군,감경,여자,65세미만,3,1,0,0,1,0,1,0,0,0
강원,양구군,감경,여자,65-69세,3,0,1,1,1,0,0,0,0,0
강원,양구군,감경,여자,70-74세,12,0,2,3,1,1,2,1,0,0
강원,양구군,감경,여자,75-79세,23,0,0,3,8,3,1,0,1,0
강원,양구군,감경,여자,80-84세,49,3,7,13,14,5,3,0,1,0
강원,양구군,감경,여자,85세이상,62,3,7,25,21,3,1,0,0,0
강원,인제군,일반,남자,65세미만,3,0,0,0,1,0,0,0,0,1
강원,인제군,일반,남자,65-69세,12,1,0,4,1,1,0,0,1,0
강원,인제군,일반,남자,70-74세,16,1,3,4,2,0,0,1,1,2
강원,인제군,일반,남자,75-79세,17,1,0,3,4,0,0,0,2,1
강원,인제군,일반,남자,80-84세,26,0,3,4,5,1,0,5,2,3
강원,인제군,일반,남자,85세이상,35,0,7,5,8,4,0,0,4,4
강원,인제군,일반,여자,65세미만,6,1,0,0,1,0,1,0,0,1
강원,인제군,일반,여자,65-69세,9,0,0,0,1,0,1,0,1,2
강원,인제군,일반,여자,70-74세,12,0,0,1,2,0,0,0,0,2
강원,인제군,일반,여자,75-79세,46,1,0,3,7,3,0,4,6,4
강원,인제군,일반,여자,80-84세,72,0,2,11,15,5,4,12,3,3
강원,인제군,일반,여자,85세이상,73,2,5,19,30,2,1,0,4,1
강원,인제군,기초,남자,65세미만,6,0,0,2,1,0,0,0,0,1
강원,인제군,기초,남자,65-69세,9,1,0,1,0,0,0,0,0,2
강원,인제군,기초,남자,70-74세,6,0,1,3,0,0,0,1,0,0
강원,인제군,기초,남자,75-79세,4,0,1,0,1,0,0,0,0,1
강원,인제군,기초,남자,80-84세,5,0,0,0,1,1,0,0,0,1
강원,인제군,기초,남자,85세이상,5,0,0,0,1,1,1,0,0,0
강원,인제군,기초,여자,65세미만,4,1,0,0,2,0,0,0,0,1
강원,인제군,기초,여자,65-69세,12,3,0,3,2,0,0,0,0,3
강원,인제군,기초,여자,70-74세,10,1,0,0,3,0,0,0,3,0
강원,인제군,기초,여자,75-79세,14,0,2,1,3,0,1,1,2,1
강원,인제군,기초,여자,80-84세,18,0,1,3,7,0,0,2,3,0
강원,인제군,기초,여자,85세이상,35,2,1,10,12,2,1,3,1,1
강원,인제군,의료,남자,65세미만,2,0,0,0,0,0,0,0,0,0
강원,인제군,의료,남자,65-69세,0,0,0,0,0,0,0,0,0,0
강원,인제군,의료,남자,70-74세,1,0,0,1,0,0,0,0,0,0
강원,인제군,의료,남자,75-79세,0,0,0,0,0,0,0,0,0,0
강원,인제군,의료,남자,80-84세,0,0,0,0,0,0,0,0,0,0
강원,인제군,의료,남자,85세이상,0,0,0,0,0,0,0,0,0,0
강원,인제군,의료,여자,65세미만,0,0,0,0,0,0,0,0,0,0
강원,인제군,의료,여자,65-69세,0,0,0,0,0,0,0,0,0,0
강원,인제군,의료,여자,70-74세,0,0,0,0,0,0,0,0,0,0
강원,인제군,의료,여자,75-79세,0,0,0,0,0,0,0,0,0,0
강원,인제군,의료,여자,80-84세,1,0,0,0,0,0,0,0,0,0
강원,인제군,의료,여자,85세이상,3,0,0,1,2,0,0,0,0,0
강원,인제군,감경,남자,65세미만,3,0,0,0,1,0,0,0,0,0
강원,인제군,감경,남자,65-69세,6,1,1,3,1,0,0,0,0,0
강원,인제군,감경,남자,70-74세,5,0,0,3,1,1,0,0,0,0
강원,인제군,감경,남자,75-79세,15,0,1,7,5,0,0,0,0,0
강원,인제군,감경,남자,80-84세,13,0,1,4,5,1,0,0,0,1
강원,인제군,감경,남자,85세이상,20,2,1,3,12,1,1,0,0,0
강원,인제군,감경,여자,65세미만,2,0,0,0,0,0,0,0,0,0
강원,인제군,감경,여자,65-69세,3,0,0,2,0,0,1,0,0,0
강원,인제군,감경,여자,70-74세,7,0,0,2,3,1,1,0,0,0
강원,인제군,감경,여자,75-79세,25,1,1,7,7,3,0,1,0,1
강원,인제군,감경,여자,80-84세,44,0,5,15,19,1,2,0,0,0
강원,인제군,감경,여자,85세이상,72,1,3,23,31,6,4,0,0,1
강원,고성군,일반,남자,65세미만,3,1,0,0,1,0,0,0,0,0
강원,고성군,일반,남자,65-69세,7,0,2,3,1,0,0,1,0,0
강원,고성군,일반,남자,70-74세,11,1,2,2,2,0,0,0,0,1
강원,고성군,일반,남자,75-79세,16,1,0,4,4,0,0,2,1,0
강원,고성군,일반,남자,80-84세,28,1,0,5,8,2,1,2,1,0
강원,고성군,일반,남자,85세이상,25,1,2,4,11,4,0,0,0,0
강원,고성군,일반,여자,65세미만,10,0,0,0,0,1,0,1,3,1
강원,고성군,일반,여자,65-69세,12,0,1,2,3,1,0,1,1,0
강원,고성군,일반,여자,70-74세,25,2,0,2,2,0,1,0,6,0
강원,고성군,일반,여자,75-79세,39,2,0,6,9,4,1,2,3,1
강원,고성군,일반,여자,80-84세,75,3,5,18,21,3,3,5,4,1
강원,고성군,일반,여자,85세이상,79,5,10,27,16,3,1,4,0,0
강원,고성군,기초,남자,65세미만,12,1,2,2,2,0,0,0,0,0
강원,고성군,기초,남자,65-69세,13,0,1,2,3,0,0,1,1,1
강원,고성군,기초,남자,70-74세,8,1,0,0,0,0,0,0,2,2
강원,고성군,기초,남자,75-79세,5,0,2,1,1,0,0,0,0,0
강원,고성군,기초,남자,80-84세,6,0,1,0,3,0,0,1,0,0
강원,고성군,기초,남자,85세이상,2,0,0,1,1,0,0,0,0,0
강원,고성군,기초,여자,65세미만,7,0,1,1,1,0,0,1,0,0
강원,고성군,기초,여자,65-69세,10,0,0,3,3,0,0,0,0,1
강원,고성군,기초,여자,70-74세,16,1,0,2,5,1,0,2,2,0
강원,고성군,기초,여자,75-79세,23,0,1,4,6,2,0,0,4,0
강원,고성군,기초,여자,80-84세,23,1,4,8,7,0,0,1,0,0
강원,고성군,기초,여자,85세이상,59,7,9,10,19,2,2,0,0,0
강원,고성군,의료,남자,65세미만,0,0,0,0,0,0,0,0,0,0
강원,고성군,의료,남자,65-69세,0,0,0,0,0,0,0,0,0,0
강원,고성군,의료,남자,70-74세,0,0,0,0,0,0,0,0,0,0
강원,고성군,의료,남자,75-79세,0,0,0,0,0,0,0,0,0,0
강원,고성군,의료,남자,80-84세,0,0,0,0,0,0,0,0,0,0
강원,고성군,의료,남자,85세이상,1,0,1,0,0,0,0,0,0,0
강원,고성군,의료,여자,65세미만,0,0,0,0,0,0,0,0,0,0
강원,고성군,의료,여자,65-69세,0,0,0,0,0,0,0,0,0,0
강원,고성군,의료,여자,70-74세,0,0,0,0,0,0,0,0,0,0
강원,고성군,의료,여자,75-79세,0,0,0,0,0,0,0,0,0,0
강원,고성군,의료,여자,80-84세,4,0,1,0,0,0,0,1,0,0
강원,고성군,의료,여자,85세이상,3,0,1,0,2,0,0,0,0,0
강원,고성군,감경,남자,65세미만,4,1,0,0,2,0,1,0,0,0
강원,고성군,감경,남자,65-69세,8,0,1,4,0,2,0,0,0,0
강원,고성군,감경,남자,70-74세,10,0,3,3,3,0,0,0,0,0
강원,고성군,감경,남자,75-79세,15,1,1,5,5,2,0,0,0,0
강원,고성군,감경,남자,80-84세,20,1,1,5,10,1,1,0,0,0
강원,고성군,감경,남자,85세이상,38,1,7,7,20,1,2,0,0,0
강원,고성군,감경,여자,65세미만,4,0,1,2,1,0,0,0,0,0
강원,고성군,감경,여자,65-69세,9,0,1,4,4,0,0,0,0,0
강원,고성군,감경,여자,70-74세,9,0,1,2,4,0,0,0,0,0
강원,고성군,감경,여자,75-79세,44,2,6,16,14,5,0,0,0,0
강원,고성군,감경,여자,80-84세,76,6,8,26,25,4,2,0,0,0
강원,고성군,감경,여자,85세이상,143,13,18,51,48,9,1,0,0,0
강원,양양군,일반,남자,65세미만,7,1,0,3,1,0,0,1,0,0
강원,양양군,일반,남자,65-69세,13,2,0,0,2,0,0,2,0,1
강원,양양군,일반,남자,70-74세,21,1,1,5,5,0,0,0,2,0
강원,양양군,일반,남자,75-79세,26,3,4,6,9,0,1,0,1,0
강원,양양군,일반,남자,80-84세,44,3,6,14,6,1,0,1,3,3
강원,양양군,일반,남자,85세이상,37,2,2,13,12,0,0,2,1,1
강원,양양군,일반,여자,65세미만,9,0,1,2,1,0,0,0,2,1
강원,양양군,일반,여자,65-69세,17,0,0,1,0,1,0,2,4,2
강원,양양군,일반,여자,70-74세,26,0,2,1,5,1,0,3,1,1
강원,양양군,일반,여자,75-79세,63,0,5,14,11,2,0,7,4,2
강원,양양군,일반,여자,80-84세,101,8,10,27,34,2,1,5,0,2
강원,양양군,일반,여자,85세이상,139,10,24,51,34,2,0,3,2,1
강원,양양군,기초,남자,65세미만,16,1,2,4,2,0,0,2,0,0
강원,양양군,기초,남자,65-69세,16,0,3,2,6,0,0,2,2,1
강원,양양군,기초,남자,70-74세,5,0,1,2,1,0,0,1,0,0
강원,양양군,기초,남자,75-79세,17,0,1,4,6,0,0,1,2,0
강원,양양군,기초,남자,80-84세,26,0,5,9,8,0,1,0,1,0
강원,양양군,기초,남자,85세이상,8,2,0,3,2,0,0,1,0,0
강원,양양군,기초,여자,65세미만,3,1,0,0,1,0,0,0,1,0
강원,양양군,기초,여자,65-69세,19,2,4,5,2,1,0,0,3,0
강원,양양군,기초,여자,70-74세,21,1,2,1,6,0,0,3,2,1
강원,양양군,기초,여자,75-79세,17,0,0,5,5,0,0,2,2,0
강원,양양군,기초,여자,80-84세,27,1,3,13,6,0,0,1,1,0
강원,양양군,기초,여자,85세이상,67,9,8,23,14,0,0,1,1,0
강원,양양군,의료,남자,65세미만,0,0,0,0,0,0,0,0,0,0
강원,양양군,의료,남자,65-69세,0,0,0,0,0,0,0,0,0,0
강원,양양군,의료,남자,70-74세,0,0,0,0,0,0,0,0,0,0
강원,양양군,의료,남자,75-79세,1,0,0,1,0,0,0,0,0,0
강원,양양군,의료,남자,80-84세,0,0,0,0,0,0,0,0,0,0
강원,양양군,의료,남자,85세이상,1,1,0,0,0,0,0,0,0,0
강원,양양군,의료,여자,65세미만,0,0,0,0,0,0,0,0,0,0
강원,양양군,의료,여자,65-69세,0,0,0,0,0,0,0,0,0,0
강원,양양군,의료,여자,70-74세,0,0,0,0,0,0,0,0,0,0
강원,양양군,의료,여자,75-79세,0,0,0,0,0,0,0,0,0,0
강원,양양군,의료,여자,80-84세,2,0,0,0,1,0,0,0,1,0
강원,양양군,의료,여자,85세이상,11,2,2,4,2,0,0,0,0,0
강원,양양군,감경,남자,65세미만,3,0,2,1,0,0,0,0,0,0
강원,양양군,감경,남자,65-69세,7,2,0,2,3,0,0,0,0,0
강원,양양군,감경,남자,70-74세,8,1,2,3,2,0,0,0,0,0
강원,양양군,감경,남자,75-79세,12,0,1,6,5,0,0,0,0,0
강원,양양군,감경,남자,80-84세,28,1,4,14,8,0,0,0,0,0
강원,양양군,감경,남자,85세이상,35,5,5,11,13,1,0,0,0,0
강원,양양군,감경,여자,65세미만,2,0,0,2,0,0,0,0,0,0
강원,양양군,감경,여자,65-69세,8,1,0,2,3,0,0,1,0,0
강원,양양군,감경,여자,70-74세,13,1,3,7,2,0,0,0,0,0
강원,양양군,감경,여자,75-79세,30,1,2,13,13,1,0,0,0,0
강원,양양군,감경,여자,80-84세,103,8,17,44,27,1,2,0,0,0
강원,양양군,감경,여자,85세이상,139,18,28,55,32,2,0,0,0,0
충북,청주시,일반,남자,65세미만,163,15,9,20,24,8,0,23,10,8
충북,청주시,일반,남자,65-69세,336,13,15,66,73,14,7,40,19,14
충북,청주시,일반,남자,70-74세,402,16,23,77,125,21,6,40,19,6
충북,청주시,일반,남자,75-79세,623,23,36,133,186,55,11,33,34,12
충북,청주시,일반,남자,80-84세,840,23,45,146,285,130,27,42,30,18
충북,청주시,일반,남자,85세이상,923,26,52,179,338,124,22,33,20,20
충북,청주시,일반,여자,65세미만,169,15,10,38,31,15,2,23,5,5
충북,청주시,일반,여자,65-69세,371,19,15,53,67,17,11,29,24,15
충북,청주시,일반,여자,70-74세,600,27,30,81,135,48,21,68,27,14
충북,청주시,일반,여자,75-79세,1323,56,77,192,386,115,45,99,56,30
충북,청주시,일반,여자,80-84세,2316,84,133,468,788,284,69,106,61,31
충북,청주시,일반,여자,85세이상,2766,116,281,735,1023,244,46,67,38,14
충북,청주시,기초,남자,65세미만,321,27,27,55,77,35,6,23,12,11
충북,청주시,기초,남자,65-69세,290,11,19,27,80,33,20,26,17,20
충북,청주시,기초,남자,70-74세,186,7,9,21,61,18,3,16,12,16
충북,청주시,기초,남자,75-79세,168,2,7,20,57,27,6,7,6,7
충북,청주시,기초,남자,80-84세,145,6,7,24,53,20,10,1,4,5
충북,청주시,기초,남자,85세이상,87,4,4,13,35,14,1,0,0,1
충북,청주시,기초,여자,65세미만,154,13,9,45,39,11,6,8,6,3
충북,청주시,기초,여자,65-69세,216,6,12,28,67,19,10,16,13,8
충북,청주시,기초,여자,70-74세,228,7,8,31,67,27,7,13,16,6
충북,청주시,기초,여자,75-79세,394,18,21,74,113,57,8,25,19,10
충북,청주시,기초,여자,80-84세,511,9,36,108,199,57,15,23,13,6
충북,청주시,기초,여자,85세이상,638,30,81,149,222,56,7,11,7,5
충북,청주시,의료,남자,65세미만,1,0,1,0,0,0,0,0,0,0
충북,청주시,의료,남자,65-69세,6,0,1,1,1,0,0,2,0,0
충북,청주시,의료,남자,70-74세,7,0,2,0,3,0,0,0,0,0
충북,청주시,의료,남자,75-79세,8,0,0,3,1,3,0,0,0,0
충북,청주시,의료,남자,80-84세,10,0,0,1,3,4,0,0,0,0
충북,청주시,의료,남자,85세이상,16,1,0,2,7,1,0,0,0,0
충북,청주시,의료,여자,65세미만,3,0,1,0,2,0,0,0,0,0
충북,청주시,의료,여자,65-69세,2,0,0,1,0,0,1,0,0,0
충북,청주시,의료,여자,70-74세,12,0,0,3,5,0,0,1,0,0
충북,청주시,의료,여자,75-79세,9,0,1,2,2,0,0,0,0,1
충북,청주시,의료,여자,80-84세,36,0,3,8,8,3,0,0,0,1
충북,청주시,의료,여자,85세이상,123,4,7,37,48,6,0,1,1,2
충북,청주시,감경,남자,65세미만,153,19,12,54,33,13,3,2,3,0
충북,청주시,감경,남자,65-69세,198,11,19,61,72,20,2,2,2,1
충북,청주시,감경,남자,70-74세,244,14,23,60,98,25,10,1,1,0
충북,청주시,감경,남자,75-79세,299,6,23,84,123,42,8,2,1,1
충북,청주시,감경,남자,80-84세,428,16,26,108,170,74,20,0,0,1
충북,청주시,감경,남자,85세이상,507,17,45,131,226,76,6,0,1,0
충북,청주시,감경,여자,65세미만,124,17,15,26,42,6,4,1,2,0
충북,청주시,감경,여자,65-69세,204,30,12,52,65,16,8,3,1,0
충북,청주시,감경,여자,70-74세,364,16,46,90,128,44,13,4,1,0
충북,청주시,감경,여자,75-79세,711,37,63,164,274,107,23,6,3,1
충북,청주시,감경,여자,80-84세,1488,76,128,406,599,194,46,5,1,0
충북,청주시,감경,여자,85세이상,2496,140,294,733,1018,242,32,1,2,0
충북,충주시,일반,남자,65세미만,48,2,1,3,8,1,1,11,2,4
충북,충주시,일반,남자,65-69세,99,6,3,12,20,8,1,10,7,3
충북,충주시,일반,남자,70-74세,110,1,7,24,17,2,2,12,9,1
충북,충주시,일반,남자,75-79세,174,2,8,30,47,18,4,10,7,3
충북,충주시,일반,남자,80-84세,281,7,12,49,83,26,14,24,14,8
충북,충주시,일반,남자,85세이상,323,5,16,63,102,47,6,11,14,1
충북,충주시,일반,여자,65세미만,46,6,1,8,5,1,2,7,4,3
충북,충주시,일반,여자,65-69세,112,2,3,13,19,5,1,11,8,7
충북,충주시,일반,여자,70-74세,199,4,9,12,47,11,4,26,20,7
충북,충주시,일반,여자,75-79세,401,6,19,46,92,32,22,37,25,10
충북,충주시,일반,여자,80-84세,713,14,40,79,216,105,18,55,29,7
충북,충주시,일반,여자,85세이상,886,28,63,186,285,95,16,50,28,0
충북,충주시,기초,남자,65세미만,114,9,3,20,31,9,2,10,6,4
충북,충주시,기초,남자,65-69세,93,3,2,12,29,5,3,12,3,4
충북,충주시,기초,남자,70-74세,74,2,5,15,23,5,2,5,3,3
충북,충주시,기초,남자,75-79세,46,2,0,8,8,8,3,3,3,2
충북,충주시,기초,남자,80-84세,70,2,3,16,22,8,0,3,3,1
충북,충주시,기초,남자,85세이상,48,2,4,7,20,6,1,0,1,1
충북,충주시,기초,여자,65세미만,56,4,3,19,13,0,0,6,3,2
충북,충주시,기초,여자,65-69세,70,1,3,10,16,10,2,7,6,0
충북,충주시,기초,여자,70-74세,73,1,4,6,22,7,1,9,13,1
충북,충주시,기초,여자,75-79세,115,1,8,14,33,13,4,6,6,0
충북,충주시,기초,여자,80-84세,206,4,11,39,81,30,2,6,5,2
충북,충주시,기초,여자,85세이상,260,14,26,60,80,34,1,8,6,0
충북,충주시,의료,남자,65세미만,0,0,0,0,0,0,0,0,0,0
충북,충주시,의료,남자,65-69세,3,0,0,0,0,0,0,1,0,0
충북,충주시,의료,남자,70-74세,3,0,0,0,2,0,0,0,1,0
충북,충주시,의료,남자,75-79세,4,0,0,2,0,1,0,0,0,0
충북,충주시,의료,남자,80-84세,5,1,1,1,0,1,0,0,0,0
충북,충주시,의료,남자,85세이상,9,0,1,0,4,0,1,0,1,0
충북,충주시,의료,여자,65세미만,0,0,0,0,0,0,0,0,0,0
충북,충주시,의료,여자,65-69세,1,0,0,0,0,0,0,0,0,0
충북,충주시,의료,여자,70-74세,2,1,0,0,1,0,0,0,0,0
충북,충주시,의료,여자,75-79세,7,0,0,1,1,1,0,0,2,0
충북,충주시,의료,여자,80-84세,16,0,0,2,4,3,0,0,2,0
충북,충주시,의료,여자,85세이상,44,1,3,11,15,3,0,2,0,0
충북,충주시,감경,남자,65세미만,41,1,4,14,15,3,0,1,0,0
충북,충주시,감경,남자,65-69세,47,4,1,14,19,2,2,1,0,0
충북,충주시,감경,남자,70-74세,71,4,7,21,27,2,5,0,0,0
충북,충주시,감경,남자,75-79세,91,3,16,18,39,10,2,0,0,1
충북,충주시,감경,남자,80-84세,157,4,5,41,63,31,9,0,0,0
충북,충주시,감경,남자,85세이상,191,4,12,47,77,46,5,0,0,0
충북,충주시,감경,여자,65세미만,20,1,0,10,6,0,0,0,0,0
충북,충주시,감경,여자,65-69세,57,6,8,8,21,7,0,1,0,0
충북,충주시,감경,여자,70-74세,80,4,8,16,29,10,6,2,1,0
충북,충주시,감경,여자,75-79세,243,11,21,50,94,50,5,2,2,0
충북,충주시,감경,여자,80-84세,517,17,45,118,199,92,20,2,0,0
충북,충주시,감경,여자,85세이상,925,33,113,244,387,108,18,2,0,1
충북,제천시,일반,남자,65세미만,31,2,1,5,6,1,0,3,3,1
충북,제천시,일반,남자,65-69세,53,2,3,12,13,2,0,8,2,0
충북,제천시,일반,남자,70-74세,81,2,4,12,17,6,1,8,4,5
충북,제천시,일반,남자,75-79세,139,3,7,17,39,8,3,10,9,6
충북,제천시,일반,남자,80-84세,182,2,10,24,62,12,4,16,9,6
충북,제천시,일반,남자,85세이상,185,3,21,39,54,13,1,13,10,4
충북,제천시,일반,여자,65세미만,36,2,2,6,7,0,1,2,2,2
충북,제천시,일반,여자,65-69세,97,3,5,19,20,6,0,6,3,3
충북,제천시,일반,여자,70-74세,143,6,5,15,36,12,1,17,13,1
충북,제천시,일반,여자,75-79세,287,10,17,40,77,14,4,31,24,7
충북,제천시,일반,여자,80-84세,508,14,40,87,178,40,12,40,30,11
충북,제천시,일반,여자,85세이상,506,15,61,128,176,23,3,29,13,2
충북,제천시,기초,남자,65세미만,60,5,7,10,13,4,4,4,2,5
충북,제천시,기초,남자,65-69세,65,1,3,2,16,4,1,9,9,7
충북,제천시,기초,남자,70-74세,45,2,3,7,11,2,1,2,2,9
충북,제천시,기초,남자,75-79세,50,0,3,6,17,5,5,2,3,4
충북,제천시,기초,남자,80-84세,42,0,2,7,17,1,2,3,3,0
충북,제천시,기초,남자,85세이상,27,1,1,5,13,1,0,0,4,0
충북,제천시,기초,여자,65세미만,36,1,5,3,9,2,4,2,2,3
충북,제천시,기초,여자,65-69세,79,2,3,4,27,3,0,5,5,8
충북,제천시,기초,여자,70-74세,80,3,1,12,30,2,1,4,9,7
충북,제천시,기초,여자,75-79세,108,2,7,23,34,2,3,10,7,5
충북,제천시,기초,여자,80-84세,136,6,9,40,46,9,2,3,6,3
충북,제천시,기초,여자,85세이상,166,11,21,43,65,6,1,4,3,1
충북,제천시,의료,남자,65세미만,0,0,0,0,0,0,0,0,0,0
충북,제천시,의료,남자,65-69세,1,0,0,0,0,0,0,0,0,0
충북,제천시,의료,남자,70-74세,5,0,1,0,0,0,0,0,1,1
충북,제천시,의료,남자,75-79세,8,1,0,1,2,1,1,0,0,0
충북,제천시,의료,남자,80-84세,3,1,0,1,0,0,0,0,0,0
충북,제천시,의료,남자,85세이상,4,0,0,1,2,0,0,0,0,0
충북,제천시,의료,여자,65세미만,0,0,0,0,0,0,0,0,0,0
충북,제천시,의료,여자,65-69세,3,0,0,0,2,0,0,0,1,0
충북,제천시,의료,여자,70-74세,2,0,0,1,0,0,0,0,1,0
충북,제천시,의료,여자,75-79세,8,0,1,1,1,1,0,2,1,0
충북,제천시,의료,여자,80-84세,9,0,0,3,2,1,0,1,0,0
충북,제천시,의료,여자,85세이상,22,1,1,7,8,2,0,1,1,0
충북,제천시,감경,남자,65세미만,32,4,2,12,9,1,0,1,0,1
충북,제천시,감경,남자,65-69세,34,2,6,8,12,1,0,2,1,0
충북,제천시,감경,남자,70-74세,50,1,7,15,21,4,0,0,0,0
충북,제천시,감경,남자,75-79세,90,1,10,21,44,7,1,1,1,1
충북,제천시,감경,남자,80-84세,124,3,17,26,54,18,2,1,0,1
충북,제천시,감경,남자,85세이상,164,4,21,51,66,18,2,0,0,0
충북,제천시,감경,여자,65세미만,17,1,1,9,1,1,1,0,0,1
충북,제천시,감경,여자,65-69세,46,3,5,11,18,2,0,0,0,1
충북,제천시,감경,여자,70-74세,94,4,10,29,27,6,4,3,0,1
충북,제천시,감경,여자,75-79세,190,5,15,39,86,18,8,3,0,1
충북,제천시,감경,여자,80-84세,438,17,36,123,199,37,11,2,1,0
충북,제천시,감경,여자,85세이상,648,37,104,200,251,36,5,2,2,0
충북,청원군,일반,남자,65세미만,1,0,0,0,0,0,0,0,0,0
충북,청원군,일반,남자,65-69세,2,0,0,0,0,0,0,0,0,0
충북,청원군,일반,남자,70-74세,0,0,0,0,0,0,0,0,0,0
충북,청원군,일반,남자,75-79세,0,0,0,0,0,0,0,0,0,0
충북,청원군,일반,남자,80-84세,0,0,0,0,0,0,0,0,0,0
충북,청원군,일반,남자,85세이상,0,0,0,0,0,0,0,0,0,0
충북,청원군,일반,여자,65세미만,0,0,0,0,0,0,0,0,0,0
충북,청원군,일반,여자,65-69세,2,0,0,0,0,0,0,0,0,0
충북,청원군,일반,여자,70-74세,1,0,0,0,0,0,0,0,0,0
충북,청원군,일반,여자,75-79세,0,0,0,0,0,0,0,0,0,0
충북,청원군,일반,여자,80-84세,2,0,0,0,0,0,0,0,0,0
충북,청원군,일반,여자,85세이상,0,0,0,0,0,0,0,0,0,0
충북,청원군,기초,남자,65세미만,0,0,0,0,0,0,0,0,0,0
충북,청원군,기초,남자,65-69세,0,0,0,0,0,0,0,0,0,0
충북,청원군,기초,남자,70-74세,0,0,0,0,0,0,0,0,0,0
충북,청원군,기초,남자,75-79세,0,0,0,0,0,0,0,0,0,0
충북,청원군,기초,남자,80-84세,0,0,0,0,0,0,0,0,0,0
충북,청원군,기초,남자,85세이상,0,0,0,0,0,0,0,0,0,0
충북,청원군,기초,여자,65세미만,0,0,0,0,0,0,0,0,0,0
충북,청원군,기초,여자,65-69세,0,0,0,0,0,0,0,0,0,0
충북,청원군,기초,여자,70-74세,0,0,0,0,0,0,0,0,0,0
충북,청원군,기초,여자,75-79세,0,0,0,0,0,0,0,0,0,0
충북,청원군,기초,여자,80-84세,0,0,0,0,0,0,0,0,0,0
충북,청원군,기초,여자,85세이상,0,0,0,0,0,0,0,0,0,0
충북,청원군,의료,남자,65세미만,0,0,0,0,0,0,0,0,0,0
충북,청원군,의료,남자,65-69세,0,0,0,0,0,0,0,0,0,0
충북,청원군,의료,남자,70-74세,0,0,0,0,0,0,0,0,0,0
충북,청원군,의료,남자,75-79세,0,0,0,0,0,0,0,0,0,0
충북,청원군,의료,남자,80-84세,0,0,0,0,0,0,0,0,0,0
충북,청원군,의료,남자,85세이상,0,0,0,0,0,0,0,0,0,0
충북,청원군,의료,여자,65세미만,0,0,0,0,0,0,0,0,0,0
충북,청원군,의료,여자,65-69세,0,0,0,0,0,0,0,0,0,0
충북,청원군,의료,여자,70-74세,0,0,0,0,0,0,0,0,0,0
충북,청원군,의료,여자,75-79세,0,0,0,0,0,0,0,0,0,0
충북,청원군,의료,여자,80-84세,0,0,0,0,0,0,0,0,0,0
충북,청원군,의료,여자,85세이상,0,0,0,0,0,0,0,0,0,0
충북,청원군,감경,남자,65세미만,0,0,0,0,0,0,0,0,0,0
충북,청원군,감경,남자,65-69세,0,0,0,0,0,0,0,0,0,0
충북,청원군,감경,남자,70-74세,0,0,0,0,0,0,0,0,0,0
충북,청원군,감경,남자,75-79세,0,0,0,0,0,0,0,0,0,0
충북,청원군,감경,남자,80-84세,0,0,0,0,0,0,0,0,0,0
충북,청원군,감경,남자,85세이상,0,0,0,0,0,0,0,0,0,0
충북,청원군,감경,여자,65세미만,0,0,0,0,0,0,0,0,0,0
충북,청원군,감경,여자,65-69세,0,0,0,0,0,0,0,0,0,0
충북,청원군,감경,여자,70-74세,0,0,0,0,0,0,0,0,0,0
충북,청원군,감경,여자,75-79세,0,0,0,0,0,0,0,0,0,0
충북,청원군,감경,여자,80-84세,0,0,0,0,0,0,0,0,0,0
충북,청원군,감경,여자,85세이상,0,0,0,0,0,0,0,0,0,0
충북,보은군,일반,남자,65세미만,9,1,0,0,2,0,0,4,0,0
충북,보은군,일반,남자,65-69세,29,0,0,2,9,2,0,6,1,0
충북,보은군,일반,남자,70-74세,36,0,1,6,7,1,1,3,4,1
충북,보은군,일반,남자,75-79세,63,0,2,12,24,2,2,6,3,2
충북,보은군,일반,남자,80-84세,79,0,2,19,25,5,1,6,1,3
충북,보은군,일반,남자,85세이상,109,2,5,20,35,12,3,10,5,1
충북,보은군,일반,여자,65세미만,6,0,0,1,0,1,0,3,0,0
충북,보은군,일반,여자,65-69세,32,0,0,4,2,2,0,3,2,1
충북,보은군,일반,여자,70-74세,67,0,2,6,17,3,0,6,6,0
충북,보은군,일반,여자,75-79세,113,0,2,18,32,5,1,11,7,3
충북,보은군,일반,여자,80-84세,194,2,6,39,76,20,6,10,7,2
충북,보은군,일반,여자,85세이상,265,4,16,60,104,20,2,18,10,1
충북,보은군,기초,남자,65세미만,18,1,1,5,5,1,0,2,0,0
충북,보은군,기초,남자,65-69세,18,1,1,0,9,0,0,1,4,1
충북,보은군,기초,남자,70-74세,13,0,0,1,5,0,0,3,1,0
충북,보은군,기초,남자,75-79세,15,0,0,3,5,0,0,3,1,0
충북,보은군,기초,남자,80-84세,11,1,0,2,4,2,0,0,1,0
충북,보은군,기초,남자,85세이상,7,0,1,3,2,0,0,1,0,0
충북,보은군,기초,여자,65세미만,9,2,0,1,2,1,0,0,1,0
충북,보은군,기초,여자,65-69세,23,1,0,1,11,2,0,2,0,1
충북,보은군,기초,여자,70-74세,27,0,2,4,9,1,1,1,1,1
충북,보은군,기초,여자,75-79세,35,0,1,5,16,3,0,2,3,0
충북,보은군,기초,여자,80-84세,38,1,2,6,18,1,1,1,1,1
충북,보은군,기초,여자,85세이상,74,3,4,14,38,2,1,1,1,0
충북,보은군,의료,남자,65세미만,0,0,0,0,0,0,0,0,0,0
충북,보은군,의료,남자,65-69세,0,0,0,0,0,0,0,0,0,0
충북,보은군,의료,남자,70-74세,0,0,0,0,0,0,0,0,0,0
충북,보은군,의료,남자,75-79세,0,0,0,0,0,0,0,0,0,0
충북,보은군,의료,남자,80-84세,0,0,0,0,0,0,0,0,0,0
충북,보은군,의료,남자,85세이상,4,0,1,1,0,0,1,0,1,0
충북,보은군,의료,여자,65세미만,0,0,0,0,0,0,0,0,0,0
충북,보은군,의료,여자,65-69세,0,0,0,0,0,0,0,0,0,0
충북,보은군,의료,여자,70-74세,2,0,0,0,1,0,0,0,0,0
충북,보은군,의료,여자,75-79세,0,0,0,0,0,0,0,0,0,0
충북,보은군,의료,여자,80-84세,4,0,0,1,0,1,0,0,0,0
충북,보은군,의료,여자,85세이상,16,0,1,3,10,0,0,0,1,0
충북,보은군,감경,남자,65세미만,6,0,3,1,1,0,0,0,0,0
충북,보은군,감경,남자,65-69세,22,1,1,6,12,0,0,1,0,0
충북,보은군,감경,남자,70-74세,26,2,2,2,15,5,0,0,0,0
충북,보은군,감경,남자,75-79세,33,0,4,7,19,2,0,0,1,0
충북,보은군,감경,남자,80-84세,46,0,1,15,21,4,2,0,0,0
충북,보은군,감경,남자,85세이상,83,0,3,27,38,11,2,1,0,0
충북,보은군,감경,여자,65세미만,7,0,0,3,3,0,0,0,0,0
충북,보은군,감경,여자,65-69세,16,0,0,5,7,2,0,0,0,0
충북,보은군,감경,여자,70-74세,30,2,3,6,12,3,1,0,1,0
충북,보은군,감경,여자,75-79세,56,2,4,14,25,3,3,1,0,0
충북,보은군,감경,여자,80-84세,183,0,6,47,99,21,2,0,0,0
충북,보은군,감경,여자,85세이상,328,6,22,79,191,18,2,2,0,0
충북,옥천군,일반,남자,65세미만,17,0,2,4,4,0,0,3,0,1
충북,옥천군,일반,남자,65-69세,38,0,0,4,8,0,0,7,3,2
충북,옥천군,일반,남자,70-74세,55,1,0,11,14,5,1,8,5,1
충북,옥천군,일반,남자,75-79세,78,0,4,10,32,4,1,4,8,1
충북,옥천군,일반,남자,80-84세,102,1,4,20,34,13,1,5,8,1
충북,옥천군,일반,남자,85세이상,129,2,7,13,66,15,4,4,7,2
충북,옥천군,일반,여자,65세미만,8,1,0,1,1,0,0,1,0,1
충북,옥천군,일반,여자,65-69세,63,1,1,8,10,1,1,6,4,1
충북,옥천군,일반,여자,70-74세,83,1,2,3,22,6,2,8,12,2
충북,옥천군,일반,여자,75-79세,170,2,2,17,44,14,1,16,14,2
충북,옥천군,일반,여자,80-84세,268,4,10,36,120,30,7,12,9,2
충북,옥천군,일반,여자,85세이상,355,9,26,77,150,37,3,13,11,0
충북,옥천군,기초,남자,65세미만,17,0,0,4,4,0,0,2,3,2
충북,옥천군,기초,남자,65-69세,22,0,1,2,8,1,0,1,3,2
충북,옥천군,기초,남자,70-74세,18,0,1,3,6,1,1,1,2,0
충북,옥천군,기초,남자,75-79세,23,0,1,3,12,1,0,0,1,1
충북,옥천군,기초,남자,80-84세,18,1,1,3,6,0,0,1,2,0
충북,옥천군,기초,남자,85세이상,14,0,1,1,3,2,0,2,1,0
충북,옥천군,기초,여자,65세미만,8,1,0,3,1,2,0,0,0,1
충북,옥천군,기초,여자,65-69세,18,1,0,2,5,1,1,1,0,0
충북,옥천군,기초,여자,70-74세,25,0,1,3,10,1,1,2,3,0
충북,옥천군,기초,여자,75-79세,29,0,4,3,8,1,1,2,4,0
충북,옥천군,기초,여자,80-84세,46,1,4,9,15,4,0,2,1,0
충북,옥천군,기초,여자,85세이상,81,7,6,17,31,2,1,0,2,0
충북,옥천군,의료,남자,65세미만,0,0,0,0,0,0,0,0,0,0
충북,옥천군,의료,남자,65-69세,1,0,0,1,0,0,0,0,0,0
충북,옥천군,의료,남자,70-74세,2,0,0,1,0,0,0,0,1,0
충북,옥천군,의료,남자,75-79세,0,0,0,0,0,0,0,0,0,0
충북,옥천군,의료,남자,80-84세,3,0,0,1,0,1,0,1,0,0
충북,옥천군,의료,남자,85세이상,5,0,0,2,2,0,0,0,0,1
충북,옥천군,의료,여자,65세미만,0,0,0,0,0,0,0,0,0,0
충북,옥천군,의료,여자,65-69세,2,0,0,0,2,0,0,0,0,0
충북,옥천군,의료,여자,70-74세,1,0,0,0,1,0,0,0,0,0
충북,옥천군,의료,여자,75-79세,3,0,0,1,0,0,0,1,0,0
충북,옥천군,의료,여자,80-84세,2,0,0,0,1,1,0,0,0,0
충북,옥천군,의료,여자,85세이상,16,1,2,3,5,0,1,1,0,0
충북,옥천군,감경,남자,65세미만,17,1,1,8,5,0,1,0,0,0
충북,옥천군,감경,남자,65-69세,28,1,1,7,13,3,1,1,0,0
충북,옥천군,감경,남자,70-74세,46,3,3,9,22,5,0,0,0,0
충북,옥천군,감경,남자,75-79세,33,0,2,10,15,5,0,0,0,0
충북,옥천군,감경,남자,80-84세,85,0,6,16,43,19,1,0,0,0
충북,옥천군,감경,남자,85세이상,99,2,5,22,58,11,0,0,0,0
충북,옥천군,감경,여자,65세미만,11,0,3,3,4,0,0,1,0,0
충북,옥천군,감경,여자,65-69세,30,0,3,4,17,2,1,0,1,0
충북,옥천군,감경,여자,70-74세,37,2,1,7,13,7,2,0,1,0
충북,옥천군,감경,여자,75-79세,112,3,3,32,46,16,1,1,0,0
충북,옥천군,감경,여자,80-84세,241,3,14,51,114,43,7,0,0,0
충북,옥천군,감경,여자,85세이상,414,12,37,110,211,30,3,2,0,0
충북,영동군,일반,남자,65세미만,16,0,0,1,1,0,0,6,2,2
충북,영동군,일반,남자,65-69세,31,0,2,2,3,4,1,5,3,1
충북,영동군,일반,남자,70-74세,40,1,1,4,8,2,0,4,1,4
충북,영동군,일반,남자,75-79세,64,1,0,12,17,1,1,4,5,4
충북,영동군,일반,남자,80-84세,144,1,3,18,42,17,7,9,12,2
충북,영동군,일반,남자,85세이상,145,2,4,22,59,11,7,5,7,1
충북,영동군,일반,여자,65세미만,9,0,1,0,0,0,0,3,0,0
충북,영동군,일반,여자,65-69세,38,2,0,6,6,1,1,5,9,0
충북,영동군,일반,여자,70-74세,96,1,2,8,18,8,1,13,10,3
충북,영동군,일반,여자,75-79세,165,5,8,18,42,12,3,15,14,3
충북,영동군,일반,여자,80-84세,319,2,6,42,119,34,13,15,15,2
충북,영동군,일반,여자,85세이상,291,6,19,53,119,29,4,13,8,1
충북,영동군,기초,남자,65세미만,36,2,1,12,7,1,1,1,2,2
충북,영동군,기초,남자,65-69세,27,2,1,2,9,3,1,0,3,2
충북,영동군,기초,남자,70-74세,18,0,0,5,3,7,0,1,0,0
충북,영동군,기초,남자,75-79세,27,0,1,0,15,3,1,0,1,0
충북,영동군,기초,남자,80-84세,18,1,1,2,6,3,1,1,2,0
충북,영동군,기초,남자,85세이상,9,1,0,2,2,1,0,1,0,0
충북,영동군,기초,여자,65세미만,23,7,2,0,4,1,0,5,2,0
충북,영동군,기초,여자,65-69세,24,0,1,4,7,2,1,4,1,2
충북,영동군,기초,여자,70-74세,28,2,0,3,10,3,0,3,1,3
충북,영동군,기초,여자,75-79세,52,1,2,6,14,8,1,5,3,1
충북,영동군,기초,여자,80-84세,69,3,2,10,26,4,0,2,0,0
충북,영동군,기초,여자,85세이상,88,5,6,23,33,8,1,2,0,0
충북,영동군,의료,남자,65세미만,0,0,0,0,0,0,0,0,0,0
충북,영동군,의료,남자,65-69세,1,0,0,0,0,0,0,1,0,0
충북,영동군,의료,남자,70-74세,0,0,0,0,0,0,0,0,0,0
충북,영동군,의료,남자,75-79세,2,0,0,1,1,0,0,0,0,0
충북,영동군,의료,남자,80-84세,3,0,0,0,2,0,0,0,0,0
충북,영동군,의료,남자,85세이상,3,0,0,0,2,0,0,0,0,0
충북,영동군,의료,여자,65세미만,0,0,0,0,0,0,0,0,0,0
충북,영동군,의료,여자,65-69세,0,0,0,0,0,0,0,0,0,0
충북,영동군,의료,여자,70-74세,2,0,0,0,1,0,0,0,1,0
충북,영동군,의료,여자,75-79세,3,0,1,0,0,0,0,0,0,0
충북,영동군,의료,여자,80-84세,2,0,0,0,0,0,0,0,0,0
충북,영동군,의료,여자,85세이상,26,0,4,6,8,1,0,1,0,0
충북,영동군,감경,남자,65세미만,15,3,0,3,7,0,0,1,0,0
충북,영동군,감경,남자,65-69세,26,0,3,7,12,1,1,0,0,0
충북,영동군,감경,남자,70-74세,33,4,1,8,14,4,0,0,0,0
충북,영동군,감경,남자,75-79세,45,1,2,13,19,8,1,0,0,0
충북,영동군,감경,남자,80-84세,89,1,10,16,45,8,5,0,1,0
충북,영동군,감경,남자,85세이상,110,1,6,18,63,17,3,0,1,0
충북,영동군,감경,여자,65세미만,15,2,2,5,4,1,0,0,0,0
충북,영동군,감경,여자,65-69세,22,1,2,5,7,2,1,0,0,0
충북,영동군,감경,여자,70-74세,43,1,3,9,20,7,0,0,1,0
충북,영동군,감경,여자,75-79세,129,4,8,17,58,21,3,2,1,0
충북,영동군,감경,여자,80-84세,303,8,14,81,144,36,10,0,0,0
충북,영동군,감경,여자,85세이상,435,14,39,129,196,41,5,0,2,0
충북,증평군,일반,남자,65세미만,4,1,0,2,1,0,0,0,0,0
충북,증평군,일반,남자,65-69세,13,0,0,2,3,1,0,0,1,1
충북,증평군,일반,남자,70-74세,18,1,1,3,1,1,0,1,2,2
충북,증평군,일반,남자,75-79세,31,1,1,9,10,1,2,2,2,0
충북,증평군,일반,남자,80-84세,42,4,4,8,13,4,1,1,4,0
충북,증평군,일반,남자,85세이상,37,3,6,6,15,2,0,1,3,0
충북,증평군,일반,여자,65세미만,7,4,0,1,1,0,0,0,0,0
충북,증평군,일반,여자,65-69세,15,0,0,1,3,1,0,1,0,1
충북,증평군,일반,여자,70-74세,25,3,1,4,2,2,1,1,1,0
충북,증평군,일반,여자,75-79세,69,5,4,14,17,6,1,6,4,1
충북,증평군,일반,여자,80-84세,98,5,12,18,35,11,3,4,2,1
충북,증평군,일반,여자,85세이상,121,6,16,37,42,7,3,2,0,1
충북,증평군,기초,남자,65세미만,15,0,3,3,5,1,0,0,0,1
충북,증평군,기초,남자,65-69세,19,0,2,3,1,4,0,1,4,3
충북,증평군,기초,남자,70-74세,13,0,5,4,3,0,0,0,0,1
충북,증평군,기초,남자,75-79세,14,2,0,1,5,4,1,0,0,0
충북,증평군,기초,남자,80-84세,13,0,0,4,2,3,0,0,0,1
충북,증평군,기초,남자,85세이상,6,0,0,1,3,0,0,0,1,0
충북,증평군,기초,여자,65세미만,9,1,1,2,1,2,0,0,0,0
충북,증평군,기초,여자,65-69세,24,0,3,3,7,2,0,2,1,1
충북,증평군,기초,여자,70-74세,19,1,2,4,5,0,0,2,3,0
충북,증평군,기초,여자,75-79세,34,2,3,8,9,6,0,1,0,3
충북,증평군,기초,여자,80-84세,34,0,4,8,9,7,1,0,3,0
충북,증평군,기초,여자,85세이상,35,4,5,10,9,5,0,0,0,0
충북,증평군,의료,남자,65세미만,0,0,0,0,0,0,0,0,0,0
충북,증평군,의료,남자,65-69세,0,0,0,0,0,0,0,0,0,0
충북,증평군,의료,남자,70-74세,0,0,0,0,0,0,0,0,0,0
충북,증평군,의료,남자,75-79세,2,0,0,0,1,1,0,0,0,0
충북,증평군,의료,남자,80-84세,0,0,0,0,0,0,0,0,0,0
충북,증평군,의료,남자,85세이상,2,0,0,0,1,0,0,1,0,0
충북,증평군,의료,여자,65세미만,0,0,0,0,0,0,0,0,0,0
충북,증평군,의료,여자,65-69세,0,0,0,0,0,0,0,0,0,0
충북,증평군,의료,여자,70-74세,0,0,0,0,0,0,0,0,0,0
충북,증평군,의료,여자,75-79세,3,0,0,1,0,0,0,2,0,0
충북,증평군,의료,여자,80-84세,5,0,0,1,2,0,0,0,1,0
충북,증평군,의료,여자,85세이상,4,1,0,1,1,0,0,0,0,0
충북,증평군,감경,남자,65세미만,11,0,2,3,5,1,0,0,0,0
충북,증평군,감경,남자,65-69세,11,1,2,2,4,2,0,0,0,0
충북,증평군,감경,남자,70-74세,8,0,0,2,2,2,0,0,0,0
충북,증평군,감경,남자,75-79세,21,1,6,2,9,2,1,0,0,0
충북,증평군,감경,남자,80-84세,35,1,7,10,13,4,0,0,0,0
충북,증평군,감경,남자,85세이상,28,1,5,8,13,0,1,0,0,0
충북,증평군,감경,여자,65세미만,5,0,1,2,1,0,0,0,0,0
충북,증평군,감경,여자,65-69세,7,1,1,1,3,1,0,0,0,0
충북,증평군,감경,여자,70-74세,17,1,3,4,6,1,1,0,0,0
충북,증평군,감경,여자,75-79세,41,5,4,8,18,5,1,0,0,0
충북,증평군,감경,여자,80-84세,100,5,12,25,36,14,4,0,0,0
충북,증평군,감경,여자,85세이상,162,13,28,41,63,16,0,0,0,0
충북,진천군,일반,남자,65세미만,12,0,0,1,1,0,0,3,1,1
충북,진천군,일반,남자,65-69세,22,0,0,0,5,1,2,7,3,1
충북,진천군,일반,남자,70-74세,36,1,1,8,2,3,0,2,4,5
충북,진천군,일반,남자,75-79세,62,0,3,6,11,8,3,7,3,3
충북,진천군,일반,남자,80-84세,104,0,4,16,30,13,8,5,7,3
충북,진천군,일반,남자,85세이상,99,0,5,9,28,20,9,3,6,2
충북,진천군,일반,여자,65세미만,14,2,0,5,1,0,1,3,0,0
충북,진천군,일반,여자,65-69세,44,1,2,2,5,3,0,7,9,2
충북,진천군,일반,여자,70-74세,67,3,2,5,10,6,3,5,10,5
충북,진천군,일반,여자,75-79세,138,2,7,21,25,16,9,10,14,7
충북,진천군,일반,여자,80-84세,254,7,8,30,57,41,18,17,15,8
충북,진천군,일반,여자,85세이상,359,5,15,65,125,68,11,12,12,4
충북,진천군,기초,남자,65세미만,18,0,1,3,5,1,0,4,1,0
충북,진천군,기초,남자,65-69세,19,1,0,3,7,3,0,2,3,0
충북,진천군,기초,남자,70-74세,17,0,1,2,3,3,3,0,1,1
충북,진천군,기초,남자,75-79세,15,0,1,2,4,1,2,0,2,0
충북,진천군,기초,남자,80-84세,19,1,0,3,2,3,3,4,1,1
충북,진천군,기초,남자,85세이상,12,0,0,1,6,2,1,1,0,0
충북,진천군,기초,여자,65세미만,9,1,0,2,2,0,1,1,1,0
충북,진천군,기초,여자,65-69세,20,0,2,2,7,0,1,1,1,1
충북,진천군,기초,여자,70-74세,14,1,0,2,2,4,0,0,4,0
충북,진천군,기초,여자,75-79세,38,0,3,3,9,3,1,6,3,3
충북,진천군,기초,여자,80-84세,57,3,6,6,17,9,3,5,2,0
충북,진천군,기초,여자,85세이상,68,3,6,11,15,12,1,4,3,0
충북,진천군,의료,남자,65세미만,0,0,0,0,0,0,0,0,0,0
충북,진천군,의료,남자,65-69세,0,0,0,0,0,0,0,0,0,0
충북,진천군,의료,남자,70-74세,1,0,0,0,1,0,0,0,0,0
충북,진천군,의료,남자,75-79세,0,0,0,0,0,0,0,0,0,0
충북,진천군,의료,남자,80-84세,2,0,0,0,2,0,0,0,0,0
충북,진천군,의료,남자,85세이상,4,0,0,0,2,0,0,1,1,0
충북,진천군,의료,여자,65세미만,0,0,0,0,0,0,0,0,0,0
충북,진천군,의료,여자,65-69세,0,0,0,0,0,0,0,0,0,0
충북,진천군,의료,여자,70-74세,0,0,0,0,0,0,0,0,0,0
충북,진천군,의료,여자,75-79세,1,0,0,1,0,0,0,0,0,0
충북,진천군,의료,여자,80-84세,2,0,1,0,1,0,0,0,0,0
충북,진천군,의료,여자,85세이상,11,0,0,2,5,3,0,0,0,0
충북,진천군,감경,남자,65세미만,8,0,2,2,2,1,0,0,0,0
충북,진천군,감경,남자,65-69세,20,1,0,6,8,2,0,0,0,0
충북,진천군,감경,남자,70-74세,27,2,1,7,11,2,1,2,0,0
충북,진천군,감경,남자,75-79세,26,0,1,6,10,5,1,1,0,0
충북,진천군,감경,남자,80-84세,44,1,5,9,16,11,1,0,0,0
충북,진천군,감경,남자,85세이상,54,1,4,5,23,19,2,0,0,0
충북,진천군,감경,여자,65세미만,8,1,1,4,2,0,0,0,0,0
충북,진천군,감경,여자,65-69세,21,1,4,3,6,3,2,1,0,0
충북,진천군,감경,여자,70-74세,22,0,3,6,3,5,1,0,0,0
충북,진천군,감경,여자,75-79세,54,2,5,12,16,14,0,0,1,1
충북,진천군,감경,여자,80-84세,162,5,9,25,65,38,13,3,1,0
충북,진천군,감경,여자,85세이상,311,9,28,64,122,64,10,3,2,3
충북,괴산군,일반,남자,65세미만,11,1,0,1,0,1,0,1,0,1
충북,괴산군,일반,남자,65-69세,35,0,3,2,5,2,0,7,1,1
충북,괴산군,일반,남자,70-74세,38,1,2,9,5,0,0,2,3,1
충북,괴산군,일반,남자,75-79세,41,0,1,10,11,0,1,4,0,0
충북,괴산군,일반,남자,80-84세,95,0,1,13,32,15,0,8,7,3
충북,괴산군,일반,남자,85세이상,81,5,2,10,35,8,2,5,3,0
충북,괴산군,일반,여자,65세미만,11,1,1,1,5,0,0,1,0,0
충북,괴산군,일반,여자,65-69세,28,1,2,2,2,0,0,4,3,1
충북,괴산군,일반,여자,70-74세,61,2,2,6,9,8,1,9,6,1
충북,괴산군,일반,여자,75-79세,103,0,1,15,27,11,0,12,10,2
충북,괴산군,일반,여자,80-84세,223,4,9,40,74,21,4,18,13,3
충북,괴산군,일반,여자,85세이상,279,7,17,77,100,14,1,13,9,2
충북,괴산군,기초,남자,65세미만,18,0,2,5,5,1,1,2,1,0
충북,괴산군,기초,남자,65-69세,14,0,0,0,7,0,0,1,1,3
충북,괴산군,기초,남자,70-74세,12,0,0,4,3,1,0,1,0,0
충북,괴산군,기초,남자,75-79세,16,1,0,2,4,0,0,2,0,1
충북,괴산군,기초,남자,80-84세,18,0,0,5,6,0,0,2,1,0
충북,괴산군,기초,남자,85세이상,14,0,1,4,1,3,0,0,1,0
충북,괴산군,기초,여자,65세미만,12,2,1,2,1,0,0,1,1,1
충북,괴산군,기초,여자,65-69세,14,1,2,3,3,1,0,0,1,1
충북,괴산군,기초,여자,70-74세,28,1,0,2,10,3,0,2,1,0
충북,괴산군,기초,여자,75-79세,36,0,2,10,12,2,0,3,1,1
충북,괴산군,기초,여자,80-84세,42,0,6,6,15,1,0,4,1,1
충북,괴산군,기초,여자,85세이상,67,4,7,16,20,3,1,2,1,0
충북,괴산군,의료,남자,65세미만,1,0,0,1,0,0,0,0,0,0
충북,괴산군,의료,남자,65-69세,1,0,0,0,0,0,0,0,0,0
충북,괴산군,의료,남자,70-74세,0,0,0,0,0,0,0,0,0,0
충북,괴산군,의료,남자,75-79세,1,0,0,0,0,0,0,0,0,0
충북,괴산군,의료,남자,80-84세,0,0,0,0,0,0,0,0,0,0
충북,괴산군,의료,남자,85세이상,1,0,0,0,1,0,0,0,0,0
충북,괴산군,의료,여자,65세미만,1,0,0,0,0,0,0,1,0,0
충북,괴산군,의료,여자,65-69세,0,0,0,0,0,0,0,0,0,0
충북,괴산군,의료,여자,70-74세,2,0,0,1,0,0,0,0,0,0
충북,괴산군,의료,여자,75-79세,3,0,1,1,1,0,0,0,0,0
충북,괴산군,의료,여자,80-84세,5,0,0,0,2,2,0,0,1,0
충북,괴산군,의료,여자,85세이상,10,0,1,4,4,0,0,0,0,0
충북,괴산군,감경,남자,65세미만,4,0,0,0,1,1,0,0,0,0
충북,괴산군,감경,남자,65-69세,12,2,0,5,3,1,0,0,0,0
충북,괴산군,감경,남자,70-74세,22,0,1,9,8,3,0,0,0,1
충북,괴산군,감경,남자,75-79세,26,1,1,9,9,5,0,0,0,0
충북,괴산군,감경,남자,80-84세,45,0,2,12,21,7,2,0,0,0
충북,괴산군,감경,남자,85세이상,65,0,5,20,25,12,2,0,0,0
충북,괴산군,감경,여자,65세미만,4,1,0,1,2,0,0,0,0,0
충북,괴산군,감경,여자,65-69세,13,0,3,2,4,0,0,1,0,0
충북,괴산군,감경,여자,70-74세,22,0,2,3,11,2,0,1,0,0
충북,괴산군,감경,여자,75-79세,57,1,5,21,22,4,1,0,0,0
충북,괴산군,감경,여자,80-84세,175,4,14,44,79,19,2,2,2,1
충북,괴산군,감경,여자,85세이상,265,10,28,96,109,19,1,0,0,0
충북,음성군,일반,남자,65세미만,23,1,0,5,5,0,0,2,1,2
충북,음성군,일반,남자,65-69세,42,1,3,8,8,0,0,7,2,1
충북,음성군,일반,남자,70-74세,38,2,2,2,11,1,0,4,2,1
충북,음성군,일반,남자,75-79세,79,1,1,13,19,7,2,7,5,3
충북,음성군,일반,남자,80-84세,135,0,4,24,38,16,5,10,7,5
충북,음성군,일반,남자,85세이상,141,3,4,20,40,28,6,8,8,2
충북,음성군,일반,여자,65세미만,19,2,1,4,6,0,0,1,1,0
충북,음성군,일반,여자,65-69세,33,3,1,2,5,0,0,3,5,1
충북,음성군,일반,여자,70-74세,67,0,4,8,12,2,0,10,6,1
충북,음성군,일반,여자,75-79세,174,5,4,13,36,22,2,20,16,3
충북,음성군,일반,여자,80-84세,321,7,9,51,105,34,9,24,13,4
충북,음성군,일반,여자,85세이상,371,11,20,82,123,42,6,20,8,3
충북,음성군,기초,남자,65세미만,68,10,4,10,7,2,0,7,1,0
충북,음성군,기초,남자,65-69세,79,8,10,12,16,6,2,9,3,3
충북,음성군,기초,남자,70-74세,60,10,5,12,9,2,1,6,3,3
충북,음성군,기초,남자,75-79세,48,6,3,8,9,3,0,1,4,3
충북,음성군,기초,남자,80-84세,35,6,5,8,5,4,0,0,2,0
충북,음성군,기초,남자,85세이상,17,1,1,2,5,0,2,0,3,0
충북,음성군,기초,여자,65세미만,26,7,1,5,3,1,0,4,0,0
충북,음성군,기초,여자,65-69세,42,7,4,7,2,1,1,3,2,3
충북,음성군,기초,여자,70-74세,58,6,8,5,13,2,0,3,1,3
충북,음성군,기초,여자,75-79세,66,4,6,14,20,1,1,3,2,1
충북,음성군,기초,여자,80-84세,88,12,5,18,18,8,4,4,6,0
충북,음성군,기초,여자,85세이상,118,13,14,27,41,6,2,1,0,0
충북,음성군,의료,남자,65세미만,0,0,0,0,0,0,0,0,0,0
충북,음성군,의료,남자,65-69세,0,0,0,0,0,0,0,0,0,0
충북,음성군,의료,남자,70-74세,1,0,0,0,1,0,0,0,0,0
충북,음성군,의료,남자,75-79세,4,0,0,3,1,0,0,0,0,0
충북,음성군,의료,남자,80-84세,2,0,0,0,1,0,0,0,0,0
충북,음성군,의료,남자,85세이상,1,0,0,0,1,0,0,0,0,0
충북,음성군,의료,여자,65세미만,0,0,0,0,0,0,0,0,0,0
충북,음성군,의료,여자,65-69세,0,0,0,0,0,0,0,0,0,0
충북,음성군,의료,여자,70-74세,3,0,0,1,0,0,0,0,1,1
충북,음성군,의료,여자,75-79세,2,0,0,1,1,0,0,0,0,0
충북,음성군,의료,여자,80-84세,6,2,1,0,3,0,0,0,0,0
충북,음성군,의료,여자,85세이상,8,0,1,3,1,1,1,0,0,0
충북,음성군,감경,남자,65세미만,12,1,0,4,5,0,0,0,0,0
충북,음성군,감경,남자,65-69세,23,0,1,6,10,1,2,0,0,0
충북,음성군,감경,남자,70-74세,30,1,2,6,9,3,0,3,0,0
충북,음성군,감경,남자,75-79세,39,1,3,9,18,5,0,0,0,0
충북,음성군,감경,남자,80-84세,65,1,3,20,29,8,2,0,0,0
충북,음성군,감경,남자,85세이상,78,1,6,16,32,16,5,0,0,0
충북,음성군,감경,여자,65세미만,10,1,1,5,2,0,0,0,0,0
충북,음성군,감경,여자,65-69세,21,1,0,7,8,2,0,1,1,0
충북,음성군,감경,여자,70-74세,42,4,6,10,13,4,0,1,1,0
충북,음성군,감경,여자,75-79세,98,1,10,25,42,11,3,1,0,0
충북,음성군,감경,여자,80-84세,222,7,15,48,91,40,12,1,0,1
충북,음성군,감경,여자,85세이상,368,11,39,112,138,56,2,0,0,0
충북,단양군,일반,남자,65세미만,2,0,0,0,0,0,0,1,0,1
충북,단양군,일반,남자,65-69세,17,2,1,0,3,0,0,2,1,2
충북,단양군,일반,남자,70-74세,16,1,1,3,2,1,0,3,1,0
충북,단양군,일반,남자,75-79세,33,1,2,2,5,3,0,5,4,1
충북,단양군,일반,남자,80-84세,55,0,5,8,14,7,2,3,5,2
충북,단양군,일반,남자,85세이상,46,0,2,8,18,2,1,4,4,1
충북,단양군,일반,여자,65세미만,6,1,1,0,1,0,0,1,0,1
충북,단양군,일반,여자,65-69세,20,1,0,0,6,0,0,2,1,3
충북,단양군,일반,여자,70-74세,41,0,1,4,6,1,0,6,9,1
충북,단양군,일반,여자,75-79세,77,0,1,9,17,4,2,11,4,1
충북,단양군,일반,여자,80-84세,128,1,7,25,35,6,1,17,7,3
충북,단양군,일반,여자,85세이상,130,0,11,27,55,7,1,9,4,1
충북,단양군,기초,남자,65세미만,14,0,1,3,4,0,0,3,1,1
충북,단양군,기초,남자,65-69세,13,0,0,2,5,1,0,2,2,0
충북,단양군,기초,남자,70-74세,7,0,0,1,3,1,0,0,1,1
충북,단양군,기초,남자,75-79세,9,1,0,1,3,0,0,1,0,0
충북,단양군,기초,남자,80-84세,9,1,0,2,3,0,1,1,0,0
충북,단양군,기초,남자,85세이상,7,0,1,0,3,1,0,1,0,0
충북,단양군,기초,여자,65세미만,6,0,0,2,2,0,0,0,1,1
충북,단양군,기초,여자,65-69세,10,1,0,0,2,0,0,5,1,1
충북,단양군,기초,여자,70-74세,13,0,1,0,4,0,0,3,3,0
충북,단양군,기초,여자,75-79세,25,0,0,4,12,3,1,1,2,0
충북,단양군,기초,여자,80-84세,35,0,4,3,11,3,0,3,2,0
충북,단양군,기초,여자,85세이상,54,1,6,12,20,4,0,4,0,0
충북,단양군,의료,남자,65세미만,0,0,0,0,0,0,0,0,0,0
충북,단양군,의료,남자,65-69세,0,0,0,0,0,0,0,0,0,0
충북,단양군,의료,남자,70-74세,0,0,0,0,0,0,0,0,0,0
충북,단양군,의료,남자,75-79세,0,0,0,0,0,0,0,0,0,0
충북,단양군,의료,남자,80-84세,0,0,0,0,0,0,0,0,0,0
충북,단양군,의료,남자,85세이상,2,0,0,1,0,0,0,0,0,0
충북,단양군,의료,여자,65세미만,0,0,0,0,0,0,0,0,0,0
충북,단양군,의료,여자,65-69세,0,0,0,0,0,0,0,0,0,0
충북,단양군,의료,여자,70-74세,1,0,0,0,0,0,0,0,0,0
충북,단양군,의료,여자,75-79세,0,0,0,0,0,0,0,0,0,0
충북,단양군,의료,여자,80-84세,3,0,0,1,0,1,0,0,0,0
충북,단양군,의료,여자,85세이상,1,0,0,0,0,1,0,0,0,0
충북,단양군,감경,남자,65세미만,8,0,2,1,3,1,0,0,0,0
충북,단양군,감경,남자,65-69세,12,0,0,1,5,2,1,0,0,0
충북,단양군,감경,남자,70-74세,7,0,1,0,3,1,1,1,0,0
충북,단양군,감경,남자,75-79세,17,0,1,4,11,1,0,0,0,0
충북,단양군,감경,남자,80-84세,21,1,2,4,7,3,1,0,0,0
충북,단양군,감경,남자,85세이상,31,2,3,9,13,3,1,0,0,0
충북,단양군,감경,여자,65세미만,5,0,0,1,4,0,0,0,0,0
충북,단양군,감경,여자,65-69세,7,0,0,2,2,0,1,0,0,0
충북,단양군,감경,여자,70-74세,20,2,2,3,6,0,4,0,0,0
충북,단양군,감경,여자,75-79세,43,0,1,6,22,5,4,0,0,0
충북,단양군,감경,여자,80-84세,107,4,6,26,54,8,2,0,1,0
충북,단양군,감경,여자,85세이상,171,3,18,55,82,6,2,0,0,0
충남,천안시,일반,남자,65세미만,102,4,9,12,21,5,0,13,9,2
충남,천안시,일반,남자,65-69세,175,9,7,31,31,10,1,23,10,5
충남,천안시,일반,남자,70-74세,269,8,19,57,59,12,6,18,14,8
충남,천안시,일반,남자,75-79세,358,24,18,55,85,37,11,22,7,13
충남,천안시,일반,남자,80-84세,528,16,29,92,140,68,19,29,27,18
충남,천안시,일반,남자,85세이상,569,20,33,107,193,69,18,30,28,7
충남,천안시,일반,여자,65세미만,109,10,4,21,11,5,1,12,8,6
충남,천안시,일반,여자,65-69세,207,10,12,24,29,12,4,29,15,4
충남,천안시,일반,여자,70-74세,430,24,22,54,83,31,10,45,21,11
충남,천안시,일반,여자,75-79세,790,30,37,104,169,68,35,91,49,18
충남,천안시,일반,여자,80-84세,1388,70,110,219,407,150,44,99,47,17
충남,천안시,일반,여자,85세이상,1827,112,162,457,587,155,27,66,36,10
충남,천안시,기초,남자,65세미만,174,14,12,37,33,9,5,11,7,10
충남,천안시,기초,남자,65-69세,157,7,5,15,42,13,4,12,12,9
충남,천안시,기초,남자,70-74세,137,10,7,16,39,11,6,3,6,6
충남,천안시,기초,남자,75-79세,96,6,9,13,19,11,3,6,7,4
충남,천안시,기초,남자,80-84세,98,3,4,12,37,9,1,7,4,3
충남,천안시,기초,남자,85세이상,56,0,5,10,13,4,1,2,4,2
충남,천안시,기초,여자,65세미만,80,6,7,18,23,2,2,6,8,0
충남,천안시,기초,여자,65-69세,117,10,9,12,29,2,3,7,9,5
충남,천안시,기초,여자,70-74세,164,7,11,22,36,14,5,12,8,5
충남,천안시,기초,여자,75-79세,241,12,10,31,66,31,3,14,14,6
충남,천안시,기초,여자,80-84세,289,16,18,65,72,30,7,11,13,6
충남,천안시,기초,여자,85세이상,443,24,51,87,126,39,5,11,9,2
충남,천안시,의료,남자,65세미만,1,0,0,0,0,0,0,0,1,0
충남,천안시,의료,남자,65-69세,2,0,0,0,0,0,0,0,1,0
충남,천안시,의료,남자,70-74세,8,0,1,2,0,2,1,0,1,1
충남,천안시,의료,남자,75-79세,8,1,0,0,4,1,0,0,1,0
충남,천안시,의료,남자,80-84세,6,0,0,0,1,0,0,0,0,0
충남,천안시,의료,남자,85세이상,14,0,0,1,6,0,1,1,0,0
충남,천안시,의료,여자,65세미만,1,0,0,0,0,0,0,0,0,0
충남,천안시,의료,여자,65-69세,3,0,0,0,0,0,0,2,0,0
충남,천안시,의료,여자,70-74세,5,1,0,0,1,0,0,0,1,0
충남,천안시,의료,여자,75-79세,9,0,0,1,4,0,0,0,2,0
충남,천안시,의료,여자,80-84세,17,1,1,3,3,2,1,1,1,0
충남,천안시,의료,여자,85세이상,48,2,7,8,16,2,1,0,0,0
충남,천안시,감경,남자,65세미만,82,12,14,22,22,2,1,0,0,0
충남,천안시,감경,남자,65-69세,100,5,9,30,38,8,1,3,1,0
충남,천안시,감경,남자,70-74세,164,14,16,42,68,10,7,1,0,0
충남,천안시,감경,남자,75-79세,187,7,13,49,74,26,7,1,0,0
충남,천안시,감경,남자,80-84세,224,13,15,51,86,37,13,0,2,0
충남,천안시,감경,남자,85세이상,295,3,29,78,129,44,7,1,0,0
충남,천안시,감경,여자,65세미만,61,10,11,13,14,4,2,1,0,1
충남,천안시,감경,여자,65-69세,89,8,6,19,32,8,5,2,0,1
충남,천안시,감경,여자,70-74세,192,19,17,42,59,17,11,1,1,2
충남,천안시,감경,여자,75-79세,443,40,41,99,138,55,25,6,3,1
충남,천안시,감경,여자,80-84세,863,45,81,202,315,149,36,4,3,1
충남,천안시,감경,여자,85세이상,1411,93,187,420,542,121,15,5,1,0
충남,공주시,일반,남자,65세미만,23,1,3,2,2,0,0,7,1,1
충남,공주시,일반,남자,65-69세,62,2,4,9,8,1,1,9,6,6
충남,공주시,일반,남자,70-74세,108,4,0,21,19,9,2,10,12,1
충남,공주시,일반,남자,75-79세,125,4,5,18,31,14,4,10,6,8
충남,공주시,일반,남자,80-84세,235,3,10,37,70,32,8,10,10,9
충남,공주시,일반,남자,85세이상,280,4,18,52,128,28,3,7,4,4
충남,공주시,일반,여자,65세미만,26,3,1,5,3,0,0,2,1,3
충남,공주시,일반,여자,65-69세,84,3,5,5,11,2,0,10,11,2
충남,공주시,일반,여자,70-74세,177,7,3,16,38,8,0,20,19,6
충남,공주시,일반,여자,75-79세,320,7,12,31,93,28,6,29,32,7
충남,공주시,일반,여자,80-84세,607,9,26,91,223,82,13,42,23,9
충남,공주시,일반,여자,85세이상,781,29,61,185,313,59,6,26,14,4
충남,공주시,기초,남자,65세미만,46,1,1,7,14,3,2,4,2,1
충남,공주시,기초,남자,65-69세,78,0,4,10,13,4,2,13,7,8
충남,공주시,기초,남자,70-74세,46,0,2,4,18,8,0,2,3,1
충남,공주시,기초,남자,75-79세,41,0,3,7,14,1,2,1,5,4
충남,공주시,기초,남자,80-84세,33,1,1,7,8,5,0,3,4,0
충남,공주시,기초,남자,85세이상,27,1,2,5,7,3,0,0,2,0
충남,공주시,기초,여자,65세미만,30,2,2,3,13,1,0,0,3,2
충남,공주시,기초,여자,65-69세,59,0,2,5,11,7,2,8,7,3
충남,공주시,기초,여자,70-74세,72,1,6,11,18,6,3,6,5,1
충남,공주시,기초,여자,75-79세,98,0,9,6,26,17,3,8,10,3
충남,공주시,기초,여자,80-84세,106,0,3,19,35,16,3,5,4,2
충남,공주시,기초,여자,85세이상,167,2,24,34,63,11,1,7,2,2
충남,공주시,의료,남자,65세미만,0,0,0,0,0,0,0,0,0,0
충남,공주시,의료,남자,65-69세,1,0,0,0,0,0,0,0,0,0
충남,공주시,의료,남자,70-74세,0,0,0,0,0,0,0,0,0,0
충남,공주시,의료,남자,75-79세,1,0,0,0,0,1,0,0,0,0
충남,공주시,의료,남자,80-84세,4,0,1,1,0,0,0,0,0,0
충남,공주시,의료,남자,85세이상,5,0,0,1,2,0,0,0,0,0
충남,공주시,의료,여자,65세미만,0,0,0,0,0,0,0,0,0,0
충남,공주시,의료,여자,65-69세,1,0,0,0,0,0,0,1,0,0
충남,공주시,의료,여자,70-74세,2,0,0,2,0,0,0,0,0,0
충남,공주시,의료,여자,75-79세,2,0,0,0,0,0,0,0,1,0
충남,공주시,의료,여자,80-84세,12,0,0,1,3,0,0,0,2,0
충남,공주시,의료,여자,85세이상,22,0,0,7,9,0,0,0,0,0
충남,공주시,감경,남자,65세미만,22,0,0,9,7,2,1,1,0,0
충남,공주시,감경,남자,65-69세,49,2,1,21,15,2,2,1,0,0
충남,공주시,감경,남자,70-74세,53,2,2,11,24,9,1,0,0,1
충남,공주시,감경,남자,75-79세,69,4,4,17,36,5,1,0,0,0
충남,공주시,감경,남자,80-84세,128,6,8,27,64,15,3,1,0,0
충남,공주시,감경,남자,85세이상,181,3,15,44,86,22,4,1,0,1
충남,공주시,감경,여자,65세미만,10,0,0,2,5,1,0,0,0,0
충남,공주시,감경,여자,65-69세,39,2,2,12,16,1,1,1,0,0
충남,공주시,감경,여자,70-74세,73,1,6,12,33,9,4,0,1,0
충남,공주시,감경,여자,75-79세,153,8,12,40,61,15,5,0,4,0
충남,공주시,감경,여자,80-84세,410,12,33,97,172,64,4,0,1,0
충남,공주시,감경,여자,85세이상,709,15,72,183,301,81,9,1,1,0
충남,보령시,일반,남자,65세미만,22,0,0,4,2,0,0,8,1,1
충남,보령시,일반,남자,65-69세,64,1,1,5,19,2,1,13,7,0
충남,보령시,일반,남자,70-74세,108,0,4,19,24,7,1,20,11,2
충남,보령시,일반,남자,75-79세,137,3,0,15,37,13,2,26,9,3
충남,보령시,일반,남자,80-84세,196,0,7,22,72,23,3,25,16,10
충남,보령시,일반,남자,85세이상,235,1,9,37,91,25,4,17,18,0
충남,보령시,일반,여자,65세미만,15,1,1,0,3,2,0,6,1,0
충남,보령시,일반,여자,65-69세,66,1,2,4,8,3,0,17,10,2
충남,보령시,일반,여자,70-74세,166,1,5,14,36,10,1,26,14,8
충남,보령시,일반,여자,75-79세,252,3,6,20,72,26,5,39,19,7
충남,보령시,일반,여자,80-84세,490,6,14,63,176,50,6,68,29,9
충남,보령시,일반,여자,85세이상,557,7,21,106,250,56,4,45,14,2
충남,보령시,기초,남자,65세미만,27,1,1,4,7,0,0,2,3,2
충남,보령시,기초,남자,65-69세,43,1,0,8,10,2,1,6,3,3
충남,보령시,기초,남자,70-74세,46,0,1,5,14,6,1,5,4,2
충남,보령시,기초,남자,75-79세,42,1,0,4,14,3,0,3,4,1
충남,보령시,기초,남자,80-84세,32,0,3,5,13,4,1,2,0,0
충남,보령시,기초,남자,85세이상,29,0,0,3,11,1,0,4,1,1
충남,보령시,기초,여자,65세미만,12,0,0,2,2,0,0,4,1,0
충남,보령시,기초,여자,65-69세,56,1,1,2,20,5,1,11,5,0
충남,보령시,기초,여자,70-74세,49,0,1,5,13,7,1,3,3,2
충남,보령시,기초,여자,75-79세,75,1,2,9,21,8,1,16,4,2
충남,보령시,기초,여자,80-84세,110,2,3,20,43,10,2,7,3,3
충남,보령시,기초,여자,85세이상,152,3,5,27,60,8,1,7,5,1
충남,보령시,의료,남자,65세미만,1,0,0,1,0,0,0,0,0,0
충남,보령시,의료,남자,65-69세,0,0,0,0,0,0,0,0,0,0
충남,보령시,의료,남자,70-74세,1,0,0,0,0,0,0,0,0,0
충남,보령시,의료,남자,75-79세,2,0,0,0,1,0,0,0,0,1
충남,보령시,의료,남자,80-84세,1,0,0,0,0,0,0,0,0,0
충남,보령시,의료,남자,85세이상,7,0,0,1,3,0,0,1,0,0
충남,보령시,의료,여자,65세미만,0,0,0,0,0,0,0,0,0,0
충남,보령시,의료,여자,65-69세,1,0,0,0,1,0,0,0,0,0
충남,보령시,의료,여자,70-74세,1,0,0,0,1,0,0,0,0,0
충남,보령시,의료,여자,75-79세,3,0,0,0,1,0,0,1,1,0
충남,보령시,의료,여자,80-84세,6,0,0,1,2,0,0,0,2,0
충남,보령시,의료,여자,85세이상,15,0,0,5,5,2,0,1,0,0
충남,보령시,감경,남자,65세미만,12,1,1,3,2,0,0,1,0,0
충남,보령시,감경,남자,65-69세,26,1,1,8,12,2,0,1,1,0
충남,보령시,감경,남자,70-74세,46,0,2,9,18,7,1,1,1,0
충남,보령시,감경,남자,75-79세,61,1,4,12,31,5,2,1,0,0
충남,보령시,감경,남자,80-84세,86,1,7,21,45,7,3,0,1,1
충남,보령시,감경,남자,85세이상,131,0,5,31,66,21,5,0,0,0
충남,보령시,감경,여자,65세미만,15,0,0,4,4,3,1,0,0,1
충남,보령시,감경,여자,65-69세,26,0,8,1,11,3,1,1,0,0
충남,보령시,감경,여자,70-74세,74,2,3,10,32,9,7,0,1,0
충남,보령시,감경,여자,75-79세,158,4,5,34,71,25,3,1,2,0
충남,보령시,감경,여자,80-84세,313,9,8,61,153,49,8,2,0,1
충남,보령시,감경,여자,85세이상,579,12,38,148,298,60,3,4,3,0
충남,아산시,일반,남자,65세미만,44,4,1,3,8,1,0,5,5,3
충남,아산시,일반,남자,65-69세,113,5,4,14,23,3,4,13,7,7
충남,아산시,일반,남자,70-74세,132,7,7,24,28,15,2,10,6,4
충남,아산시,일반,남자,75-79세,210,2,12,38,44,24,6,18,9,9
충남,아산시,일반,남자,80-84세,273,8,11,46,72,35,12,9,9,5
충남,아산시,일반,남자,85세이상,327,1,23,57,94,58,15,12,10,6
충남,아산시,일반,여자,65세미만,65,1,5,9,6,5,1,10,6,3
충남,아산시,일반,여자,65-69세,138,5,4,17,23,6,5,14,10,8
충남,아산시,일반,여자,70-74세,245,10,9,34,47,16,13,20,18,4
충남,아산시,일반,여자,75-79세,460,11,19,61,106,46,18,44,23,12
충남,아산시,일반,여자,80-84세,819,27,46,140,219,83,46,61,31,18
충남,아산시,일반,여자,85세이상,956,45,82,214,297,97,27,37,17,7
충남,아산시,기초,남자,65세미만,92,5,7,16,29,3,4,3,2,5
충남,아산시,기초,남자,65-69세,85,1,6,13,19,7,3,8,5,5
충남,아산시,기초,남자,70-74세,70,1,4,11,21,11,3,4,3,1
충남,아산시,기초,남자,75-79세,60,0,0,7,12,11,5,3,4,3
충남,아산시,기초,남자,80-84세,59,0,4,10,18,12,4,3,0,0
충남,아산시,기초,남자,85세이상,46,0,4,3,18,7,2,3,1,1
충남,아산시,기초,여자,65세미만,36,2,5,6,6,4,1,5,2,1
충남,아산시,기초,여자,65-69세,85,6,1,10,16,9,5,10,7,2
충남,아산시,기초,여자,70-74세,110,4,6,22,28,10,5,5,4,3
충남,아산시,기초,여자,75-79세,143,6,5,24,32,12,5,9,4,8
충남,아산시,기초,여자,80-84세,185,4,9,35,51,27,5,5,7,5
충남,아산시,기초,여자,85세이상,250,14,23,54,79,18,4,8,5,1
충남,아산시,의료,남자,65세미만,0,0,0,0,0,0,0,0,0,0
충남,아산시,의료,남자,65-69세,0,0,0,0,0,0,0,0,0,0
충남,아산시,의료,남자,70-74세,1,0,0,1,0,0,0,0,0,0
충남,아산시,의료,남자,75-79세,4,0,2,1,0,0,0,0,0,0
충남,아산시,의료,남자,80-84세,2,0,0,0,1,0,0,0,0,0
충남,아산시,의료,남자,85세이상,11,0,3,0,2,1,1,0,0,0
충남,아산시,의료,여자,65세미만,0,0,0,0,0,0,0,0,0,0
충남,아산시,의료,여자,65-69세,1,0,0,1,0,0,0,0,0,0
충남,아산시,의료,여자,70-74세,4,0,0,0,1,1,1,0,0,0
충남,아산시,의료,여자,75-79세,2,0,0,0,1,0,0,0,1,0
충남,아산시,의료,여자,80-84세,16,0,1,4,4,2,1,0,0,0
충남,아산시,의료,여자,85세이상,21,0,4,4,5,4,2,0,0,0
충남,아산시,감경,남자,65세미만,40,1,4,11,14,4,0,0,0,0
충남,아산시,감경,남자,65-69세,58,3,1,20,25,4,0,0,0,0
충남,아산시,감경,남자,70-74세,77,3,6,14,32,11,6,0,1,0
충남,아산시,감경,남자,75-79세,95,3,6,27,36,13,5,0,1,0
충남,아산시,감경,남자,80-84세,137,5,15,32,39,27,12,1,1,0
충남,아산시,감경,남자,85세이상,180,6,20,43,69,32,5,0,1,0
충남,아산시,감경,여자,65세미만,19,2,4,3,7,0,0,0,0,0
충남,아산시,감경,여자,65-69세,66,3,5,12,27,9,3,1,0,0
충남,아산시,감경,여자,70-74세,108,6,11,26,41,10,8,0,0,1
충남,아산시,감경,여자,75-79세,210,11,14,61,55,39,11,2,0,1
충남,아산시,감경,여자,80-84세,442,20,36,111,156,75,24,2,0,2
충남,아산시,감경,여자,85세이상,820,40,94,226,318,94,28,1,1,0
충남,서산시,일반,남자,65세미만,42,2,1,9,7,4,0,5,1,1
충남,서산시,일반,남자,65-69세,82,3,5,17,20,1,0,11,5,1
충남,서산시,일반,남자,70-74세,163,5,7,31,61,4,4,18,7,6
충남,서산시,일반,남자,75-79세,220,2,8,42,78,14,2,17,16,3
충남,서산시,일반,남자,80-84세,317,6,17,52,128,30,6,14,14,5
충남,서산시,일반,남자,85세이상,365,2,23,80,180,28,2,19,6,2
충남,서산시,일반,여자,65세미만,37,2,3,8,10,0,0,7,0,0
충남,서산시,일반,여자,65-69세,112,3,1,13,20,4,1,24,10,0
충남,서산시,일반,여자,70-74세,185,2,3,19,47,4,5,21,19,13
충남,서산시,일반,여자,75-79세,382,7,16,46,145,15,6,42,22,5
충남,서산시,일반,여자,80-84세,728,12,38,122,323,46,11,51,21,6
충남,서산시,일반,여자,85세이상,1026,32,87,283,469,50,5,20,15,4
충남,서산시,기초,남자,65세미만,55,2,9,7,20,5,1,4,3,0
충남,서산시,기초,남자,65-69세,54,3,1,7,25,9,3,1,2,1
충남,서산시,기초,남자,70-74세,49,0,0,10,19,4,3,5,2,2
충남,서산시,기초,남자,75-79세,30,1,3,3,11,4,0,2,2,0
충남,서산시,기초,남자,80-84세,40,1,2,2,22,2,0,3,3,3
충남,서산시,기초,남자,85세이상,24,0,2,6,13,0,1,0,2,0
충남,서산시,기초,여자,65세미만,21,2,2,5,5,2,1,3,0,0
충남,서산시,기초,여자,65-69세,46,2,3,7,19,6,0,1,4,0
충남,서산시,기초,여자,70-74세,53,1,4,5,23,3,0,4,2,1
충남,서산시,기초,여자,75-79세,83,1,9,14,35,7,0,4,3,0
충남,서산시,기초,여자,80-84세,92,4,6,17,48,7,1,2,1,1
충남,서산시,기초,여자,85세이상,166,7,18,47,75,5,0,1,2,0
충남,서산시,의료,남자,65세미만,2,0,0,0,0,1,0,1,0,0
충남,서산시,의료,남자,65-69세,0,0,0,0,0,0,0,0,0,0
충남,서산시,의료,남자,70-74세,0,0,0,0,0,0,0,0,0,0
충남,서산시,의료,남자,75-79세,2,0,1,0,1,0,0,0,0,0
충남,서산시,의료,남자,80-84세,2,0,0,0,0,0,0,0,0,1
충남,서산시,의료,남자,85세이상,3,0,0,0,3,0,0,0,0,0
충남,서산시,의료,여자,65세미만,0,0,0,0,0,0,0,0,0,0
충남,서산시,의료,여자,65-69세,1,0,0,1,0,0,0,0,0,0
충남,서산시,의료,여자,70-74세,0,0,0,0,0,0,0,0,0,0
충남,서산시,의료,여자,75-79세,3,0,0,0,2,0,0,0,0,1
충남,서산시,의료,여자,80-84세,4,0,1,0,0,1,0,1,1,0
충남,서산시,의료,여자,85세이상,17,2,1,3,7,1,1,1,0,0
충남,서산시,감경,남자,65세미만,31,3,1,10,14,0,1,0,0,0
충남,서산시,감경,남자,65-69세,43,2,5,10,21,3,1,0,0,0
충남,서산시,감경,남자,70-74세,85,0,7,30,41,3,1,0,1,0
충남,서산시,감경,남자,75-79세,108,2,8,26,52,12,1,0,1,0
충남,서산시,감경,남자,80-84세,117,3,10,30,63,7,0,0,1,0
충남,서산시,감경,남자,85세이상,177,2,10,49,104,7,3,0,0,0
충남,서산시,감경,여자,65세미만,23,2,0,6,10,2,1,0,0,0
충남,서산시,감경,여자,65-69세,49,1,4,16,18,4,3,0,0,0
충남,서산시,감경,여자,70-74세,93,6,2,19,47,5,0,3,0,0
충남,서산시,감경,여자,75-79세,201,6,16,50,90,20,3,1,0,0
충남,서산시,감경,여자,80-84세,467,13,38,98,257,34,8,1,0,0
충남,서산시,감경,여자,85세이상,842,23,90,277,416,19,1,3,0,0
충남,논산시,일반,남자,65세미만,23,1,0,0,4,1,0,2,0,2
충남,논산시,일반,남자,65-69세,75,2,2,11,7,3,3,11,6,4
충남,논산시,일반,남자,70-74세,125,1,5,14,26,11,4,15,14,6
충남,논산시,일반,남자,75-79세,145,4,7,15,37,15,0,17,12,6
충남,논산시,일반,남자,80-84세,246,4,11,34,79,31,4,19,13,13
충남,논산시,일반,남자,85세이상,275,5,9,36,106,41,7,15,16,3
충남,논산시,일반,여자,65세미만,19,0,0,2,0,1,1,5,2,2
충남,논산시,일반,여자,65-69세,100,0,1,8,18,3,1,14,12,5
충남,논산시,일반,여자,70-74세,176,10,5,13,34,10,2,22,21,2
충남,논산시,일반,여자,75-79세,395,7,11,38,88,43,10,61,38,8
충남,논산시,일반,여자,80-84세,668,10,19,77,219,81,16,62,45,16
충남,논산시,일반,여자,85세이상,758,25,43,147,325,69,8,44,16,4
충남,논산시,기초,남자,65세미만,82,6,6,9,15,6,0,10,8,5
충남,논산시,기초,남자,65-69세,104,1,3,13,23,10,1,12,12,7
충남,논산시,기초,남자,70-74세,60,1,0,10,17,5,2,6,3,4
충남,논산시,기초,남자,75-79세,60,1,1,8,21,7,2,2,4,1
충남,논산시,기초,남자,80-84세,49,1,1,6,14,4,2,1,4,0
충남,논산시,기초,남자,85세이상,49,0,2,9,21,5,1,0,2,0
충남,논산시,기초,여자,65세미만,45,3,4,3,11,4,0,7,6,1
충남,논산시,기초,여자,65-69세,74,2,1,14,15,5,1,8,7,5
충남,논산시,기초,여자,70-74세,81,4,2,11,20,3,3,7,10,1
충남,논산시,기초,여자,75-79세,116,4,11,9,38,10,5,9,10,1
충남,논산시,기초,여자,80-84세,165,5,3,25,49,27,3,15,5,2
충남,논산시,기초,여자,85세이상,215,9,20,45,83,12,2,8,5,1
충남,논산시,의료,남자,65세미만,0,0,0,0,0,0,0,0,0,0
충남,논산시,의료,남자,65-69세,2,0,0,0,0,0,0,0,0,1
충남,논산시,의료,남자,70-74세,3,0,0,0,1,0,0,0,0,0
충남,논산시,의료,남자,75-79세,3,0,0,1,0,0,0,1,0,0
충남,논산시,의료,남자,80-84세,3,0,0,0,1,1,0,0,1,0
충남,논산시,의료,남자,85세이상,3,0,0,0,2,1,0,0,0,0
충남,논산시,의료,여자,65세미만,0,0,0,0,0,0,0,0,0,0
충남,논산시,의료,여자,65-69세,0,0,0,0,0,0,0,0,0,0
충남,논산시,의료,여자,70-74세,6,1,0,0,1,0,0,0,1,0
충남,논산시,의료,여자,75-79세,4,0,1,0,0,1,1,0,1,0
충남,논산시,의료,여자,80-84세,10,0,1,2,2,1,0,0,0,0
충남,논산시,의료,여자,85세이상,31,1,0,8,15,1,0,2,0,1
충남,논산시,감경,남자,65세미만,25,0,3,7,10,3,0,0,0,0
충남,논산시,감경,남자,65-69세,43,1,3,12,16,8,0,0,0,0
충남,논산시,감경,남자,70-74세,64,4,4,17,19,12,0,1,1,0
충남,논산시,감경,남자,75-79세,96,3,7,19,30,20,5,0,1,0
충남,논산시,감경,남자,80-84세,156,3,6,34,80,19,8,0,0,0
충남,논산시,감경,남자,85세이상,218,2,9,47,110,38,3,0,0,0
충남,논산시,감경,여자,65세미만,24,0,2,8,10,2,0,0,0,0
충남,논산시,감경,여자,65-69세,40,0,1,13,13,4,1,1,2,0
충남,논산시,감경,여자,70-74세,98,2,6,15,42,18,8,0,0,0
충남,논산시,감경,여자,75-79세,214,4,9,43,101,27,12,1,4,0
충남,논산시,감경,여자,80-84세,549,20,36,103,272,83,10,1,1,0
충남,논산시,감경,여자,85세이상,997,32,91,253,473,116,5,0,0,0
충남,계룡시,일반,남자,65세미만,10,0,0,2,2,0,1,3,0,0
충남,계룡시,일반,남자,65-69세,12,0,1,1,3,0,0,1,2,0
충남,계룡시,일반,남자,70-74세,18,0,0,4,8,0,0,2,0,1
충남,계룡시,일반,남자,75-79세,18,1,0,4,3,1,0,2,2,0
충남,계룡시,일반,남자,80-84세,26,0,1,4,10,2,1,1,1,0
충남,계룡시,일반,남자,85세이상,36,0,5,7,11,2,0,2,1,0
충남,계룡시,일반,여자,65세미만,4,0,0,2,0,0,0,1,0,0
충남,계룡시,일반,여자,65-69세,18,0,1,1,2,0,0,5,2,0
충남,계룡시,일반,여자,70-74세,26,0,1,2,4,2,1,5,4,0
충남,계룡시,일반,여자,75-79세,62,2,2,12,17,4,1,1,6,1
충남,계룡시,일반,여자,80-84세,90,2,3,10,31,9,1,6,5,0
충남,계룡시,일반,여자,85세이상,119,5,12,28,44,9,1,4,3,1
충남,계룡시,기초,남자,65세미만,7,0,1,1,1,0,1,0,0,1
충남,계룡시,기초,남자,65-69세,5,0,1,1,1,0,0,0,0,2
충남,계룡시,기초,남자,70-74세,2,0,0,0,1,0,0,0,1,0
충남,계룡시,기초,남자,75-79세,3,0,0,0,1,1,1,0,0,0
충남,계룡시,기초,남자,80-84세,3,0,0,0,1,0,0,0,0,0
충남,계룡시,기초,남자,85세이상,3,0,0,0,1,0,0,1,1,0
충남,계룡시,기초,여자,65세미만,3,0,0,0,2,0,1,0,0,0
충남,계룡시,기초,여자,65-69세,3,0,0,0,0,0,1,1,1,0
충남,계룡시,기초,여자,70-74세,9,0,2,0,4,0,0,0,0,0
충남,계룡시,기초,여자,75-79세,11,0,1,3,3,0,0,0,1,0
충남,계룡시,기초,여자,80-84세,18,0,4,1,5,4,0,1,0,1
충남,계룡시,기초,여자,85세이상,27,2,4,4,12,0,0,0,0,0
충남,계룡시,의료,남자,65세미만,0,0,0,0,0,0,0,0,0,0
충남,계룡시,의료,남자,65-69세,0,0,0,0,0,0,0,0,0,0
충남,계룡시,의료,남자,70-74세,1,0,0,0,0,0,0,0,0,1
충남,계룡시,의료,남자,75-79세,1,0,0,0,1,0,0,0,0,0
충남,계룡시,의료,남자,80-84세,0,0,0,0,0,0,0,0,0,0
충남,계룡시,의료,남자,85세이상,0,0,0,0,0,0,0,0,0,0
충남,계룡시,의료,여자,65세미만,0,0,0,0,0,0,0,0,0,0
충남,계룡시,의료,여자,65-69세,0,0,0,0,0,0,0,0,0,0
충남,계룡시,의료,여자,70-74세,0,0,0,0,0,0,0,0,0,0
충남,계룡시,의료,여자,75-79세,0,0,0,0,0,0,0,0,0,0
충남,계룡시,의료,여자,80-84세,1,0,0,0,0,0,0,0,0,0
충남,계룡시,의료,여자,85세이상,3,0,0,2,0,1,0,0,0,0
충남,계룡시,감경,남자,65세미만,4,1,0,1,0,0,0,0,0,1
충남,계룡시,감경,남자,65-69세,4,0,0,2,1,0,0,0,0,0
충남,계룡시,감경,남자,70-74세,7,1,0,1,4,0,0,0,0,0
충남,계룡시,감경,남자,75-79세,12,0,0,2,7,0,1,0,0,0
충남,계룡시,감경,남자,80-84세,19,0,0,9,7,1,0,1,0,0
충남,계룡시,감경,남자,85세이상,23,0,0,2,14,6,1,0,0,0
충남,계룡시,감경,여자,65세미만,5,0,0,2,1,1,0,0,0,0
충남,계룡시,감경,여자,65-69세,9,1,1,1,5,1,0,0,0,0
충남,계룡시,감경,여자,70-74세,14,0,1,4,7,0,0,0,0,0
충남,계룡시,감경,여자,75-79세,22,0,0,3,14,4,0,0,0,0
충남,계룡시,감경,여자,80-84세,63,1,7,10,26,12,3,1,1,1
충남,계룡시,감경,여자,85세이상,141,8,19,41,56,9,1,0,2,0
충남,금산군,일반,남자,65세미만,14,1,0,1,2,2,1,4,0,2
충남,금산군,일반,남자,65-69세,51,1,0,4,6,3,1,14,6,3
충남,금산군,일반,남자,70-74세,46,1,0,3,11,5,2,4,3,2
충남,금산군,일반,남자,75-79세,95,1,2,11,29,10,4,7,6,5
충남,금산군,일반,남자,80-84세,137,0,4,6,44,42,6,7,8,2
충남,금산군,일반,남자,85세이상,142,2,4,16,57,34,2,4,4,1
충남,금산군,일반,여자,65세미만,10,0,0,1,2,1,0,3,0,1
충남,금산군,일반,여자,65-69세,46,0,2,2,8,3,5,6,5,5
충남,금산군,일반,여자,70-74세,99,0,1,8,18,11,3,10,14,6
충남,금산군,일반,여자,75-79세,195,1,4,16,47,24,8,16,16,3
충남,금산군,일반,여자,80-84세,357,3,4,28,113,81,20,21,19,4
충남,금산군,일반,여자,85세이상,379,14,16,53,132,89,2,18,9,3
충남,금산군,기초,남자,65세미만,36,0,2,7,5,7,3,6,0,1
충남,금산군,기초,남자,65-69세,32,0,1,4,11,6,3,2,0,2
충남,금산군,기초,남자,70-74세,23,1,1,3,9,4,1,1,2,0
충남,금산군,기초,남자,75-79세,20,0,1,5,4,5,0,0,1,0
충남,금산군,기초,남자,80-84세,25,1,1,1,8,4,1,3,2,0
충남,금산군,기초,남자,85세이상,10,0,0,2,2,5,0,0,0,0
충남,금산군,기초,여자,65세미만,12,0,0,1,5,1,2,1,1,0
충남,금산군,기초,여자,65-69세,19,0,1,1,4,5,1,0,1,0
충남,금산군,기초,여자,70-74세,19,1,0,3,3,3,0,2,1,1
충남,금산군,기초,여자,75-79세,43,2,1,3,12,11,1,2,2,0
충남,금산군,기초,여자,80-84세,74,1,2,5,29,18,2,5,1,0
충남,금산군,기초,여자,85세이상,83,4,4,14,26,17,0,0,4,0
충남,금산군,의료,남자,65세미만,0,0,0,0,0,0,0,0,0,0
충남,금산군,의료,남자,65-69세,2,0,0,0,1,0,0,1,0,0
충남,금산군,의료,남자,70-74세,1,0,0,0,0,0,0,0,0,0
충남,금산군,의료,남자,75-79세,3,0,0,1,0,0,1,0,1,0
충남,금산군,의료,남자,80-84세,1,0,0,0,0,0,0,0,0,0
충남,금산군,의료,남자,85세이상,3,0,0,1,2,0,0,0,0,0
충남,금산군,의료,여자,65세미만,0,0,0,0,0,0,0,0,0,0
충남,금산군,의료,여자,65-69세,0,0,0,0,0,0,0,0,0,0
충남,금산군,의료,여자,70-74세,4,0,0,0,2,0,0,0,1,0
충남,금산군,의료,여자,75-79세,4,0,0,0,2,1,0,0,1,0
충남,금산군,의료,여자,80-84세,7,0,1,0,2,0,0,0,1,0
충남,금산군,의료,여자,85세이상,10,0,0,3,4,2,0,0,0,0
충남,금산군,감경,남자,65세미만,5,0,0,1,2,1,0,0,0,0
충남,금산군,감경,남자,65-69세,21,1,0,5,9,2,3,0,0,0
충남,금산군,감경,남자,70-74세,37,0,0,5,22,5,2,0,0,0
충남,금산군,감경,남자,75-79세,45,1,2,6,21,12,1,0,0,0
충남,금산군,감경,남자,80-84세,86,2,5,17,36,22,3,0,0,0
충남,금산군,감경,남자,85세이상,134,1,14,19,52,38,6,1,1,0
충남,금산군,감경,여자,65세미만,8,0,0,1,6,0,0,0,0,1
충남,금산군,감경,여자,65-69세,26,3,2,7,8,3,1,0,0,0
충남,금산군,감경,여자,70-74세,70,0,6,10,31,12,6,0,0,0
충남,금산군,감경,여자,75-79세,130,2,6,15,60,31,6,0,0,0
충남,금산군,감경,여자,80-84세,327,4,19,36,142,89,14,1,0,0
충남,금산군,감경,여자,85세이상,459,10,39,110,200,84,4,0,0,0
충남,부여군,일반,남자,65세미만,16,0,2,1,1,3,1,2,1,0
충남,부여군,일반,남자,65-69세,56,3,1,6,6,3,1,10,6,6
충남,부여군,일반,남자,70-74세,63,2,4,3,17,5,2,4,5,1
충남,부여군,일반,남자,75-79세,103,2,2,12,21,14,8,9,11,5
충남,부여군,일반,남자,80-84세,168,2,3,24,28,27,16,12,12,10
충남,부여군,일반,남자,85세이상,239,1,6,17,73,53,14,24,14,3
충남,부여군,일반,여자,65세미만,14,1,0,4,1,1,0,3,1,1
충남,부여군,일반,여자,65-69세,65,1,0,0,7,2,2,20,7,7
충남,부여군,일반,여자,70-74세,119,0,3,6,17,9,5,15,13,11
충남,부여군,일반,여자,75-79세,234,1,6,17,48,27,13,29,27,15
충남,부여군,일반,여자,80-84세,433,4,7,31,112,86,18,60,34,7
충남,부여군,일반,여자,85세이상,579,8,21,79,185,119,16,38,44,5
충남,부여군,기초,남자,65세미만,32,0,1,6,9,1,0,2,2,1
충남,부여군,기초,남자,65-69세,30,0,0,1,6,3,0,9,0,5
충남,부여군,기초,남자,70-74세,37,0,3,6,10,3,0,1,4,2
충남,부여군,기초,남자,75-79세,25,0,0,1,9,3,3,0,1,2
충남,부여군,기초,남자,80-84세,20,0,1,4,11,1,0,0,0,1
충남,부여군,기초,남자,85세이상,18,1,1,1,3,7,2,0,1,0
충남,부여군,기초,여자,65세미만,18,1,1,1,3,2,0,0,1,3
충남,부여군,기초,여자,65-69세,26,1,1,2,4,2,1,1,5,1
충남,부여군,기초,여자,70-74세,35,0,1,3,5,1,3,6,4,4
충남,부여군,기초,여자,75-79세,55,1,2,6,14,9,2,3,4,1
충남,부여군,기초,여자,80-84세,64,2,3,6,18,8,2,5,3,0
충남,부여군,기초,여자,85세이상,123,4,4,29,39,20,2,1,1,0
충남,부여군,의료,남자,65세미만,0,0,0,0,0,0,0,0,0,0
충남,부여군,의료,남자,65-69세,1,0,0,0,0,0,0,1,0,0
충남,부여군,의료,남자,70-74세,1,0,0,0,0,0,0,0,0,0
충남,부여군,의료,남자,75-79세,3,0,0,0,1,0,0,0,0,2
충남,부여군,의료,남자,80-84세,1,0,0,0,0,0,0,1,0,0
충남,부여군,의료,남자,85세이상,2,0,0,1,0,0,0,0,0,0
충남,부여군,의료,여자,65세미만,0,0,0,0,0,0,0,0,0,0
충남,부여군,의료,여자,65-69세,0,0,0,0,0,0,0,0,0,0
충남,부여군,의료,여자,70-74세,2,0,0,1,0,0,0,0,0,0
충남,부여군,의료,여자,75-79세,2,0,0,0,0,0,0,0,0,0
충남,부여군,의료,여자,80-84세,4,1,0,1,1,0,1,0,0,0
충남,부여군,의료,여자,85세이상,11,1,0,2,3,3,1,1,0,0
충남,부여군,감경,남자,65세미만,11,3,0,4,1,2,0,0,0,0
충남,부여군,감경,남자,65-69세,24,3,1,3,12,2,0,0,0,0
충남,부여군,감경,남자,70-74세,29,0,2,4,11,4,5,1,0,0
충남,부여군,감경,남자,75-79세,50,1,1,8,16,17,3,0,0,1
충남,부여군,감경,남자,80-84세,92,1,3,13,35,25,11,1,0,0
충남,부여군,감경,남자,85세이상,171,4,6,23,70,42,20,1,0,0
충남,부여군,감경,여자,65세미만,6,0,1,3,1,1,0,0,0,0
충남,부여군,감경,여자,65-69세,21,3,0,3,9,2,2,0,0,0
충남,부여군,감경,여자,70-74세,51,1,1,3,21,14,5,1,2,0
충남,부여군,감경,여자,75-79세,128,3,5,8,49,34,12,3,3,1
충남,부여군,감경,여자,80-84세,313,7,23,36,124,91,21,1,0,0
충남,부여군,감경,여자,85세이상,620,20,40,122,265,135,20,0,0,0
충남,서천군,일반,남자,65세미만,14,1,1,0,2,0,1,2,2,0
충남,서천군,일반,남자,65-69세,40,1,0,5,9,2,1,8,5,1
충남,서천군,일반,남자,70-74세,71,0,2,12,24,4,0,7,5,4
충남,서천군,일반,남자,75-79세,101,1,1,11,24,13,8,14,8,7
충남,서천군,일반,남자,80-84세,148,2,6,27,45,17,5,5,11,7
충남,서천군,일반,남자,85세이상,213,4,7,40,81,25,2,15,11,6
충남,서천군,일반,여자,65세미만,13,1,1,1,3,1,0,2,0,0
충남,서천군,일반,여자,65-69세,58,3,4,2,9,2,0,8,7,5
충남,서천군,일반,여자,70-74세,93,2,2,11,15,10,3,19,6,6
충남,서천군,일반,여자,75-79세,175,4,2,22,51,21,5,18,14,6
충남,서천군,일반,여자,80-84세,394,7,10,48,140,54,10,32,24,10
충남,서천군,일반,여자,85세이상,462,7,34,93,182,50,6,26,15,7
충남,서천군,기초,남자,65세미만,29,2,1,7,6,4,0,0,1,1
충남,서천군,기초,남자,65-69세,30,0,1,0,11,1,1,1,6,4
충남,서천군,기초,남자,70-74세,37,0,2,2,11,8,0,3,4,0
충남,서천군,기초,남자,75-79세,19,0,0,4,2,2,1,2,2,1
충남,서천군,기초,남자,80-84세,22,1,0,3,5,4,0,4,1,0
충남,서천군,기초,남자,85세이상,24,0,0,2,10,3,1,0,0,0
충남,서천군,기초,여자,65세미만,11,0,2,0,4,1,0,0,0,0
충남,서천군,기초,여자,65-69세,28,0,0,2,6,3,0,3,8,1
충남,서천군,기초,여자,70-74세,44,1,2,8,15,3,1,5,2,0
충남,서천군,기초,여자,75-79세,58,0,1,8,20,8,0,3,4,1
충남,서천군,기초,여자,80-84세,75,2,3,10,31,4,2,3,4,2
충남,서천군,기초,여자,85세이상,136,3,5,31,47,8,3,2,1,2
충남,서천군,의료,남자,65세미만,0,0,0,0,0,0,0,0,0,0
충남,서천군,의료,남자,65-69세,1,0,0,0,0,0,0,0,1,0
충남,서천군,의료,남자,70-74세,0,0,0,0,0,0,0,0,0,0
충남,서천군,의료,남자,75-79세,0,0,0,0,0,0,0,0,0,0
충남,서천군,의료,남자,80-84세,1,0,0,0,1,0,0,0,0,0
충남,서천군,의료,남자,85세이상,5,0,0,0,2,1,1,0,0,0
충남,서천군,의료,여자,65세미만,0,0,0,0,0,0,0,0,0,0
충남,서천군,의료,여자,65-69세,0,0,0,0,0,0,0,0,0,0
충남,서천군,의료,여자,70-74세,1,0,0,0,0,0,1,0,0,0
충남,서천군,의료,여자,75-79세,2,0,0,0,1,0,0,1,0,0
충남,서천군,의료,여자,80-84세,3,0,0,1,1,0,0,0,0,0
충남,서천군,의료,여자,85세이상,24,0,0,5,12,2,0,0,2,1
충남,서천군,감경,남자,65세미만,9,1,1,2,2,1,0,0,0,0
충남,서천군,감경,남자,65-69세,25,1,3,2,12,3,1,1,0,0
충남,서천군,감경,남자,70-74세,35,1,2,10,13,3,1,2,0,0
충남,서천군,감경,남자,75-79세,57,1,4,17,25,4,1,0,0,1
충남,서천군,감경,남자,80-84세,78,0,1,23,37,9,2,3,1,0
충남,서천군,감경,남자,85세이상,162,5,10,37,79,23,2,1,0,0
충남,서천군,감경,여자,65세미만,4,1,0,2,0,0,0,0,0,0
충남,서천군,감경,여자,65-69세,26,0,1,4,17,2,0,0,0,0
충남,서천군,감경,여자,70-74세,66,5,4,14,26,8,0,1,1,0
충남,서천군,감경,여자,75-79세,119,2,5,22,50,23,5,1,0,0
충남,서천군,감경,여자,80-84세,302,11,19,50,144,51,5,3,2,1
충남,서천군,감경,여자,85세이상,612,16,49,145,311,58,13,1,0,0
충남,청양군,일반,남자,65세미만,4,0,0,0,0,0,0,1,1,0
충남,청양군,일반,남자,65-69세,17,0,0,1,6,1,1,2,2,1
충남,청양군,일반,남자,70-74세,37,0,4,4,5,1,0,7,11,0
충남,청양군,일반,남자,75-79세,44,1,1,5,11,2,0,5,9,2
충남,청양군,일반,남자,80-84세,100,1,3,19,29,6,1,8,13,1
충남,청양군,일반,남자,85세이상,127,2,4,22,51,12,2,6,9,1
충남,청양군,일반,여자,65세미만,7,1,0,1,1,0,0,2,0,1
충남,청양군,일반,여자,65-69세,34,0,0,1,2,1,0,6,5,1
충남,청양군,일반,여자,70-74세,59,0,1,5,5,4,1,12,8,2
충남,청양군,일반,여자,75-79세,117,2,1,13,30,6,6,11,14,1
충남,청양군,일반,여자,80-84세,237,0,9,31,81,24,10,23,25,3
충남,청양군,일반,여자,85세이상,264,3,17,57,94,24,8,18,10,2
충남,청양군,기초,남자,65세미만,12,0,0,2,3,0,1,4,0,0
충남,청양군,기초,남자,65-69세,12,0,0,2,2,0,0,1,2,1
충남,청양군,기초,남자,70-74세,9,1,0,1,5,0,0,0,0,0
충남,청양군,기초,남자,75-79세,8,0,0,2,2,0,0,2,1,1
충남,청양군,기초,남자,80-84세,2,0,0,0,1,0,0,1,0,0
충남,청양군,기초,남자,85세이상,8,0,0,2,4,1,0,0,1,0
충남,청양군,기초,여자,65세미만,7,0,0,2,0,1,0,2,0,1
충남,청양군,기초,여자,65-69세,9,0,2,0,2,0,0,0,3,0
충남,청양군,기초,여자,70-74세,20,0,1,3,2,0,1,3,3,2
충남,청양군,기초,여자,75-79세,20,0,1,3,2,4,0,4,0,0
충남,청양군,기초,여자,80-84세,26,0,1,2,7,1,0,6,0,1
충남,청양군,기초,여자,85세이상,42,2,3,10,11,2,1,1,3,1
충남,청양군,의료,남자,65세미만,0,0,0,0,0,0,0,0,0,0
충남,청양군,의료,남자,65-69세,0,0,0,0,0,0,0,0,0,0
충남,청양군,의료,남자,70-74세,1,0,0,0,0,0,0,1,0,0
충남,청양군,의료,남자,75-79세,0,0,0,0,0,0,0,0,0,0
충남,청양군,의료,남자,80-84세,3,0,0,1,2,0,0,0,0,0
충남,청양군,의료,남자,85세이상,3,0,0,0,1,2,0,0,0,0
충남,청양군,의료,여자,65세미만,0,0,0,0,0,0,0,0,0,0
충남,청양군,의료,여자,65-69세,1,0,0,0,0,0,0,0,0,0
충남,청양군,의료,여자,70-74세,0,0,0,0,0,0,0,0,0,0
충남,청양군,의료,여자,75-79세,3,0,0,0,3,0,0,0,0,0
충남,청양군,의료,여자,80-84세,4,0,0,0,1,1,0,0,0,0
충남,청양군,의료,여자,85세이상,9,0,2,2,2,1,0,0,0,0
충남,청양군,감경,남자,65세미만,10,0,0,5,3,0,0,0,0,0
충남,청양군,감경,남자,65-69세,10,2,2,3,3,0,0,0,0,0
충남,청양군,감경,남자,70-74세,21,0,5,4,5,2,0,0,0,0
충남,청양군,감경,남자,75-79세,21,0,3,2,12,1,0,0,0,0
충남,청양군,감경,남자,80-84세,40,2,3,8,13,11,3,0,0,0
충남,청양군,감경,남자,85세이상,92,1,7,19,54,6,4,1,0,0
충남,청양군,감경,여자,65세미만,5,0,0,0,2,1,0,0,0,0
충남,청양군,감경,여자,65-69세,11,1,3,4,1,0,0,0,0,0
충남,청양군,감경,여자,70-74세,18,2,1,4,7,1,0,0,0,0
충남,청양군,감경,여자,75-79세,54,0,4,11,22,5,4,0,0,0
충남,청양군,감경,여자,80-84세,148,4,15,29,57,26,1,1,0,0
충남,청양군,감경,여자,85세이상,284,9,24,88,125,23,7,0,0,0
충남,홍성군,일반,남자,65세미만,33,1,2,7,8,0,0,7,2,2
충남,홍성군,일반,남자,65-69세,47,2,2,5,5,1,2,11,5,2
충남,홍성군,일반,남자,70-74세,91,6,6,11,23,7,2,8,7,5
충남,홍성군,일반,남자,75-79세,111,8,7,13,32,9,6,12,3,5
충남,홍성군,일반,남자,80-84세,197,6,13,35,57,13,13,22,11,7
충남,홍성군,일반,남자,85세이상,253,6,7,61,100,28,5,8,8,6
충남,홍성군,일반,여자,65세미만,26,2,2,6,2,2,1,3,3,2
충남,홍성군,일반,여자,65-69세,52,3,0,4,10,2,2,9,8,2
충남,홍성군,일반,여자,70-74세,119,1,5,20,22,7,5,16,8,6
충남,홍성군,일반,여자,75-79세,271,6,7,43,72,25,7,31,18,9
충남,홍성군,일반,여자,80-84세,508,19,19,99,199,48,19,37,20,5
충남,홍성군,일반,여자,85세이상,666,28,44,183,269,52,5,29,14,2
충남,홍성군,기초,남자,65세미만,40,1,3,10,13,0,1,2,0,2
충남,홍성군,기초,남자,65-69세,40,2,4,6,11,3,1,2,3,4
충남,홍성군,기초,남자,70-74세,25,0,2,4,6,2,0,2,4,1
충남,홍성군,기초,남자,75-79세,25,2,4,4,6,2,1,1,0,1
충남,홍성군,기초,남자,80-84세,23,1,1,4,7,7,1,0,1,0
충남,홍성군,기초,남자,85세이상,19,0,1,2,7,2,0,1,1,1
충남,홍성군,기초,여자,65세미만,20,5,3,2,5,1,1,1,1,0
충남,홍성군,기초,여자,65-69세,38,1,3,5,6,1,2,9,3,1
충남,홍성군,기초,여자,70-74세,46,2,0,10,13,5,1,3,2,2
충남,홍성군,기초,여자,75-79세,60,3,3,8,25,3,1,2,3,0
충남,홍성군,기초,여자,80-84세,79,2,10,13,31,2,4,5,2,0
충남,홍성군,기초,여자,85세이상,109,7,10,28,37,6,1,3,3,0
충남,홍성군,의료,남자,65세미만,0,0,0,0,0,0,0,0,0,0
충남,홍성군,의료,남자,65-69세,1,0,0,1,0,0,0,0,0,0
충남,홍성군,의료,남자,70-74세,0,0,0,0,0,0,0,0,0,0
충남,홍성군,의료,남자,75-79세,0,0,0,0,0,0,0,0,0,0
충남,홍성군,의료,남자,80-84세,1,0,0,0,1,0,0,0,0,0
충남,홍성군,의료,남자,85세이상,5,0,0,3,1,0,0,0,1,0
충남,홍성군,의료,여자,65세미만,0,0,0,0,0,0,0,0,0,0
충남,홍성군,의료,여자,65-69세,0,0,0,0,0,0,0,0,0,0
충남,홍성군,의료,여자,70-74세,2,1,0,0,0,0,0,1,0,0
충남,홍성군,의료,여자,75-79세,0,0,0,0,0,0,0,0,0,0
충남,홍성군,의료,여자,80-84세,7,0,0,3,2,1,0,0,0,0
충남,홍성군,의료,여자,85세이상,21,1,1,8,6,1,0,0,1,1
충남,홍성군,감경,남자,65세미만,15,0,1,4,7,0,0,0,0,1
충남,홍성군,감경,남자,65-69세,25,1,2,6,6,4,1,0,1,1
충남,홍성군,감경,남자,70-74세,49,3,1,16,20,6,1,0,0,0
충남,홍성군,감경,남자,75-79세,68,6,1,17,28,5,5,1,1,0
충남,홍성군,감경,남자,80-84세,114,4,6,32,53,5,7,2,1,1
충남,홍성군,감경,남자,85세이상,189,7,10,48,97,17,5,1,0,1
충남,홍성군,감경,여자,65세미만,20,4,2,4,8,0,0,0,0,0
충남,홍성군,감경,여자,65-69세,32,3,5,9,10,2,0,1,0,0
충남,홍성군,감경,여자,70-74세,68,3,6,12,27,8,5,0,0,0
충남,홍성군,감경,여자,75-79세,147,11,12,35,56,17,2,0,0,0
충남,홍성군,감경,여자,80-84세,379,16,26,103,172,40,10,1,0,0
충남,홍성군,감경,여자,85세이상,696,48,59,220,301,51,7,1,0,0
충남,예산군,일반,남자,65세미만,14,1,1,1,4,1,0,2,1,1
충남,예산군,일반,남자,65-69세,58,3,2,7,11,2,1,2,7,5
충남,예산군,일반,남자,70-74세,83,4,4,13,20,10,3,13,5,2
충남,예산군,일반,남자,75-79세,126,2,9,15,33,17,2,11,12,4
충남,예산군,일반,남자,80-84세,204,2,15,25,63,24,9,24,10,8
충남,예산군,일반,남자,85세이상,247,1,7,43,79,39,11,28,8,5
충남,예산군,일반,여자,65세미만,20,0,0,2,7,0,1,4,1,2
충남,예산군,일반,여자,65-69세,62,0,1,9,7,3,4,10,2,4
충남,예산군,일반,여자,70-74세,147,1,7,12,26,11,7,21,17,4
충남,예산군,일반,여자,75-79세,259,5,2,31,59,23,8,32,19,8
충남,예산군,일반,여자,80-84세,502,10,22,68,151,59,19,53,29,8
충남,예산군,일반,여자,85세이상,622,17,42,117,215,88,16,47,19,4
충남,예산군,기초,남자,65세미만,36,1,4,4,13,2,0,4,2,1
충남,예산군,기초,남자,65-69세,36,0,3,6,5,4,0,6,3,2
충남,예산군,기초,남자,70-74세,27,2,2,5,4,1,2,2,1,1
충남,예산군,기초,남자,75-79세,16,1,0,1,3,4,0,2,2,1
충남,예산군,기초,남자,80-84세,25,0,3,4,9,4,1,1,1,0
충남,예산군,기초,남자,85세이상,23,1,1,3,5,5,3,1,1,1
충남,예산군,기초,여자,65세미만,16,1,1,3,1,0,0,2,1,4
충남,예산군,기초,여자,65-69세,25,2,2,2,7,1,0,3,3,1
충남,예산군,기초,여자,70-74세,34,0,0,9,9,3,1,5,0,1
충남,예산군,기초,여자,75-79세,46,1,2,6,18,5,1,0,2,1
충남,예산군,기초,여자,80-84세,80,2,1,8,35,14,1,6,3,2
충남,예산군,기초,여자,85세이상,109,4,8,23,36,16,4,5,2,0
충남,예산군,의료,남자,65세미만,0,0,0,0,0,0,0,0,0,0
충남,예산군,의료,남자,65-69세,0,0,0,0,0,0,0,0,0,0
충남,예산군,의료,남자,70-74세,3,0,0,0,1,0,1,1,0,0
충남,예산군,의료,남자,75-79세,0,0,0,0,0,0,0,0,0,0
충남,예산군,의료,남자,80-84세,0,0,0,0,0,0,0,0,0,0
충남,예산군,의료,남자,85세이상,5,0,0,0,1,0,0,0,0,0
충남,예산군,의료,여자,65세미만,1,0,0,0,0,0,0,1,0,0
충남,예산군,의료,여자,65-69세,1,0,0,0,1,0,0,0,0,0
충남,예산군,의료,여자,70-74세,0,0,0,0,0,0,0,0,0,0
충남,예산군,의료,여자,75-79세,3,0,1,0,2,0,0,0,0,0
충남,예산군,의료,여자,80-84세,5,0,0,2,0,0,1,0,0,0
충남,예산군,의료,여자,85세이상,12,2,1,4,3,1,0,0,0,0
충남,예산군,감경,남자,65세미만,9,1,1,1,4,0,0,0,0,0
충남,예산군,감경,남자,65-69세,25,0,1,8,10,3,1,0,0,0
충남,예산군,감경,남자,70-74세,32,1,2,12,13,3,0,0,0,0
충남,예산군,감경,남자,75-79세,62,0,4,9,30,10,3,1,1,1
충남,예산군,감경,남자,80-84세,81,2,4,14,32,17,7,0,0,1
충남,예산군,감경,남자,85세이상,149,2,9,36,61,31,6,1,1,0
충남,예산군,감경,여자,65세미만,9,1,1,4,3,0,0,0,0,0
충남,예산군,감경,여자,65-69세,24,1,2,9,4,2,2,0,0,1
충남,예산군,감경,여자,70-74세,56,2,2,12,24,7,2,0,0,0
충남,예산군,감경,여자,75-79세,111,2,7,27,43,16,6,1,1,0
충남,예산군,감경,여자,80-84세,284,10,24,64,107,47,19,1,0,1
충남,예산군,감경,여자,85세이상,552,17,40,139,261,78,9,4,0,1
충남,태안군,일반,남자,65세미만,14,2,0,0,3,0,0,3,2,0
충남,태안군,일반,남자,65-69세,30,1,1,2,6,2,1,4,1,1
충남,태안군,일반,남자,70-74세,85,2,1,15,23,5,1,5,7,3
충남,태안군,일반,남자,75-79세,102,2,7,16,30,3,1,12,6,5
충남,태안군,일반,남자,80-84세,145,2,4,17,43,9,4,11,9,7
충남,태안군,일반,남자,85세이상,158,4,5,33,62,6,0,14,8,2
충남,태안군,일반,여자,65세미만,12,0,1,2,1,0,0,2,2,0
충남,태안군,일반,여자,65-69세,60,1,3,3,11,0,0,7,4,2
충남,태안군,일반,여자,70-74세,124,1,1,16,39,6,1,9,6,2
충남,태안군,일반,여자,75-79세,221,2,6,18,74,6,3,32,14,3
충남,태안군,일반,여자,80-84세,342,5,9,36,137,14,6,32,12,9
충남,태안군,일반,여자,85세이상,476,15,35,88,203,28,8,15,11,5
충남,태안군,기초,남자,65세미만,32,0,4,5,12,1,0,0,4,1
충남,태안군,기초,남자,65-69세,22,1,2,3,8,0,0,0,3,3
충남,태안군,기초,남자,70-74세,22,0,0,2,6,1,3,1,1,3
충남,태안군,기초,남자,75-79세,22,0,0,4,6,1,1,0,2,3
충남,태안군,기초,남자,80-84세,17,1,0,5,5,0,0,0,3,0
충남,태안군,기초,남자,85세이상,17,1,1,1,9,1,0,0,0,1
충남,태안군,기초,여자,65세미만,13,2,2,6,0,0,0,1,0,0
충남,태안군,기초,여자,65-69세,26,1,1,3,7,1,0,4,0,1
충남,태안군,기초,여자,70-74세,26,0,2,4,7,0,0,4,2,1
충남,태안군,기초,여자,75-79세,40,1,2,7,17,0,1,4,0,0
충남,태안군,기초,여자,80-84세,51,1,3,4,31,0,3,2,2,0
충남,태안군,기초,여자,85세이상,84,3,7,21,34,3,0,1,1,0
충남,태안군,의료,남자,65세미만,0,0,0,0,0,0,0,0,0,0
충남,태안군,의료,남자,65-69세,0,0,0,0,0,0,0,0,0,0
충남,태안군,의료,남자,70-74세,2,0,0,0,1,0,0,0,0,0
충남,태안군,의료,남자,75-79세,0,0,0,0,0,0,0,0,0,0
충남,태안군,의료,남자,80-84세,1,0,0,0,0,0,0,0,0,0
충남,태안군,의료,남자,85세이상,3,0,0,0,1,0,0,0,1,0
충남,태안군,의료,여자,65세미만,0,0,0,0,0,0,0,0,0,0
충남,태안군,의료,여자,65-69세,0,0,0,0,0,0,0,0,0,0
충남,태안군,의료,여자,70-74세,1,0,0,1,0,0,0,0,0,0
충남,태안군,의료,여자,75-79세,1,0,0,1,0,0,0,0,0,0
충남,태안군,의료,여자,80-84세,5,0,0,0,3,0,0,0,1,0
충남,태안군,의료,여자,85세이상,11,0,0,5,3,1,0,1,0,0
충남,태안군,감경,남자,65세미만,11,2,0,1,7,1,0,0,0,0
충남,태안군,감경,남자,65-69세,23,1,0,10,6,1,0,1,1,1
충남,태안군,감경,남자,70-74세,42,1,4,11,20,1,0,0,0,0
충남,태안군,감경,남자,75-79세,47,2,3,14,22,4,0,0,0,0
충남,태안군,감경,남자,80-84세,66,1,4,23,29,6,1,1,0,0
충남,태안군,감경,남자,85세이상,94,1,6,25,53,5,1,0,0,0
충남,태안군,감경,여자,65세미만,4,0,1,0,2,0,0,1,0,0
충남,태안군,감경,여자,65-69세,19,0,0,1,13,2,0,0,0,0
충남,태안군,감경,여자,70-74세,39,1,1,10,19,1,0,2,0,0
충남,태안군,감경,여자,75-79세,95,1,4,14,56,8,2,2,1,0
충남,태안군,감경,여자,80-84세,190,2,12,40,102,15,1,0,0,0
충남,태안군,감경,여자,85세이상,403,18,24,123,210,11,3,2,1,1
충남,당진시,일반,남자,65세미만,30,2,0,7,7,0,0,3,3,0
충남,당진시,일반,남자,65-69세,80,3,3,12,18,1,0,12,3,4
충남,당진시,일반,남자,70-74세,114,0,7,28,29,7,0,6,8,1
충남,당진시,일반,남자,75-79세,210,0,9,35,74,16,5,15,16,6
충남,당진시,일반,남자,80-84세,352,4,12,73,129,34,7,21,21,15
충남,당진시,일반,남자,85세이상,403,6,21,88,199,27,3,10,10,7
충남,당진시,일반,여자,65세미만,24,4,4,2,7,0,0,1,0,0
충남,당진시,일반,여자,65-69세,108,0,2,14,23,4,0,16,5,4
충남,당진시,일반,여자,70-74세,204,1,13,30,55,7,3,13,12,5
충남,당진시,일반,여자,75-79세,412,6,11,65,145,28,1,30,19,7
충남,당진시,일반,여자,80-84세,804,11,37,162,358,72,3,45,10,9
충남,당진시,일반,여자,85세이상,1015,24,86,288,458,52,4,30,3,1
충남,당진시,기초,남자,65세미만,59,6,6,12,9,5,0,6,1,2
충남,당진시,기초,남자,65-69세,57,0,4,9,21,2,0,5,2,1
충남,당진시,기초,남자,70-74세,35,2,0,5,16,1,0,0,4,0
충남,당진시,기초,남자,75-79세,41,1,2,5,20,2,0,3,2,1
충남,당진시,기초,남자,80-84세,34,0,4,6,11,1,1,1,4,0
충남,당진시,기초,남자,85세이상,21,0,3,5,11,0,0,1,0,0
충남,당진시,기초,여자,65세미만,24,1,3,7,3,1,1,1,1,2
충남,당진시,기초,여자,65-69세,40,4,2,6,9,1,2,3,5,1
충남,당진시,기초,여자,70-74세,64,3,5,11,23,2,0,1,5,1
충남,당진시,기초,여자,75-79세,55,1,2,12,20,3,1,2,1,2
충남,당진시,기초,여자,80-84세,87,3,12,13,35,6,0,1,2,0
충남,당진시,기초,여자,85세이상,130,7,13,35,50,3,1,0,2,2
충남,당진시,의료,남자,65세미만,0,0,0,0,0,0,0,0,0,0
충남,당진시,의료,남자,65-69세,1,0,0,1,0,0,0,0,0,0
충남,당진시,의료,남자,70-74세,1,0,0,1,0,0,0,0,0,0
충남,당진시,의료,남자,75-79세,3,0,0,0,1,1,0,0,0,0
충남,당진시,의료,남자,80-84세,0,0,0,0,0,0,0,0,0,0
충남,당진시,의료,남자,85세이상,6,0,0,1,2,0,0,1,0,0
충남,당진시,의료,여자,65세미만,0,0,0,0,0,0,0,0,0,0
충남,당진시,의료,여자,65-69세,1,0,0,1,0,0,0,0,0,0
충남,당진시,의료,여자,70-74세,1,0,0,1,0,0,0,0,0,0
충남,당진시,의료,여자,75-79세,3,0,0,1,1,0,0,0,0,0
충남,당진시,의료,여자,80-84세,4,0,0,1,2,0,0,1,0,0
충남,당진시,의료,여자,85세이상,12,0,2,4,4,0,0,0,1,0
충남,당진시,감경,남자,65세미만,17,0,5,8,3,0,1,0,0,0
충남,당진시,감경,남자,65-69세,28,3,3,6,13,1,0,0,1,0
충남,당진시,감경,남자,70-74세,64,5,5,24,21,4,0,1,1,0
충남,당진시,감경,남자,75-79세,61,2,9,9,33,4,0,0,0,1
충남,당진시,감경,남자,80-84세,103,2,5,31,47,12,2,0,1,0
충남,당진시,감경,남자,85세이상,176,2,12,55,88,13,1,1,1,1
충남,당진시,감경,여자,65세미만,28,2,3,9,8,1,1,0,0,0
충남,당진시,감경,여자,65-69세,36,2,4,9,16,2,0,0,1,1
충남,당진시,감경,여자,70-74세,84,3,4,20,39,5,1,1,0,0
충남,당진시,감경,여자,75-79세,176,3,12,37,93,13,2,0,0,0
충남,당진시,감경,여자,80-84세,372,2,25,110,185,28,1,0,1,0
충남,당진시,감경,여자,85세이상,682,18,79,232,319,17,6,0,0,0
전북,전주시,일반,남자,65세미만,151,8,5,22,30,4,2,25,13,3
전북,전주시,일반,남자,65-69세,286,9,14,43,63,11,1,36,16,9
전북,전주시,일반,남자,70-74세,402,15,19,58,113,23,6,46,28,12
전북,전주시,일반,남자,75-79세,625,12,25,82,208,65,12,50,40,9
전북,전주시,일반,남자,80-84세,857,12,17,130,292,127,22,47,57,19
전북,전주시,일반,남자,85세이상,916,19,38,160,396,108,13,49,23,6
전북,전주시,일반,여자,65세미만,133,6,6,25,27,4,1,21,8,2
전북,전주시,일반,여자,65-69세,324,16,12,31,62,12,4,53,29,8
전북,전주시,일반,여자,70-74세,727,12,31,67,176,44,16,66,70,24
전북,전주시,일반,여자,75-79세,1359,22,51,153,422,131,27,148,71,19
전북,전주시,일반,여자,80-84세,2158,64,106,299,791,277,42,163,77,12
전북,전주시,일반,여자,85세이상,2396,94,206,520,963,216,14,98,31,1
전북,전주시,기초,남자,65세미만,219,14,18,23,61,16,4,24,25,4
전북,전주시,기초,남자,65-69세,333,8,14,29,86,25,8,39,49,26
전북,전주시,기초,남자,70-74세,231,4,5,24,79,17,4,20,38,12
전북,전주시,기초,남자,75-79세,151,4,6,11,47,17,5,3,23,5
전북,전주시,기초,남자,80-84세,118,5,4,16,36,18,7,7,5,2
전북,전주시,기초,남자,85세이상,104,0,2,14,50,14,1,4,6,0
전북,전주시,기초,여자,65세미만,116,3,8,19,30,6,5,16,6,3
전북,전주시,기초,여자,65-69세,277,2,8,21,59,21,2,24,65,24
전북,전주시,기초,여자,70-74세,329,7,13,31,97,20,4,25,63,29
전북,전주시,기초,여자,75-79세,393,6,16,31,130,31,13,24,63,17
전북,전주시,기초,여자,80-84세,455,7,25,66,188,37,12,33,27,4
전북,전주시,기초,여자,85세이상,591,22,56,118,247,47,5,13,18,0
전북,전주시,의료,남자,65세미만,1,0,0,1,0,0,0,0,0,0
전북,전주시,의료,남자,65-69세,4,0,0,1,0,0,0,1,1,0
전북,전주시,의료,남자,70-74세,11,1,0,4,4,0,0,0,1,0
전북,전주시,의료,남자,75-79세,17,1,1,2,6,2,0,0,1,1
전북,전주시,의료,남자,80-84세,7,0,1,0,3,0,0,0,1,0
전북,전주시,의료,남자,85세이상,25,0,0,4,14,3,0,0,1,0
전북,전주시,의료,여자,65세미만,1,0,0,0,0,0,0,0,1,0
전북,전주시,의료,여자,65-69세,2,0,0,0,0,0,0,0,1,0
전북,전주시,의료,여자,70-74세,13,0,1,1,5,1,0,2,1,0
전북,전주시,의료,여자,75-79세,16,0,0,2,2,2,0,3,3,0
전북,전주시,의료,여자,80-84세,56,0,2,12,17,3,1,4,4,1
전북,전주시,의료,여자,85세이상,108,6,11,33,29,10,0,1,3,1
전북,전주시,감경,남자,65세미만,114,18,4,20,41,8,0,6,1,1
전북,전주시,감경,남자,65-69세,191,6,15,47,82,19,6,3,2,0
전북,전주시,감경,남자,70-74세,221,9,13,46,108,22,5,2,2,1
전북,전주시,감경,남자,75-79세,309,18,19,63,139,43,5,1,1,1
전북,전주시,감경,남자,80-84세,371,9,26,74,185,54,6,2,1,0
전북,전주시,감경,남자,85세이상,499,15,22,133,242,64,10,0,2,1
전북,전주시,감경,여자,65세미만,91,9,4,22,28,7,6,2,2,1
전북,전주시,감경,여자,65-69세,158,13,7,36,55,17,6,7,6,1
전북,전주시,감경,여자,70-74세,321,19,17,70,134,28,11,5,8,3
전북,전주시,감경,여자,75-79세,724,37,46,137,313,102,11,12,10,1
전북,전주시,감경,여자,80-84세,1347,64,91,271,651,163,25,8,7,0
전북,전주시,감경,여자,85세이상,2175,125,263,561,985,152,11,5,5,1
전북,군산시,일반,남자,65세미만,50,3,2,10,8,4,0,10,3,1
전북,군산시,일반,남자,65-69세,141,5,4,15,22,10,4,27,20,4
전북,군산시,일반,남자,70-74세,199,7,4,26,54,23,2,25,21,3
전북,군산시,일반,남자,75-79세,309,4,7,36,83,41,13,25,30,7
전북,군산시,일반,남자,80-84세,341,3,16,36,98,46,19,33,20,5
전북,군산시,일반,남자,85세이상,338,3,9,47,127,52,14,17,15,4
전북,군산시,일반,여자,65세미만,58,2,5,11,10,2,1,4,4,0
전북,군산시,일반,여자,65-69세,162,3,0,16,27,7,3,26,31,4
전북,군산시,일반,여자,70-74세,328,4,8,30,67,18,10,50,40,6
전북,군산시,일반,여자,75-79세,612,7,7,42,141,81,33,80,83,7
전북,군산시,일반,여자,80-84세,957,12,30,117,315,151,39,80,63,5
전북,군산시,일반,여자,85세이상,1002,19,56,179,390,125,15,62,25,1
전북,군산시,기초,남자,65세미만,156,4,7,18,51,5,6,14,15,2
전북,군산시,기초,남자,65-69세,229,1,5,20,50,26,11,24,44,10
전북,군산시,기초,남자,70-74세,141,2,0,14,42,28,4,8,24,0
전북,군산시,기초,남자,75-79세,109,0,5,9,30,21,3,6,13,2
전북,군산시,기초,남자,80-84세,89,2,1,6,26,14,4,7,14,2
전북,군산시,기초,남자,85세이상,62,0,2,8,21,10,3,2,5,1
전북,군산시,기초,여자,65세미만,76,7,6,11,23,3,4,6,4,3
전북,군산시,기초,여자,65-69세,157,4,4,15,27,19,6,16,26,12
전북,군산시,기초,여자,70-74세,194,1,2,13,41,29,5,21,42,5
전북,군산시,기초,여자,75-79세,272,6,6,24,75,34,6,24,42,5
전북,군산시,기초,여자,80-84세,269,7,7,29,81,55,9,11,11,2
전북,군산시,기초,여자,85세이상,404,10,28,87,144,42,6,18,5,2
전북,군산시,의료,남자,65세미만,2,1,0,0,1,0,0,0,0,0
전북,군산시,의료,남자,65-69세,1,0,0,0,1,0,0,0,0,0
전북,군산시,의료,남자,70-74세,10,0,0,1,4,1,0,0,1,1
전북,군산시,의료,남자,75-79세,8,0,1,1,2,2,0,1,0,0
전북,군산시,의료,남자,80-84세,4,0,0,0,2,0,0,0,1,0
전북,군산시,의료,남자,85세이상,15,0,1,5,4,1,1,0,0,0
전북,군산시,의료,여자,65세미만,0,0,0,0,0,0,0,0,0,0
전북,군산시,의료,여자,65-69세,1,0,0,0,0,0,0,0,0,1
전북,군산시,의료,여자,70-74세,5,1,1,0,2,0,0,0,0,0
전북,군산시,의료,여자,75-79세,13,0,1,0,4,4,0,0,2,0
전북,군산시,의료,여자,80-84세,17,0,2,1,7,1,1,0,1,0
전북,군산시,의료,여자,85세이상,56,1,2,11,23,8,0,1,2,0
전북,군산시,감경,남자,65세미만,54,3,6,9,21,3,3,1,0,0
전북,군산시,감경,남자,65-69세,90,3,2,20,35,14,5,1,2,0
전북,군산시,감경,남자,70-74세,148,5,9,30,63,23,4,1,4,0
전북,군산시,감경,남자,75-79세,164,6,8,29,72,27,5,4,2,0
전북,군산시,감경,남자,80-84세,213,4,12,43,83,49,6,2,5,2
전북,군산시,감경,남자,85세이상,247,1,13,54,115,45,12,1,1,0
전북,군산시,감경,여자,65세미만,53,4,0,13,22,4,2,2,1,1
전북,군산시,감경,여자,65-69세,96,4,4,18,31,13,3,4,7,1
전북,군산시,감경,여자,70-74세,176,8,10,29,71,27,3,5,5,1
전북,군산시,감경,여자,75-79세,393,15,22,60,140,86,25,7,12,0
전북,군산시,감경,여자,80-84세,680,9,39,106,340,130,20,6,6,0
전북,군산시,감경,여자,85세이상,1185,54,98,263,545,165,22,5,2,1
전북,익산시,일반,남자,65세미만,75,8,2,8,7,3,1,23,5,1
전북,익산시,일반,남자,65-69세,131,2,3,12,35,9,1,21,17,6
전북,익산시,일반,남자,70-74세,212,3,6,25,45,19,9,35,17,2
전북,익산시,일반,남자,75-79세,280,6,6,33,78,36,9,30,11,3
전북,익산시,일반,남자,80-84세,386,2,15,44,113,66,20,28,23,7
전북,익산시,일반,남자,85세이상,412,3,17,43,150,83,18,24,19,2
전북,익산시,일반,여자,65세미만,58,5,3,3,11,2,0,9,6,1
전북,익산시,일반,여자,65-69세,168,4,3,15,21,10,6,28,22,7
전북,익산시,일반,여자,70-74세,343,4,3,25,68,34,7,52,50,9
전북,익산시,일반,여자,75-79세,668,7,18,62,154,95,26,75,65,9
전북,익산시,일반,여자,80-84세,1098,16,31,98,339,253,34,83,69,10
전북,익산시,일반,여자,85세이상,1224,33,49,197,462,227,17,68,31,2
전북,익산시,기초,남자,65세미만,147,4,8,18,43,13,3,18,13,2
전북,익산시,기초,남자,65-69세,207,2,4,15,33,23,8,27,50,11
전북,익산시,기초,남자,70-74세,149,2,6,16,36,33,5,6,26,4
전북,익산시,기초,남자,75-79세,115,1,1,14,35,24,4,7,13,4
전북,익산시,기초,남자,80-84세,118,0,2,16,47,23,6,4,11,0
전북,익산시,기초,남자,85세이상,67,0,3,9,31,20,0,0,1,0
전북,익산시,기초,여자,65세미만,107,3,6,26,26,12,4,11,7,1
전북,익산시,기초,여자,65-69세,187,1,4,10,41,31,7,17,50,5
전북,익산시,기초,여자,70-74세,230,3,10,23,60,41,6,19,39,6
전북,익산시,기초,여자,75-79세,258,3,7,23,76,52,14,20,33,2
전북,익산시,기초,여자,80-84세,344,8,11,39,118,88,7,21,18,3
전북,익산시,기초,여자,85세이상,432,14,47,83,160,72,4,6,11,2
전북,익산시,의료,남자,65세미만,0,0,0,0,0,0,0,0,0,0
전북,익산시,의료,남자,65-69세,1,0,0,0,1,0,0,0,0,0
전북,익산시,의료,남자,70-74세,4,0,0,1,3,0,0,0,0,0
전북,익산시,의료,남자,75-79세,7,0,0,3,0,3,0,0,0,0
전북,익산시,의료,남자,80-84세,3,0,1,0,0,1,1,0,0,0
전북,익산시,의료,남자,85세이상,10,0,0,3,3,3,0,1,0,0
전북,익산시,의료,여자,65세미만,1,0,0,0,1,0,0,0,0,0
전북,익산시,의료,여자,65-69세,6,0,0,1,2,1,0,1,0,0
전북,익산시,의료,여자,70-74세,8,0,0,0,3,1,0,1,2,0
전북,익산시,의료,여자,75-79세,9,0,1,0,3,2,0,1,1,0
전북,익산시,의료,여자,80-84세,20,0,0,1,8,2,1,2,1,0
전북,익산시,의료,여자,85세이상,54,2,1,3,19,17,2,2,0,0
전북,익산시,감경,남자,65세미만,51,1,7,9,26,2,0,1,0,0
전북,익산시,감경,남자,65-69세,84,2,5,19,35,11,1,2,2,2
전북,익산시,감경,남자,70-74세,151,3,9,24,66,26,8,0,3,1
전북,익산시,감경,남자,75-79세,171,2,6,26,69,46,9,0,2,0
전북,익산시,감경,남자,80-84세,223,4,8,48,86,55,11,1,0,0
전북,익산시,감경,남자,85세이상,253,1,19,40,124,56,7,1,1,0
전북,익산시,감경,여자,65세미만,47,3,5,9,15,8,1,1,0,0
전북,익산시,감경,여자,65-69세,105,4,6,18,38,14,5,4,6,1
전북,익산시,감경,여자,70-74세,190,10,14,34,62,40,13,6,2,0
전북,익산시,감경,여자,75-79세,388,12,24,56,140,109,8,9,9,0
전북,익산시,감경,여자,80-84세,827,20,48,140,336,221,19,6,7,0
전북,익산시,감경,여자,85세이상,1437,45,116,311,623,298,10,1,1,1
전북,정읍시,일반,남자,65세미만,20,0,0,2,0,0,0,5,2,1
전북,정읍시,일반,남자,65-69세,84,1,1,5,12,4,1,15,20,3
전북,정읍시,일반,남자,70-74세,111,2,3,7,26,10,0,16,17,5
전북,정읍시,일반,남자,75-79세,183,2,5,11,43,24,5,21,30,5
전북,정읍시,일반,남자,80-84세,258,4,8,18,97,31,2,27,24,3
전북,정읍시,일반,남자,85세이상,255,2,8,22,93,47,5,27,17,2
전북,정읍시,일반,여자,65세미만,16,0,0,4,3,1,0,6,0,0
전북,정읍시,일반,여자,65-69세,121,1,0,5,8,4,0,29,24,11
전북,정읍시,일반,여자,70-74세,224,3,3,15,37,10,1,37,46,5
전북,정읍시,일반,여자,75-79세,452,6,7,23,106,44,9,77,66,12
전북,정읍시,일반,여자,80-84세,639,7,15,39,205,89,14,94,53,4
전북,정읍시,일반,여자,85세이상,706,15,21,84,296,116,6,56,30,2
전북,정읍시,기초,남자,65세미만,70,2,2,13,17,5,2,10,4,4
전북,정읍시,기초,남자,65-69세,102,0,1,5,22,7,4,20,22,5
전북,정읍시,기초,남자,70-74세,70,0,3,3,18,10,2,10,16,1
전북,정읍시,기초,남자,75-79세,65,0,1,6,23,4,2,7,9,3
전북,정읍시,기초,남자,80-84세,39,0,1,3,13,12,0,5,2,0
전북,정읍시,기초,남자,85세이상,27,0,1,4,9,4,0,1,3,0
전북,정읍시,기초,여자,65세미만,37,1,0,5,12,2,1,3,4,2
전북,정읍시,기초,여자,65-69세,76,0,0,0,11,6,1,9,16,10
전북,정읍시,기초,여자,70-74세,108,1,2,3,16,12,2,13,37,0
전북,정읍시,기초,여자,75-79세,161,1,3,14,48,23,1,15,24,3
전북,정읍시,기초,여자,80-84세,144,0,3,19,51,25,1,9,13,0
전북,정읍시,기초,여자,85세이상,257,7,9,36,107,32,2,8,8,1
전북,정읍시,의료,남자,65세미만,1,0,0,0,1,0,0,0,0,0
전북,정읍시,의료,남자,65-69세,2,0,0,0,0,0,0,1,1,0
전북,정읍시,의료,남자,70-74세,5,0,0,0,2,1,0,1,1,0
전북,정읍시,의료,남자,75-79세,6,0,0,0,1,1,0,2,1,0
전북,정읍시,의료,남자,80-84세,4,0,0,1,0,1,0,1,0,0
전북,정읍시,의료,남자,85세이상,6,0,0,0,3,1,0,1,0,0
전북,정읍시,의료,여자,65세미만,0,0,0,0,0,0,0,0,0,0
전북,정읍시,의료,여자,65-69세,2,0,0,0,1,0,0,0,0,0
전북,정읍시,의료,여자,70-74세,6,0,0,0,2,0,0,1,1,0
전북,정읍시,의료,여자,75-79세,12,0,0,1,3,1,0,4,0,0
전북,정읍시,의료,여자,80-84세,22,0,1,2,8,4,0,2,0,0
전북,정읍시,의료,여자,85세이상,36,0,1,5,21,4,0,1,0,0
전북,정읍시,감경,남자,65세미만,19,0,3,6,6,2,0,1,0,1
전북,정읍시,감경,남자,65-69세,44,1,2,9,17,2,1,3,2,1
전북,정읍시,감경,남자,70-74세,69,0,2,13,33,11,2,0,3,1
전북,정읍시,감경,남자,75-79세,83,2,0,17,36,23,1,0,2,1
전북,정읍시,감경,남자,80-84세,161,1,8,23,63,48,6,4,2,0
전북,정읍시,감경,남자,85세이상,198,2,7,31,106,40,5,3,2,0
전북,정읍시,감경,여자,65세미만,22,1,1,4,10,3,0,2,0,0
전북,정읍시,감경,여자,65-69세,53,3,0,9,18,6,0,5,9,1
전북,정읍시,감경,여자,70-74세,136,2,10,15,46,22,6,4,9,5
전북,정읍시,감경,여자,75-79세,266,5,9,26,112,49,4,8,19,1
전북,정읍시,감경,여자,80-84세,626,6,25,97,300,140,18,11,8,1
전북,정읍시,감경,여자,85세이상,1022,23,39,191,568,158,7,8,5,1
전북,남원시,일반,남자,65세미만,16,0,1,3,1,0,0,5,2,0
전북,남원시,일반,남자,65-69세,38,0,0,3,14,0,1,7,6,1
전북,남원시,일반,남자,70-74세,61,3,2,6,15,1,3,11,9,1
전북,남원시,일반,남자,75-79세,104,0,8,12,27,13,1,10,12,4
전북,남원시,일반,남자,80-84세,164,2,4,26,64,18,3,8,9,6
전북,남원시,일반,남자,85세이상,176,3,5,33,74,19,1,17,9,0
전북,남원시,일반,여자,65세미만,10,1,0,3,2,0,0,3,0,1
전북,남원시,일반,여자,65-69세,64,2,2,4,5,2,1,14,16,1
전북,남원시,일반,여자,70-74세,111,1,4,7,27,10,3,18,17,3
전북,남원시,일반,여자,75-79세,242,5,5,23,74,15,6,39,26,5
전북,남원시,일반,여자,80-84세,521,4,17,67,218,54,9,55,21,9
전북,남원시,일반,여자,85세이상,584,10,33,112,261,46,6,36,21,3
전북,남원시,기초,남자,65세미만,43,2,3,8,9,2,0,7,3,0
전북,남원시,기초,남자,65-69세,50,2,1,5,16,6,0,3,6,5
전북,남원시,기초,남자,70-74세,36,0,3,4,13,3,1,3,3,1
전북,남원시,기초,남자,75-79세,41,0,4,7,14,3,0,5,4,0
전북,남원시,기초,남자,80-84세,35,2,0,3,15,6,2,3,2,0
전북,남원시,기초,남자,85세이상,17,0,1,1,3,4,1,3,3,0
전북,남원시,기초,여자,65세미만,24,0,2,1,4,1,1,5,2,2
전북,남원시,기초,여자,65-69세,51,0,0,4,18,3,2,7,6,0
전북,남원시,기초,여자,70-74세,64,1,3,6,23,3,3,4,8,0
전북,남원시,기초,여자,75-79세,94,1,4,8,29,13,1,10,15,1
전북,남원시,기초,여자,80-84세,131,5,9,21,45,23,2,9,5,1
전북,남원시,기초,여자,85세이상,181,1,8,34,77,24,1,4,4,0
전북,남원시,의료,남자,65세미만,1,0,0,0,1,0,0,0,0,0
전북,남원시,의료,남자,65-69세,0,0,0,0,0,0,0,0,0,0
전북,남원시,의료,남자,70-74세,1,0,0,1,0,0,0,0,0,0
전북,남원시,의료,남자,75-79세,0,0,0,0,0,0,0,0,0,0
전북,남원시,의료,남자,80-84세,1,0,0,0,0,1,0,0,0,0
전북,남원시,의료,남자,85세이상,5,0,0,1,0,1,0,0,0,0
전북,남원시,의료,여자,65세미만,0,0,0,0,0,0,0,0,0,0
전북,남원시,의료,여자,65-69세,0,0,0,0,0,0,0,0,0,0
전북,남원시,의료,여자,70-74세,2,0,0,0,0,0,0,0,1,1
전북,남원시,의료,여자,75-79세,5,0,1,1,1,0,0,2,0,0
전북,남원시,의료,여자,80-84세,5,0,0,2,3,0,0,0,0,0
전북,남원시,의료,여자,85세이상,16,0,1,3,9,2,0,0,1,0
전북,남원시,감경,남자,65세미만,11,1,2,3,4,0,0,0,1,0
전북,남원시,감경,남자,65-69세,26,0,1,7,11,4,1,1,0,0
전북,남원시,감경,남자,70-74세,48,2,2,14,20,6,0,1,0,1
전북,남원시,감경,남자,75-79세,53,1,1,15,25,4,2,1,1,0
전북,남원시,감경,남자,80-84세,99,1,11,15,53,7,4,4,0,0
전북,남원시,감경,남자,85세이상,156,5,9,41,80,16,3,0,0,0
전북,남원시,감경,여자,65세미만,7,0,3,1,1,1,0,1,0,0
전북,남원시,감경,여자,65-69세,22,1,1,7,7,1,1,2,0,0
전북,남원시,감경,여자,70-74세,84,1,6,16,38,9,1,3,4,1
전북,남원시,감경,여자,75-79세,178,1,9,35,79,25,5,2,2,0
전북,남원시,감경,여자,80-84세,405,11,24,86,182,60,5,7,6,0
전북,남원시,감경,여자,85세이상,730,17,52,173,375,77,4,5,1,0
전북,김제시,일반,남자,65세미만,15,3,1,0,1,1,0,4,0,1
전북,김제시,일반,남자,65-69세,57,0,2,6,9,2,1,15,6,5
전북,김제시,일반,남자,70-74세,87,1,6,7,21,5,1,14,8,1
전북,김제시,일반,남자,75-79세,140,1,6,9,44,15,1,20,10,3
전북,김제시,일반,남자,80-84세,165,0,6,11,60,30,4,13,12,1
전북,김제시,일반,남자,85세이상,208,1,4,22,85,29,3,20,20,1
전북,김제시,일반,여자,65세미만,12,0,1,3,1,0,0,5,0,0
전북,김제시,일반,여자,65-69세,76,1,1,8,12,1,1,20,10,2
전북,김제시,일반,여자,70-74세,154,0,0,7,24,12,3,42,11,5
전북,김제시,일반,여자,75-79세,290,2,5,13,63,47,2,51,33,8
전북,김제시,일반,여자,80-84세,561,7,13,53,205,95,11,71,33,3
전북,김제시,일반,여자,85세이상,630,10,21,83,293,85,3,50,20,2
전북,김제시,기초,남자,65세미만,51,1,4,9,7,4,1,5,3,1
전북,김제시,기초,남자,65-69세,89,1,1,5,25,7,2,16,12,5
전북,김제시,기초,남자,70-74세,60,0,3,3,19,5,3,6,8,3
전북,김제시,기초,남자,75-79세,56,0,1,7,17,7,1,2,8,0
전북,김제시,기초,남자,80-84세,46,1,2,7,18,10,1,4,1,0
전북,김제시,기초,남자,85세이상,29,1,0,8,9,6,1,0,2,0
전북,김제시,기초,여자,65세미만,29,2,1,7,3,5,1,5,0,0
전북,김제시,기초,여자,65-69세,76,0,0,7,17,7,1,12,10,6
전북,김제시,기초,여자,70-74세,78,1,2,7,19,6,1,12,12,4
전북,김제시,기초,여자,75-79세,130,2,3,16,32,20,1,17,18,1
전북,김제시,기초,여자,80-84세,147,0,3,14,56,28,4,13,13,0
전북,김제시,기초,여자,85세이상,238,3,17,45,109,23,3,7,6,0
전북,김제시,의료,남자,65세미만,0,0,0,0,0,0,0,0,0,0
전북,김제시,의료,남자,65-69세,3,0,0,1,0,0,0,2,0,0
전북,김제시,의료,남자,70-74세,3,0,0,1,1,0,0,0,0,0
전북,김제시,의료,남자,75-79세,0,0,0,0,0,0,0,0,0,0
전북,김제시,의료,남자,80-84세,2,0,0,1,0,0,0,1,0,0
전북,김제시,의료,남자,85세이상,4,0,0,1,2,0,0,0,0,0
전북,김제시,의료,여자,65세미만,0,0,0,0,0,0,0,0,0,0
전북,김제시,의료,여자,65-69세,0,0,0,0,0,0,0,0,0,0
전북,김제시,의료,여자,70-74세,2,0,0,0,0,0,0,0,0,0
전북,김제시,의료,여자,75-79세,6,0,0,1,0,1,0,0,1,0
전북,김제시,의료,여자,80-84세,10,1,1,1,6,1,0,0,0,0
전북,김제시,의료,여자,85세이상,30,1,1,6,11,2,0,2,1,0
전북,김제시,감경,남자,65세미만,19,1,2,3,8,1,0,1,0,2
전북,김제시,감경,남자,65-69세,32,3,2,8,11,1,0,1,1,3
전북,김제시,감경,남자,70-74세,61,0,4,11,22,13,1,2,3,1
전북,김제시,감경,남자,75-79세,76,1,0,17,31,14,2,2,0,2
전북,김제시,감경,남자,80-84세,105,2,3,18,41,26,4,1,3,0
전북,김제시,감경,남자,85세이상,183,1,7,29,102,37,2,3,0,0
전북,김제시,감경,여자,65세미만,12,3,1,3,2,0,0,0,0,0
전북,김제시,감경,여자,65-69세,29,0,4,5,8,3,0,1,1,3
전북,김제시,감경,여자,70-74세,75,2,1,14,27,15,3,2,2,0
전북,김제시,감경,여자,75-79세,189,3,8,28,87,35,4,3,4,0
전북,김제시,감경,여자,80-84세,424,5,19,64,214,73,7,10,4,0
전북,김제시,감경,여자,85세이상,763,14,50,136,393,130,8,5,2,0
전북,완주군,일반,남자,65세미만,20,0,0,4,1,0,0,3,1,1
전북,완주군,일반,남자,65-69세,56,1,1,7,5,4,0,10,8,5
전북,완주군,일반,남자,70-74세,92,0,4,16,19,8,1,12,7,2
전북,완주군,일반,남자,75-79세,122,0,2,16,43,10,1,14,13,3
전북,완주군,일반,남자,80-84세,193,2,6,20,67,23,4,17,10,5
전북,완주군,일반,남자,85세이상,181,2,10,23,78,28,1,12,9,1
전북,완주군,일반,여자,65세미만,14,1,1,0,3,1,0,1,1,0
전북,완주군,일반,여자,65-69세,82,0,0,3,9,2,0,22,15,4
전북,완주군,일반,여자,70-74세,157,4,4,20,32,9,3,26,10,5
전북,완주군,일반,여자,75-79세,305,4,12,28,93,27,9,38,22,2
전북,완주군,일반,여자,80-84세,497,13,16,46,223,55,7,43,23,1
전북,완주군,일반,여자,85세이상,506,16,39,98,221,61,1,19,7,1
전북,완주군,기초,남자,65세미만,54,0,2,7,15,4,0,11,4,0
전북,완주군,기초,남자,65-69세,60,1,1,9,18,4,1,4,10,5
전북,완주군,기초,남자,70-74세,44,1,1,5,20,1,1,3,3,1
전북,완주군,기초,남자,75-79세,35,0,1,5,15,5,0,1,3,1
전북,완주군,기초,남자,80-84세,27,0,0,3,14,2,0,4,1,0
전북,완주군,기초,남자,85세이상,14,0,0,1,5,2,0,1,1,0
전북,완주군,기초,여자,65세미만,30,2,3,6,8,2,0,2,0,0
전북,완주군,기초,여자,65-69세,59,1,2,5,15,2,0,8,11,3
전북,완주군,기초,여자,70-74세,63,0,3,3,23,7,0,3,9,3
전북,완주군,기초,여자,75-79세,98,2,1,16,37,6,3,10,14,1
전북,완주군,기초,여자,80-84세,103,4,4,14,40,14,1,9,5,2
전북,완주군,기초,여자,85세이상,147,4,16,28,61,9,1,2,6,1
전북,완주군,의료,남자,65세미만,0,0,0,0,0,0,0,0,0,0
전북,완주군,의료,남자,65-69세,1,0,0,0,0,0,0,0,0,0
전북,완주군,의료,남자,70-74세,1,0,0,1,0,0,0,0,0,0
전북,완주군,의료,남자,75-79세,3,0,0,1,2,0,0,0,0,0
전북,완주군,의료,남자,80-84세,1,0,0,0,0,1,0,0,0,0
전북,완주군,의료,남자,85세이상,3,0,0,0,2,0,0,1,0,0
전북,완주군,의료,여자,65세미만,1,0,1,0,0,0,0,0,0,0
전북,완주군,의료,여자,65-69세,3,0,0,0,1,1,0,0,0,0
전북,완주군,의료,여자,70-74세,3,0,1,1,1,0,0,0,0,0
전북,완주군,의료,여자,75-79세,3,0,0,0,2,0,0,0,0,0
전북,완주군,의료,여자,80-84세,9,1,1,1,3,1,0,2,0,0
전북,완주군,의료,여자,85세이상,20,2,1,1,13,0,0,1,0,0
전북,완주군,감경,남자,65세미만,17,2,2,2,5,1,2,1,1,0
전북,완주군,감경,남자,65-69세,25,1,2,3,14,1,0,2,1,0
전북,완주군,감경,남자,70-74세,46,2,2,9,22,4,1,1,1,0
전북,완주군,감경,남자,75-79세,66,2,4,23,29,6,0,1,0,1
전북,완주군,감경,남자,80-84세,94,2,7,21,46,12,0,0,0,0
전북,완주군,감경,남자,85세이상,127,1,7,22,72,22,0,0,0,0
전북,완주군,감경,여자,65세미만,16,1,2,4,7,1,1,0,0,0
전북,완주군,감경,여자,65-69세,34,1,3,7,7,6,0,2,1,1
전북,완주군,감경,여자,70-74세,68,3,2,15,34,5,0,1,2,0
전북,완주군,감경,여자,75-79세,155,4,8,19,79,25,2,2,2,1
전북,완주군,감경,여자,80-84세,348,6,24,46,179,58,6,2,2,0
전북,완주군,감경,여자,85세이상,630,25,60,138,308,77,2,1,2,0
전북,진안군,일반,남자,65세미만,0,0,0,0,0,0,0,0,0,0
전북,진안군,일반,남자,65-69세,9,1,2,0,0,0,0,0,1,2
전북,진안군,일반,남자,70-74세,21,0,0,4,6,0,0,3,0,1
전북,진안군,일반,남자,75-79세,33,0,2,1,9,5,0,2,4,2
전북,진안군,일반,남자,80-84세,57,0,2,12,18,13,1,2,3,1
전북,진안군,일반,남자,85세이상,78,0,0,6,34,14,5,4,4,1
전북,진안군,일반,여자,65세미만,4,0,0,1,2,0,0,0,0,1
전북,진안군,일반,여자,65-69세,18,1,1,1,1,1,0,5,3,2
전북,진안군,일반,여자,70-74세,43,2,0,3,7,3,1,9,5,5
전북,진안군,일반,여자,75-79세,85,0,1,2,30,11,2,8,10,1
전북,진안군,일반,여자,80-84세,173,0,1,14,77,32,3,12,11,0
전북,진안군,일반,여자,85세이상,184,1,6,37,80,33,0,9,2,0
전북,진안군,기초,남자,65세미만,8,0,0,2,5,0,0,1,0,0
전북,진안군,기초,남자,65-69세,10,0,0,0,5,0,2,0,1,1
전북,진안군,기초,남자,70-74세,10,0,0,4,3,0,0,0,2,0
전북,진안군,기초,남자,75-79세,9,1,1,0,1,2,2,1,0,0
전북,진안군,기초,남자,80-84세,11,0,1,3,3,3,0,0,0,0
전북,진안군,기초,남자,85세이상,7,0,0,0,2,3,0,1,0,0
전북,진안군,기초,여자,65세미만,11,0,1,4,3,2,0,0,0,0
전북,진안군,기초,여자,65-69세,19,0,1,2,4,2,1,3,3,0
전북,진안군,기초,여자,70-74세,28,0,1,2,8,3,1,5,2,4
전북,진안군,기초,여자,75-79세,24,1,1,1,7,3,1,2,2,1
전북,진안군,기초,여자,80-84세,35,1,2,5,11,6,2,2,1,1
전북,진안군,기초,여자,85세이상,46,0,3,6,21,11,0,1,0,0
전북,진안군,의료,남자,65세미만,0,0,0,0,0,0,0,0,0,0
전북,진안군,의료,남자,65-69세,1,0,0,0,0,0,0,1,0,0
전북,진안군,의료,남자,70-74세,1,0,0,0,1,0,0,0,0,0
전북,진안군,의료,남자,75-79세,1,0,0,0,0,0,0,0,0,0
전북,진안군,의료,남자,80-84세,0,0,0,0,0,0,0,0,0,0
전북,진안군,의료,남자,85세이상,1,0,0,1,0,0,0,0,0,0
전북,진안군,의료,여자,65세미만,0,0,0,0,0,0,0,0,0,0
전북,진안군,의료,여자,65-69세,0,0,0,0,0,0,0,0,0,0
전북,진안군,의료,여자,70-74세,0,0,0,0,0,0,0,0,0,0
전북,진안군,의료,여자,75-79세,2,0,0,0,0,0,0,1,1,0
전북,진안군,의료,여자,80-84세,4,0,0,0,1,1,0,0,0,0
전북,진안군,의료,여자,85세이상,5,0,1,1,2,0,1,0,0,0
전북,진안군,감경,남자,65세미만,3,0,0,1,2,0,0,0,0,0
전북,진안군,감경,남자,65-69세,6,0,0,1,3,1,1,0,0,0
전북,진안군,감경,남자,70-74세,11,1,1,0,4,3,1,0,0,0
전북,진안군,감경,남자,75-79세,29,0,0,5,9,10,1,0,0,0
전북,진안군,감경,남자,80-84세,30,0,0,3,19,6,0,0,1,0
전북,진안군,감경,남자,85세이상,41,1,0,5,18,12,2,0,1,0
전북,진안군,감경,여자,65세미만,5,0,0,0,4,0,0,1,0,0
전북,진안군,감경,여자,65-69세,14,0,2,1,9,1,0,0,0,0
전북,진안군,감경,여자,70-74세,22,1,0,1,12,5,0,1,1,0
전북,진안군,감경,여자,75-79세,59,0,3,11,26,11,1,1,1,0
전북,진안군,감경,여자,80-84세,152,3,5,19,85,26,1,3,0,0
전북,진안군,감경,여자,85세이상,262,3,17,45,144,43,1,2,0,0
전북,무주군,일반,남자,65세미만,7,0,0,0,3,0,0,2,0,1
전북,무주군,일반,남자,65-69세,13,0,0,1,1,0,0,3,4,1
전북,무주군,일반,남자,70-74세,19,0,1,2,7,0,0,2,0,2
전북,무주군,일반,남자,75-79세,28,0,1,2,7,0,2,3,5,1
전북,무주군,일반,남자,80-84세,52,0,1,4,22,4,1,4,2,2
전북,무주군,일반,남자,85세이상,61,0,1,10,22,11,1,6,5,0
전북,무주군,일반,여자,65세미만,2,1,0,0,1,0,0,0,0,0
전북,무주군,일반,여자,65-69세,22,0,0,1,4,2,1,4,3,0
전북,무주군,일반,여자,70-74세,25,0,0,1,3,1,0,5,4,4
전북,무주군,일반,여자,75-79세,85,0,2,7,24,2,1,15,4,2
전북,무주군,일반,여자,80-84세,148,1,0,10,50,14,3,17,8,2
전북,무주군,일반,여자,85세이상,133,0,1,23,52,15,3,10,8,2
전북,무주군,기초,남자,65세미만,14,1,0,2,2,1,1,1,1,0
전북,무주군,기초,남자,65-69세,10,0,1,1,0,1,0,1,3,2
전북,무주군,기초,남자,70-74세,14,0,0,0,6,1,0,0,2,2
전북,무주군,기초,남자,75-79세,5,0,0,1,2,0,0,0,0,0
전북,무주군,기초,남자,80-84세,10,0,0,1,5,0,0,0,3,0
전북,무주군,기초,남자,85세이상,9,0,1,1,2,1,0,1,0,0
전북,무주군,기초,여자,65세미만,6,0,0,0,2,1,0,1,1,0
전북,무주군,기초,여자,65-69세,5,0,0,1,0,0,0,1,0,1
전북,무주군,기초,여자,70-74세,15,0,0,2,5,2,0,2,3,0
전북,무주군,기초,여자,75-79세,15,0,1,1,7,1,1,1,0,0
전북,무주군,기초,여자,80-84세,31,0,0,3,15,3,0,1,0,0
전북,무주군,기초,여자,85세이상,64,2,2,14,20,3,0,1,2,0
전북,무주군,의료,남자,65세미만,0,0,0,0,0,0,0,0,0,0
전북,무주군,의료,남자,65-69세,0,0,0,0,0,0,0,0,0,0
전북,무주군,의료,남자,70-74세,0,0,0,0,0,0,0,0,0,0
전북,무주군,의료,남자,75-79세,2,0,0,1,1,0,0,0,0,0
전북,무주군,의료,남자,80-84세,1,0,0,0,0,0,0,0,0,0
전북,무주군,의료,남자,85세이상,3,0,0,0,1,1,0,0,0,0
전북,무주군,의료,여자,65세미만,0,0,0,0,0,0,0,0,0,0
전북,무주군,의료,여자,65-69세,0,0,0,0,0,0,0,0,0,0
전북,무주군,의료,여자,70-74세,1,0,0,0,0,0,0,0,0,0
전북,무주군,의료,여자,75-79세,0,0,0,0,0,0,0,0,0,0
전북,무주군,의료,여자,80-84세,5,0,0,2,2,1,0,0,0,0
전북,무주군,의료,여자,85세이상,9,0,0,1,3,3,0,0,0,0
전북,무주군,감경,남자,65세미만,5,0,0,2,3,0,0,0,0,0
전북,무주군,감경,남자,65-69세,6,0,0,2,1,1,0,0,0,0
전북,무주군,감경,남자,70-74세,9,0,0,4,1,3,0,0,0,0
전북,무주군,감경,남자,75-79세,19,0,0,5,13,0,1,0,0,0
전북,무주군,감경,남자,80-84세,24,1,1,3,10,8,0,0,0,0
전북,무주군,감경,남자,85세이상,48,1,2,7,29,7,1,0,0,0
전북,무주군,감경,여자,65세미만,4,1,1,1,0,0,0,0,0,0
전북,무주군,감경,여자,65-69세,7,0,0,0,6,1,0,0,0,0
전북,무주군,감경,여자,70-74세,23,0,4,2,11,3,1,0,0,0
전북,무주군,감경,여자,75-79세,49,0,4,7,24,5,2,2,1,0
전북,무주군,감경,여자,80-84세,126,0,4,19,69,23,3,1,0,0
전북,무주군,감경,여자,85세이상,203,2,10,33,127,26,2,0,0,0
전북,장수군,일반,남자,65세미만,3,0,0,0,0,0,0,1,1,0
전북,장수군,일반,남자,65-69세,10,0,1,0,3,0,0,4,0,1
전북,장수군,일반,남자,70-74세,18,0,1,1,8,0,0,0,4,0
전북,장수군,일반,남자,75-79세,13,1,0,0,4,1,0,2,0,0
전북,장수군,일반,남자,80-84세,41,0,1,3,21,3,1,1,4,0
전북,장수군,일반,남자,85세이상,39,0,0,8,22,4,0,2,0,0
전북,장수군,일반,여자,65세미만,4,0,0,2,1,0,0,1,0,0
전북,장수군,일반,여자,65-69세,6,0,0,1,1,0,0,2,0,1
전북,장수군,일반,여자,70-74세,27,0,0,4,2,2,0,3,7,0
전북,장수군,일반,여자,75-79세,61,0,1,3,14,4,1,7,14,0
전북,장수군,일반,여자,80-84세,107,0,2,15,38,12,1,14,7,0
전북,장수군,일반,여자,85세이상,117,4,2,19,64,6,0,6,1,0
전북,장수군,기초,남자,65세미만,8,0,0,0,2,0,0,2,3,1
전북,장수군,기초,남자,65-69세,9,0,0,1,2,3,0,1,2,0
전북,장수군,기초,남자,70-74세,10,0,1,1,1,2,0,2,2,0
전북,장수군,기초,남자,75-79세,8,1,0,0,5,1,0,1,0,0
전북,장수군,기초,남자,80-84세,4,0,0,1,2,1,0,0,0,0
전북,장수군,기초,남자,85세이상,6,0,1,1,4,0,0,0,0,0
전북,장수군,기초,여자,65세미만,3,0,1,0,0,0,0,1,0,0
전북,장수군,기초,여자,65-69세,14,0,0,1,4,0,0,4,2,2
전북,장수군,기초,여자,70-74세,12,0,0,1,3,0,2,1,3,1
전북,장수군,기초,여자,75-79세,18,0,0,0,7,0,0,2,5,1
전북,장수군,기초,여자,80-84세,25,0,0,3,15,0,0,1,1,1
전북,장수군,기초,여자,85세이상,28,1,1,3,14,4,0,1,1,0
전북,장수군,의료,남자,65세미만,0,0,0,0,0,0,0,0,0,0
전북,장수군,의료,남자,65-69세,0,0,0,0,0,0,0,0,0,0
전북,장수군,의료,남자,70-74세,0,0,0,0,0,0,0,0,0,0
전북,장수군,의료,남자,75-79세,1,0,0,0,0,0,0,0,1,0
전북,장수군,의료,남자,80-84세,0,0,0,0,0,0,0,0,0,0
전북,장수군,의료,남자,85세이상,1,0,0,0,1,0,0,0,0,0
전북,장수군,의료,여자,65세미만,0,0,0,0,0,0,0,0,0,0
전북,장수군,의료,여자,65-69세,1,0,0,0,0,0,0,0,0,0
전북,장수군,의료,여자,70-74세,1,0,0,0,0,0,0,0,0,1
전북,장수군,의료,여자,75-79세,1,0,0,0,0,0,0,0,1,0
전북,장수군,의료,여자,80-84세,2,1,0,1,0,0,0,0,0,0
전북,장수군,의료,여자,85세이상,5,0,0,0,3,1,0,0,0,0
전북,장수군,감경,남자,65세미만,2,0,0,0,0,0,0,0,0,0
전북,장수군,감경,남자,65-69세,11,0,1,2,7,0,1,0,0,0
전북,장수군,감경,남자,70-74세,16,1,0,3,11,0,0,0,0,1
전북,장수군,감경,남자,75-79세,18,0,2,3,7,3,0,1,0,0
전북,장수군,감경,남자,80-84세,22,0,1,4,15,1,0,0,0,0
전북,장수군,감경,남자,85세이상,46,0,0,13,27,5,0,0,0,0
전북,장수군,감경,여자,65세미만,2,0,0,1,1,0,0,0,0,0
전북,장수군,감경,여자,65-69세,10,0,1,1,3,2,0,0,1,0
전북,장수군,감경,여자,70-74세,15,0,0,2,8,0,0,1,2,0
전북,장수군,감경,여자,75-79세,40,1,1,6,21,4,1,0,1,0
전북,장수군,감경,여자,80-84세,75,1,6,7,43,10,1,0,0,0
전북,장수군,감경,여자,85세이상,162,2,12,34,90,14,0,1,0,0
전북,임실군,일반,남자,65세미만,6,1,0,0,0,0,0,1,0,0
전북,임실군,일반,남자,65-69세,7,0,0,0,2,0,0,3,0,1
전북,임실군,일반,남자,70-74세,25,1,0,1,6,0,0,8,5,0
전북,임실군,일반,남자,75-79세,53,1,2,7,21,3,0,7,6,0
전북,임실군,일반,남자,80-84세,77,2,3,8,24,7,0,16,7,2
전북,임실군,일반,남자,85세이상,98,0,1,18,38,13,1,4,2,3
전북,임실군,일반,여자,65세미만,3,0,0,0,1,0,0,1,0,0
전북,임실군,일반,여자,65-69세,27,0,0,2,5,3,0,7,2,0
전북,임실군,일반,여자,70-74세,55,0,1,4,11,5,1,12,5,2
전북,임실군,일반,여자,75-79세,125,0,2,11,35,6,2,20,18,0
전북,임실군,일반,여자,80-84세,158,0,7,16,67,15,7,15,10,4
전북,임실군,일반,여자,85세이상,180,2,10,37,68,17,2,20,9,0
전북,임실군,기초,남자,65세미만,11,0,0,0,4,2,0,0,2,0
전북,임실군,기초,남자,65-69세,25,0,0,3,8,1,0,4,2,4
전북,임실군,기초,남자,70-74세,17,0,0,2,9,1,0,1,1,1
전북,임실군,기초,남자,75-79세,10,0,0,1,4,4,1,0,0,0
전북,임실군,기초,남자,80-84세,15,0,0,0,10,2,0,1,0,0
전북,임실군,기초,남자,85세이상,10,0,1,3,5,0,0,0,1,0
전북,임실군,기초,여자,65세미만,5,0,0,1,0,1,0,1,1,0
전북,임실군,기초,여자,65-69세,14,0,1,0,5,1,0,0,3,0
전북,임실군,기초,여자,70-74세,22,0,2,0,11,2,1,4,2,0
전북,임실군,기초,여자,75-79세,22,0,1,2,7,2,0,5,3,1
전북,임실군,기초,여자,80-84세,52,0,4,6,26,2,0,4,4,1
전북,임실군,기초,여자,85세이상,40,1,3,8,23,5,0,0,0,0
전북,임실군,의료,남자,65세미만,0,0,0,0,0,0,0,0,0,0
전북,임실군,의료,남자,65-69세,0,0,0,0,0,0,0,0,0,0
전북,임실군,의료,남자,70-74세,2,1,0,0,0,1,0,0,0,0
전북,임실군,의료,남자,75-79세,0,0,0,0,0,0,0,0,0,0
전북,임실군,의료,남자,80-84세,1,0,0,0,1,0,0,0,0,0
전북,임실군,의료,남자,85세이상,1,0,0,0,1,0,0,0,0,0
전북,임실군,의료,여자,65세미만,0,0,0,0,0,0,0,0,0,0
전북,임실군,의료,여자,65-69세,0,0,0,0,0,0,0,0,0,0
전북,임실군,의료,여자,70-74세,0,0,0,0,0,0,0,0,0,0
전북,임실군,의료,여자,75-79세,3,0,0,0,0,1,0,2,0,0
전북,임실군,의료,여자,80-84세,5,0,1,0,2,1,0,0,0,0
전북,임실군,의료,여자,85세이상,11,0,0,3,6,1,0,1,0,0
전북,임실군,감경,남자,65세미만,5,1,1,0,1,0,1,0,0,0
전북,임실군,감경,남자,65-69세,16,1,0,1,9,2,0,0,1,0
전북,임실군,감경,남자,70-74세,19,1,2,6,5,3,0,0,0,0
전북,임실군,감경,남자,75-79세,25,0,2,9,10,4,0,0,0,0
전북,임실군,감경,남자,80-84세,50,0,1,13,25,6,1,0,1,0
전북,임실군,감경,남자,85세이상,67,1,3,15,38,7,2,0,0,0
전북,임실군,감경,여자,65세미만,8,1,1,1,3,0,0,0,0,0
전북,임실군,감경,여자,65-69세,7,0,0,2,1,0,1,1,0,0
전북,임실군,감경,여자,70-74세,32,2,1,0,18,3,2,2,1,0
전북,임실군,감경,여자,75-79세,80,0,1,16,41,15,1,1,1,0
전북,임실군,감경,여자,80-84세,206,2,6,38,117,31,1,0,0,0
전북,임실군,감경,여자,85세이상,341,3,8,73,215,30,5,0,0,0
전북,순창군,일반,남자,65세미만,5,0,0,0,0,0,0,3,1,0
전북,순창군,일반,남자,65-69세,22,0,1,2,5,0,0,7,3,0
전북,순창군,일반,남자,70-74세,21,0,0,1,4,2,1,5,3,1
전북,순창군,일반,남자,75-79세,35,0,1,4,7,0,2,5,5,1
전북,순창군,일반,남자,80-84세,71,0,6,5,20,2,4,8,6,3
전북,순창군,일반,남자,85세이상,78,0,2,7,30,9,1,12,1,0
전북,순창군,일반,여자,65세미만,6,0,0,0,1,1,0,3,0,0
전북,순창군,일반,여자,65-69세,30,0,0,1,0,0,0,10,4,4
전북,순창군,일반,여자,70-74세,67,0,0,3,14,1,1,17,10,1
전북,순창군,일반,여자,75-79세,132,0,2,6,32,8,4,24,26,2
전북,순창군,일반,여자,80-84세,239,0,5,17,99,27,6,31,12,5
전북,순창군,일반,여자,85세이상,207,1,7,18,110,18,0,18,7,1
전북,순창군,기초,남자,65세미만,13,0,2,1,3,0,0,2,2,1
전북,순창군,기초,남자,65-69세,20,0,0,1,8,1,0,2,3,1
전북,순창군,기초,남자,70-74세,7,0,1,0,0,0,0,4,1,0
전북,순창군,기초,남자,75-79세,8,0,0,0,3,0,0,1,1,0
전북,순창군,기초,남자,80-84세,6,0,0,0,3,0,1,2,0,0
전북,순창군,기초,남자,85세이상,7,0,0,1,2,1,0,0,1,0
전북,순창군,기초,여자,65세미만,6,0,0,2,4,0,0,0,0,0
전북,순창군,기초,여자,65-69세,22,0,1,1,7,1,0,3,6,0
전북,순창군,기초,여자,70-74세,22,1,0,1,5,1,0,3,8,0
전북,순창군,기초,여자,75-79세,23,0,0,2,9,0,0,3,6,2
전북,순창군,기초,여자,80-84세,46,1,1,5,27,1,2,4,2,1
전북,순창군,기초,여자,85세이상,56,1,2,6,33,3,1,2,0,0
전북,순창군,의료,남자,65세미만,0,0,0,0,0,0,0,0,0,0
전북,순창군,의료,남자,65-69세,0,0,0,0,0,0,0,0,0,0
전북,순창군,의료,남자,70-74세,0,0,0,0,0,0,0,0,0,0
전북,순창군,의료,남자,75-79세,0,0,0,0,0,0,0,0,0,0
전북,순창군,의료,남자,80-84세,0,0,0,0,0,0,0,0,0,0
전북,순창군,의료,남자,85세이상,2,0,0,0,0,0,0,0,0,0
전북,순창군,의료,여자,65세미만,0,0,0,0,0,0,0,0,0,0
전북,순창군,의료,여자,65-69세,0,0,0,0,0,0,0,0,0,0
전북,순창군,의료,여자,70-74세,0,0,0,0,0,0,0,0,0,0
전북,순창군,의료,여자,75-79세,1,0,0,0,1,0,0,0,0,0
전북,순창군,의료,여자,80-84세,3,0,0,0,3,0,0,0,0,0
전북,순창군,의료,여자,85세이상,7,0,0,1,3,2,0,1,0,0
전북,순창군,감경,남자,65세미만,2,1,0,0,1,0,0,0,0,0
전북,순창군,감경,남자,65-69세,7,0,0,3,3,0,0,0,0,0
전북,순창군,감경,남자,70-74세,16,0,0,3,11,0,1,0,0,0
전북,순창군,감경,남자,75-79세,21,2,0,1,15,3,0,0,0,0
전북,순창군,감경,남자,80-84세,44,0,5,5,24,8,1,0,0,0
전북,순창군,감경,남자,85세이상,61,0,5,6,40,8,1,0,0,0
전북,순창군,감경,여자,65세미만,2,0,2,0,0,0,0,0,0,0
전북,순창군,감경,여자,65-69세,10,0,0,2,5,2,0,0,0,0
전북,순창군,감경,여자,70-74세,31,0,0,5,15,4,1,1,3,0
전북,순창군,감경,여자,75-79세,84,2,6,10,42,8,4,2,2,0
전북,순창군,감경,여자,80-84세,218,2,6,31,131,34,3,0,0,0
전북,순창군,감경,여자,85세이상,247,5,11,37,166,19,2,0,0,0
전북,고창군,일반,남자,65세미만,14,1,0,3,1,1,1,1,1,1
전북,고창군,일반,남자,65-69세,40,0,1,5,6,2,0,6,9,2
전북,고창군,일반,남자,70-74세,52,0,0,2,18,1,1,10,6,4
전북,고창군,일반,남자,75-79세,89,1,3,6,30,8,3,8,7,4
전북,고창군,일반,남자,80-84세,159,0,0,15,65,17,3,14,15,4
전북,고창군,일반,남자,85세이상,161,1,5,14,62,24,4,15,7,3
전북,고창군,일반,여자,65세미만,10,1,0,0,3,1,0,1,2,1
전북,고창군,일반,여자,65-69세,50,2,0,4,8,0,0,7,8,1
전북,고창군,일반,여자,70-74세,122,1,4,5,24,10,0,26,11,4
전북,고창군,일반,여자,75-79세,234,0,4,15,68,27,7,36,24,6
전북,고창군,일반,여자,80-84세,411,1,4,43,161,63,12,36,20,1
전북,고창군,일반,여자,85세이상,376,1,15,47,166,49,2,28,12,2
전북,고창군,기초,남자,65세미만,26,1,4,4,8,0,0,3,2,1
전북,고창군,기초,남자,65-69세,42,0,1,5,8,5,0,4,8,5
전북,고창군,기초,남자,70-74세,29,0,0,0,15,1,0,5,2,1
전북,고창군,기초,남자,75-79세,11,1,0,1,4,0,0,0,1,0
전북,고창군,기초,남자,80-84세,13,0,0,4,1,1,1,1,0,0
전북,고창군,기초,남자,85세이상,12,0,0,1,7,1,0,2,0,0
전북,고창군,기초,여자,65세미만,15,0,0,1,2,1,0,4,1,1
전북,고창군,기초,여자,65-69세,24,0,1,2,5,2,3,5,3,0
전북,고창군,기초,여자,70-74세,29,2,1,2,9,3,2,0,5,0
전북,고창군,기초,여자,75-79세,47,0,1,2,20,6,1,3,4,0
전북,고창군,기초,여자,80-84세,78,1,1,7,31,9,0,8,6,1
전북,고창군,기초,여자,85세이상,125,3,8,23,45,9,1,4,3,2
전북,고창군,의료,남자,65세미만,0,0,0,0,0,0,0,0,0,0
전북,고창군,의료,남자,65-69세,0,0,0,0,0,0,0,0,0,0
전북,고창군,의료,남자,70-74세,3,0,0,1,1,0,1,0,0,0
전북,고창군,의료,남자,75-79세,3,0,1,0,0,0,0,0,0,0
전북,고창군,의료,남자,80-84세,5,0,0,1,2,0,0,1,1,0
전북,고창군,의료,남자,85세이상,6,0,0,0,4,0,0,0,0,1
전북,고창군,의료,여자,65세미만,0,0,0,0,0,0,0,0,0,0
전북,고창군,의료,여자,65-69세,1,0,0,0,0,0,0,0,0,0
전북,고창군,의료,여자,70-74세,5,0,0,1,1,0,0,1,0,0
전북,고창군,의료,여자,75-79세,3,0,0,0,1,0,0,1,0,0
전북,고창군,의료,여자,80-84세,15,0,0,1,6,3,0,2,1,0
전북,고창군,의료,여자,85세이상,23,0,2,2,15,2,0,1,0,0
전북,고창군,감경,남자,65세미만,10,1,0,4,3,0,0,0,0,0
전북,고창군,감경,남자,65-69세,20,3,0,3,4,2,1,1,0,1
전북,고창군,감경,남자,70-74세,37,3,2,4,21,3,0,0,1,0
전북,고창군,감경,남자,75-79세,64,3,2,13,35,6,2,0,0,0
전북,고창군,감경,남자,80-84세,115,1,6,21,61,13,3,1,1,0
전북,고창군,감경,남자,85세이상,140,2,6,32,77,21,1,1,0,0
전북,고창군,감경,여자,65세미만,5,0,0,2,1,1,0,0,0,0
전북,고창군,감경,여자,65-69세,30,0,1,5,10,3,2,1,1,0
전북,고창군,감경,여자,70-74세,72,0,3,12,28,15,2,2,0,0
전북,고창군,감경,여자,75-79세,206,3,12,29,112,26,3,2,1,0
전북,고창군,감경,여자,80-84세,497,5,23,71,283,78,9,5,0,0
전북,고창군,감경,여자,85세이상,671,9,41,121,405,62,2,1,2,0
전북,부안군,일반,남자,65세미만,6,0,0,0,1,1,0,1,1,1
전북,부안군,일반,남자,65-69세,41,3,0,4,11,4,0,3,5,1
전북,부안군,일반,남자,70-74세,51,0,2,5,6,10,1,11,5,3
전북,부안군,일반,남자,75-79세,96,1,0,4,26,16,6,10,6,4
전북,부안군,일반,남자,80-84세,126,0,1,12,33,35,0,8,7,4
전북,부안군,일반,남자,85세이상,121,0,2,13,45,29,2,5,6,2
전북,부안군,일반,여자,65세미만,8,1,0,0,1,0,0,3,0,1
전북,부안군,일반,여자,65-69세,36,0,0,1,5,1,0,12,7,2
전북,부안군,일반,여자,70-74세,95,2,2,6,11,9,2,16,18,6
전북,부안군,일반,여자,75-79세,213,2,6,9,50,40,6,38,24,2
전북,부안군,일반,여자,80-84세,354,5,10,31,112,74,16,40,17,3
전북,부안군,일반,여자,85세이상,386,5,11,35,175,68,11,25,13,2
전북,부안군,기초,남자,65세미만,24,2,1,2,4,0,0,2,7,2
전북,부안군,기초,남자,65-69세,29,0,0,2,5,1,0,4,6,4
전북,부안군,기초,남자,70-74세,26,0,1,3,6,1,3,4,3,1
전북,부안군,기초,남자,75-79세,20,0,0,1,7,2,0,0,3,1
전북,부안군,기초,남자,80-84세,26,0,0,3,6,7,0,0,2,1
전북,부안군,기초,남자,85세이상,16,0,0,2,4,4,0,2,1,0
전북,부안군,기초,여자,65세미만,10,0,1,1,2,0,0,0,1,2
전북,부안군,기초,여자,65-69세,22,0,1,2,7,0,0,3,4,2
전북,부안군,기초,여자,70-74세,24,0,0,2,4,3,1,5,3,4
전북,부안군,기초,여자,75-79세,61,0,2,6,8,14,3,8,5,2
전북,부안군,기초,여자,80-84세,78,0,0,11,25,18,2,6,4,1
전북,부안군,기초,여자,85세이상,95,2,2,6,33,22,2,3,1,0
전북,부안군,의료,남자,65세미만,0,0,0,0,0,0,0,0,0,0
전북,부안군,의료,남자,65-69세,0,0,0,0,0,0,0,0,0,0
전북,부안군,의료,남자,70-74세,3,0,0,0,1,0,0,0,1,0
전북,부안군,의료,남자,75-79세,1,0,0,1,0,0,0,0,0,0
전북,부안군,의료,남자,80-84세,2,0,0,0,1,0,0,0,0,0
전북,부안군,의료,남자,85세이상,1,0,0,0,0,1,0,0,0,0
전북,부안군,의료,여자,65세미만,0,0,0,0,0,0,0,0,0,0
전북,부안군,의료,여자,65-69세,2,0,0,0,1,0,0,0,1,0
전북,부안군,의료,여자,70-74세,1,0,0,0,1,0,0,0,0,0
전북,부안군,의료,여자,75-79세,4,0,0,0,0,0,0,2,1,1
전북,부안군,의료,여자,80-84세,5,0,0,0,1,3,0,1,0,0
전북,부안군,의료,여자,85세이상,17,0,0,3,5,7,0,0,0,0
전북,부안군,감경,남자,65세미만,7,0,0,2,3,1,0,0,0,0
전북,부안군,감경,남자,65-69세,19,0,0,3,12,2,0,2,0,0
전북,부안군,감경,남자,70-74세,30,0,2,4,15,5,1,0,1,1
전북,부안군,감경,남자,75-79세,45,1,0,4,26,10,2,0,0,0
전북,부안군,감경,남자,80-84세,65,0,3,7,37,11,3,0,0,0
전북,부안군,감경,남자,85세이상,80,0,1,11,43,19,3,0,1,0
전북,부안군,감경,여자,65세미만,7,2,0,2,2,0,0,1,0,0
전북,부안군,감경,여자,65-69세,22,0,0,3,9,4,1,1,2,1
전북,부안군,감경,여자,70-74세,58,0,4,10,20,12,1,2,3,2
전북,부안군,감경,여자,75-79세,122,1,10,13,35,37,9,2,3,0
전북,부안군,감경,여자,80-84세,261,4,15,34,110,72,5,5,3,0
전북,부안군,감경,여자,85세이상,454,10,21,70,239,95,6,3,0,0
전남,목포시,일반,남자,65세미만,64,2,1,5,9,2,0,20,10,1
전남,목포시,일반,남자,65-69세,84,1,9,11,13,4,0,14,7,7
전남,목포시,일반,남자,70-74세,135,3,9,15,43,11,2,12,10,2
전남,목포시,일반,남자,75-79세,197,4,6,23,53,25,3,21,19,4
전남,목포시,일반,남자,80-84세,253,1,10,53,80,30,5,17,15,7
전남,목포시,일반,남자,85세이상,191,2,10,35,69,29,3,3,9,3
전남,목포시,일반,여자,65세미만,43,2,1,6,9,2,0,11,5,2
전남,목포시,일반,여자,65-69세,115,2,4,11,19,4,1,22,11,4
전남,목포시,일반,여자,70-74세,212,3,7,22,37,22,5,23,28,8
전남,목포시,일반,여자,75-79세,431,10,20,44,109,48,8,70,23,5
전남,목포시,일반,여자,80-84세,560,21,30,89,165,75,13,35,27,5
전남,목포시,일반,여자,85세이상,524,29,35,94,183,51,14,30,24,3
전남,목포시,기초,남자,65세미만,105,7,3,14,20,7,2,17,6,3
전남,목포시,기초,남자,65-69세,115,3,6,11,26,8,2,21,12,4
전남,목포시,기초,남자,70-74세,91,3,6,11,26,10,2,7,13,4
전남,목포시,기초,남자,75-79세,75,2,2,7,14,6,7,5,7,3
전남,목포시,기초,남자,80-84세,58,2,4,5,20,7,3,1,4,1
전남,목포시,기초,남자,85세이상,34,1,2,4,13,6,1,0,2,2
전남,목포시,기초,여자,65세미만,62,4,4,7,12,4,1,15,4,2
전남,목포시,기초,여자,65-69세,89,2,2,9,23,7,0,13,10,7
전남,목포시,기초,여자,70-74세,105,5,2,11,37,12,3,2,12,2
전남,목포시,기초,여자,75-79세,174,3,12,20,49,24,6,9,18,4
전남,목포시,기초,여자,80-84세,239,5,17,37,74,29,4,13,19,4
전남,목포시,기초,여자,85세이상,273,7,36,54,89,26,4,5,12,5
전남,목포시,의료,남자,65세미만,1,0,0,0,0,0,0,0,1,0
전남,목포시,의료,남자,65-69세,2,0,0,1,0,0,0,0,0,0
전남,목포시,의료,남자,70-74세,4,0,0,0,0,0,1,0,0,0
전남,목포시,의료,남자,75-79세,12,0,1,3,5,1,1,0,0,0
전남,목포시,의료,남자,80-84세,4,0,0,0,0,0,0,1,2,0
전남,목포시,의료,남자,85세이상,12,0,0,2,5,2,0,0,1,0
전남,목포시,의료,여자,65세미만,0,0,0,0,0,0,0,0,0,0
전남,목포시,의료,여자,65-69세,4,0,0,0,3,0,0,1,0,0
전남,목포시,의료,여자,70-74세,6,0,0,3,2,1,0,0,0,0
전남,목포시,의료,여자,75-79세,8,0,1,0,2,1,0,1,1,0
전남,목포시,의료,여자,80-84세,12,0,0,5,3,0,0,0,0,0
전남,목포시,의료,여자,85세이상,42,1,5,6,12,6,0,1,0,0
전남,목포시,감경,남자,65세미만,49,7,4,9,16,2,1,5,0,0
전남,목포시,감경,남자,65-69세,61,4,6,10,30,7,1,0,0,0
전남,목포시,감경,남자,70-74세,118,5,11,33,44,15,3,1,0,0
전남,목포시,감경,남자,75-79세,183,10,13,50,73,22,6,1,2,0
전남,목포시,감경,남자,80-84세,201,5,22,46,84,25,8,0,2,1
전남,목포시,감경,남자,85세이상,168,8,15,39,74,21,5,0,3,0
전남,목포시,감경,여자,65세미만,33,4,5,5,12,2,0,0,0,0
전남,목포시,감경,여자,65-69세,75,3,4,20,27,9,1,2,2,0
전남,목포시,감경,여자,70-74세,158,9,10,28,63,24,4,2,2,0
전남,목포시,감경,여자,75-79세,370,12,37,68,132,76,12,5,4,1
전남,목포시,감경,여자,80-84세,686,29,56,146,280,109,18,4,7,1
전남,목포시,감경,여자,85세이상,850,44,108,219,365,83,8,4,3,0
전남,여수시,일반,남자,65세미만,57,2,1,8,12,2,0,8,4,6
전남,여수시,일반,남자,65-69세,128,1,3,10,24,2,0,23,13,8
전남,여수시,일반,남자,70-74세,198,6,10,27,46,13,2,24,18,10
전남,여수시,일반,남자,75-79세,266,5,7,29,77,23,6,30,22,9
전남,여수시,일반,남자,80-84세,329,2,16,68,94,40,13,18,18,6
전남,여수시,일반,남자,85세이상,275,2,10,29,114,30,7,30,11,7
전남,여수시,일반,여자,65세미만,55,2,0,7,6,3,1,11,3,4
전남,여수시,일반,여자,65-69세,176,4,6,11,28,4,1,31,22,10
전남,여수시,일반,여자,70-74세,346,7,9,35,72,23,2,62,38,17
전남,여수시,일반,여자,75-79세,559,8,15,44,173,55,18,68,48,11
전남,여수시,일반,여자,80-84세,843,10,50,101,295,95,21,85,41,17
전남,여수시,일반,여자,85세이상,963,26,62,167,401,100,10,57,40,6
전남,여수시,기초,남자,65세미만,104,6,2,18,14,6,5,13,17,12
전남,여수시,기초,남자,65-69세,133,0,4,18,41,8,3,15,13,9
전남,여수시,기초,남자,70-74세,104,0,3,16,39,8,5,7,10,7
전남,여수시,기초,남자,75-79세,81,1,2,12,25,8,2,3,14,5
전남,여수시,기초,남자,80-84세,63,1,1,5,30,5,1,3,5,3
전남,여수시,기초,남자,85세이상,40,0,1,8,17,6,0,0,4,2
전남,여수시,기초,여자,65세미만,37,0,2,4,8,0,1,6,5,4
전남,여수시,기초,여자,65-69세,109,4,0,10,27,7,1,15,18,5
전남,여수시,기초,여자,70-74세,123,0,2,16,29,8,1,14,17,8
전남,여수시,기초,여자,75-79세,171,1,3,10,65,10,3,19,13,11
전남,여수시,기초,여자,80-84세,253,3,5,31,104,23,4,17,13,5
전남,여수시,기초,여자,85세이상,326,11,18,62,125,20,3,14,15,2
전남,여수시,의료,남자,65세미만,1,0,0,0,0,0,0,1,0,0
전남,여수시,의료,남자,65-69세,1,0,0,0,0,0,0,0,0,1
전남,여수시,의료,남자,70-74세,4,0,0,1,2,1,0,0,0,0
전남,여수시,의료,남자,75-79세,12,0,1,4,5,0,0,0,0,0
전남,여수시,의료,남자,80-84세,6,0,0,0,2,1,0,1,0,0
전남,여수시,의료,남자,85세이상,12,0,0,0,7,3,0,0,0,0
전남,여수시,의료,여자,65세미만,0,0,0,0,0,0,0,0,0,0
전남,여수시,의료,여자,65-69세,3,0,0,2,0,0,0,0,0,0
전남,여수시,의료,여자,70-74세,12,0,1,2,6,0,0,0,0,1
전남,여수시,의료,여자,75-79세,12,0,1,2,1,2,0,1,1,1
전남,여수시,의료,여자,80-84세,24,0,1,0,9,3,1,1,3,0
전남,여수시,의료,여자,85세이상,63,1,4,11,24,3,0,4,2,0
전남,여수시,감경,남자,65세미만,35,5,3,9,7,4,0,0,1,1
전남,여수시,감경,남자,65-69세,76,3,3,18,38,6,3,1,2,0
전남,여수시,감경,남자,70-74세,127,4,8,26,64,14,4,1,1,0
전남,여수시,감경,남자,75-79세,160,6,12,30,72,26,4,1,1,1
전남,여수시,감경,남자,80-84세,205,4,12,31,106,33,9,1,1,2
전남,여수시,감경,남자,85세이상,221,3,7,56,119,29,5,0,0,0
전남,여수시,감경,여자,65세미만,28,3,1,7,10,1,0,1,2,0
전남,여수시,감경,여자,65-69세,92,2,6,13,44,10,3,3,0,1
전남,여수시,감경,여자,70-74세,151,8,12,24,61,26,2,2,2,0
전남,여수시,감경,여자,75-79세,378,11,22,54,195,50,14,1,2,1
전남,여수시,감경,여자,80-84세,721,20,43,131,363,118,10,5,2,2
전남,여수시,감경,여자,85세이상,1106,33,109,267,539,109,10,1,0,1
전남,순천시,일반,남자,65세미만,52,3,1,9,9,1,0,14,1,4
전남,순천시,일반,남자,65-69세,93,3,6,12,24,2,0,13,7,5
전남,순천시,일반,남자,70-74세,162,4,9,29,39,11,1,20,12,2
전남,순천시,일반,남자,75-79세,192,3,10,32,68,14,2,19,17,2
전남,순천시,일반,남자,80-84세,326,4,15,30,108,40,11,34,18,4
전남,순천시,일반,남자,85세이상,333,7,22,50,124,38,3,37,18,3
전남,순천시,일반,여자,65세미만,38,4,2,5,7,2,0,8,3,1
전남,순천시,일반,여자,65-69세,153,1,6,11,28,7,2,19,17,6
전남,순천시,일반,여자,70-74세,253,1,10,33,54,16,6,34,26,4
전남,순천시,일반,여자,75-79세,565,18,16,54,148,61,14,74,59,13
전남,순천시,일반,여자,80-84세,885,19,43,82,312,106,15,93,68,8
전남,순천시,일반,여자,85세이상,1015,21,91,137,430,105,12,64,45,3
전남,순천시,기초,남자,65세미만,75,2,5,8,21,6,0,8,9,4
전남,순천시,기초,남자,65-69세,86,1,3,10,20,7,2,9,15,4
전남,순천시,기초,남자,70-74세,58,0,6,9,15,3,2,5,6,3
전남,순천시,기초,남자,75-79세,51,1,5,4,9,5,0,9,5,2
전남,순천시,기초,남자,80-84세,45,0,0,4,15,7,2,2,4,3
전남,순천시,기초,남자,85세이상,23,2,2,2,8,3,0,0,1,0
전남,순천시,기초,여자,65세미만,29,3,4,2,7,3,1,3,0,4
전남,순천시,기초,여자,65-69세,90,2,9,15,26,3,3,6,16,4
전남,순천시,기초,여자,70-74세,68,0,4,8,18,4,1,7,7,0
전남,순천시,기초,여자,75-79세,101,3,4,15,24,9,3,8,10,0
전남,순천시,기초,여자,80-84세,141,4,7,14,48,17,4,7,12,4
전남,순천시,기초,여자,85세이상,285,13,30,40,104,20,0,16,13,1
전남,순천시,의료,남자,65세미만,0,0,0,0,0,0,0,0,0,0
전남,순천시,의료,남자,65-69세,1,0,1,0,0,0,0,0,0,0
전남,순천시,의료,남자,70-74세,5,0,0,2,0,0,0,1,0,2
전남,순천시,의료,남자,75-79세,9,0,1,3,1,1,0,0,1,1
전남,순천시,의료,남자,80-84세,6,0,0,1,3,1,0,1,0,0
전남,순천시,의료,남자,85세이상,12,0,2,0,4,2,0,0,1,0
전남,순천시,의료,여자,65세미만,0,0,0,0,0,0,0,0,0,0
전남,순천시,의료,여자,65-69세,1,0,0,0,0,0,0,1,0,0
전남,순천시,의료,여자,70-74세,5,0,0,1,2,1,1,0,0,0
전남,순천시,의료,여자,75-79세,10,0,0,2,2,0,1,2,0,0
전남,순천시,의료,여자,80-84세,36,1,3,8,9,4,0,1,2,0
전남,순천시,의료,여자,85세이상,67,2,7,16,29,8,0,0,0,0
전남,순천시,감경,남자,65세미만,49,2,7,16,9,5,0,2,0,0
전남,순천시,감경,남자,65-69세,57,2,8,9,24,4,3,0,3,2
전남,순천시,감경,남자,70-74세,92,2,4,21,46,7,5,2,1,0
전남,순천시,감경,남자,75-79세,99,4,6,15,52,16,1,1,0,1
전남,순천시,감경,남자,80-84세,191,3,14,51,80,30,9,1,0,1
전남,순천시,감경,남자,85세이상,202,4,10,41,101,33,4,1,0,0
전남,순천시,감경,여자,65세미만,41,9,6,9,7,1,0,1,0,0
전남,순천시,감경,여자,65-69세,64,4,5,5,32,3,2,0,0,0
전남,순천시,감경,여자,70-74세,143,13,7,24,56,19,7,2,1,0
전남,순천시,감경,여자,75-79세,316,11,40,68,117,46,7,0,4,0
전남,순천시,감경,여자,80-84세,671,16,64,139,295,90,22,4,5,0
전남,순천시,감경,여자,85세이상,1197,37,134,252,611,107,15,5,0,0
전남,나주시,일반,남자,65세미만,21,0,1,5,4,0,1,5,0,1
전남,나주시,일반,남자,65-69세,72,1,5,5,19,0,0,11,4,7
전남,나주시,일반,남자,70-74세,92,2,5,12,14,4,0,19,10,1
전남,나주시,일반,남자,75-79세,161,5,4,19,43,6,3,23,16,6
전남,나주시,일반,남자,80-84세,210,2,6,39,59,17,2,23,18,3
전남,나주시,일반,남자,85세이상,213,1,6,23,96,13,1,20,10,3
전남,나주시,일반,여자,65세미만,24,2,3,6,2,0,0,2,5,1
전남,나주시,일반,여자,65-69세,110,2,4,11,22,4,1,23,9,3
전남,나주시,일반,여자,70-74세,208,2,3,19,42,8,4,29,31,8
전남,나주시,일반,여자,75-79세,418,5,10,42,104,22,11,57,39,2
전남,나주시,일반,여자,80-84세,637,11,13,76,219,61,15,65,49,17
전남,나주시,일반,여자,85세이상,675,17,43,141,284,42,6,34,24,2
전남,나주시,기초,남자,65세미만,66,5,2,10,27,0,1,4,1,2
전남,나주시,기초,남자,65-69세,71,0,3,10,19,7,1,5,6,2
전남,나주시,기초,남자,70-74세,63,2,1,7,20,7,0,6,4,2
전남,나주시,기초,남자,75-79세,58,1,2,5,18,5,0,3,3,2
전남,나주시,기초,남자,80-84세,46,0,1,4,24,3,1,0,3,1
전남,나주시,기초,남자,85세이상,41,0,0,9,17,3,1,1,1,0
전남,나주시,기초,여자,65세미만,27,4,3,4,6,0,0,1,1,1
전남,나주시,기초,여자,65-69세,60,4,2,11,18,1,1,8,2,4
전남,나주시,기초,여자,70-74세,70,4,1,9,20,4,1,7,6,2
전남,나주시,기초,여자,75-79세,134,2,4,18,48,6,2,12,7,3
전남,나주시,기초,여자,80-84세,160,2,7,16,52,13,0,11,7,1
전남,나주시,기초,여자,85세이상,224,7,10,40,80,9,2,5,7,0
전남,나주시,의료,남자,65세미만,1,0,0,0,1,0,0,0,0,0
전남,나주시,의료,남자,65-69세,2,0,0,0,0,0,0,0,0,0
전남,나주시,의료,남자,70-74세,4,0,0,0,3,0,0,0,0,0
전남,나주시,의료,남자,75-79세,1,0,0,0,0,0,0,1,0,0
전남,나주시,의료,남자,80-84세,2,0,0,0,2,0,0,0,0,0
전남,나주시,의료,남자,85세이상,14,0,0,3,8,0,0,0,0,0
전남,나주시,의료,여자,65세미만,0,0,0,0,0,0,0,0,0,0
전남,나주시,의료,여자,65-69세,3,0,0,0,2,0,0,0,0,0
전남,나주시,의료,여자,70-74세,5,0,0,1,4,0,0,0,0,0
전남,나주시,의료,여자,75-79세,13,1,0,0,2,1,0,2,1,0
전남,나주시,의료,여자,80-84세,19,0,0,2,7,1,0,1,1,0
전남,나주시,의료,여자,85세이상,33,0,2,5,14,4,0,1,0,0
전남,나주시,감경,남자,65세미만,20,1,4,3,5,1,0,0,0,0
전남,나주시,감경,남자,65-69세,36,2,2,10,15,3,1,2,0,0
전남,나주시,감경,남자,70-74세,53,2,4,16,24,2,0,0,1,0
전남,나주시,감경,남자,75-79세,94,1,4,22,47,9,3,1,0,0
전남,나주시,감경,남자,80-84세,117,0,8,35,55,7,0,2,0,1
전남,나주시,감경,남자,85세이상,157,4,6,43,79,14,1,3,0,0
전남,나주시,감경,여자,65세미만,10,0,2,4,2,0,0,0,0,0
전남,나주시,감경,여자,65-69세,41,4,3,8,13,5,0,1,2,0
전남,나주시,감경,여자,70-74세,81,2,3,19,40,5,0,1,4,0
전남,나주시,감경,여자,75-79세,208,7,16,37,82,23,5,3,3,1
전남,나주시,감경,여자,80-84세,579,13,38,120,284,58,7,5,3,1
전남,나주시,감경,여자,85세이상,852,39,67,212,433,59,7,3,1,0
전남,광양시,일반,남자,65세미만,22,0,0,5,5,0,0,3,5,0
전남,광양시,일반,남자,65-69세,46,4,0,14,7,0,0,8,5,2
전남,광양시,일반,남자,70-74세,73,0,4,8,17,4,1,10,8,8
전남,광양시,일반,남자,75-79세,77,0,4,10,27,6,4,7,7,4
전남,광양시,일반,남자,80-84세,162,1,7,21,57,21,4,12,12,2
전남,광양시,일반,남자,85세이상,136,0,8,22,55,21,5,12,5,2
전남,광양시,일반,여자,65세미만,34,1,0,10,6,2,0,3,2,2
전남,광양시,일반,여자,65-69세,70,0,6,7,15,4,1,12,7,6
전남,광양시,일반,여자,70-74세,126,2,4,16,32,8,5,12,12,6
전남,광양시,일반,여자,75-79세,262,2,10,24,71,30,7,34,22,2
전남,광양시,일반,여자,80-84세,443,9,16,75,178,54,3,29,24,6
전남,광양시,일반,여자,85세이상,491,17,33,106,202,45,10,19,14,1
전남,광양시,기초,남자,65세미만,22,1,1,5,8,1,0,1,1,1
전남,광양시,기초,남자,65-69세,35,2,2,3,11,3,0,2,4,3
전남,광양시,기초,남자,70-74세,33,0,0,3,10,7,3,3,1,2
전남,광양시,기초,남자,75-79세,28,0,0,2,10,4,2,2,2,0
전남,광양시,기초,남자,80-84세,14,0,0,1,4,2,0,1,2,1
전남,광양시,기초,남자,85세이상,17,0,1,3,9,1,0,2,1,0
전남,광양시,기초,여자,65세미만,19,0,1,2,9,2,0,1,2,0
전남,광양시,기초,여자,65-69세,43,1,1,3,16,4,0,8,4,2
전남,광양시,기초,여자,70-74세,40,1,2,7,10,0,1,3,4,5
전남,광양시,기초,여자,75-79세,52,0,4,3,21,7,3,3,3,2
전남,광양시,기초,여자,80-84세,79,0,5,9,34,12,0,2,2,1
전남,광양시,기초,여자,85세이상,112,3,16,18,40,12,0,3,2,1
전남,광양시,의료,남자,65세미만,0,0,0,0,0,0,0,0,0,0
전남,광양시,의료,남자,65-69세,1,0,0,0,1,0,0,0,0,0
전남,광양시,의료,남자,70-74세,2,0,0,1,1,0,0,0,0,0
전남,광양시,의료,남자,75-79세,2,0,0,0,1,1,0,0,0,0
전남,광양시,의료,남자,80-84세,1,0,0,0,0,1,0,0,0,0
전남,광양시,의료,남자,85세이상,2,0,0,0,1,0,0,0,1,0
전남,광양시,의료,여자,65세미만,0,0,0,0,0,0,0,0,0,0
전남,광양시,의료,여자,65-69세,1,0,0,0,0,0,0,0,0,1
전남,광양시,의료,여자,70-74세,2,0,0,0,0,0,0,0,0,0
전남,광양시,의료,여자,75-79세,2,0,0,0,1,0,0,0,0,0
전남,광양시,의료,여자,80-84세,4,0,0,2,1,0,0,1,0,0
전남,광양시,의료,여자,85세이상,25,1,4,3,8,4,1,0,1,0
전남,광양시,감경,남자,65세미만,25,5,1,5,10,2,0,0,0,0
전남,광양시,감경,남자,65-69세,34,1,5,8,12,3,1,1,0,0
전남,광양시,감경,남자,70-74세,48,2,1,11,20,10,1,0,0,0
전남,광양시,감경,남자,75-79세,45,2,4,12,16,6,4,0,0,0
전남,광양시,감경,남자,80-84세,74,0,6,16,39,8,1,0,0,1
전남,광양시,감경,남자,85세이상,112,1,8,31,54,17,0,0,1,0
전남,광양시,감경,여자,65세미만,12,1,0,5,3,0,0,0,1,0
전남,광양시,감경,여자,65-69세,33,1,3,8,10,3,5,0,1,0
전남,광양시,감경,여자,70-74세,67,2,4,8,36,13,1,1,0,0
전남,광양시,감경,여자,75-79세,120,3,6,26,51,19,3,0,2,0
전남,광양시,감경,여자,80-84세,304,5,44,49,144,50,2,2,0,0
전남,광양시,감경,여자,85세이상,603,13,59,150,298,65,4,1,0,0
전남,담양군,일반,남자,65세미만,14,0,1,2,1,0,1,6,2,0
전남,담양군,일반,남자,65-69세,21,1,2,0,8,0,1,1,5,2
전남,담양군,일반,남자,70-74세,49,0,2,6,19,2,0,5,5,0
전남,담양군,일반,남자,75-79세,74,1,1,12,19,6,0,11,9,0
전남,담양군,일반,남자,80-84세,108,1,5,19,38,12,2,8,7,3
전남,담양군,일반,남자,85세이상,113,1,4,9,54,16,4,8,2,1
전남,담양군,일반,여자,65세미만,9,0,0,0,4,0,0,3,1,0
전남,담양군,일반,여자,65-69세,53,0,0,7,12,0,0,7,9,2
전남,담양군,일반,여자,70-74세,92,0,1,7,18,2,1,18,17,1
전남,담양군,일반,여자,75-79세,218,7,5,18,47,27,5,34,33,2
전남,담양군,일반,여자,80-84세,359,3,11,34,131,42,11,38,35,4
전남,담양군,일반,여자,85세이상,361,4,16,55,154,46,5,21,11,2
전남,담양군,기초,남자,65세미만,15,1,1,2,1,1,1,1,0,0
전남,담양군,기초,남자,65-69세,23,1,3,2,4,1,2,1,4,2
전남,담양군,기초,남자,70-74세,15,0,0,2,5,2,1,0,0,1
전남,담양군,기초,남자,75-79세,15,0,0,2,4,1,2,1,1,1
전남,담양군,기초,남자,80-84세,10,1,0,2,2,0,0,1,0,0
전남,담양군,기초,남자,85세이상,7,1,1,0,3,0,1,0,0,0
전남,담양군,기초,여자,65세미만,10,2,2,0,1,0,0,2,0,1
전남,담양군,기초,여자,65-69세,16,0,1,2,4,2,0,1,3,1
전남,담양군,기초,여자,70-74세,27,0,1,0,10,2,0,3,5,0
전남,담양군,기초,여자,75-79세,35,1,1,0,15,2,0,4,5,0
전남,담양군,기초,여자,80-84세,56,0,2,7,24,9,0,5,4,0
전남,담양군,기초,여자,85세이상,97,3,6,15,39,9,1,3,1,0
전남,담양군,의료,남자,65세미만,0,0,0,0,0,0,0,0,0,0
전남,담양군,의료,남자,65-69세,1,0,0,0,1,0,0,0,0,0
전남,담양군,의료,남자,70-74세,1,0,0,0,0,0,0,0,1,0
전남,담양군,의료,남자,75-79세,1,0,0,1,0,0,0,0,0,0
전남,담양군,의료,남자,80-84세,1,0,0,1,0,0,0,0,0,0
전남,담양군,의료,남자,85세이상,2,0,0,0,2,0,0,0,0,0
전남,담양군,의료,여자,65세미만,1,0,0,0,0,0,0,0,0,1
전남,담양군,의료,여자,65-69세,1,0,0,0,0,0,0,0,1,0
전남,담양군,의료,여자,70-74세,0,0,0,0,0,0,0,0,0,0
전남,담양군,의료,여자,75-79세,2,0,0,0,0,0,1,0,1,0
전남,담양군,의료,여자,80-84세,13,0,0,1,6,2,0,0,1,0
전남,담양군,의료,여자,85세이상,16,1,2,5,6,1,0,0,0,0
전남,담양군,감경,남자,65세미만,7,0,1,2,3,0,0,1,0,0
전남,담양군,감경,남자,65-69세,22,2,2,5,6,5,1,0,0,0
전남,담양군,감경,남자,70-74세,27,1,2,7,12,4,1,0,0,0
전남,담양군,감경,남자,75-79세,32,3,2,8,13,0,3,1,1,0
전남,담양군,감경,남자,80-84세,57,0,4,7,25,14,5,0,0,0
전남,담양군,감경,남자,85세이상,74,0,4,16,40,13,0,0,0,0
전남,담양군,감경,여자,65세미만,6,1,0,1,3,0,0,0,0,0
전남,담양군,감경,여자,65-69세,16,0,1,0,12,1,0,0,0,0
전남,담양군,감경,여자,70-74세,55,0,3,9,23,9,0,0,4,0
전남,담양군,감경,여자,75-79세,83,4,4,7,41,14,3,3,2,0
전남,담양군,감경,여자,80-84세,224,6,16,41,119,25,11,1,0,1
전남,담양군,감경,여자,85세이상,424,12,36,106,216,36,7,4,0,0
전남,곡성군,일반,남자,65세미만,3,0,0,0,2,0,0,1,0,0
전남,곡성군,일반,남자,65-69세,15,0,0,3,2,0,1,4,0,1
전남,곡성군,일반,남자,70-74세,33,1,2,2,6,4,2,5,3,2
전남,곡성군,일반,남자,75-79세,43,1,0,4,16,2,2,10,6,0
전남,곡성군,일반,남자,80-84세,87,0,4,10,30,12,2,12,4,2
전남,곡성군,일반,남자,85세이상,88,1,3,7,39,12,0,12,6,1
전남,곡성군,일반,여자,65세미만,8,0,1,0,2,0,0,3,0,1
전남,곡성군,일반,여자,65-69세,34,0,1,1,3,0,0,12,5,1
전남,곡성군,일반,여자,70-74세,69,1,1,5,9,3,2,18,12,3
전남,곡성군,일반,여자,75-79세,108,1,1,11,26,12,2,21,16,4
전남,곡성군,일반,여자,80-84세,215,2,3,20,81,33,5,31,9,4
전남,곡성군,일반,여자,85세이상,292,0,14,40,144,30,2,35,11,0
전남,곡성군,기초,남자,65세미만,15,0,1,2,3,0,0,1,0,0
전남,곡성군,기초,남자,65-69세,24,0,2,6,8,0,0,2,1,3
전남,곡성군,기초,남자,70-74세,16,1,2,0,7,1,0,0,3,1
전남,곡성군,기초,남자,75-79세,13,0,0,0,7,1,0,2,1,0
전남,곡성군,기초,남자,80-84세,18,0,0,2,9,3,0,1,3,0
전남,곡성군,기초,남자,85세이상,6,0,1,0,2,0,0,1,0,0
전남,곡성군,기초,여자,65세미만,12,1,0,5,1,0,0,1,2,0
전남,곡성군,기초,여자,65-69세,20,3,1,2,4,2,0,2,3,2
전남,곡성군,기초,여자,70-74세,19,0,3,0,4,3,0,5,3,0
전남,곡성군,기초,여자,75-79세,37,1,0,6,12,2,2,5,4,1
전남,곡성군,기초,여자,80-84세,37,0,3,7,12,6,0,4,2,1
전남,곡성군,기초,여자,85세이상,91,4,10,16,35,11,1,4,1,0
전남,곡성군,의료,남자,65세미만,0,0,0,0,0,0,0,0,0,0
전남,곡성군,의료,남자,65-69세,0,0,0,0,0,0,0,0,0,0
전남,곡성군,의료,남자,70-74세,0,0,0,0,0,0,0,0,0,0
전남,곡성군,의료,남자,75-79세,0,0,0,0,0,0,0,0,0,0
전남,곡성군,의료,남자,80-84세,0,0,0,0,0,0,0,0,0,0
전남,곡성군,의료,남자,85세이상,3,0,0,0,3,0,0,0,0,0
전남,곡성군,의료,여자,65세미만,0,0,0,0,0,0,0,0,0,0
전남,곡성군,의료,여자,65-69세,1,0,0,0,1,0,0,0,0,0
전남,곡성군,의료,여자,70-74세,3,0,0,0,0,0,1,1,1,0
전남,곡성군,의료,여자,75-79세,1,0,0,0,0,0,0,0,0,0
전남,곡성군,의료,여자,80-84세,7,0,0,2,1,2,0,1,0,0
전남,곡성군,의료,여자,85세이상,21,0,2,2,10,4,0,0,0,0
전남,곡성군,감경,남자,65세미만,5,0,0,2,2,0,0,0,0,0
전남,곡성군,감경,남자,65-69세,6,0,0,2,2,0,0,1,0,1
전남,곡성군,감경,남자,70-74세,14,0,2,0,9,1,2,0,0,0
전남,곡성군,감경,남자,75-79세,23,1,3,4,9,4,1,0,0,0
전남,곡성군,감경,남자,80-84세,59,2,5,7,28,10,1,0,1,0
전남,곡성군,감경,남자,85세이상,71,1,4,17,34,11,3,0,0,0
전남,곡성군,감경,여자,65세미만,7,2,0,3,0,1,0,0,0,0
전남,곡성군,감경,여자,65-69세,9,0,2,3,2,0,0,1,0,0
전남,곡성군,감경,여자,70-74세,27,3,0,8,13,0,1,1,1,0
전남,곡성군,감경,여자,75-79세,58,0,3,10,28,7,4,1,0,0
전남,곡성군,감경,여자,80-84세,220,4,13,34,122,37,4,2,0,0
전남,곡성군,감경,여자,85세이상,348,6,25,74,195,43,0,0,0,0
전남,구례군,일반,남자,65세미만,3,0,0,0,1,0,0,1,0,0
전남,구례군,일반,남자,65-69세,13,0,0,2,1,0,0,2,5,1
전남,구례군,일반,남자,70-74세,18,0,3,1,4,2,0,3,2,1
전남,구례군,일반,남자,75-79세,33,1,2,3,7,4,0,4,1,3
전남,구례군,일반,남자,80-84세,72,3,3,10,21,6,3,10,6,3
전남,구례군,일반,남자,85세이상,82,4,7,11,31,7,0,4,5,3
전남,구례군,일반,여자,65세미만,2,0,0,0,1,0,0,0,0,0
전남,구례군,일반,여자,65-69세,23,1,1,0,5,0,0,3,3,0
전남,구례군,일반,여자,70-74세,53,2,1,4,16,2,0,7,4,1
전남,구례군,일반,여자,75-79세,101,1,1,9,27,13,6,14,11,6
전남,구례군,일반,여자,80-84세,212,1,3,13,71,34,10,20,21,6
전남,구례군,일반,여자,85세이상,206,5,11,23,79,30,7,14,12,0
전남,구례군,기초,남자,65세미만,22,0,1,7,3,0,0,3,0,1
전남,구례군,기초,남자,65-69세,15,0,2,2,1,1,0,5,1,2
전남,구례군,기초,남자,70-74세,20,1,0,3,4,2,1,2,3,2
전남,구례군,기초,남자,75-79세,9,0,0,1,2,2,1,1,2,0
전남,구례군,기초,남자,80-84세,4,0,1,0,1,1,1,0,0,0
전남,구례군,기초,남자,85세이상,8,0,1,0,4,1,1,0,0,0
전남,구례군,기초,여자,65세미만,7,0,1,0,1,1,1,0,1,0
전남,구례군,기초,여자,65-69세,10,0,0,1,4,1,0,1,0,2
전남,구례군,기초,여자,70-74세,14,0,1,1,9,0,1,1,1,0
전남,구례군,기초,여자,75-79세,30,0,1,3,12,5,2,2,1,0
전남,구례군,기초,여자,80-84세,48,1,3,4,15,5,2,1,5,0
전남,구례군,기초,여자,85세이상,65,1,4,5,30,7,2,2,1,0
전남,구례군,의료,남자,65세미만,0,0,0,0,0,0,0,0,0,0
전남,구례군,의료,남자,65-69세,0,0,0,0,0,0,0,0,0,0
전남,구례군,의료,남자,70-74세,1,1,0,0,0,0,0,0,0,0
전남,구례군,의료,남자,75-79세,2,0,0,0,0,0,1,0,0,0
전남,구례군,의료,남자,80-84세,3,0,1,0,0,0,1,0,0,0
전남,구례군,의료,남자,85세이상,2,0,0,0,0,0,1,0,0,0
전남,구례군,의료,여자,65세미만,0,0,0,0,0,0,0,0,0,0
전남,구례군,의료,여자,65-69세,0,0,0,0,0,0,0,0,0,0
전남,구례군,의료,여자,70-74세,0,0,0,0,0,0,0,0,0,0
전남,구례군,의료,여자,75-79세,1,0,0,0,0,0,0,0,0,0
전남,구례군,의료,여자,80-84세,9,0,0,2,3,3,0,0,0,1
전남,구례군,의료,여자,85세이상,11,0,1,1,5,3,1,0,0,0
전남,구례군,감경,남자,65세미만,6,1,0,2,2,1,0,0,0,0
전남,구례군,감경,남자,65-69세,11,2,3,3,2,1,0,0,0,0
전남,구례군,감경,남자,70-74세,16,0,3,5,5,0,3,0,0,0
전남,구례군,감경,남자,75-79세,22,0,1,5,13,2,1,0,0,0
전남,구례군,감경,남자,80-84세,33,0,2,9,15,5,2,0,0,0
전남,구례군,감경,남자,85세이상,73,1,4,11,33,19,3,0,0,0
전남,구례군,감경,여자,65세미만,8,1,0,1,4,0,1,0,0,0
전남,구례군,감경,여자,65-69세,9,1,1,3,4,0,0,0,0,0
전남,구례군,감경,여자,70-74세,16,1,1,2,8,2,0,2,0,0
전남,구례군,감경,여자,75-79세,62,4,5,8,25,11,5,0,0,0
전남,구례군,감경,여자,80-84세,209,5,10,35,98,41,14,1,0,0
전남,구례군,감경,여자,85세이상,333,8,33,68,152,54,14,1,0,0
전남,고흥군,일반,남자,65세미만,5,0,0,0,2,1,0,1,1,0
전남,고흥군,일반,남자,65-69세,32,0,1,3,9,1,0,7,4,3
전남,고흥군,일반,남자,70-74세,66,0,3,5,12,2,2,9,6,7
전남,고흥군,일반,남자,75-79세,82,3,4,9,18,9,1,14,5,2
전남,고흥군,일반,남자,80-84세,141,2,7,12,36,14,4,17,18,5
전남,고흥군,일반,남자,85세이상,178,1,3,18,73,20,4,13,21,3
전남,고흥군,일반,여자,65세미만,12,1,0,2,1,1,0,2,2,1
전남,고흥군,일반,여자,65-69세,45,1,0,2,7,1,2,8,8,2
전남,고흥군,일반,여자,70-74세,135,2,1,9,21,4,6,23,23,3
전남,고흥군,일반,여자,75-79세,224,2,6,14,43,9,12,42,49,6
전남,고흥군,일반,여자,80-84세,435,5,8,37,137,39,5,58,68,3
전남,고흥군,일반,여자,85세이상,470,6,16,71,160,52,5,41,50,6
전남,고흥군,기초,남자,65세미만,34,0,1,4,8,5,0,3,3,1
전남,고흥군,기초,남자,65-69세,52,0,2,3,11,1,1,9,5,4
전남,고흥군,기초,남자,70-74세,35,0,4,5,10,0,1,3,6,0
전남,고흥군,기초,남자,75-79세,35,0,3,5,6,5,1,4,3,2
전남,고흥군,기초,남자,80-84세,23,0,0,4,8,2,0,3,4,0
전남,고흥군,기초,남자,85세이상,24,0,0,2,11,1,0,0,0,0
전남,고흥군,기초,여자,65세미만,21,0,3,1,4,0,0,6,1,1
전남,고흥군,기초,여자,65-69세,34,0,0,5,14,1,1,7,1,0
전남,고흥군,기초,여자,70-74세,42,0,0,6,14,0,0,5,2,1
전남,고흥군,기초,여자,75-79세,65,3,3,7,11,4,3,7,11,3
전남,고흥군,기초,여자,80-84세,100,1,5,5,49,8,1,4,13,1
전남,고흥군,기초,여자,85세이상,229,7,18,37,76,20,4,7,6,1
전남,고흥군,의료,남자,65세미만,0,0,0,0,0,0,0,0,0,0
전남,고흥군,의료,남자,65-69세,0,0,0,0,0,0,0,0,0,0
전남,고흥군,의료,남자,70-74세,1,0,0,0,0,0,0,0,0,0
전남,고흥군,의료,남자,75-79세,5,0,0,1,1,0,0,1,0,0
전남,고흥군,의료,남자,80-84세,2,0,0,0,0,0,0,0,0,0
전남,고흥군,의료,남자,85세이상,11,0,0,3,4,0,0,0,1,0
전남,고흥군,의료,여자,65세미만,0,0,0,0,0,0,0,0,0,0
전남,고흥군,의료,여자,65-69세,1,1,0,0,0,0,0,0,0,0
전남,고흥군,의료,여자,70-74세,0,0,0,0,0,0,0,0,0,0
전남,고흥군,의료,여자,75-79세,5,0,0,0,1,0,0,0,1,0
전남,고흥군,의료,여자,80-84세,15,0,0,2,6,2,0,0,2,0
전남,고흥군,의료,여자,85세이상,50,1,2,7,18,7,0,2,2,0
전남,고흥군,감경,남자,65세미만,9,0,2,2,3,0,0,1,0,0
전남,고흥군,감경,남자,65-69세,20,0,1,2,12,3,1,0,1,0
전남,고흥군,감경,남자,70-74세,53,4,4,13,21,7,1,1,1,1
전남,고흥군,감경,남자,75-79세,72,3,6,13,33,8,3,1,2,0
전남,고흥군,감경,남자,80-84세,109,0,7,22,47,20,4,0,0,1
전남,고흥군,감경,남자,85세이상,191,2,11,41,109,19,4,1,2,0
전남,고흥군,감경,여자,65세미만,8,0,0,3,1,1,0,0,1,0
전남,고흥군,감경,여자,65-69세,27,1,0,9,8,2,0,2,2,1
전남,고흥군,감경,여자,70-74세,61,4,1,6,37,2,2,2,3,0
전남,고흥군,감경,여자,75-79세,185,3,11,41,78,26,7,3,2,0
전남,고흥군,감경,여자,80-84세,509,9,18,79,288,79,9,6,6,0
전남,고흥군,감경,여자,85세이상,897,12,62,210,490,92,13,2,2,0
전남,보성군,일반,남자,65세미만,6,0,0,0,0,0,0,5,1,0
전남,보성군,일반,남자,65-69세,23,0,0,3,6,1,0,6,2,0
전남,보성군,일반,남자,70-74세,39,1,1,4,7,2,0,7,5,2
전남,보성군,일반,남자,75-79세,62,0,2,6,12,7,1,9,10,3
전남,보성군,일반,남자,80-84세,115,1,1,8,29,18,3,11,10,4
전남,보성군,일반,남자,85세이상,105,1,4,10,42,12,2,8,6,0
전남,보성군,일반,여자,65세미만,8,1,0,0,0,0,1,4,0,0
전남,보성군,일반,여자,65-69세,37,1,1,1,3,1,0,9,2,4
전남,보성군,일반,여자,70-74세,93,0,1,5,11,1,2,17,11,8
전남,보성군,일반,여자,75-79세,148,4,3,3,32,13,1,25,19,5
전남,보성군,일반,여자,80-84세,323,3,6,31,94,48,4,41,34,4
전남,보성군,일반,여자,85세이상,309,5,12,17,134,36,7,30,22,4
전남,보성군,기초,남자,65세미만,17,1,1,0,1,0,0,7,3,0
전남,보성군,기초,남자,65-69세,24,0,1,1,4,0,1,3,4,3
전남,보성군,기초,남자,70-74세,24,0,0,1,7,2,1,4,3,2
전남,보성군,기초,남자,75-79세,17,1,1,1,1,0,0,0,4,3
전남,보성군,기초,남자,80-84세,10,0,0,1,1,2,1,1,0,0
전남,보성군,기초,남자,85세이상,20,0,1,3,8,1,1,0,1,0
전남,보성군,기초,여자,65세미만,5,0,0,1,1,0,0,0,1,0
전남,보성군,기초,여자,65-69세,21,0,0,4,1,0,0,3,3,5
전남,보성군,기초,여자,70-74세,30,2,2,5,11,1,0,1,1,3
전남,보성군,기초,여자,75-79세,44,0,0,3,13,2,1,8,7,5
전남,보성군,기초,여자,80-84세,56,0,1,5,20,5,1,5,9,2
전남,보성군,기초,여자,85세이상,127,3,7,16,35,8,1,9,10,1
전남,보성군,의료,남자,65세미만,1,0,0,0,0,0,0,0,0,0
전남,보성군,의료,남자,65-69세,0,0,0,0,0,0,0,0,0,0
전남,보성군,의료,남자,70-74세,0,0,0,0,0,0,0,0,0,0
전남,보성군,의료,남자,75-79세,0,0,0,0,0,0,0,0,0,0
전남,보성군,의료,남자,80-84세,2,0,0,0,1,0,0,0,0,0
전남,보성군,의료,남자,85세이상,4,0,0,0,2,0,0,0,0,0
전남,보성군,의료,여자,65세미만,0,0,0,0,0,0,0,0,0,0
전남,보성군,의료,여자,65-69세,0,0,0,0,0,0,0,0,0,0
전남,보성군,의료,여자,70-74세,0,0,0,0,0,0,0,0,0,0
전남,보성군,의료,여자,75-79세,3,0,0,0,1,1,0,0,0,1
전남,보성군,의료,여자,80-84세,8,0,0,1,3,2,0,0,0,0
전남,보성군,의료,여자,85세이상,16,1,1,2,7,1,0,0,2,0
전남,보성군,감경,남자,65세미만,4,0,1,2,1,0,0,0,0,0
전남,보성군,감경,남자,65-69세,11,1,1,1,2,3,0,1,0,0
전남,보성군,감경,남자,70-74세,30,0,2,9,11,4,1,1,0,1
전남,보성군,감경,남자,75-79세,29,0,2,7,11,4,2,1,1,0
전남,보성군,감경,남자,80-84세,58,3,6,10,26,12,0,0,0,0
전남,보성군,감경,남자,85세이상,80,1,4,17,34,19,1,0,0,0
전남,보성군,감경,여자,65세미만,5,0,0,2,3,0,0,0,0,0
전남,보성군,감경,여자,65-69세,15,0,1,1,10,0,1,0,0,0
전남,보성군,감경,여자,70-74세,44,2,1,8,16,8,4,1,0,1
전남,보성군,감경,여자,75-79세,108,3,3,10,49,22,2,1,2,3
전남,보성군,감경,여자,80-84세,225,5,15,27,110,49,5,2,2,0
전남,보성군,감경,여자,85세이상,424,14,38,77,191,74,6,1,5,1
전남,화순군,일반,남자,65세미만,14,0,0,1,2,0,0,5,1,0
전남,화순군,일반,남자,65-69세,40,0,1,6,7,0,1,6,5,3
전남,화순군,일반,남자,70-74세,56,1,2,6,11,4,1,8,6,5
전남,화순군,일반,남자,75-79세,118,4,3,16,31,8,4,12,13,3
전남,화순군,일반,남자,80-84세,136,1,3,20,35,18,6,14,9,2
전남,화순군,일반,남자,85세이상,135,1,4,29,50,15,3,7,8,0
전남,화순군,일반,여자,65세미만,15,1,0,1,4,1,0,1,3,1
전남,화순군,일반,여자,65-69세,50,1,5,3,8,3,1,7,5,1
전남,화순군,일반,여자,70-74세,131,5,1,10,12,5,3,36,17,7
전남,화순군,일반,여자,75-79세,252,1,1,17,67,17,5,40,22,4
전남,화순군,일반,여자,80-84세,363,9,7,49,129,28,9,30,32,3
전남,화순군,일반,여자,85세이상,389,9,16,64,157,40,4,33,18,1
전남,화순군,기초,남자,65세미만,33,1,3,7,5,3,0,3,2,3
전남,화순군,기초,남자,65-69세,41,2,1,3,10,3,0,3,8,3
전남,화순군,기초,남자,70-74세,30,0,0,1,12,2,1,5,2,0
전남,화순군,기초,남자,75-79세,19,0,1,3,7,1,0,1,1,1
전남,화순군,기초,남자,80-84세,26,0,4,9,8,3,0,1,0,0
전남,화순군,기초,남자,85세이상,13,0,3,2,1,1,2,0,1,0
전남,화순군,기초,여자,65세미만,16,1,2,2,5,1,0,0,1,1
전남,화순군,기초,여자,65-69세,23,0,1,4,7,0,0,2,2,1
전남,화순군,기초,여자,70-74세,27,1,1,2,8,4,1,2,5,1
전남,화순군,기초,여자,75-79세,57,1,6,10,15,4,1,4,9,0
전남,화순군,기초,여자,80-84세,76,2,4,14,29,10,3,2,7,0
전남,화순군,기초,여자,85세이상,141,4,10,29,51,12,3,5,11,1
전남,화순군,의료,남자,65세미만,1,0,0,1,0,0,0,0,0,0
전남,화순군,의료,남자,65-69세,3,0,0,0,0,0,0,1,0,2
전남,화순군,의료,남자,70-74세,2,0,0,1,1,0,0,0,0,0
전남,화순군,의료,남자,75-79세,1,0,0,0,1,0,0,0,0,0
전남,화순군,의료,남자,80-84세,0,0,0,0,0,0,0,0,0,0
전남,화순군,의료,남자,85세이상,3,0,0,0,1,0,0,1,0,0
전남,화순군,의료,여자,65세미만,1,1,0,0,0,0,0,0,0,0
전남,화순군,의료,여자,65-69세,0,0,0,0,0,0,0,0,0,0
전남,화순군,의료,여자,70-74세,2,0,0,0,1,0,0,0,0,1
전남,화순군,의료,여자,75-79세,4,0,0,0,0,0,0,2,0,0
전남,화순군,의료,여자,80-84세,10,0,0,1,3,1,0,1,2,0
전남,화순군,의료,여자,85세이상,20,2,3,6,4,0,0,3,0,0
전남,화순군,감경,남자,65세미만,14,1,2,4,4,1,1,0,0,0
전남,화순군,감경,남자,65-69세,22,3,1,5,8,0,1,1,1,0
전남,화순군,감경,남자,70-74세,35,1,3,9,13,4,1,0,0,1
전남,화순군,감경,남자,75-79세,60,1,2,14,28,6,4,1,1,0
전남,화순군,감경,남자,80-84세,77,4,3,22,24,18,4,0,0,0
전남,화순군,감경,남자,85세이상,109,0,6,30,52,15,4,1,0,0
전남,화순군,감경,여자,65세미만,9,2,0,1,3,1,0,0,0,0
전남,화순군,감경,여자,65-69세,27,1,2,7,9,2,3,0,0,0
전남,화순군,감경,여자,70-74세,63,1,2,16,24,5,2,1,1,1
전남,화순군,감경,여자,75-79세,126,3,5,26,51,19,2,1,5,0
전남,화순군,감경,여자,80-84세,301,12,18,57,118,57,11,2,4,0
전남,화순군,감경,여자,85세이상,514,12,40,140,239,62,5,1,1,0
전남,장흥군,일반,남자,65세미만,4,0,0,1,0,1,0,1,1,0
전남,장흥군,일반,남자,65-69세,28,0,1,2,1,0,0,9,11,1
전남,장흥군,일반,남자,70-74세,46,1,1,1,14,1,0,7,11,2
전남,장흥군,일반,남자,75-79세,62,2,0,3,14,4,1,13,11,4
전남,장흥군,일반,남자,80-84세,105,0,4,8,23,14,4,11,20,6
전남,장흥군,일반,남자,85세이상,77,5,2,11,21,14,3,5,6,2
전남,장흥군,일반,여자,65세미만,8,1,0,0,1,0,0,4,1,0
전남,장흥군,일반,여자,65-69세,44,1,2,2,10,3,0,6,10,3
전남,장흥군,일반,여자,70-74세,86,0,0,5,16,4,1,19,19,3
전남,장흥군,일반,여자,75-79세,160,2,6,12,32,12,7,27,34,0
전남,장흥군,일반,여자,80-84세,260,1,8,20,83,20,8,40,25,6
전남,장흥군,일반,여자,85세이상,276,4,9,35,123,27,4,29,18,2
전남,장흥군,기초,남자,65세미만,22,1,2,2,10,1,0,0,1,1
전남,장흥군,기초,남자,65-69세,32,1,0,1,7,5,1,5,6,1
전남,장흥군,기초,남자,70-74세,30,0,0,4,7,5,0,4,8,0
전남,장흥군,기초,남자,75-79세,23,0,3,1,7,1,2,3,3,1
전남,장흥군,기초,남자,80-84세,11,0,0,0,4,0,1,2,1,1
전남,장흥군,기초,남자,85세이상,9,0,1,2,3,1,0,1,0,0
전남,장흥군,기초,여자,65세미만,9,0,0,1,1,1,0,0,1,1
전남,장흥군,기초,여자,65-69세,27,1,0,3,8,1,1,5,4,2
전남,장흥군,기초,여자,70-74세,18,0,2,1,7,2,0,6,0,0
전남,장흥군,기초,여자,75-79세,53,1,0,7,20,6,2,4,6,1
전남,장흥군,기초,여자,80-84세,72,0,4,12,29,12,0,6,1,0
전남,장흥군,기초,여자,85세이상,101,2,12,13,44,9,2,5,2,0
전남,장흥군,의료,남자,65세미만,0,0,0,0,0,0,0,0,0,0
전남,장흥군,의료,남자,65-69세,0,0,0,0,0,0,0,0,0,0
전남,장흥군,의료,남자,70-74세,0,0,0,0,0,0,0,0,0,0
전남,장흥군,의료,남자,75-79세,2,0,0,0,1,0,0,0,0,0
전남,장흥군,의료,남자,80-84세,0,0,0,0,0,0,0,0,0,0
전남,장흥군,의료,남자,85세이상,4,0,0,0,2,0,1,0,0,0
전남,장흥군,의료,여자,65세미만,0,0,0,0,0,0,0,0,0,0
전남,장흥군,의료,여자,65-69세,0,0,0,0,0,0,0,0,0,0
전남,장흥군,의료,여자,70-74세,2,0,0,0,0,0,0,1,0,0
전남,장흥군,의료,여자,75-79세,4,0,0,0,1,0,0,0,1,0
전남,장흥군,의료,여자,80-84세,6,0,0,1,2,3,0,0,0,0
전남,장흥군,의료,여자,85세이상,18,0,0,6,9,1,0,0,1,0
전남,장흥군,감경,남자,65세미만,5,0,0,3,1,0,0,0,1,0
전남,장흥군,감경,남자,65-69세,13,0,0,3,7,2,0,0,0,1
전남,장흥군,감경,남자,70-74세,33,2,0,3,22,2,0,0,1,0
전남,장흥군,감경,남자,75-79세,42,0,1,5,23,8,3,0,2,0
전남,장흥군,감경,남자,80-84세,77,2,4,17,41,9,1,0,0,0
전남,장흥군,감경,남자,85세이상,102,1,7,23,47,16,4,0,0,0
전남,장흥군,감경,여자,65세미만,4,0,0,1,3,0,0,0,0,0
전남,장흥군,감경,여자,65-69세,18,0,0,6,7,0,0,2,0,0
전남,장흥군,감경,여자,70-74세,42,2,0,9,17,8,1,0,1,0
전남,장흥군,감경,여자,75-79세,93,4,4,9,50,18,2,1,0,0
전남,장흥군,감경,여자,80-84세,294,1,13,55,135,59,10,2,1,2
전남,장흥군,감경,여자,85세이상,489,8,22,97,283,59,8,0,2,0
전남,강진군,일반,남자,65세미만,7,0,1,3,1,0,0,1,0,1
전남,강진군,일반,남자,65-69세,17,0,0,3,3,0,0,3,2,0
전남,강진군,일반,남자,70-74세,31,0,0,6,7,1,0,9,0,0
전남,강진군,일반,남자,75-79세,55,0,1,8,14,6,2,7,8,1
전남,강진군,일반,남자,80-84세,108,2,6,13,42,11,2,8,5,3
전남,강진군,일반,남자,85세이상,87,0,6,9,37,11,1,6,6,2
전남,강진군,일반,여자,65세미만,0,0,0,0,0,0,0,0,0,0
전남,강진군,일반,여자,65-69세,31,1,0,2,2,0,1,1,2,2
전남,강진군,일반,여자,70-74세,72,0,0,5,13,7,3,13,14,3
전남,강진군,일반,여자,75-79세,132,1,1,6,43,14,4,14,27,3
전남,강진군,일반,여자,80-84세,293,2,5,24,85,54,4,30,31,3
전남,강진군,일반,여자,85세이상,271,4,13,42,110,37,4,16,10,1
전남,강진군,기초,남자,65세미만,16,0,0,1,3,1,1,4,1,0
전남,강진군,기초,남자,65-69세,23,0,0,0,7,1,1,1,7,2
전남,강진군,기초,남자,70-74세,22,0,2,3,5,1,1,1,4,0
전남,강진군,기초,남자,75-79세,24,0,3,2,3,6,0,1,3,1
전남,강진군,기초,남자,80-84세,22,0,2,1,9,0,2,1,2,0
전남,강진군,기초,남자,85세이상,4,0,0,0,1,2,0,0,0,0
전남,강진군,기초,여자,65세미만,11,2,0,0,4,2,0,0,0,1
전남,강진군,기초,여자,65-69세,17,0,0,0,3,2,0,4,4,2
전남,강진군,기초,여자,70-74세,25,0,0,4,8,3,0,2,3,1
전남,강진군,기초,여자,75-79세,40,0,5,4,11,7,0,2,3,0
전남,강진군,기초,여자,80-84세,73,2,1,10,24,12,2,9,6,0
전남,강진군,기초,여자,85세이상,100,0,5,13,50,10,2,3,1,2
전남,강진군,의료,남자,65세미만,0,0,0,0,0,0,0,0,0,0
전남,강진군,의료,남자,65-69세,0,0,0,0,0,0,0,0,0,0
전남,강진군,의료,남자,70-74세,1,0,0,0,0,0,0,1,0,0
전남,강진군,의료,남자,75-79세,0,0,0,0,0,0,0,0,0,0
전남,강진군,의료,남자,80-84세,2,0,0,0,1,1,0,0,0,0
전남,강진군,의료,남자,85세이상,1,0,0,0,0,0,0,0,0,0
전남,강진군,의료,여자,65세미만,0,0,0,0,0,0,0,0,0,0
전남,강진군,의료,여자,65-69세,1,0,0,0,0,0,0,1,0,0
전남,강진군,의료,여자,70-74세,1,0,0,0,1,0,0,0,0,0
전남,강진군,의료,여자,75-79세,1,0,0,0,0,0,0,0,0,0
전남,강진군,의료,여자,80-84세,7,0,0,1,2,1,0,1,0,0
전남,강진군,의료,여자,85세이상,25,0,2,3,10,2,1,0,0,0
전남,강진군,감경,남자,65세미만,2,0,0,1,0,0,0,0,0,0
전남,강진군,감경,남자,65-69세,11,0,0,4,5,1,0,0,0,0
전남,강진군,감경,남자,70-74세,20,0,0,7,8,2,0,2,0,0
전남,강진군,감경,남자,75-79세,39,2,2,11,13,7,1,0,0,0
전남,강진군,감경,남자,80-84세,66,0,3,15,27,16,2,0,0,0
전남,강진군,감경,남자,85세이상,83,0,4,18,42,14,5,0,0,0
전남,강진군,감경,여자,65세미만,9,2,0,4,2,0,0,0,0,0
전남,강진군,감경,여자,65-69세,13,1,1,1,6,1,1,0,1,0
전남,강진군,감경,여자,70-74세,39,0,1,5,18,7,3,2,1,0
전남,강진군,감경,여자,75-79세,97,4,1,13,48,16,5,0,1,0
전남,강진군,감경,여자,80-84세,247,3,11,33,114,59,10,1,2,1
전남,강진군,감경,여자,85세이상,411,3,24,86,201,74,8,0,0,1
전남,해남군,일반,남자,65세미만,18,0,0,0,1,0,1,4,3,0
전남,해남군,일반,남자,65-69세,42,0,1,3,7,1,0,9,4,6
전남,해남군,일반,남자,70-74세,74,1,3,8,15,2,0,13,11,3
전남,해남군,일반,남자,75-79세,118,2,4,10,24,7,4,12,18,9
전남,해남군,일반,남자,80-84세,145,0,3,11,36,17,7,19,17,4
전남,해남군,일반,남자,85세이상,131,1,1,19,44,13,5,12,17,4
전남,해남군,일반,여자,65세미만,11,0,1,1,4,0,0,2,0,1
전남,해남군,일반,여자,65-69세,57,0,0,6,5,2,0,11,10,0
전남,해남군,일반,여자,70-74세,148,1,1,10,23,6,5,32,22,6
전남,해남군,일반,여자,75-79세,261,1,4,13,49,31,6,56,31,7
전남,해남군,일반,여자,80-84세,438,6,9,44,114,64,17,76,34,8
전남,해남군,일반,여자,85세이상,395,4,12,60,142,36,8,52,21,0
전남,해남군,기초,남자,65세미만,40,0,3,6,11,2,0,8,1,0
전남,해남군,기초,남자,65-69세,49,0,2,3,13,7,1,4,6,4
전남,해남군,기초,남자,70-74세,42,0,1,2,14,2,1,4,4,1
전남,해남군,기초,남자,75-79세,35,1,0,4,17,5,1,3,2,0
전남,해남군,기초,남자,80-84세,23,1,1,4,7,5,1,3,1,0
전남,해남군,기초,남자,85세이상,15,0,0,1,5,4,0,0,2,0
전남,해남군,기초,여자,65세미만,17,1,1,4,4,1,0,3,2,1
전남,해남군,기초,여자,65-69세,34,1,1,2,7,2,0,5,7,1
전남,해남군,기초,여자,70-74세,45,0,1,7,9,4,1,7,4,0
전남,해남군,기초,여자,75-79세,66,1,2,8,16,8,1,5,9,1
전남,해남군,기초,여자,80-84세,88,1,3,13,27,13,3,7,6,0
전남,해남군,기초,여자,85세이상,139,2,10,22,42,16,0,10,7,1
전남,해남군,의료,남자,65세미만,0,0,0,0,0,0,0,0,0,0
전남,해남군,의료,남자,65-69세,0,0,0,0,0,0,0,0,0,0
전남,해남군,의료,남자,70-74세,1,0,0,1,0,0,0,0,0,0
전남,해남군,의료,남자,75-79세,3,0,0,0,0,0,0,0,2,1
전남,해남군,의료,남자,80-84세,1,0,0,0,0,0,0,0,0,0
전남,해남군,의료,남자,85세이상,2,0,0,0,0,1,0,1,0,0
전남,해남군,의료,여자,65세미만,0,0,0,0,0,0,0,0,0,0
전남,해남군,의료,여자,65-69세,1,0,0,0,0,0,0,0,0,0
전남,해남군,의료,여자,70-74세,3,0,0,1,1,0,1,0,0,0
전남,해남군,의료,여자,75-79세,7,0,0,0,3,0,0,0,1,0
전남,해남군,의료,여자,80-84세,5,0,0,0,2,0,0,0,1,0
전남,해남군,의료,여자,85세이상,31,0,2,3,14,4,1,2,0,0
전남,해남군,감경,남자,65세미만,13,1,0,2,4,1,0,1,1,0
전남,해남군,감경,남자,65-69세,27,1,0,6,8,6,4,0,0,0
전남,해남군,감경,남자,70-74세,39,2,2,8,15,7,1,2,0,0
전남,해남군,감경,남자,75-79세,71,1,6,15,25,14,5,0,2,0
전남,해남군,감경,남자,80-84세,97,3,4,21,42,14,8,1,0,0
전남,해남군,감경,남자,85세이상,112,1,2,27,52,22,6,0,1,0
전남,해남군,감경,여자,65세미만,13,1,0,4,3,1,0,1,0,0
전남,해남군,감경,여자,65-69세,19,0,2,1,6,3,1,0,1,0
전남,해남군,감경,여자,70-74세,74,1,4,12,33,13,4,2,0,0
전남,해남군,감경,여자,75-79세,199,5,12,21,79,42,10,5,1,2
전남,해남군,감경,여자,80-84세,474,7,17,86,238,88,14,5,0,1
전남,해남군,감경,여자,85세이상,650,12,52,145,317,93,15,3,3,0
전남,영암군,일반,남자,65세미만,9,0,0,0,3,0,0,2,0,0
전남,영암군,일반,남자,65-69세,26,1,2,1,6,1,0,4,3,3
전남,영암군,일반,남자,70-74세,42,1,2,3,13,2,3,2,1,2
전남,영암군,일반,남자,75-79세,67,1,3,11,25,3,0,8,2,1
전남,영암군,일반,남자,80-84세,110,0,6,12,42,6,1,6,10,3
전남,영암군,일반,남자,85세이상,106,0,6,16,48,8,2,10,5,0
전남,영암군,일반,여자,65세미만,11,0,3,1,2,0,0,1,0,1
전남,영암군,일반,여자,65-69세,48,0,0,2,11,4,0,11,3,2
전남,영암군,일반,여자,70-74세,72,0,3,4,17,6,0,12,7,1
전남,영암군,일반,여자,75-79세,198,2,2,14,64,6,2,26,33,4
전남,영암군,일반,여자,80-84세,348,3,11,46,136,22,7,37,24,4
전남,영암군,일반,여자,85세이상,302,14,5,61,129,17,5,16,16,0
전남,영암군,기초,남자,65세미만,20,0,1,1,4,1,0,2,2,1
전남,영암군,기초,남자,65-69세,25,0,0,3,9,1,0,4,4,2
전남,영암군,기초,남자,70-74세,21,1,0,1,8,1,1,3,2,2
전남,영암군,기초,남자,75-79세,20,1,1,1,6,0,1,1,2,0
전남,영암군,기초,남자,80-84세,13,0,1,1,3,1,0,1,2,0
전남,영암군,기초,남자,85세이상,11,0,0,1,4,1,0,0,0,0
전남,영암군,기초,여자,65세미만,11,1,1,2,2,0,0,1,0,0
전남,영암군,기초,여자,65-69세,12,0,1,1,5,0,0,2,1,2
전남,영암군,기초,여자,70-74세,24,1,1,1,8,2,0,3,3,1
전남,영암군,기초,여자,75-79세,50,2,1,5,20,2,0,0,7,1
전남,영암군,기초,여자,80-84세,52,1,2,6,20,2,1,6,4,3
전남,영암군,기초,여자,85세이상,111,4,6,18,42,2,0,4,6,1
전남,영암군,의료,남자,65세미만,0,0,0,0,0,0,0,0,0,0
전남,영암군,의료,남자,65-69세,0,0,0,0,0,0,0,0,0,0
전남,영암군,의료,남자,70-74세,1,0,0,0,1,0,0,0,0,0
전남,영암군,의료,남자,75-79세,4,0,0,0,3,0,0,0,1,0
전남,영암군,의료,남자,80-84세,0,0,0,0,0,0,0,0,0,0
전남,영암군,의료,남자,85세이상,5,0,0,1,2,0,0,0,0,0
전남,영암군,의료,여자,65세미만,0,0,0,0,0,0,0,0,0,0
전남,영암군,의료,여자,65-69세,0,0,0,0,0,0,0,0,0,0
전남,영암군,의료,여자,70-74세,1,0,0,0,0,0,0,0,0,0
전남,영암군,의료,여자,75-79세,3,0,0,2,1,0,0,0,0,0
전남,영암군,의료,여자,80-84세,8,0,0,2,1,0,0,1,1,0
전남,영암군,의료,여자,85세이상,21,1,3,6,9,0,0,0,0,0
전남,영암군,감경,남자,65세미만,10,0,1,5,4,0,0,0,0,0
전남,영암군,감경,남자,65-69세,16,1,1,5,8,0,1,0,0,0
전남,영암군,감경,남자,70-74세,21,2,3,6,6,3,0,0,0,0
전남,영암군,감경,남자,75-79세,42,1,1,8,24,2,2,0,1,0
전남,영암군,감경,남자,80-84세,83,0,9,20,45,6,2,0,0,0
전남,영암군,감경,남자,85세이상,82,3,4,21,40,7,2,0,1,0
전남,영암군,감경,여자,65세미만,6,1,0,3,1,0,0,1,0,0
전남,영암군,감경,여자,65-69세,22,0,2,3,11,2,0,1,1,0
전남,영암군,감경,여자,70-74세,37,1,0,3,26,4,1,0,0,0
전남,영암군,감경,여자,75-79세,113,5,5,19,64,8,1,3,0,0
전남,영암군,감경,여자,80-84세,289,8,13,59,156,33,4,3,0,0
전남,영암군,감경,여자,85세이상,410,12,41,81,233,29,5,2,1,0
전남,무안군,일반,남자,65세미만,18,2,0,4,3,0,0,3,1,2
전남,무안군,일반,남자,65-69세,26,1,1,5,6,4,0,2,2,1
전남,무안군,일반,남자,70-74세,64,3,1,8,14,7,0,8,4,2
전남,무안군,일반,남자,75-79세,96,3,2,11,31,7,1,12,10,3
전남,무안군,일반,남자,80-84세,115,1,4,20,32,8,2,14,7,5
전남,무안군,일반,남자,85세이상,106,1,5,11,46,8,3,5,7,3
전남,무안군,일반,여자,65세미만,13,1,1,0,5,0,1,0,1,0
전남,무안군,일반,여자,65-69세,47,0,0,1,7,1,1,3,7,3
전남,무안군,일반,여자,70-74세,112,1,3,7,19,6,7,20,10,7
전남,무안군,일반,여자,75-79세,227,1,6,18,60,26,7,28,22,12
전남,무안군,일반,여자,80-84세,369,7,9,53,128,43,10,29,20,6
전남,무안군,일반,여자,85세이상,308,9,18,55,109,35,2,23,20,5
전남,무안군,기초,남자,65세미만,22,1,0,6,8,1,0,1,1,2
전남,무안군,기초,남자,65-69세,32,1,3,3,3,3,3,4,2,5
전남,무안군,기초,남자,70-74세,26,1,1,3,7,2,0,2,2,1
전남,무안군,기초,남자,75-79세,18,0,3,2,4,2,0,1,1,1
전남,무안군,기초,남자,80-84세,23,1,1,6,5,2,1,1,2,0
전남,무안군,기초,남자,85세이상,13,0,0,3,7,1,0,1,0,0
전남,무안군,기초,여자,65세미만,12,3,0,2,2,1,0,2,1,0
전남,무안군,기초,여자,65-69세,21,0,2,2,4,1,1,1,2,0
전남,무안군,기초,여자,70-74세,33,0,2,7,4,3,2,2,6,0
전남,무안군,기초,여자,75-79세,56,1,3,7,13,4,0,9,8,1
전남,무안군,기초,여자,80-84세,59,0,4,8,18,8,4,3,2,1
전남,무안군,기초,여자,85세이상,92,2,6,18,30,4,1,0,2,0
전남,무안군,의료,남자,65세미만,0,0,0,0,0,0,0,0,0,0
전남,무안군,의료,남자,65-69세,0,0,0,0,0,0,0,0,0,0
전남,무안군,의료,남자,70-74세,1,0,0,0,0,1,0,0,0,0
전남,무안군,의료,남자,75-79세,1,0,1,0,0,0,0,0,0,0
전남,무안군,의료,남자,80-84세,1,0,0,0,1,0,0,0,0,0
전남,무안군,의료,남자,85세이상,5,0,0,2,1,0,0,0,0,0
전남,무안군,의료,여자,65세미만,0,0,0,0,0,0,0,0,0,0
전남,무안군,의료,여자,65-69세,2,0,0,0,1,0,0,0,0,0
전남,무안군,의료,여자,70-74세,3,0,0,1,0,0,0,1,0,0
전남,무안군,의료,여자,75-79세,5,0,0,1,1,0,0,0,1,1
전남,무안군,의료,여자,80-84세,9,0,0,1,4,1,0,1,0,0
전남,무안군,의료,여자,85세이상,20,0,1,4,11,1,1,2,0,0
전남,무안군,감경,남자,65세미만,8,1,0,3,3,1,0,0,0,0
전남,무안군,감경,남자,65-69세,27,0,6,6,6,4,0,0,0,0
전남,무안군,감경,남자,70-74세,43,4,5,6,18,3,2,2,1,0
전남,무안군,감경,남자,75-79세,58,1,3,12,25,10,3,0,0,0
전남,무안군,감경,남자,80-84세,91,0,3,22,44,16,4,0,1,0
전남,무안군,감경,남자,85세이상,69,1,4,12,38,8,3,0,0,0
전남,무안군,감경,여자,65세미만,15,2,1,3,6,1,1,0,0,0
전남,무안군,감경,여자,65-69세,21,0,1,5,10,3,1,0,0,0
전남,무안군,감경,여자,70-74세,54,2,4,7,23,6,5,2,2,0
전남,무안군,감경,여자,75-79세,166,1,11,21,78,33,3,0,3,0
전남,무안군,감경,여자,80-84세,338,7,14,67,158,67,13,4,2,1
전남,무안군,감경,여자,85세이상,539,23,47,120,268,55,4,1,1,1
전남,함평군,일반,남자,65세미만,6,0,0,2,1,0,0,1,1,1
전남,함평군,일반,남자,65-69세,24,1,1,2,3,1,0,6,2,0
전남,함평군,일반,남자,70-74세,50,2,1,7,12,2,1,2,5,2
전남,함평군,일반,남자,75-79세,55,0,0,8,19,3,2,7,6,0
전남,함평군,일반,남자,80-84세,113,1,3,21,31,4,3,14,9,3
전남,함평군,일반,남자,85세이상,99,2,6,14,40,6,0,9,10,1
전남,함평군,일반,여자,65세미만,9,2,0,1,1,0,0,0,3,0
전남,함평군,일반,여자,65-69세,36,0,0,1,4,0,1,5,11,2
전남,함평군,일반,여자,70-74세,88,1,2,2,13,5,2,18,18,6
전남,함평군,일반,여자,75-79세,188,1,8,11,45,19,1,35,30,4
전남,함평군,일반,여자,80-84세,300,1,11,39,109,22,6,33,26,8
전남,함평군,일반,여자,85세이상,273,0,15,47,117,21,3,28,11,3
전남,함평군,기초,남자,65세미만,24,1,0,5,5,0,0,1,3,1
전남,함평군,기초,남자,65-69세,20,0,1,3,6,1,0,1,3,1
전남,함평군,기초,남자,70-74세,18,0,0,3,5,0,0,2,2,0
전남,함평군,기초,남자,75-79세,18,0,1,2,2,0,1,2,3,2
전남,함평군,기초,남자,80-84세,18,0,1,2,4,0,0,3,0,2
전남,함평군,기초,남자,85세이상,12,0,0,1,5,0,0,0,3,0
전남,함평군,기초,여자,65세미만,8,1,0,3,1,1,0,1,0,0
전남,함평군,기초,여자,65-69세,23,0,1,3,5,4,0,1,1,2
전남,함평군,기초,여자,70-74세,23,0,0,2,7,1,0,1,5,1
전남,함평군,기초,여자,75-79세,40,0,3,5,12,2,0,3,4,1
전남,함평군,기초,여자,80-84세,47,1,2,5,21,5,1,3,3,0
전남,함평군,기초,여자,85세이상,69,4,8,20,17,3,0,0,0,1
전남,함평군,의료,남자,65세미만,0,0,0,0,0,0,0,0,0,0
전남,함평군,의료,남자,65-69세,1,0,0,0,1,0,0,0,0,0
전남,함평군,의료,남자,70-74세,0,0,0,0,0,0,0,0,0,0
전남,함평군,의료,남자,75-79세,0,0,0,0,0,0,0,0,0,0
전남,함평군,의료,남자,80-84세,2,0,0,1,1,0,0,0,0,0
전남,함평군,의료,남자,85세이상,3,0,0,1,2,0,0,0,0,0
전남,함평군,의료,여자,65세미만,0,0,0,0,0,0,0,0,0,0
전남,함평군,의료,여자,65-69세,1,0,0,0,0,1,0,0,0,0
전남,함평군,의료,여자,70-74세,2,0,0,1,0,0,0,0,0,1
전남,함평군,의료,여자,75-79세,0,0,0,0,0,0,0,0,0,0
전남,함평군,의료,여자,80-84세,7,0,1,1,3,0,0,0,1,0
전남,함평군,의료,여자,85세이상,21,1,0,3,8,4,0,0,0,0
전남,함평군,감경,남자,65세미만,6,1,1,1,2,0,0,1,0,0
전남,함평군,감경,남자,65-69세,9,1,2,3,2,0,0,1,0,0
전남,함평군,감경,남자,70-74세,30,2,4,3,11,7,1,0,0,0
전남,함평군,감경,남자,75-79세,33,0,2,7,20,1,2,0,0,0
전남,함평군,감경,남자,80-84세,83,2,0,26,37,10,5,0,0,0
전남,함평군,감경,남자,85세이상,69,2,4,10,33,15,3,0,0,0
전남,함평군,감경,여자,65세미만,3,0,1,1,1,0,0,0,0,0
전남,함평군,감경,여자,65-69세,13,0,1,2,3,3,1,1,2,0
전남,함평군,감경,여자,70-74세,37,1,0,7,13,1,5,1,5,0
전남,함평군,감경,여자,75-79세,104,3,5,20,44,14,7,0,1,2
전남,함평군,감경,여자,80-84세,284,7,16,50,150,35,7,0,2,0
전남,함평군,감경,여자,85세이상,425,11,33,98,233,31,5,0,1,0
전남,영광군,일반,남자,65세미만,7,0,0,1,3,0,0,3,0,0
전남,영광군,일반,남자,65-69세,35,0,0,3,10,1,0,5,4,2
전남,영광군,일반,남자,70-74세,54,1,3,1,18,4,1,6,6,2
전남,영광군,일반,남자,75-79세,86,2,0,10,22,3,2,17,7,4
전남,영광군,일반,남자,80-84세,123,1,3,15,44,9,3,14,14,5
전남,영광군,일반,남자,85세이상,90,1,6,13,35,3,1,5,6,1
전남,영광군,일반,여자,65세미만,10,0,0,0,3,0,1,3,2,0
전남,영광군,일반,여자,65-69세,46,0,1,1,8,0,0,6,3,6
전남,영광군,일반,여자,70-74세,102,1,3,11,19,3,1,20,10,2
전남,영광군,일반,여자,75-79세,200,1,4,15,63,9,5,25,26,6
전남,영광군,일반,여자,80-84세,362,2,18,46,143,33,5,23,18,4
전남,영광군,일반,여자,85세이상,286,7,14,55,122,22,0,10,8,5
전남,영광군,기초,남자,65세미만,20,0,2,2,3,1,0,3,1,1
전남,영광군,기초,남자,65-69세,37,0,0,2,13,3,2,6,4,2
전남,영광군,기초,남자,70-74세,32,0,0,6,7,0,0,1,3,3
전남,영광군,기초,남자,75-79세,19,0,0,1,11,1,0,3,0,0
전남,영광군,기초,남자,80-84세,15,0,0,2,4,1,0,0,2,1
전남,영광군,기초,남자,85세이상,10,1,0,2,2,1,0,1,0,0
전남,영광군,기초,여자,65세미만,11,1,0,2,3,0,1,0,1,1
전남,영광군,기초,여자,65-69세,34,1,2,2,9,1,1,10,4,0
전남,영광군,기초,여자,70-74세,47,0,2,5,13,4,0,9,5,4
전남,영광군,기초,여자,75-79세,41,0,0,2,21,3,0,4,2,0
전남,영광군,기초,여자,80-84세,53,3,4,8,18,8,0,1,2,2
전남,영광군,기초,여자,85세이상,102,5,7,21,36,4,0,5,3,0
전남,영광군,의료,남자,65세미만,0,0,0,0,0,0,0,0,0,0
전남,영광군,의료,남자,65-69세,1,0,0,0,0,0,0,0,0,1
전남,영광군,의료,남자,70-74세,1,1,0,0,0,0,0,0,0,0
전남,영광군,의료,남자,75-79세,5,0,0,2,2,0,0,0,1,0
전남,영광군,의료,남자,80-84세,1,0,0,0,0,0,0,0,0,0
전남,영광군,의료,남자,85세이상,4,1,0,0,1,0,0,0,0,0
전남,영광군,의료,여자,65세미만,0,0,0,0,0,0,0,0,0,0
전남,영광군,의료,여자,65-69세,2,0,0,0,0,1,0,1,0,0
전남,영광군,의료,여자,70-74세,2,0,0,1,0,0,0,0,0,1
전남,영광군,의료,여자,75-79세,0,0,0,0,0,0,0,0,0,0
전남,영광군,의료,여자,80-84세,13,0,0,3,5,0,0,0,1,0
전남,영광군,의료,여자,85세이상,18,0,1,3,8,1,0,0,0,0
전남,영광군,감경,남자,65세미만,11,1,2,4,2,1,0,0,0,0
전남,영광군,감경,남자,65-69세,17,0,0,6,8,1,0,0,0,0
전남,영광군,감경,남자,70-74세,30,1,0,4,19,3,1,0,0,0
전남,영광군,감경,남자,75-79세,59,1,2,14,30,6,1,1,1,0
전남,영광군,감경,남자,80-84세,89,1,5,20,43,14,3,1,0,0
전남,영광군,감경,남자,85세이상,97,2,7,10,62,10,1,1,0,0
전남,영광군,감경,여자,65세미만,7,0,2,0,3,1,0,0,0,0
전남,영광군,감경,여자,65-69세,21,1,0,7,7,2,1,0,0,0
전남,영광군,감경,여자,70-74세,72,2,8,10,35,5,0,1,2,0
전남,영광군,감경,여자,75-79세,150,2,12,22,79,14,3,1,5,1
전남,영광군,감경,여자,80-84세,327,5,14,57,177,37,7,0,2,1
전남,영광군,감경,여자,85세이상,400,20,33,67,230,29,3,1,3,0
전남,장성군,일반,남자,65세미만,4,0,0,0,1,1,0,1,1,0
전남,장성군,일반,남자,65-69세,26,0,0,4,6,2,0,5,3,2
전남,장성군,일반,남자,70-74세,46,0,1,5,10,5,1,5,3,9
전남,장성군,일반,남자,75-79세,87,1,4,5,20,9,2,15,8,6
전남,장성군,일반,남자,80-84세,123,1,8,17,31,16,7,14,7,4
전남,장성군,일반,남자,85세이상,124,3,5,13,45,18,5,13,7,6
전남,장성군,일반,여자,65세미만,6,0,1,1,0,0,0,1,2,1
전남,장성군,일반,여자,65-69세,45,0,2,0,3,3,0,17,8,2
전남,장성군,일반,여자,70-74세,88,2,2,3,8,10,3,15,15,0
전남,장성군,일반,여자,75-79세,177,2,1,13,44,13,7,27,14,12
전남,장성군,일반,여자,80-84세,327,2,10,39,114,44,9,38,17,7
전남,장성군,일반,여자,85세이상,308,5,11,57,146,27,1,22,6,3
전남,장성군,기초,남자,65세미만,12,1,0,2,5,0,0,2,0,0
전남,장성군,기초,남자,65-69세,26,0,0,0,6,3,1,2,6,3
전남,장성군,기초,남자,70-74세,25,0,0,2,6,3,1,2,4,2
전남,장성군,기초,남자,75-79세,29,0,0,5,7,6,1,3,2,2
전남,장성군,기초,남자,80-84세,14,0,1,2,2,1,0,3,0,2
전남,장성군,기초,남자,85세이상,12,0,1,0,4,3,0,1,1,0
전남,장성군,기초,여자,65세미만,15,0,1,4,1,1,1,2,1,1
전남,장성군,기초,여자,65-69세,16,0,1,2,2,0,0,1,2,1
전남,장성군,기초,여자,70-74세,32,1,0,5,8,3,1,3,5,1
전남,장성군,기초,여자,75-79세,41,1,1,2,8,7,2,7,3,1
전남,장성군,기초,여자,80-84세,58,0,0,6,18,11,1,5,5,1
전남,장성군,기초,여자,85세이상,106,3,5,15,30,11,2,9,5,2
전남,장성군,의료,남자,65세미만,1,0,0,0,0,1,0,0,0,0
전남,장성군,의료,남자,65-69세,0,0,0,0,0,0,0,0,0,0
전남,장성군,의료,남자,70-74세,1,0,0,0,0,0,0,1,0,0
전남,장성군,의료,남자,75-79세,1,0,0,0,1,0,0,0,0,0
전남,장성군,의료,남자,80-84세,3,0,0,0,2,1,0,0,0,0
전남,장성군,의료,남자,85세이상,2,0,0,0,2,0,0,0,0,0
전남,장성군,의료,여자,65세미만,0,0,0,0,0,0,0,0,0,0
전남,장성군,의료,여자,65-69세,1,0,0,0,0,0,0,1,0,0
전남,장성군,의료,여자,70-74세,2,0,0,0,2,0,0,0,0,0
전남,장성군,의료,여자,75-79세,6,0,0,0,2,2,0,0,0,0
전남,장성군,의료,여자,80-84세,7,0,0,3,2,0,0,0,1,0
전남,장성군,의료,여자,85세이상,12,0,1,1,6,1,0,2,0,0
전남,장성군,감경,남자,65세미만,7,1,0,3,3,0,0,0,0,0
전남,장성군,감경,남자,65-69세,14,1,2,4,4,1,0,1,0,0
전남,장성군,감경,남자,70-74세,30,0,2,4,12,6,1,0,1,0
전남,장성군,감경,남자,75-79세,37,2,2,8,14,8,0,2,0,0
전남,장성군,감경,남자,80-84세,67,0,6,15,30,11,2,0,2,0
전남,장성군,감경,남자,85세이상,81,1,3,11,46,15,3,0,0,0
전남,장성군,감경,여자,65세미만,10,1,1,3,2,2,1,0,0,0
전남,장성군,감경,여자,65-69세,11,1,0,1,6,1,0,0,1,0
전남,장성군,감경,여자,70-74세,50,2,4,8,13,16,0,3,1,0
전남,장성군,감경,여자,75-79세,131,2,4,20,55,29,9,1,3,0
전남,장성군,감경,여자,80-84세,302,3,15,55,149,56,7,2,1,0
전남,장성군,감경,여자,85세이상,416,17,36,88,205,53,5,1,0,0
전남,완도군,일반,남자,65세미만,4,0,0,4,0,0,0,0,0,0
전남,완도군,일반,남자,65-69세,24,0,1,5,2,0,0,8,3,1
전남,완도군,일반,남자,70-74세,47,0,1,5,13,0,0,10,10,3
전남,완도군,일반,남자,75-79세,69,1,0,8,17,4,3,10,11,5
전남,완도군,일반,남자,80-84세,114,0,2,17,34,8,1,15,16,10
전남,완도군,일반,남자,85세이상,80,0,0,12,27,4,1,16,10,0
전남,완도군,일반,여자,65세미만,7,1,0,2,1,0,0,1,0,0
전남,완도군,일반,여자,65-69세,43,0,0,2,5,0,0,12,9,5
전남,완도군,일반,여자,70-74세,79,0,2,6,10,4,0,23,9,3
전남,완도군,일반,여자,75-79세,162,0,1,11,36,13,0,34,31,9
전남,완도군,일반,여자,80-84세,279,1,1,28,91,22,4,49,37,11
전남,완도군,일반,여자,85세이상,224,2,6,30,95,14,2,33,16,5
전남,완도군,기초,남자,65세미만,12,0,1,3,4,0,0,2,0,1
전남,완도군,기초,남자,65-69세,19,0,0,3,8,2,0,4,1,1
전남,완도군,기초,남자,70-74세,19,0,0,2,10,1,0,2,0,1
전남,완도군,기초,남자,75-79세,20,0,0,2,8,1,1,4,0,0
전남,완도군,기초,남자,80-84세,18,0,0,2,7,1,2,2,2,0
전남,완도군,기초,남자,85세이상,10,0,0,2,3,2,0,0,2,0
전남,완도군,기초,여자,65세미만,5,0,1,0,2,0,0,1,1,0
전남,완도군,기초,여자,65-69세,16,0,3,1,4,1,0,1,1,1
전남,완도군,기초,여자,70-74세,18,0,1,1,6,0,2,3,4,0
전남,완도군,기초,여자,75-79세,58,0,3,3,21,3,0,8,8,2
전남,완도군,기초,여자,80-84세,75,1,4,12,32,7,0,6,4,1
전남,완도군,기초,여자,85세이상,107,3,7,22,42,3,0,8,2,1
전남,완도군,의료,남자,65세미만,0,0,0,0,0,0,0,0,0,0
전남,완도군,의료,남자,65-69세,0,0,0,0,0,0,0,0,0,0
전남,완도군,의료,남자,70-74세,0,0,0,0,0,0,0,0,0,0
전남,완도군,의료,남자,75-79세,4,0,1,0,1,0,0,1,1,0
전남,완도군,의료,남자,80-84세,1,0,0,0,0,0,0,0,0,0
전남,완도군,의료,남자,85세이상,5,0,0,2,1,0,0,0,2,0
전남,완도군,의료,여자,65세미만,0,0,0,0,0,0,0,0,0,0
전남,완도군,의료,여자,65-69세,1,0,0,0,0,0,0,0,1,0
전남,완도군,의료,여자,70-74세,1,0,0,0,1,0,0,0,0,0
전남,완도군,의료,여자,75-79세,4,0,0,2,0,0,0,0,2,0
전남,완도군,의료,여자,80-84세,4,0,0,1,0,0,0,2,0,0
전남,완도군,의료,여자,85세이상,14,0,1,3,6,0,1,0,2,0
전남,완도군,감경,남자,65세미만,7,0,1,0,5,0,0,0,1,0
전남,완도군,감경,남자,65-69세,16,0,0,5,9,1,0,0,1,0
전남,완도군,감경,남자,70-74세,44,1,3,13,22,4,0,0,0,0
전남,완도군,감경,남자,75-79세,63,2,5,17,26,9,1,0,2,0
전남,완도군,감경,남자,80-84세,115,3,4,25,62,15,1,2,1,1
전남,완도군,감경,남자,85세이상,121,0,4,19,82,12,0,1,0,2
전남,완도군,감경,여자,65세미만,4,0,0,2,1,1,0,0,0,0
전남,완도군,감경,여자,65-69세,23,0,2,8,8,2,1,0,0,1
전남,완도군,감경,여자,70-74세,62,2,6,6,31,4,6,2,3,1
전남,완도군,감경,여자,75-79세,171,0,12,31,99,20,0,5,2,0
전남,완도군,감경,여자,80-84세,417,2,23,99,231,43,4,3,0,1
전남,완도군,감경,여자,85세이상,549,9,26,159,302,41,4,0,1,0
전남,진도군,일반,남자,65세미만,4,0,0,0,2,0,0,1,0,0
전남,진도군,일반,남자,65-69세,25,0,0,3,1,0,0,2,3,9
전남,진도군,일반,남자,70-74세,21,0,2,0,5,0,1,2,2,0
전남,진도군,일반,남자,75-79세,43,1,1,9,7,3,2,7,6,1
전남,진도군,일반,남자,80-84세,68,0,2,6,21,5,2,12,11,1
전남,진도군,일반,남자,85세이상,38,0,6,2,7,2,0,4,6,2
전남,진도군,일반,여자,65세미만,2,0,0,0,0,0,0,1,0,0
전남,진도군,일반,여자,65-69세,18,0,0,1,0,0,0,2,5,1
전남,진도군,일반,여자,70-74세,58,1,0,2,11,0,0,7,14,2
전남,진도군,일반,여자,75-79세,104,1,0,10,19,7,1,17,16,5
전남,진도군,일반,여자,80-84세,178,0,5,18,45,11,4,30,23,5
전남,진도군,일반,여자,85세이상,180,1,5,14,75,15,4,23,14,5
전남,진도군,기초,남자,65세미만,18,1,0,3,6,2,1,2,2,0
전남,진도군,기초,남자,65-69세,24,0,0,3,6,2,0,3,6,1
전남,진도군,기초,남자,70-74세,16,0,0,2,4,2,0,1,3,0
전남,진도군,기초,남자,75-79세,11,0,0,1,2,0,2,0,3,0
전남,진도군,기초,남자,80-84세,10,0,1,0,3,0,1,0,1,2
전남,진도군,기초,남자,85세이상,14,0,0,0,5,3,0,2,2,1
전남,진도군,기초,여자,65세미만,9,0,1,0,2,2,0,0,1,1
전남,진도군,기초,여자,65-69세,15,0,1,1,5,1,0,1,3,1
전남,진도군,기초,여자,70-74세,20,0,0,1,12,2,0,0,3,0
전남,진도군,기초,여자,75-79세,29,0,0,2,8,3,1,4,2,0
전남,진도군,기초,여자,80-84세,55,0,0,7,16,2,2,7,6,2
전남,진도군,기초,여자,85세이상,82,4,6,16,22,4,1,6,4,0
전남,진도군,의료,남자,65세미만,0,0,0,0,0,0,0,0,0,0
전남,진도군,의료,남자,65-69세,0,0,0,0,0,0,0,0,0,0
전남,진도군,의료,남자,70-74세,1,0,0,0,0,0,0,0,1,0
전남,진도군,의료,남자,75-79세,0,0,0,0,0,0,0,0,0,0
전남,진도군,의료,남자,80-84세,0,0,0,0,0,0,0,0,0,0
전남,진도군,의료,남자,85세이상,2,0,0,0,2,0,0,0,0,0
전남,진도군,의료,여자,65세미만,0,0,0,0,0,0,0,0,0,0
전남,진도군,의료,여자,65-69세,1,0,0,0,0,0,0,0,1,0
전남,진도군,의료,여자,70-74세,0,0,0,0,0,0,0,0,0,0
전남,진도군,의료,여자,75-79세,4,0,0,0,1,0,1,0,1,0
전남,진도군,의료,여자,80-84세,5,0,0,1,0,2,0,1,0,0
전남,진도군,의료,여자,85세이상,14,0,0,4,8,0,0,0,1,0
전남,진도군,감경,남자,65세미만,3,0,0,0,2,1,0,0,0,0
전남,진도군,감경,남자,65-69세,7,0,1,1,2,0,1,1,1,0
전남,진도군,감경,남자,70-74세,21,0,1,4,12,3,0,0,0,0
전남,진도군,감경,남자,75-79세,30,0,2,9,15,4,0,0,0,0
전남,진도군,감경,남자,80-84세,49,2,1,13,20,9,1,1,0,0
전남,진도군,감경,남자,85세이상,56,1,2,13,29,7,2,0,0,1
전남,진도군,감경,여자,65세미만,3,1,0,1,0,0,0,0,0,0
전남,진도군,감경,여자,65-69세,14,0,0,2,5,2,0,1,0,0
전남,진도군,감경,여자,70-74세,39,1,3,7,8,7,2,1,2,0
전남,진도군,감경,여자,75-79세,87,3,1,15,41,15,3,0,1,0
전남,진도군,감경,여자,80-84세,229,1,8,47,107,39,9,4,0,1
전남,진도군,감경,여자,85세이상,338,4,15,87,186,36,1,1,0,0
전남,신안군,일반,남자,65세미만,1,0,0,0,0,0,0,1,0,0
전남,신안군,일반,남자,65-69세,20,0,0,1,6,2,0,4,2,3
전남,신안군,일반,남자,70-74세,47,0,0,12,11,3,0,3,8,8
전남,신안군,일반,남자,75-79세,55,0,1,3,17,6,1,7,14,1
전남,신안군,일반,남자,80-84세,84,0,3,7,25,8,3,10,11,7
전남,신안군,일반,남자,85세이상,64,0,1,10,28,7,1,4,6,2
전남,신안군,일반,여자,65세미만,3,1,0,1,1,0,0,0,0,0
전남,신안군,일반,여자,65-69세,30,0,0,2,3,2,1,4,4,10
전남,신안군,일반,여자,70-74세,57,0,1,3,8,1,0,15,12,8
전남,신안군,일반,여자,75-79세,128,0,3,10,33,8,2,25,22,9
전남,신안군,일반,여자,80-84세,241,1,4,14,97,35,4,35,14,4
전남,신안군,일반,여자,85세이상,196,2,4,34,79,21,4,19,14,0
전남,신안군,기초,남자,65세미만,17,0,1,5,7,0,0,1,0,1
전남,신안군,기초,남자,65-69세,27,0,1,3,8,3,2,2,3,3
전남,신안군,기초,남자,70-74세,19,0,0,0,5,1,0,1,4,7
전남,신안군,기초,남자,75-79세,17,0,0,5,2,3,0,2,1,0
전남,신안군,기초,남자,80-84세,13,0,0,5,3,2,0,0,0,2
전남,신안군,기초,남자,85세이상,9,0,1,1,2,1,0,1,0,0
전남,신안군,기초,여자,65세미만,4,0,0,0,2,1,0,0,0,0
전남,신안군,기초,여자,65-69세,15,0,1,2,1,3,0,2,3,1
전남,신안군,기초,여자,70-74세,24,0,0,2,9,3,0,1,2,4
전남,신안군,기초,여자,75-79세,39,0,2,4,17,2,0,0,2,7
전남,신안군,기초,여자,80-84세,48,0,1,9,19,3,0,6,5,3
전남,신안군,기초,여자,85세이상,61,3,3,12,33,6,1,0,1,0
전남,신안군,의료,남자,65세미만,0,0,0,0,0,0,0,0,0,0
전남,신안군,의료,남자,65-69세,0,0,0,0,0,0,0,0,0,0
전남,신안군,의료,남자,70-74세,0,0,0,0,0,0,0,0,0,0
전남,신안군,의료,남자,75-79세,2,0,0,0,1,0,0,0,1,0
전남,신안군,의료,남자,80-84세,1,0,0,0,1,0,0,0,0,0
전남,신안군,의료,남자,85세이상,4,0,0,0,2,0,0,1,1,0
전남,신안군,의료,여자,65세미만,0,0,0,0,0,0,0,0,0,0
전남,신안군,의료,여자,65-69세,1,0,0,0,0,0,0,0,0,1
전남,신안군,의료,여자,70-74세,1,0,0,0,1,0,0,0,0,0
전남,신안군,의료,여자,75-79세,1,0,0,0,1,0,0,0,0,0
전남,신안군,의료,여자,80-84세,7,0,0,1,3,1,0,0,1,0
전남,신안군,의료,여자,85세이상,14,1,2,3,6,2,0,0,0,0
전남,신안군,감경,남자,65세미만,6,2,0,1,1,0,1,0,0,0
전남,신안군,감경,남자,65-69세,10,0,0,2,4,0,1,1,0,0
전남,신안군,감경,남자,70-74세,27,0,1,5,13,1,1,2,1,0
전남,신안군,감경,남자,75-79세,48,0,2,13,21,7,2,0,1,0
전남,신안군,감경,남자,80-84세,77,2,5,13,37,14,4,0,0,0
전남,신안군,감경,남자,85세이상,65,0,7,6,33,16,3,0,0,0
전남,신안군,감경,여자,65세미만,4,0,0,1,1,1,0,1,0,0
전남,신안군,감경,여자,65-69세,10,0,1,1,4,1,1,1,0,0
전남,신안군,감경,여자,70-74세,34,1,1,5,17,6,2,0,0,1
전남,신안군,감경,여자,75-79세,99,3,1,12,51,17,4,2,2,0
전남,신안군,감경,여자,80-84세,261,2,10,39,149,42,5,0,2,0
전남,신안군,감경,여자,85세이상,365,4,13,71,218,46,4,0,0,1
경북,포항시,일반,남자,65세미만,92,5,3,10,14,3,5,9,11,1
경북,포항시,일반,남자,65-69세,256,6,11,39,58,11,3,37,21,4
경북,포항시,일반,남자,70-74세,376,12,17,59,112,19,7,38,20,7
경북,포항시,일반,남자,75-79세,451,10,16,75,132,30,7,34,32,7
경북,포항시,일반,남자,80-84세,555,16,27,101,185,44,11,40,31,5
경북,포항시,일반,남자,85세이상,449,8,10,79,191,38,6,25,18,2
경북,포항시,일반,여자,65세미만,108,3,3,8,24,8,1,16,3,2
경북,포항시,일반,여자,65-69세,269,2,9,26,42,16,2,47,25,8
경북,포항시,일반,여자,70-74세,538,14,13,72,138,42,5,61,41,8
경북,포항시,일반,여자,75-79세,993,24,33,120,286,67,11,104,56,10
경북,포항시,일반,여자,80-84세,1451,31,41,205,551,111,20,110,46,16
경북,포항시,일반,여자,85세이상,1455,51,84,346,595,77,9,64,26,2
경북,포항시,기초,남자,65세미만,197,3,5,26,67,10,2,24,8,2
경북,포항시,기초,남자,65-69세,255,2,3,22,81,22,3,23,29,11
경북,포항시,기초,남자,70-74세,209,4,2,20,91,18,3,18,19,8
경북,포항시,기초,남자,75-79세,154,1,6,18,51,18,3,8,12,5
경북,포항시,기초,남자,80-84세,158,3,4,23,51,22,2,10,14,1
경북,포항시,기초,남자,85세이상,89,1,6,15,33,5,0,4,4,1
경북,포항시,기초,여자,65세미만,121,2,5,20,36,9,2,15,7,0
경북,포항시,기초,여자,65-69세,211,6,4,28,74,4,1,33,15,3
경북,포항시,기초,여자,70-74세,294,5,10,22,104,22,2,30,38,7
경북,포항시,기초,여자,75-79세,422,6,13,49,158,37,4,37,34,8
경북,포항시,기초,여자,80-84세,551,15,16,77,222,46,4,32,20,4
경북,포항시,기초,여자,85세이상,602,23,40,123,228,30,7,25,8,2
경북,포항시,의료,남자,65세미만,2,1,0,0,0,0,0,1,0,0
경북,포항시,의료,남자,65-69세,4,1,0,1,0,0,0,0,0,0
경북,포항시,의료,남자,70-74세,5,0,0,2,1,0,0,2,0,0
경북,포항시,의료,남자,75-79세,10,0,0,0,5,1,0,1,1,0
경북,포항시,의료,남자,80-84세,8,0,0,2,2,2,1,0,0,0
경북,포항시,의료,남자,85세이상,12,0,0,1,6,1,0,1,1,0
경북,포항시,의료,여자,65세미만,1,0,0,0,1,0,0,0,0,0
경북,포항시,의료,여자,65-69세,4,0,0,0,1,0,0,1,1,0
경북,포항시,의료,여자,70-74세,14,1,0,2,5,0,0,4,0,0
경북,포항시,의료,여자,75-79세,17,0,0,1,8,0,0,1,1,0
경북,포항시,의료,여자,80-84세,23,0,1,2,9,1,0,3,1,0
경북,포항시,의료,여자,85세이상,73,2,6,19,30,1,1,0,0,0
경북,포항시,감경,남자,65세미만,59,3,7,20,15,1,1,0,0,1
경북,포항시,감경,남자,65-69세,153,6,9,42,60,15,3,2,0,0
경북,포항시,감경,남자,70-74세,218,9,14,51,100,21,3,1,1,0
경북,포항시,감경,남자,75-79세,240,11,15,59,105,23,3,1,2,1
경북,포항시,감경,남자,80-84세,310,9,26,61,156,42,6,0,0,0
경북,포항시,감경,남자,85세이상,282,11,13,68,141,23,5,4,0,0
경북,포항시,감경,여자,65세미만,48,3,4,17,11,8,0,0,0,0
경북,포항시,감경,여자,65-69세,148,13,9,33,61,6,3,2,3,0
경북,포항시,감경,여자,70-74세,287,9,16,69,123,26,5,5,2,2
경북,포항시,감경,여자,75-79세,545,12,26,114,246,68,11,9,1,0
경북,포항시,감경,여자,80-84세,1035,38,64,251,488,94,8,5,2,0
경북,포항시,감경,여자,85세이상,1460,68,121,422,632,100,8,2,1,1
경북,경주시,일반,남자,65세미만,62,1,2,9,14,2,2,14,6,1
경북,경주시,일반,남자,65-69세,165,3,6,21,51,7,4,20,12,0
경북,경주시,일반,남자,70-74세,256,10,13,36,77,16,1,29,24,5
경북,경주시,일반,남자,75-79세,347,10,18,52,139,23,2,25,22,4
경북,경주시,일반,남자,80-84세,508,8,27,97,200,31,6,43,31,2
경북,경주시,일반,남자,85세이상,473,7,18,106,229,24,2,20,18,1
경북,경주시,일반,여자,65세미만,45,2,2,13,5,1,1,4,2,1
경북,경주시,일반,여자,65-69세,199,5,7,25,48,3,2,37,17,1
경북,경주시,일반,여자,70-74세,441,5,11,54,124,32,3,52,35,6
경북,경주시,일반,여자,75-79세,827,15,24,105,305,51,7,77,47,6
경북,경주시,일반,여자,80-84세,1374,28,52,240,601,106,10,101,39,9
경북,경주시,일반,여자,85세이상,1486,53,112,347,662,77,8,52,14,2
경북,경주시,기초,남자,65세미만,82,4,3,10,26,2,0,11,5,3
경북,경주시,기초,남자,65-69세,120,2,2,12,46,9,1,13,9,2
경북,경주시,기초,남자,70-74세,108,4,3,16,42,5,0,6,13,4
경북,경주시,기초,남자,75-79세,70,1,3,11,21,4,0,2,7,2
경북,경주시,기초,남자,80-84세,82,3,12,11,26,5,0,6,3,2
경북,경주시,기초,남자,85세이상,52,0,2,13,20,3,1,3,4,0
경북,경주시,기초,여자,65세미만,50,4,4,4,8,4,0,7,5,0
경북,경주시,기초,여자,65-69세,107,6,6,15,37,5,2,9,7,1
경북,경주시,기초,여자,70-74세,166,3,7,23,68,9,0,16,6,2
경북,경주시,기초,여자,75-79세,195,5,7,26,69,15,4,16,17,0
경북,경주시,기초,여자,80-84세,294,7,14,51,134,12,3,14,8,0
경북,경주시,기초,여자,85세이상,373,17,29,72,145,9,2,13,5,0
경북,경주시,의료,남자,65세미만,0,0,0,0,0,0,0,0,0,0
경북,경주시,의료,남자,65-69세,4,0,0,2,0,0,0,2,0,0
경북,경주시,의료,남자,70-74세,3,1,0,0,2,0,0,0,0,0
경북,경주시,의료,남자,75-79세,6,0,0,0,3,0,0,1,0,0
경북,경주시,의료,남자,80-84세,4,0,0,1,3,0,0,0,0,0
경북,경주시,의료,남자,85세이상,9,0,1,2,4,0,0,0,0,0
경북,경주시,의료,여자,65세미만,0,0,0,0,0,0,0,0,0,0
경북,경주시,의료,여자,65-69세,2,0,1,0,0,0,0,0,0,0
경북,경주시,의료,여자,70-74세,6,0,0,1,1,0,0,1,0,0
경북,경주시,의료,여자,75-79세,6,0,0,0,1,1,0,1,1,0
경북,경주시,의료,여자,80-84세,22,0,2,3,12,1,0,0,0,0
경북,경주시,의료,여자,85세이상,45,0,3,7,24,2,0,1,0,0
경북,경주시,감경,남자,65세미만,43,3,3,14,17,3,0,0,0,0
경북,경주시,감경,남자,65-69세,89,6,4,24,46,3,0,3,1,0
경북,경주시,감경,남자,70-74세,127,3,11,25,59,10,1,1,1,0
경북,경주시,감경,남자,75-79세,146,3,7,33,75,19,2,0,0,0
경북,경주시,감경,남자,80-84세,207,6,13,50,112,16,1,1,0,0
경북,경주시,감경,남자,85세이상,236,3,15,59,133,18,4,0,0,0
경북,경주시,감경,여자,65세미만,28,5,2,5,6,1,0,0,0,0
경북,경주시,감경,여자,65-69세,83,4,7,21,33,7,0,0,1,0
경북,경주시,감경,여자,70-74세,180,5,6,59,78,12,2,3,0,1
경북,경주시,감경,여자,75-79세,360,7,14,87,176,39,4,3,1,0
경북,경주시,감경,여자,80-84세,740,17,40,163,410,49,4,5,2,0
경북,경주시,감경,여자,85세이상,1075,33,101,316,516,59,4,1,0,0
경북,김천시,일반,남자,65세미만,30,2,5,5,3,0,0,5,2,1
경북,김천시,일반,남자,65-69세,57,2,0,8,6,4,1,12,4,1
경북,김천시,일반,남자,70-74세,76,0,5,12,23,5,3,6,4,2
경북,김천시,일반,남자,75-79세,151,3,9,25,53,16,4,9,4,1
경북,김천시,일반,남자,80-84세,200,4,11,28,67,27,3,13,13,4
경북,김천시,일반,남자,85세이상,238,2,11,44,106,32,2,11,8,3
경북,김천시,일반,여자,65세미만,17,0,2,1,3,0,1,2,1,1
경북,김천시,일반,여자,65-69세,64,2,1,6,16,6,0,10,7,1
경북,김천시,일반,여자,70-74세,154,3,3,16,34,13,5,24,11,3
경북,김천시,일반,여자,75-79세,281,2,4,38,91,30,6,32,25,5
경북,김천시,일반,여자,80-84세,558,12,17,92,217,73,11,36,20,5
경북,김천시,일반,여자,85세이상,614,19,32,122,273,69,6,24,14,2
경북,김천시,기초,남자,65세미만,67,1,3,9,19,9,1,6,2,1
경북,김천시,기초,남자,65-69세,62,0,1,6,18,6,6,7,8,1
경북,김천시,기초,남자,70-74세,54,0,4,8,12,8,2,9,2,0
경북,김천시,기초,남자,75-79세,46,1,2,3,16,7,2,3,2,1
경북,김천시,기초,남자,80-84세,43,0,2,3,18,11,2,1,2,1
경북,김천시,기초,남자,85세이상,24,0,5,3,8,4,0,0,1,0
경북,김천시,기초,여자,65세미만,34,3,3,5,5,5,0,7,0,0
경북,김천시,기초,여자,65-69세,57,4,1,6,17,6,1,5,6,3
경북,김천시,기초,여자,70-74세,79,0,0,15,23,14,1,7,8,1
경북,김천시,기초,여자,75-79세,117,2,7,16,38,17,2,7,3,2
경북,김천시,기초,여자,80-84세,175,4,9,27,72,29,0,7,2,2
경북,김천시,기초,여자,85세이상,213,10,18,45,81,23,2,5,3,1
경북,김천시,의료,남자,65세미만,2,0,0,1,0,0,0,0,1,0
경북,김천시,의료,남자,65-69세,1,0,0,0,0,0,0,0,0,0
경북,김천시,의료,남자,70-74세,2,0,0,0,1,0,0,0,1,0
경북,김천시,의료,남자,75-79세,0,0,0,0,0,0,0,0,0,0
경북,김천시,의료,남자,80-84세,1,0,0,0,1,0,0,0,0,0
경북,김천시,의료,남자,85세이상,12,0,2,2,3,2,0,1,0,0
경북,김천시,의료,여자,65세미만,0,0,0,0,0,0,0,0,0,0
경북,김천시,의료,여자,65-69세,1,0,0,0,1,0,0,0,0,0
경북,김천시,의료,여자,70-74세,2,0,0,0,0,0,0,1,0,0
경북,김천시,의료,여자,75-79세,4,0,0,2,1,0,0,0,0,0
경북,김천시,의료,여자,80-84세,15,1,1,3,5,0,0,2,0,0
경북,김천시,의료,여자,85세이상,38,0,3,13,13,6,0,0,0,0
경북,김천시,감경,남자,65세미만,20,1,2,4,7,0,1,1,0,0
경북,김천시,감경,남자,65-69세,39,1,3,12,15,3,1,1,0,0
경북,김천시,감경,남자,70-74세,57,0,6,20,16,6,4,1,1,0
경북,김천시,감경,남자,75-79세,73,3,4,14,38,7,2,0,0,0
경북,김천시,감경,남자,80-84세,142,0,4,32,77,23,1,0,0,0
경북,김천시,감경,남자,85세이상,181,4,11,40,87,31,3,0,0,0
경북,김천시,감경,여자,65세미만,22,2,2,6,6,3,0,2,0,1
경북,김천시,감경,여자,65-69세,47,4,2,4,24,5,3,1,0,1
경북,김천시,감경,여자,70-74세,103,3,7,19,39,18,3,2,0,0
경북,김천시,감경,여자,75-79세,215,6,19,50,86,34,1,2,2,0
경북,김천시,감경,여자,80-84세,489,12,38,112,223,80,7,2,1,0
경북,김천시,감경,여자,85세이상,885,36,65,268,411,84,7,0,0,0
경북,안동시,일반,남자,65세미만,36,1,3,7,5,2,0,5,3,1
경북,안동시,일반,남자,65-69세,83,5,4,16,18,0,0,9,8,4
경북,안동시,일반,남자,70-74세,135,4,9,23,29,3,2,12,11,4
경북,안동시,일반,남자,75-79세,195,7,10,32,66,12,3,12,19,3
경북,안동시,일반,남자,80-84세,327,4,10,47,107,35,3,22,28,9
경북,안동시,일반,남자,85세이상,314,6,10,60,125,34,4,25,16,1
경북,안동시,일반,여자,65세미만,26,0,1,6,0,0,1,3,2,3
경북,안동시,일반,여자,65-69세,110,2,5,13,17,4,1,12,16,4
경북,안동시,일반,여자,70-74세,235,3,6,20,45,17,4,35,30,9
경북,안동시,일반,여자,75-79세,454,8,19,43,116,33,6,55,51,8
경북,안동시,일반,여자,80-84세,769,11,39,121,284,65,4,73,52,9
경북,안동시,일반,여자,85세이상,839,22,53,154,345,66,6,49,39,2
경북,안동시,기초,남자,65세미만,98,5,9,20,30,4,0,6,3,2
경북,안동시,기초,남자,65-69세,83,2,3,7,34,6,1,6,7,2
경북,안동시,기초,남자,70-74세,66,0,6,10,22,4,1,6,3,2
경북,안동시,기초,남자,75-79세,52,1,1,9,15,6,1,7,4,1
경북,안동시,기초,남자,80-84세,38,0,4,6,9,7,1,2,4,0
경북,안동시,기초,남자,85세이상,42,0,3,5,15,2,0,2,3,1
경북,안동시,기초,여자,65세미만,65,5,4,11,16,3,1,6,3,4
경북,안동시,기초,여자,65-69세,93,3,3,10,31,6,0,14,8,9
경북,안동시,기초,여자,70-74세,100,3,7,11,25,7,2,5,16,1
경북,안동시,기초,여자,75-79세,130,4,4,17,42,13,0,10,15,2
경북,안동시,기초,여자,80-84세,186,7,7,22,60,18,4,23,9,6
경북,안동시,기초,여자,85세이상,280,10,22,57,104,19,3,7,5,1
경북,안동시,의료,남자,65세미만,0,0,0,0,0,0,0,0,0,0
경북,안동시,의료,남자,65-69세,2,0,0,0,2,0,0,0,0,0
경북,안동시,의료,남자,70-74세,3,0,1,1,0,1,0,0,0,0
경북,안동시,의료,남자,75-79세,0,0,0,0,0,0,0,0,0,0
경북,안동시,의료,남자,80-84세,1,0,0,0,0,0,0,1,0,0
경북,안동시,의료,남자,85세이상,11,0,0,2,6,0,0,0,2,0
경북,안동시,의료,여자,65세미만,0,0,0,0,0,0,0,0,0,0
경북,안동시,의료,여자,65-69세,1,0,0,1,0,0,0,0,0,0
경북,안동시,의료,여자,70-74세,4,1,0,0,2,0,0,0,0,0
경북,안동시,의료,여자,75-79세,5,0,1,0,2,1,0,0,0,0
경북,안동시,의료,여자,80-84세,23,1,1,1,7,2,0,0,3,0
경북,안동시,의료,여자,85세이상,51,1,4,7,22,2,0,2,1,0
경북,안동시,감경,남자,65세미만,32,1,5,11,7,0,0,0,0,0
경북,안동시,감경,남자,65-69세,58,4,8,15,20,1,0,0,2,0
경북,안동시,감경,남자,70-74세,78,6,7,23,35,3,2,0,0,0
경북,안동시,감경,남자,75-79세,111,8,6,30,50,11,1,1,0,0
경북,안동시,감경,남자,80-84세,161,3,14,40,73,18,3,2,1,0
경북,안동시,감경,남자,85세이상,219,5,22,48,114,23,3,0,0,0
경북,안동시,감경,여자,65세미만,27,2,6,7,5,0,0,1,0,0
경북,안동시,감경,여자,65-69세,59,3,2,16,23,3,2,0,2,0
경북,안동시,감경,여자,70-74세,109,3,14,24,40,14,1,3,2,0
경북,안동시,감경,여자,75-79세,276,9,19,53,138,27,3,4,3,2
경북,안동시,감경,여자,80-84세,615,20,46,114,320,74,8,4,3,0
경북,안동시,감경,여자,85세이상,964,27,102,229,511,56,5,3,2,0
경북,구미시,일반,남자,65세미만,68,2,5,12,13,4,0,10,4,3
경북,구미시,일반,남자,65-69세,119,6,1,20,30,10,0,14,5,8
경북,구미시,일반,남자,70-74세,120,2,2,20,31,13,2,15,6,4
경북,구미시,일반,남자,75-79세,167,4,6,25,52,21,1,13,11,1
경북,구미시,일반,남자,80-84세,231,3,8,35,70,48,3,17,11,4
경북,구미시,일반,남자,85세이상,241,7,7,25,100,56,1,17,3,4
경북,구미시,일반,여자,65세미만,60,3,1,9,12,3,0,11,2,3
경북,구미시,일반,여자,65-69세,117,2,4,8,26,5,1,17,10,2
경북,구미시,일반,여자,70-74세,234,6,12,32,48,25,5,29,22,2
경북,구미시,일반,여자,75-79세,379,7,16,35,105,61,9,42,27,5
경북,구미시,일반,여자,80-84세,742,17,26,117,241,146,23,55,25,6
경북,구미시,일반,여자,85세이상,745,18,56,154,280,120,7,28,14,2
경북,구미시,기초,남자,65세미만,109,5,5,15,26,12,3,7,7,5
경북,구미시,기초,남자,65-69세,96,1,4,15,22,20,3,4,4,9
경북,구미시,기초,남자,70-74세,60,1,4,5,19,13,4,4,3,1
경북,구미시,기초,남자,75-79세,47,2,2,6,13,7,3,5,3,1
경북,구미시,기초,남자,80-84세,56,1,1,13,17,13,1,0,1,0
경북,구미시,기초,남자,85세이상,28,0,1,8,13,4,0,1,0,0
경북,구미시,기초,여자,65세미만,61,3,5,11,10,6,1,3,8,2
경북,구미시,기초,여자,65-69세,78,1,7,9,19,11,4,5,4,1
경북,구미시,기초,여자,70-74세,99,0,5,9,31,21,3,5,4,3
경북,구미시,기초,여자,75-79세,131,4,3,15,51,22,3,7,5,1
경북,구미시,기초,여자,80-84세,167,6,10,24,61,31,7,10,5,0
경북,구미시,기초,여자,85세이상,232,12,20,68,73,29,2,4,1,0
경북,구미시,의료,남자,65세미만,1,0,0,0,0,0,0,0,0,0
경북,구미시,의료,남자,65-69세,0,0,0,0,0,0,0,0,0,0
경북,구미시,의료,남자,70-74세,1,0,0,0,0,1,0,0,0,0
경북,구미시,의료,남자,75-79세,5,0,0,0,2,1,0,1,0,0
경북,구미시,의료,남자,80-84세,1,0,0,0,1,0,0,0,0,0
경북,구미시,의료,남자,85세이상,8,0,1,3,2,1,0,0,0,0
경북,구미시,의료,여자,65세미만,0,0,0,0,0,0,0,0,0,0
경북,구미시,의료,여자,65-69세,0,0,0,0,0,0,0,0,0,0
경북,구미시,의료,여자,70-74세,5,0,0,1,1,0,0,1,1,0
경북,구미시,의료,여자,75-79세,5,0,0,1,2,0,0,0,1,0
경북,구미시,의료,여자,80-84세,14,0,0,3,3,2,0,0,1,0
경북,구미시,의료,여자,85세이상,41,1,4,7,13,5,2,1,1,0
경북,구미시,감경,남자,65세미만,56,5,6,12,20,4,2,0,0,0
경북,구미시,감경,남자,65-69세,72,5,5,19,31,6,2,0,0,0
경북,구미시,감경,남자,70-74세,101,5,5,24,43,13,6,1,0,0
경북,구미시,감경,남자,75-79세,108,1,4,29,45,25,1,0,1,0
경북,구미시,감경,남자,80-84세,141,4,9,29,59,29,4,1,0,0
경북,구미시,감경,남자,85세이상,190,4,11,45,78,41,6,1,0,0
경북,구미시,감경,여자,65세미만,37,6,2,11,11,3,0,1,0,0
경북,구미시,감경,여자,65-69세,71,7,5,18,20,10,0,2,2,0
경북,구미시,감경,여자,70-74세,151,6,5,33,61,25,6,3,0,0
경북,구미시,감경,여자,75-79세,374,13,28,80,147,69,12,2,0,0
경북,구미시,감경,여자,80-84세,690,23,54,144,276,152,11,1,3,0
경북,구미시,감경,여자,85세이상,1044,58,92,294,427,143,11,3,0,0
경북,영주시,일반,남자,65세미만,22,4,0,0,3,0,0,6,2,4
경북,영주시,일반,남자,65-69세,50,1,1,2,9,6,2,5,5,6
경북,영주시,일반,남자,70-74세,82,2,2,7,17,8,7,10,6,4
경북,영주시,일반,남자,75-79세,122,0,4,12,20,12,9,10,14,8
경북,영주시,일반,남자,80-84세,189,1,6,15,38,39,10,10,13,11
경북,영주시,일반,남자,85세이상,171,1,4,15,33,24,28,11,11,10
경북,영주시,일반,여자,65세미만,16,0,1,2,1,0,1,5,1,1
경북,영주시,일반,여자,65-69세,71,0,0,5,11,6,3,10,11,1
경북,영주시,일반,여자,70-74세,119,1,3,7,19,10,6,16,17,7
경북,영주시,일반,여자,75-79세,279,2,10,22,35,43,22,36,30,12
경북,영주시,일반,여자,80-84세,472,4,8,45,106,71,43,43,42,10
경북,영주시,일반,여자,85세이상,510,13,20,95,118,95,36,32,28,5
경북,영주시,기초,남자,65세미만,35,0,2,4,6,1,1,6,3,3
경북,영주시,기초,남자,65-69세,39,0,1,3,4,2,2,5,8,5
경북,영주시,기초,남자,70-74세,36,1,0,7,7,3,3,4,3,2
경북,영주시,기초,남자,75-79세,26,1,2,3,3,3,1,1,4,0
경북,영주시,기초,남자,80-84세,31,0,1,5,5,6,2,1,1,1
경북,영주시,기초,남자,85세이상,26,0,0,1,8,4,3,1,1,0
경북,영주시,기초,여자,65세미만,30,0,0,9,2,0,3,1,5,6
경북,영주시,기초,여자,65-69세,47,0,1,3,6,5,4,4,6,7
경북,영주시,기초,여자,70-74세,52,2,1,5,7,6,2,4,15,2
경북,영주시,기초,여자,75-79세,76,2,0,5,11,17,1,5,18,1
경북,영주시,기초,여자,80-84세,108,1,2,10,21,20,8,9,9,1
경북,영주시,기초,여자,85세이상,192,6,8,25,45,30,11,9,10,1
경북,영주시,의료,남자,65세미만,1,0,0,0,0,0,0,1,0,0
경북,영주시,의료,남자,65-69세,2,0,0,0,0,0,0,0,1,0
경북,영주시,의료,남자,70-74세,4,1,0,1,1,0,0,0,1,0
경북,영주시,의료,남자,75-79세,3,0,0,2,0,0,0,0,0,0
경북,영주시,의료,남자,80-84세,3,0,0,0,2,0,0,0,0,1
경북,영주시,의료,남자,85세이상,8,0,0,2,0,2,0,1,0,0
경북,영주시,의료,여자,65세미만,1,0,0,0,0,0,0,0,1,0
경북,영주시,의료,여자,65-69세,0,0,0,0,0,0,0,0,0,0
경북,영주시,의료,여자,70-74세,1,0,0,0,1,0,0,0,0,0
경북,영주시,의료,여자,75-79세,3,0,0,0,0,0,1,0,1,0
경북,영주시,의료,여자,80-84세,8,0,1,1,2,0,1,1,0,0
경북,영주시,의료,여자,85세이상,22,0,4,4,4,4,2,0,0,0
경북,영주시,감경,남자,65세미만,15,0,0,3,6,2,1,0,1,0
경북,영주시,감경,남자,65-69세,22,1,0,5,3,3,4,0,0,0
경북,영주시,감경,남자,70-74세,40,0,1,7,12,15,2,0,0,0
경북,영주시,감경,남자,75-79세,45,0,4,10,17,8,2,2,1,0
경북,영주시,감경,남자,80-84세,91,1,6,17,22,24,12,0,1,0
경북,영주시,감경,남자,85세이상,125,2,8,23,45,39,6,0,0,0
경북,영주시,감경,여자,65세미만,11,1,0,2,6,1,0,0,0,0
경북,영주시,감경,여자,65-69세,29,3,2,9,6,0,3,0,0,0
경북,영주시,감경,여자,70-74세,63,1,3,17,9,13,8,0,2,0
경북,영주시,감경,여자,75-79세,141,5,9,23,44,29,17,0,2,0
경북,영주시,감경,여자,80-84세,336,5,22,70,107,73,37,2,1,0
경북,영주시,감경,여자,85세이상,525,10,30,136,173,117,36,1,0,1
경북,영천시,일반,남자,65세미만,20,0,0,3,1,1,0,7,1,0
경북,영천시,일반,남자,65-69세,59,1,2,8,19,1,0,9,8,2
경북,영천시,일반,남자,70-74세,130,2,4,24,36,10,0,13,6,5
경북,영천시,일반,남자,75-79세,160,3,7,21,46,13,6,14,19,1
경북,영천시,일반,남자,80-84세,222,2,10,36,81,23,3,16,6,6
경북,영천시,일반,남자,85세이상,227,0,7,44,97,23,2,14,8,1
경북,영천시,일반,여자,65세미만,8,1,3,1,1,0,0,1,0,0
경북,영천시,일반,여자,65-69세,72,0,1,4,21,3,0,10,2,1
경북,영천시,일반,여자,70-74세,194,2,5,19,48,17,3,30,17,1
경북,영천시,일반,여자,75-79세,391,1,7,40,115,38,8,48,28,8
경북,영천시,일반,여자,80-84세,557,3,13,77,229,80,11,46,31,3
경북,영천시,일반,여자,85세이상,587,5,28,128,272,55,4,33,9,1
경북,영천시,기초,남자,65세미만,61,4,3,7,16,3,3,1,4,2
경북,영천시,기초,남자,65-69세,73,2,2,2,23,3,1,6,13,5
경북,영천시,기초,남자,70-74세,68,0,1,7,22,10,0,3,8,2
경북,영천시,기초,남자,75-79세,46,0,1,7,10,4,0,3,7,0
경북,영천시,기초,남자,80-84세,70,0,3,4,21,10,1,3,3,1
경북,영천시,기초,남자,85세이상,44,1,0,5,19,5,0,1,1,0
경북,영천시,기초,여자,65세미만,31,1,2,2,6,3,0,7,1,1
경북,영천시,기초,여자,65-69세,59,1,1,8,13,5,1,6,5,3
경북,영천시,기초,여자,70-74세,79,0,3,9,26,10,1,6,3,0
경북,영천시,기초,여자,75-79세,126,0,6,13,43,9,1,14,4,3
경북,영천시,기초,여자,80-84세,182,2,8,27,66,12,2,13,4,3
경북,영천시,기초,여자,85세이상,234,10,11,45,80,14,1,10,7,0
경북,영천시,의료,남자,65세미만,0,0,0,0,0,0,0,0,0,0
경북,영천시,의료,남자,65-69세,1,0,0,0,0,0,0,0,0,0
경북,영천시,의료,남자,70-74세,3,0,0,1,1,1,0,0,0,0
경북,영천시,의료,남자,75-79세,1,0,0,0,0,0,0,0,0,0
경북,영천시,의료,남자,80-84세,1,0,0,0,1,0,0,0,0,0
경북,영천시,의료,남자,85세이상,5,0,0,1,0,0,0,0,1,0
경북,영천시,의료,여자,65세미만,0,0,0,0,0,0,0,0,0,0
경북,영천시,의료,여자,65-69세,0,0,0,0,0,0,0,0,0,0
경북,영천시,의료,여자,70-74세,2,0,0,1,1,0,0,0,0,0
경북,영천시,의료,여자,75-79세,2,0,0,0,0,0,0,0,0,0
경북,영천시,의료,여자,80-84세,10,0,0,2,4,2,0,0,0,0
경북,영천시,의료,여자,85세이상,29,2,0,9,10,1,0,1,0,0
경북,영천시,감경,남자,65세미만,20,1,0,6,7,1,2,0,0,0
경북,영천시,감경,남자,65-69세,40,2,4,10,11,3,1,1,1,1
경북,영천시,감경,남자,70-74세,58,1,1,17,28,5,1,1,0,0
경북,영천시,감경,남자,75-79세,84,2,2,19,47,6,0,0,0,0
경북,영천시,감경,남자,80-84세,120,4,4,28,53,20,2,1,1,0
경북,영천시,감경,남자,85세이상,150,2,6,34,86,17,2,2,0,0
경북,영천시,감경,여자,65세미만,11,1,1,2,2,0,1,0,0,0
경북,영천시,감경,여자,65-69세,35,0,2,8,18,2,0,0,0,1
경북,영천시,감경,여자,70-74세,88,0,4,16,39,16,1,3,4,0
경북,영천시,감경,여자,75-79세,216,6,13,48,100,28,5,2,0,0
경북,영천시,감경,여자,80-84세,447,6,14,102,220,71,3,3,2,1
경북,영천시,감경,여자,85세이상,658,10,39,180,351,53,6,2,1,0
경북,상주시,일반,남자,65세미만,17,0,1,1,5,2,0,3,1,0
경북,상주시,일반,남자,65-69세,61,2,1,15,12,6,2,11,2,1
경북,상주시,일반,남자,70-74세,106,4,6,13,30,7,1,13,10,6
경북,상주시,일반,남자,75-79세,134,3,8,19,41,14,1,12,14,2
경북,상주시,일반,남자,80-84세,239,4,5,42,81,39,1,14,20,4
경북,상주시,일반,남자,85세이상,241,1,7,40,100,36,3,11,13,2
경북,상주시,일반,여자,65세미만,8,0,3,0,2,0,0,0,1,0
경북,상주시,일반,여자,65-69세,67,1,1,6,10,0,1,9,10,1
경북,상주시,일반,여자,70-74세,166,3,7,15,41,7,6,21,17,2
경북,상주시,일반,여자,75-79세,332,2,12,26,98,34,7,52,29,4
경북,상주시,일반,여자,80-84세,639,8,18,72,248,89,19,65,34,1
경북,상주시,일반,여자,85세이상,806,25,49,133,366,102,7,42,15,4
경북,상주시,기초,남자,65세미만,36,1,1,5,10,4,1,4,2,0
경북,상주시,기초,남자,65-69세,52,1,4,3,25,3,1,3,0,2
경북,상주시,기초,남자,70-74세,33,0,1,2,14,6,0,2,3,3
경북,상주시,기초,남자,75-79세,28,0,0,2,15,2,0,0,5,2
경북,상주시,기초,남자,80-84세,37,0,4,1,14,4,1,1,5,2
경북,상주시,기초,남자,85세이상,10,0,0,3,4,2,0,1,0,0
경북,상주시,기초,여자,65세미만,22,1,2,2,6,4,0,3,1,0
경북,상주시,기초,여자,65-69세,38,1,3,2,13,1,0,3,4,2
경북,상주시,기초,여자,70-74세,58,1,3,5,18,7,0,6,7,1
경북,상주시,기초,여자,75-79세,73,1,2,10,31,9,1,5,2,1
경북,상주시,기초,여자,80-84세,132,2,4,16,60,18,2,4,9,2
경북,상주시,기초,여자,85세이상,162,10,15,22,73,19,0,4,3,0
경북,상주시,의료,남자,65세미만,1,0,0,0,0,0,0,1,0,0
경북,상주시,의료,남자,65-69세,0,0,0,0,0,0,0,0,0,0
경북,상주시,의료,남자,70-74세,1,0,0,0,1,0,0,0,0,0
경북,상주시,의료,남자,75-79세,1,0,0,0,0,0,0,0,0,0
경북,상주시,의료,남자,80-84세,2,0,0,0,0,1,0,1,0,0
경북,상주시,의료,남자,85세이상,14,0,1,2,3,3,0,0,3,0
경북,상주시,의료,여자,65세미만,0,0,0,0,0,0,0,0,0,0
경북,상주시,의료,여자,65-69세,0,0,0,0,0,0,0,0,0,0
경북,상주시,의료,여자,70-74세,3,0,0,0,2,0,0,0,0,1
경북,상주시,의료,여자,75-79세,0,0,0,0,0,0,0,0,0,0
경북,상주시,의료,여자,80-84세,14,0,1,2,6,3,0,0,0,0
경북,상주시,의료,여자,85세이상,25,0,2,8,9,4,0,1,0,0
경북,상주시,감경,남자,65세미만,13,0,1,3,4,1,1,0,0,0
경북,상주시,감경,남자,65-69세,34,0,4,5,18,3,0,1,0,0
경북,상주시,감경,남자,70-74세,43,2,2,10,23,3,0,0,0,0
경북,상주시,감경,남자,75-79세,77,3,2,21,34,9,3,0,0,0
경북,상주시,감경,남자,80-84세,135,5,8,26,64,26,2,0,0,0
경북,상주시,감경,남자,85세이상,206,3,9,41,112,33,4,0,0,0
경북,상주시,감경,여자,65세미만,19,0,4,7,3,2,0,2,0,0
경북,상주시,감경,여자,65-69세,29,3,2,6,12,4,0,1,0,0
경북,상주시,감경,여자,70-74세,97,5,9,14,43,18,3,3,0,0
경북,상주시,감경,여자,75-79세,232,3,7,39,104,49,9,0,2,0
경북,상주시,감경,여자,80-84세,552,12,30,105,262,109,14,3,1,0
경북,상주시,감경,여자,85세이상,969,33,82,242,467,119,11,4,0,0
경북,문경시,일반,남자,65세미만,16,0,0,1,2,1,0,6,2,2
경북,문경시,일반,남자,65-69세,47,0,4,10,8,2,0,6,4,0
경북,문경시,일반,남자,70-74세,82,3,2,14,21,5,2,10,5,1
경북,문경시,일반,남자,75-79세,132,4,5,18,32,16,1,17,13,4
경북,문경시,일반,남자,80-84세,153,0,8,31,43,25,5,13,4,2
경북,문경시,일반,남자,85세이상,146,1,7,21,45,31,4,9,7,1
경북,문경시,일반,여자,65세미만,19,3,0,3,2,1,0,3,3,0
경북,문경시,일반,여자,65-69세,70,1,2,10,14,7,1,7,10,1
경북,문경시,일반,여자,70-74세,139,3,4,10,31,13,5,21,9,5
경북,문경시,일반,여자,75-79세,218,4,9,21,52,38,4,27,16,5
경북,문경시,일반,여자,80-84세,418,8,20,63,140,66,9,28,18,7
경북,문경시,일반,여자,85세이상,438,13,25,90,168,70,8,18,11,2
경북,문경시,기초,남자,65세미만,43,1,6,8,11,0,0,2,2,1
경북,문경시,기초,남자,65-69세,40,2,0,8,12,4,1,4,3,1
경북,문경시,기초,남자,70-74세,37,0,1,3,14,2,1,2,7,1
경북,문경시,기초,남자,75-79세,32,0,0,7,8,3,0,4,4,0
경북,문경시,기초,남자,80-84세,20,0,0,1,7,7,0,0,1,0
경북,문경시,기초,남자,85세이상,18,0,0,0,8,2,0,1,0,0
경북,문경시,기초,여자,65세미만,15,2,1,4,4,1,0,0,0,0
경북,문경시,기초,여자,65-69세,44,0,0,5,14,7,0,2,5,2
경북,문경시,기초,여자,70-74세,39,1,2,5,9,5,1,6,2,1
경북,문경시,기초,여자,75-79세,78,2,1,17,17,11,1,9,2,1
경북,문경시,기초,여자,80-84세,101,3,8,17,28,15,4,5,3,0
경북,문경시,기초,여자,85세이상,168,2,15,27,58,26,1,5,1,0
경북,문경시,의료,남자,65세미만,0,0,0,0,0,0,0,0,0,0
경북,문경시,의료,남자,65-69세,0,0,0,0,0,0,0,0,0,0
경북,문경시,의료,남자,70-74세,1,0,0,0,0,0,0,0,0,0
경북,문경시,의료,남자,75-79세,1,0,0,0,1,0,0,0,0,0
경북,문경시,의료,남자,80-84세,3,0,0,0,0,0,0,1,0,0
경북,문경시,의료,남자,85세이상,5,0,0,0,3,1,0,0,0,0
경북,문경시,의료,여자,65세미만,0,0,0,0,0,0,0,0,0,0
경북,문경시,의료,여자,65-69세,0,0,0,0,0,0,0,0,0,0
경북,문경시,의료,여자,70-74세,3,0,0,0,2,0,0,0,0,0
경북,문경시,의료,여자,75-79세,3,0,0,0,0,0,0,2,0,0
경북,문경시,의료,여자,80-84세,12,0,0,2,4,2,0,3,0,0
경북,문경시,의료,여자,85세이상,21,0,2,6,7,4,0,1,0,0
경북,문경시,감경,남자,65세미만,13,2,1,2,5,0,0,0,0,0
경북,문경시,감경,남자,65-69세,32,1,1,7,13,5,1,0,1,0
경북,문경시,감경,남자,70-74세,46,2,4,8,20,7,2,0,0,0
경북,문경시,감경,남자,75-79세,42,1,0,12,14,10,0,0,0,0
경북,문경시,감경,남자,80-84세,110,2,10,24,46,23,4,0,0,0
경북,문경시,감경,남자,85세이상,148,3,10,47,61,20,3,0,1,0
경북,문경시,감경,여자,65세미만,11,1,0,2,3,4,0,0,1,0
경북,문경시,감경,여자,65-69세,27,3,1,5,11,1,2,1,0,0
경북,문경시,감경,여자,70-74세,71,2,3,11,27,12,3,2,0,0
경북,문경시,감경,여자,75-79세,152,1,9,25,67,34,2,2,2,0
경북,문경시,감경,여자,80-84세,412,10,28,72,172,96,16,2,2,0
경북,문경시,감경,여자,85세이상,664,17,59,165,304,101,3,0,1,1
경북,경산시,일반,남자,65세미만,48,3,4,10,12,2,0,6,2,0
경북,경산시,일반,남자,65-69세,113,2,6,20,33,9,1,12,8,5
경북,경산시,일반,남자,70-74세,169,2,9,39,46,19,2,11,5,5
경북,경산시,일반,남자,75-79세,239,3,13,43,86,36,3,10,6,0
경북,경산시,일반,남자,80-84세,307,7,22,68,102,41,3,11,14,0
경북,경산시,일반,남자,85세이상,317,7,28,76,93,52,1,10,9,2
경북,경산시,일반,여자,65세미만,50,5,3,8,8,3,2,7,3,0
경북,경산시,일반,여자,65-69세,122,5,3,19,27,6,3,20,6,2
경북,경산시,일반,여자,70-74세,296,2,5,38,103,22,5,32,23,3
경북,경산시,일반,여자,75-79세,541,12,27,76,166,62,9,57,26,2
경북,경산시,일반,여자,80-84세,860,18,52,162,340,131,9,38,17,4
경북,경산시,일반,여자,85세이상,930,26,96,243,349,102,3,24,14,0
경북,경산시,기초,남자,65세미만,105,5,5,27,20,9,3,9,7,0
경북,경산시,기초,남자,65-69세,86,1,6,10,27,5,2,6,8,2
경북,경산시,기초,남자,70-74세,58,2,3,8,21,7,1,2,2,0
경북,경산시,기초,남자,75-79세,52,2,4,9,19,6,0,1,4,0
경북,경산시,기초,남자,80-84세,63,1,2,13,30,7,0,2,2,0
경북,경산시,기초,남자,85세이상,41,1,1,11,21,4,0,0,0,0
경북,경산시,기초,여자,65세미만,49,2,5,12,12,3,2,5,4,0
경북,경산시,기초,여자,65-69세,74,1,3,10,29,5,1,3,6,2
경북,경산시,기초,여자,70-74세,110,2,9,13,40,15,2,5,5,5
경북,경산시,기초,여자,75-79세,156,5,9,20,53,22,1,1,5,3
경북,경산시,기초,여자,80-84세,260,6,19,55,98,35,3,9,3,0
경북,경산시,기초,여자,85세이상,320,20,41,76,114,29,0,1,4,0
경북,경산시,의료,남자,65세미만,1,0,0,0,1,0,0,0,0,0
경북,경산시,의료,남자,65-69세,1,0,0,0,0,0,0,0,0,0
경북,경산시,의료,남자,70-74세,3,0,1,0,1,0,0,0,0,0
경북,경산시,의료,남자,75-79세,6,0,0,2,3,0,0,0,0,0
경북,경산시,의료,남자,80-84세,9,0,0,2,1,0,0,0,0,0
경북,경산시,의료,남자,85세이상,14,0,2,3,5,0,0,0,0,0
경북,경산시,의료,여자,65세미만,1,0,0,0,0,1,0,0,0,0
경북,경산시,의료,여자,65-69세,5,0,0,0,2,0,0,2,0,0
경북,경산시,의료,여자,70-74세,1,0,0,0,0,0,1,0,0,0
경북,경산시,의료,여자,75-79세,7,0,1,1,2,0,0,1,0,0
경북,경산시,의료,여자,80-84세,29,0,2,10,12,2,0,0,0,0
경북,경산시,의료,여자,85세이상,56,2,3,13,24,3,1,0,1,0
경북,경산시,감경,남자,65세미만,56,2,2,21,24,4,1,1,0,0
경북,경산시,감경,남자,65-69세,86,3,6,29,36,4,0,1,0,0
경북,경산시,감경,남자,70-74세,105,2,6,32,50,8,0,1,0,0
경북,경산시,감경,남자,75-79세,137,2,13,30,60,23,1,0,0,1
경북,경산시,감경,남자,80-84세,217,8,14,58,91,33,7,0,0,0
경북,경산시,감경,남자,85세이상,221,5,17,57,110,28,0,0,1,0
경북,경산시,감경,여자,65세미만,23,2,1,7,5,2,1,0,1,0
경북,경산시,감경,여자,65-69세,102,4,10,20,41,16,0,1,2,0
경북,경산시,감경,여자,70-74세,149,6,11,32,76,15,3,0,1,0
경북,경산시,감경,여자,75-79세,365,16,22,79,156,62,6,2,1,0
경북,경산시,감경,여자,80-84세,716,21,54,188,319,105,8,0,2,0
경북,경산시,감경,여자,85세이상,1010,40,129,286,441,86,7,0,1,0
경북,의성군,일반,남자,65세미만,9,0,0,2,0,0,0,0,0,1
경북,의성군,일반,남자,65-69세,43,0,1,6,11,1,0,3,5,2
경북,의성군,일반,남자,70-74세,77,1,3,11,24,5,0,12,7,0
경북,의성군,일반,남자,75-79세,83,3,4,16,21,5,0,5,8,2
경북,의성군,일반,남자,80-84세,181,3,8,27,69,17,5,11,13,4
경북,의성군,일반,남자,85세이상,162,0,7,32,73,14,3,7,6,3
경북,의성군,일반,여자,65세미만,9,1,0,3,1,0,0,2,0,0
경북,의성군,일반,여자,65-69세,51,0,0,6,6,5,0,8,8,0
경북,의성군,일반,여자,70-74세,105,4,4,9,24,5,1,16,9,5
경북,의성군,일반,여자,75-79세,272,3,7,31,88,31,6,23,24,1
경북,의성군,일반,여자,80-84세,445,5,12,84,161,35,8,39,32,2
경북,의성군,일반,여자,85세이상,510,11,28,104,227,33,4,27,13,1
경북,의성군,기초,남자,65세미만,34,2,3,6,9,2,0,1,1,3
경북,의성군,기초,남자,65-69세,32,0,1,3,14,4,0,3,0,3
경북,의성군,기초,남자,70-74세,29,0,1,10,8,0,0,3,3,0
경북,의성군,기초,남자,75-79세,17,0,0,1,6,4,0,1,2,2
경북,의성군,기초,남자,80-84세,27,0,1,7,13,0,1,1,0,1
경북,의성군,기초,남자,85세이상,19,1,2,1,9,1,0,1,2,0
경북,의성군,기초,여자,65세미만,13,1,1,4,1,0,0,1,0,0
경북,의성군,기초,여자,65-69세,33,1,1,3,9,3,1,7,5,1
경북,의성군,기초,여자,70-74세,43,0,4,3,18,3,1,2,7,1
경북,의성군,기초,여자,75-79세,45,1,1,8,11,5,0,5,8,0
경북,의성군,기초,여자,80-84세,75,0,6,17,27,5,3,6,2,0
경북,의성군,기초,여자,85세이상,118,6,12,14,55,10,1,6,2,0
경북,의성군,의료,남자,65세미만,0,0,0,0,0,0,0,0,0,0
경북,의성군,의료,남자,65-69세,0,0,0,0,0,0,0,0,0,0
경북,의성군,의료,남자,70-74세,1,0,0,0,0,0,0,0,1,0
경북,의성군,의료,남자,75-79세,2,0,0,1,0,0,0,0,0,0
경북,의성군,의료,남자,80-84세,1,0,0,1,0,0,0,0,0,0
경북,의성군,의료,남자,85세이상,7,0,0,0,3,0,0,1,0,0
경북,의성군,의료,여자,65세미만,0,0,0,0,0,0,0,0,0,0
경북,의성군,의료,여자,65-69세,0,0,0,0,0,0,0,0,0,0
경북,의성군,의료,여자,70-74세,4,0,0,0,2,1,0,0,0,0
경북,의성군,의료,여자,75-79세,0,0,0,0,0,0,0,0,0,0
경북,의성군,의료,여자,80-84세,12,0,2,2,1,1,0,2,1,0
경북,의성군,의료,여자,85세이상,25,3,0,7,7,2,0,2,1,0
경북,의성군,감경,남자,65세미만,11,1,2,4,2,1,0,0,0,0
경북,의성군,감경,남자,65-69세,27,1,0,6,17,1,0,0,0,0
경북,의성군,감경,남자,70-74세,43,1,3,19,12,4,1,1,0,0
경북,의성군,감경,남자,75-79세,53,1,5,15,20,8,1,0,0,0
경북,의성군,감경,남자,80-84세,105,2,14,22,54,10,0,0,0,0
경북,의성군,감경,남자,85세이상,135,1,8,45,70,9,0,0,0,0
경북,의성군,감경,여자,65세미만,4,0,0,2,1,0,0,0,0,0
경북,의성군,감경,여자,65-69세,19,0,1,5,9,1,1,0,0,0
경북,의성군,감경,여자,70-74세,59,1,1,15,32,5,1,1,0,0
경북,의성군,감경,여자,75-79세,165,6,10,37,72,21,5,0,0,1
경북,의성군,감경,여자,80-84세,361,7,20,81,193,46,7,2,0,0
경북,의성군,감경,여자,85세이상,614,23,61,158,314,38,1,2,0,0
경북,청송군,일반,남자,65세미만,5,1,0,0,1,0,0,1,0,0
경북,청송군,일반,남자,65-69세,15,0,0,1,3,1,0,5,2,3
경북,청송군,일반,남자,70-74세,23,0,1,7,6,2,0,2,2,1
경북,청송군,일반,남자,75-79세,19,0,2,2,7,1,1,1,2,0
경북,청송군,일반,남자,80-84세,45,0,2,5,15,5,0,2,7,2
경북,청송군,일반,남자,85세이상,56,0,1,13,18,6,0,5,3,3
경북,청송군,일반,여자,65세미만,1,0,0,0,1,0,0,0,0,0
경북,청송군,일반,여자,65-69세,15,0,0,1,3,0,0,3,2,0
경북,청송군,일반,여자,70-74세,36,1,2,2,7,2,0,4,5,1
경북,청송군,일반,여자,75-79세,94,3,4,6,20,5,1,12,14,2
경북,청송군,일반,여자,80-84세,134,1,2,19,45,7,2,10,15,4
경북,청송군,일반,여자,85세이상,149,1,8,25,75,11,0,7,8,0
경북,청송군,기초,남자,65세미만,12,1,1,1,2,0,0,1,3,1
경북,청송군,기초,남자,65-69세,15,0,0,2,3,0,0,4,3,1
경북,청송군,기초,남자,70-74세,15,1,0,0,7,0,1,1,2,0
경북,청송군,기초,남자,75-79세,10,0,0,1,1,0,0,1,3,0
경북,청송군,기초,남자,80-84세,12,0,0,0,6,1,0,1,2,0
경북,청송군,기초,남자,85세이상,7,0,0,0,4,0,0,0,0,0
경북,청송군,기초,여자,65세미만,6,0,0,2,3,0,0,0,0,0
경북,청송군,기초,여자,65-69세,16,0,2,0,4,0,0,2,3,0
경북,청송군,기초,여자,70-74세,21,0,2,0,4,2,0,7,5,0
경북,청송군,기초,여자,75-79세,25,0,2,6,11,1,0,0,3,0
경북,청송군,기초,여자,80-84세,43,1,1,6,15,1,0,3,6,0
경북,청송군,기초,여자,85세이상,56,5,7,11,19,0,0,4,3,0
경북,청송군,의료,남자,65세미만,0,0,0,0,0,0,0,0,0,0
경북,청송군,의료,남자,65-69세,0,0,0,0,0,0,0,0,0,0
경북,청송군,의료,남자,70-74세,0,0,0,0,0,0,0,0,0,0
경북,청송군,의료,남자,75-79세,0,0,0,0,0,0,0,0,0,0
경북,청송군,의료,남자,80-84세,0,0,0,0,0,0,0,0,0,0
경북,청송군,의료,남자,85세이상,1,0,0,0,0,0,0,0,0,0
경북,청송군,의료,여자,65세미만,0,0,0,0,0,0,0,0,0,0
경북,청송군,의료,여자,65-69세,0,0,0,0,0,0,0,0,0,0
경북,청송군,의료,여자,70-74세,0,0,0,0,0,0,0,0,0,0
경북,청송군,의료,여자,75-79세,0,0,0,0,0,0,0,0,0,0
경북,청송군,의료,여자,80-84세,3,0,1,0,0,0,0,0,1,0
경북,청송군,의료,여자,85세이상,6,0,0,2,3,0,0,0,0,0
경북,청송군,감경,남자,65세미만,3,1,1,1,0,0,0,0,0,0
경북,청송군,감경,남자,65-69세,8,0,0,2,4,1,0,0,0,0
경북,청송군,감경,남자,70-74세,10,0,1,2,4,1,0,0,0,1
경북,청송군,감경,남자,75-79세,20,0,2,4,11,1,1,0,0,0
경북,청송군,감경,남자,80-84세,30,0,4,7,13,3,0,0,0,0
경북,청송군,감경,남자,85세이상,59,1,2,19,34,3,0,0,0,0
경북,청송군,감경,여자,65세미만,2,0,0,1,0,0,1,0,0,0
경북,청송군,감경,여자,65-69세,10,0,1,1,7,1,0,0,0,0
경북,청송군,감경,여자,70-74세,27,0,1,6,16,2,0,0,0,0
경북,청송군,감경,여자,75-79세,45,0,0,9,25,4,0,1,0,0
경북,청송군,감경,여자,80-84세,123,5,3,20,77,9,0,1,1,0
경북,청송군,감경,여자,85세이상,219,2,14,57,128,11,2,0,1,0
경북,영양군,일반,남자,65세미만,1,0,0,0,1,0,0,0,0,0
경북,영양군,일반,남자,65-69세,7,0,1,2,2,0,0,1,1,0
경북,영양군,일반,남자,70-74세,9,0,1,0,1,0,0,0,1,0
경북,영양군,일반,남자,75-79세,36,3,2,6,10,1,0,4,3,0
경북,영양군,일반,남자,80-84세,37,0,1,10,11,0,1,5,6,1
경북,영양군,일반,남자,85세이상,28,0,2,7,13,0,0,3,0,0
경북,영양군,일반,여자,65세미만,3,0,0,1,0,0,0,0,0,0
경북,영양군,일반,여자,65-69세,15,0,1,0,2,1,0,1,1,3
경북,영양군,일반,여자,70-74세,34,0,0,2,8,1,0,6,7,0
경북,영양군,일반,여자,75-79세,59,0,3,12,13,1,0,5,7,3
경북,영양군,일반,여자,80-84세,88,0,3,13,38,6,0,11,5,0
경북,영양군,일반,여자,85세이상,78,0,5,29,28,7,0,2,0,0
경북,영양군,기초,남자,65세미만,5,0,0,1,2,0,0,1,1,0
경북,영양군,기초,남자,65-69세,7,0,0,3,2,0,0,1,1,0
경북,영양군,기초,남자,70-74세,5,0,1,0,3,0,0,0,0,0
경북,영양군,기초,남자,75-79세,5,0,1,0,2,0,0,0,0,0
경북,영양군,기초,남자,80-84세,7,2,0,0,3,1,0,0,0,0
경북,영양군,기초,남자,85세이상,6,0,1,1,3,0,1,0,0,0
경북,영양군,기초,여자,65세미만,1,0,1,0,0,0,0,0,0,0
경북,영양군,기초,여자,65-69세,6,0,0,1,3,0,0,0,1,0
경북,영양군,기초,여자,70-74세,12,0,0,1,2,0,0,1,4,2
경북,영양군,기초,여자,75-79세,17,0,0,4,6,2,0,2,2,1
경북,영양군,기초,여자,80-84세,20,0,0,6,10,3,0,0,1,0
경북,영양군,기초,여자,85세이상,47,1,3,17,20,0,0,1,0,0
경북,영양군,의료,남자,65세미만,0,0,0,0,0,0,0,0,0,0
경북,영양군,의료,남자,65-69세,0,0,0,0,0,0,0,0,0,0
경북,영양군,의료,남자,70-74세,0,0,0,0,0,0,0,0,0,0
경북,영양군,의료,남자,75-79세,2,0,0,0,0,0,0,0,1,0
경북,영양군,의료,남자,80-84세,0,0,0,0,0,0,0,0,0,0
경북,영양군,의료,남자,85세이상,1,0,0,0,0,0,0,0,1,0
경북,영양군,의료,여자,65세미만,0,0,0,0,0,0,0,0,0,0
경북,영양군,의료,여자,65-69세,0,0,0,0,0,0,0,0,0,0
경북,영양군,의료,여자,70-74세,0,0,0,0,0,0,0,0,0,0
경북,영양군,의료,여자,75-79세,0,0,0,0,0,0,0,0,0,0
경북,영양군,의료,여자,80-84세,3,0,0,1,2,0,0,0,0,0
경북,영양군,의료,여자,85세이상,5,0,0,0,2,0,0,1,1,0
경북,영양군,감경,남자,65세미만,3,1,0,0,1,1,0,0,0,0
경북,영양군,감경,남자,65-69세,3,1,0,0,0,0,0,0,0,0
경북,영양군,감경,남자,70-74세,3,0,0,0,3,0,0,0,0,0
경북,영양군,감경,남자,75-79세,12,1,0,1,7,1,0,1,1,0
경북,영양군,감경,남자,80-84세,20,0,1,2,13,1,1,0,0,0
경북,영양군,감경,남자,85세이상,21,1,2,8,10,0,0,0,0,0
경북,영양군,감경,여자,65세미만,3,1,0,0,1,0,1,0,0,0
경북,영양군,감경,여자,65-69세,7,0,2,0,4,0,0,0,1,0
경북,영양군,감경,여자,70-74세,11,0,1,3,7,0,0,0,0,0
경북,영양군,감경,여자,75-79세,28,0,1,6,16,1,0,1,1,0
경북,영양군,감경,여자,80-84세,85,3,2,26,46,6,0,0,0,0
경북,영양군,감경,여자,85세이상,153,4,9,48,81,9,0,0,0,0
경북,영덕군,일반,남자,65세미만,3,0,0,0,0,0,0,0,2,0
경북,영덕군,일반,남자,65-69세,23,1,0,2,5,0,0,4,4,2
경북,영덕군,일반,남자,70-74세,35,1,5,3,11,2,0,5,4,1
경북,영덕군,일반,남자,75-79세,67,2,3,10,16,3,2,6,8,3
경북,영덕군,일반,남자,80-84세,103,2,3,18,29,14,1,8,11,4
경북,영덕군,일반,남자,85세이상,104,0,3,17,36,10,2,14,10,3
경북,영덕군,일반,여자,65세미만,3,0,0,0,1,1,0,0,0,0
경북,영덕군,일반,여자,65-69세,40,0,1,2,12,0,0,6,10,0
경북,영덕군,일반,여자,70-74세,66,0,1,7,12,5,2,9,10,2
경북,영덕군,일반,여자,75-79세,160,1,3,16,43,6,4,26,19,2
경북,영덕군,일반,여자,80-84세,283,3,7,43,113,28,0,24,16,1
경북,영덕군,일반,여자,85세이상,260,4,16,48,117,21,3,21,8,0
경북,영덕군,기초,남자,65세미만,16,0,1,2,6,1,0,2,0,0
경북,영덕군,기초,남자,65-69세,26,1,0,3,13,1,0,1,3,0
경북,영덕군,기초,남자,70-74세,26,0,1,4,6,2,0,5,4,3
경북,영덕군,기초,남자,75-79세,11,0,0,0,4,1,0,0,2,1
경북,영덕군,기초,남자,80-84세,20,0,1,2,8,4,0,1,2,0
경북,영덕군,기초,남자,85세이상,18,0,0,1,13,0,0,1,0,0
경북,영덕군,기초,여자,65세미만,10,1,1,1,5,0,0,1,0,0
경북,영덕군,기초,여자,65-69세,24,0,1,1,12,4,0,0,2,0
경북,영덕군,기초,여자,70-74세,33,0,1,2,17,3,0,2,7,0
경북,영덕군,기초,여자,75-79세,60,1,2,5,21,5,2,8,8,0
경북,영덕군,기초,여자,80-84세,75,1,0,16,32,6,0,9,3,1
경북,영덕군,기초,여자,85세이상,96,2,7,20,44,9,0,3,5,1
경북,영덕군,의료,남자,65세미만,0,0,0,0,0,0,0,0,0,0
경북,영덕군,의료,남자,65-69세,0,0,0,0,0,0,0,0,0,0
경북,영덕군,의료,남자,70-74세,0,0,0,0,0,0,0,0,0,0
경북,영덕군,의료,남자,75-79세,2,0,0,0,1,0,0,0,0,0
경북,영덕군,의료,남자,80-84세,2,0,0,0,2,0,0,0,0,0
경북,영덕군,의료,남자,85세이상,4,0,0,1,1,0,0,1,0,0
경북,영덕군,의료,여자,65세미만,0,0,0,0,0,0,0,0,0,0
경북,영덕군,의료,여자,65-69세,1,0,0,0,0,0,0,1,0,0
경북,영덕군,의료,여자,70-74세,3,1,0,0,0,0,0,0,0,0
경북,영덕군,의료,여자,75-79세,1,0,0,1,0,0,0,0,0,0
경북,영덕군,의료,여자,80-84세,5,0,0,0,3,0,0,0,0,0
경북,영덕군,의료,여자,85세이상,16,0,1,3,6,1,0,0,1,0
경북,영덕군,감경,남자,65세미만,4,0,0,1,2,0,0,0,0,0
경북,영덕군,감경,남자,65-69세,13,0,1,5,6,0,0,0,0,0
경북,영덕군,감경,남자,70-74세,29,3,0,3,17,5,0,1,0,0
경북,영덕군,감경,남자,75-79세,33,1,4,10,13,2,1,0,0,0
경북,영덕군,감경,남자,80-84세,63,4,2,10,34,10,3,0,0,0
경북,영덕군,감경,남자,85세이상,85,2,4,18,47,11,0,0,0,0
경북,영덕군,감경,여자,65세미만,3,1,0,0,2,0,0,0,0,0
경북,영덕군,감경,여자,65-69세,18,0,0,5,6,1,2,2,1,0
경북,영덕군,감경,여자,70-74세,40,1,1,7,18,7,0,1,2,0
경북,영덕군,감경,여자,75-79세,100,1,3,12,56,16,0,1,0,0
경북,영덕군,감경,여자,80-84세,271,2,11,57,147,33,5,2,0,0
경북,영덕군,감경,여자,85세이상,378,14,17,75,207,44,4,2,1,0
경북,청도군,일반,남자,65세미만,12,0,1,0,2,2,0,3,0,0
경북,청도군,일반,남자,65-69세,37,1,3,8,7,3,0,3,2,4
경북,청도군,일반,남자,70-74세,63,3,1,15,13,4,0,6,4,3
경북,청도군,일반,남자,75-79세,80,0,4,8,20,16,1,6,8,3
경북,청도군,일반,남자,80-84세,119,4,2,17,35,28,3,6,7,1
경북,청도군,일반,남자,85세이상,141,2,4,16,64,29,2,1,3,3
경북,청도군,일반,여자,65세미만,6,0,1,1,2,0,0,2,0,0
경북,청도군,일반,여자,65-69세,40,0,1,1,8,1,0,11,5,1
경북,청도군,일반,여자,70-74세,103,0,2,7,20,10,4,18,11,1
경북,청도군,일반,여자,75-79세,173,1,2,26,39,17,5,25,19,3
경북,청도군,일반,여자,80-84세,312,2,5,40,104,73,13,16,18,2
경북,청도군,일반,여자,85세이상,384,7,16,67,158,65,10,8,16,0
경북,청도군,기초,남자,65세미만,23,0,2,3,3,2,0,2,0,1
경북,청도군,기초,남자,65-69세,24,1,1,2,5,1,3,2,3,3
경북,청도군,기초,남자,70-74세,25,0,0,3,8,4,0,4,2,0
경북,청도군,기초,남자,75-79세,12,0,2,2,3,2,0,0,1,0
경북,청도군,기초,남자,80-84세,12,0,1,1,3,2,1,0,0,0
경북,청도군,기초,남자,85세이상,14,0,0,3,6,2,0,0,1,0
경북,청도군,기초,여자,65세미만,10,1,1,1,2,1,0,0,0,3
경북,청도군,기초,여자,65-69세,30,1,1,2,11,2,0,5,2,2
경북,청도군,기초,여자,70-74세,29,0,1,2,12,4,0,1,2,2
경북,청도군,기초,여자,75-79세,48,1,0,2,12,6,3,2,3,3
경북,청도군,기초,여자,80-84세,63,1,5,10,13,18,5,0,3,1
경북,청도군,기초,여자,85세이상,101,4,5,20,37,19,1,1,2,0
경북,청도군,의료,남자,65세미만,0,0,0,0,0,0,0,0,0,0
경북,청도군,의료,남자,65-69세,2,1,0,0,0,0,0,1,0,0
경북,청도군,의료,남자,70-74세,1,0,0,0,0,0,1,0,0,0
경북,청도군,의료,남자,75-79세,0,0,0,0,0,0,0,0,0,0
경북,청도군,의료,남자,80-84세,0,0,0,0,0,0,0,0,0,0
경북,청도군,의료,남자,85세이상,5,0,0,2,0,1,0,1,0,0
경북,청도군,의료,여자,65세미만,0,0,0,0,0,0,0,0,0,0
경북,청도군,의료,여자,65-69세,0,0,0,0,0,0,0,0,0,0
경북,청도군,의료,여자,70-74세,1,0,0,0,0,1,0,0,0,0
경북,청도군,의료,여자,75-79세,3,0,0,0,2,0,0,0,0,0
경북,청도군,의료,여자,80-84세,8,0,0,0,5,1,1,1,0,0
경북,청도군,의료,여자,85세이상,29,1,2,5,12,5,0,0,0,0
경북,청도군,감경,남자,65세미만,9,0,0,3,3,0,1,0,0,0
경북,청도군,감경,남자,65-69세,18,0,2,2,12,0,1,0,0,0
경북,청도군,감경,남자,70-74세,35,1,4,5,15,5,1,0,1,0
경북,청도군,감경,남자,75-79세,37,0,1,9,19,5,2,0,0,0
경북,청도군,감경,남자,80-84세,71,0,6,18,30,13,3,0,0,0
경북,청도군,감경,남자,85세이상,94,0,8,17,43,23,2,0,0,0
경북,청도군,감경,여자,65세미만,4,0,0,1,3,0,0,0,0,0
경북,청도군,감경,여자,65-69세,18,2,0,1,6,4,1,1,0,1
경북,청도군,감경,여자,70-74세,39,0,1,5,20,6,2,0,1,0
경북,청도군,감경,여자,75-79세,94,0,4,20,33,26,6,1,0,0
경북,청도군,감경,여자,80-84세,246,6,11,42,101,75,1,0,0,0
경북,청도군,감경,여자,85세이상,447,6,42,98,194,86,11,1,0,0
경북,고령군,일반,남자,65세미만,7,0,0,2,2,1,0,0,0,0
경북,고령군,일반,남자,65-69세,16,0,0,4,4,0,0,2,1,2
경북,고령군,일반,남자,70-74세,17,0,0,2,4,2,1,5,1,0
경북,고령군,일반,남자,75-79세,34,0,0,2,13,3,0,3,2,2
경북,고령군,일반,남자,80-84세,50,0,1,8,11,8,0,2,4,1
경북,고령군,일반,남자,85세이상,58,0,3,8,24,8,2,5,1,0
경북,고령군,일반,여자,65세미만,5,0,0,1,0,1,0,2,0,0
경북,고령군,일반,여자,65-69세,25,1,1,1,0,2,0,5,4,4
경북,고령군,일반,여자,70-74세,56,1,1,4,14,3,1,9,6,2
경북,고령군,일반,여자,75-79세,87,2,3,9,15,11,2,11,9,0
경북,고령군,일반,여자,80-84세,170,1,8,19,60,29,3,11,8,0
경북,고령군,일반,여자,85세이상,195,7,10,41,68,29,1,5,6,1
경북,고령군,기초,남자,65세미만,11,0,0,0,1,3,0,3,1,2
경북,고령군,기초,남자,65-69세,11,0,0,2,2,3,1,0,1,1
경북,고령군,기초,남자,70-74세,13,0,0,1,3,1,0,3,0,0
경북,고령군,기초,남자,75-79세,10,0,0,3,4,1,0,0,1,0
경북,고령군,기초,남자,80-84세,5,0,0,1,1,0,1,0,1,0
경북,고령군,기초,남자,85세이상,9,0,1,1,2,2,0,0,1,0
경북,고령군,기초,여자,65세미만,8,1,1,1,2,1,0,0,2,0
경북,고령군,기초,여자,65-69세,8,0,0,0,4,0,0,1,1,0
경북,고령군,기초,여자,70-74세,22,1,0,1,7,3,0,3,2,2
경북,고령군,기초,여자,75-79세,27,2,0,6,11,3,0,1,0,0
경북,고령군,기초,여자,80-84세,52,2,2,12,16,5,0,4,0,1
경북,고령군,기초,여자,85세이상,37,0,2,8,14,2,1,0,2,0
경북,고령군,의료,남자,65세미만,0,0,0,0,0,0,0,0,0,0
경북,고령군,의료,남자,65-69세,0,0,0,0,0,0,0,0,0,0
경북,고령군,의료,남자,70-74세,0,0,0,0,0,0,0,0,0,0
경북,고령군,의료,남자,75-79세,1,0,0,0,1,0,0,0,0,0
경북,고령군,의료,남자,80-84세,0,0,0,0,0,0,0,0,0,0
경북,고령군,의료,남자,85세이상,4,0,1,2,1,0,0,0,0,0
경북,고령군,의료,여자,65세미만,0,0,0,0,0,0,0,0,0,0
경북,고령군,의료,여자,65-69세,0,0,0,0,0,0,0,0,0,0
경북,고령군,의료,여자,70-74세,2,0,1,0,0,1,0,0,0,0
경북,고령군,의료,여자,75-79세,2,0,0,0,0,0,0,0,1,0
경북,고령군,의료,여자,80-84세,10,1,0,1,7,0,0,0,0,0
경북,고령군,의료,여자,85세이상,13,0,2,5,3,2,0,0,0,0
경북,고령군,감경,남자,65세미만,9,2,1,1,4,0,0,0,0,1
경북,고령군,감경,남자,65-69세,7,0,1,3,2,1,0,0,0,0
경북,고령군,감경,남자,70-74세,7,0,0,3,3,1,0,0,0,0
경북,고령군,감경,남자,75-79세,26,0,1,7,10,3,0,1,0,0
경북,고령군,감경,남자,80-84세,27,1,2,5,15,3,0,0,0,0
경북,고령군,감경,남자,85세이상,43,1,3,11,22,6,0,0,0,0
경북,고령군,감경,여자,65세미만,2,0,1,0,1,0,0,0,0,0
경북,고령군,감경,여자,65-69세,12,0,0,2,8,1,0,0,0,0
경북,고령군,감경,여자,70-74세,25,1,2,3,13,1,0,1,0,0
경북,고령군,감경,여자,75-79세,52,2,2,15,22,4,2,0,0,0
경북,고령군,감경,여자,80-84세,128,4,4,19,58,27,0,4,0,0
경북,고령군,감경,여자,85세이상,213,3,12,45,114,29,2,1,0,0
경북,성주군,일반,남자,65세미만,12,1,2,1,0,0,0,2,1,0
경북,성주군,일반,남자,65-69세,29,1,2,4,5,0,0,3,3,0
경북,성주군,일반,남자,70-74세,48,1,0,8,13,3,1,9,3,3
경북,성주군,일반,남자,75-79세,68,0,1,13,27,5,2,6,5,2
경북,성주군,일반,남자,80-84세,107,0,4,20,35,20,1,9,9,0
경북,성주군,일반,남자,85세이상,99,0,9,11,39,12,2,9,4,3
경북,성주군,일반,여자,65세미만,8,0,0,2,0,0,0,2,1,0
경북,성주군,일반,여자,65-69세,34,0,0,4,6,0,1,7,6,1
경북,성주군,일반,여자,70-74세,77,3,2,8,15,5,3,18,7,2
경북,성주군,일반,여자,75-79세,138,2,6,12,38,14,1,21,12,3
경북,성주군,일반,여자,80-84세,230,1,8,34,67,23,6,27,20,0
경북,성주군,일반,여자,85세이상,269,3,18,60,99,31,3,15,7,1
경북,성주군,기초,남자,65세미만,15,0,1,6,2,1,0,2,1,2
경북,성주군,기초,남자,65-69세,18,1,3,0,5,1,0,1,4,0
경북,성주군,기초,남자,70-74세,16,0,2,4,6,2,0,0,0,0
경북,성주군,기초,남자,75-79세,13,0,0,3,3,1,0,2,3,0
경북,성주군,기초,남자,80-84세,16,0,1,5,8,1,0,1,0,0
경북,성주군,기초,남자,85세이상,10,1,2,1,4,1,0,0,0,0
경북,성주군,기초,여자,65세미만,11,0,1,1,4,0,1,1,1,1
경북,성주군,기초,여자,65-69세,10,0,0,3,1,1,0,1,2,0
경북,성주군,기초,여자,70-74세,33,0,0,6,12,5,2,2,0,0
경북,성주군,기초,여자,75-79세,39,1,1,4,16,5,1,1,0,0
경북,성주군,기초,여자,80-84세,62,0,3,11,25,8,0,3,2,0
경북,성주군,기초,여자,85세이상,85,4,3,21,33,5,1,2,2,0
경북,성주군,의료,남자,65세미만,0,0,0,0,0,0,0,0,0,0
경북,성주군,의료,남자,65-69세,0,0,0,0,0,0,0,0,0,0
경북,성주군,의료,남자,70-74세,0,0,0,0,0,0,0,0,0,0
경북,성주군,의료,남자,75-79세,1,0,0,1,0,0,0,0,0,0
경북,성주군,의료,남자,80-84세,1,0,0,0,0,0,0,0,0,0
경북,성주군,의료,남자,85세이상,0,0,0,0,0,0,0,0,0,0
경북,성주군,의료,여자,65세미만,0,0,0,0,0,0,0,0,0,0
경북,성주군,의료,여자,65-69세,0,0,0,0,0,0,0,0,0,0
경북,성주군,의료,여자,70-74세,1,0,0,0,0,0,1,0,0,0
경북,성주군,의료,여자,75-79세,0,0,0,0,0,0,0,0,0,0
경북,성주군,의료,여자,80-84세,4,0,0,1,1,0,0,0,0,0
경북,성주군,의료,여자,85세이상,7,0,0,3,1,1,0,0,0,0
경북,성주군,감경,남자,65세미만,6,0,1,4,1,0,0,0,0,0
경북,성주군,감경,남자,65-69세,18,0,1,6,10,1,0,0,0,0
경북,성주군,감경,남자,70-74세,34,2,2,15,11,3,0,0,0,0
경북,성주군,감경,남자,75-79세,37,1,1,10,17,4,0,1,0,0
경북,성주군,감경,남자,80-84세,66,2,3,16,31,9,1,1,0,0
경북,성주군,감경,남자,85세이상,66,1,5,28,22,8,1,0,0,0
경북,성주군,감경,여자,65세미만,3,0,0,0,1,1,1,0,0,0
경북,성주군,감경,여자,65-69세,10,1,0,1,5,1,0,1,0,0
경북,성주군,감경,여자,70-74세,31,1,3,9,13,4,0,0,0,0
경북,성주군,감경,여자,75-79세,79,3,6,16,29,11,4,0,2,0
경북,성주군,감경,여자,80-84세,213,4,17,45,104,32,2,0,1,0
경북,성주군,감경,여자,85세이상,360,13,35,100,148,43,2,3,1,0
경북,칠곡군,일반,남자,65세미만,21,1,0,4,4,1,0,4,1,1
경북,칠곡군,일반,남자,65-69세,40,2,2,5,7,5,0,5,0,0
경북,칠곡군,일반,남자,70-74세,39,1,4,4,8,4,1,5,3,0
경북,칠곡군,일반,남자,75-79세,65,1,4,9,23,7,2,4,4,1
경북,칠곡군,일반,남자,80-84세,106,1,6,8,35,22,4,11,2,0
경북,칠곡군,일반,남자,85세이상,147,3,8,24,61,24,2,7,2,1
경북,칠곡군,일반,여자,65세미만,13,1,1,2,2,0,1,0,4,1
경북,칠곡군,일반,여자,65-69세,45,1,1,3,5,3,0,7,2,1
경북,칠곡군,일반,여자,70-74세,73,4,3,5,14,7,3,8,5,4
경북,칠곡군,일반,여자,75-79세,173,2,7,20,37,27,3,20,9,1
경북,칠곡군,일반,여자,80-84세,346,6,11,57,107,65,3,34,8,0
경북,칠곡군,일반,여자,85세이상,400,9,29,87,157,47,5,20,8,0
경북,칠곡군,기초,남자,65세미만,37,1,2,3,13,4,0,2,3,3
경북,칠곡군,기초,남자,65-69세,30,1,2,6,7,3,0,2,3,1
경북,칠곡군,기초,남자,70-74세,20,1,1,1,6,2,2,3,1,1
경북,칠곡군,기초,남자,75-79세,21,0,0,4,9,2,0,1,1,1
경북,칠곡군,기초,남자,80-84세,30,0,0,8,10,5,1,0,0,1
경북,칠곡군,기초,남자,85세이상,19,1,0,4,5,5,1,0,0,0
경북,칠곡군,기초,여자,65세미만,18,1,1,5,5,2,0,0,1,1
경북,칠곡군,기초,여자,65-69세,44,1,1,6,7,3,1,4,4,3
경북,칠곡군,기초,여자,70-74세,49,1,1,3,18,7,1,2,9,1
경북,칠곡군,기초,여자,75-79세,77,1,6,15,18,10,1,6,10,3
경북,칠곡군,기초,여자,80-84세,88,2,6,17,27,18,0,5,3,0
경북,칠곡군,기초,여자,85세이상,121,1,10,28,52,12,0,2,0,0
경북,칠곡군,의료,남자,65세미만,1,0,0,0,0,0,0,0,0,0
경북,칠곡군,의료,남자,65-69세,0,0,0,0,0,0,0,0,0,0
경북,칠곡군,의료,남자,70-74세,1,0,1,0,0,0,0,0,0,0
경북,칠곡군,의료,남자,75-79세,1,0,0,0,1,0,0,0,0,0
경북,칠곡군,의료,남자,80-84세,1,0,0,0,0,0,0,0,1,0
경북,칠곡군,의료,남자,85세이상,5,0,0,1,2,2,0,0,0,0
경북,칠곡군,의료,여자,65세미만,0,0,0,0,0,0,0,0,0,0
경북,칠곡군,의료,여자,65-69세,0,0,0,0,0,0,0,0,0,0
경북,칠곡군,의료,여자,70-74세,0,0,0,0,0,0,0,0,0,0
경북,칠곡군,의료,여자,75-79세,6,0,0,0,1,0,0,0,0,0
경북,칠곡군,의료,여자,80-84세,9,0,0,0,3,1,0,1,0,0
경북,칠곡군,의료,여자,85세이상,21,1,3,2,7,3,0,0,1,0
경북,칠곡군,감경,남자,65세미만,17,3,1,5,7,0,0,0,0,0
경북,칠곡군,감경,남자,65-69세,19,0,1,7,7,1,0,1,0,0
경북,칠곡군,감경,남자,70-74세,35,1,2,7,12,11,1,0,0,0
경북,칠곡군,감경,남자,75-79세,31,0,2,11,9,8,0,0,0,0
경북,칠곡군,감경,남자,80-84세,84,0,5,20,35,18,3,0,0,0
경북,칠곡군,감경,남자,85세이상,92,2,6,18,40,22,2,0,0,0
경북,칠곡군,감경,여자,65세미만,13,4,1,1,4,1,0,0,0,0
경북,칠곡군,감경,여자,65-69세,36,0,3,8,12,6,2,1,0,0
경북,칠곡군,감경,여자,70-74세,44,2,3,11,9,14,2,1,0,0
경북,칠곡군,감경,여자,75-79세,124,3,15,29,36,32,2,0,0,0
경북,칠곡군,감경,여자,80-84세,276,6,18,46,118,69,8,1,0,0
경북,칠곡군,감경,여자,85세이상,422,12,34,115,194,61,0,1,0,0
경북,예천군,일반,남자,65세미만,19,1,1,3,3,0,0,3,2,0
경북,예천군,일반,남자,65-69세,31,1,0,4,4,2,1,3,5,1
경북,예천군,일반,남자,70-74세,61,1,1,7,15,5,1,7,11,1
경북,예천군,일반,남자,75-79세,80,3,1,7,15,11,3,10,7,3
경북,예천군,일반,남자,80-84세,123,0,4,11,34,28,10,9,12,1
경북,예천군,일반,남자,85세이상,137,1,7,16,49,27,5,7,4,2
경북,예천군,일반,여자,65세미만,10,0,1,1,1,0,0,4,1,0
경북,예천군,일반,여자,65-69세,46,0,4,1,10,0,0,6,5,1
경북,예천군,일반,여자,70-74세,102,2,1,8,25,9,3,8,9,5
경북,예천군,일반,여자,75-79세,186,1,4,19,45,25,8,25,21,3
경북,예천군,일반,여자,80-84세,305,9,7,37,93,43,12,28,19,1
경북,예천군,일반,여자,85세이상,405,7,12,65,149,67,20,23,19,1
경북,예천군,기초,남자,65세미만,22,1,1,5,4,0,0,3,3,1
경북,예천군,기초,남자,65-69세,16,0,0,1,5,1,0,2,1,3
경북,예천군,기초,남자,70-74세,19,0,0,3,8,0,0,2,2,0
경북,예천군,기초,남자,75-79세,21,1,3,4,4,2,0,1,1,2
경북,예천군,기초,남자,80-84세,16,0,1,1,1,6,1,3,0,0
경북,예천군,기초,남자,85세이상,9,0,2,1,0,3,0,0,0,0
경북,예천군,기초,여자,65세미만,13,4,1,3,0,1,0,1,0,0
경북,예천군,기초,여자,65-69세,19,0,1,3,6,0,0,1,2,3
경북,예천군,기초,여자,70-74세,25,0,0,2,8,2,0,3,2,0
경북,예천군,기초,여자,75-79세,32,0,0,4,7,5,0,3,5,1
경북,예천군,기초,여자,80-84세,59,1,2,10,18,3,4,4,4,1
경북,예천군,기초,여자,85세이상,107,2,7,16,28,9,2,7,5,0
경북,예천군,의료,남자,65세미만,0,0,0,0,0,0,0,0,0,0
경북,예천군,의료,남자,65-69세,0,0,0,0,0,0,0,0,0,0
경북,예천군,의료,남자,70-74세,0,0,0,0,0,0,0,0,0,0
경북,예천군,의료,남자,75-79세,1,0,0,0,0,0,0,0,1,0
경북,예천군,의료,남자,80-84세,1,0,0,0,0,1,0,0,0,0
경북,예천군,의료,남자,85세이상,1,0,0,0,1,0,0,0,0,0
경북,예천군,의료,여자,65세미만,0,0,0,0,0,0,0,0,0,0
경북,예천군,의료,여자,65-69세,1,0,0,0,0,0,0,0,0,0
경북,예천군,의료,여자,70-74세,0,0,0,0,0,0,0,0,0,0
경북,예천군,의료,여자,75-79세,2,0,1,0,0,0,0,0,0,0
경북,예천군,의료,여자,80-84세,0,0,0,0,0,0,0,0,0,0
경북,예천군,의료,여자,85세이상,16,0,1,3,8,2,0,0,0,0
경북,예천군,감경,남자,65세미만,8,0,0,3,2,0,0,0,1,0
경북,예천군,감경,남자,65-69세,13,0,2,3,5,2,0,0,0,0
경북,예천군,감경,남자,70-74세,36,4,0,8,13,5,2,1,0,0
경북,예천군,감경,남자,75-79세,38,3,4,8,12,6,2,0,0,0
경북,예천군,감경,남자,80-84세,72,2,4,17,27,14,7,0,0,0
경북,예천군,감경,남자,85세이상,91,1,7,12,42,19,8,1,0,0
경북,예천군,감경,여자,65세미만,8,1,1,2,2,1,0,0,0,0
경북,예천군,감경,여자,65-69세,22,3,0,5,7,2,2,0,0,0
경북,예천군,감경,여자,70-74세,46,2,3,7,19,5,3,0,1,0
경북,예천군,감경,여자,75-79세,94,4,2,11,44,17,6,0,2,0
경북,예천군,감경,여자,80-84세,273,10,16,42,118,60,12,1,1,0
경북,예천군,감경,여자,85세이상,488,8,39,89,234,93,11,1,0,0
경북,봉화군,일반,남자,65세미만,7,0,0,2,0,0,0,2,0,2
경북,봉화군,일반,남자,65-69세,9,1,0,0,1,1,1,2,0,0
경북,봉화군,일반,남자,70-74세,20,0,0,1,4,3,0,1,4,1
경북,봉화군,일반,남자,75-79세,27,0,0,7,5,1,1,2,2,2
경북,봉화군,일반,남자,80-84세,58,0,2,6,10,8,4,9,2,4
경북,봉화군,일반,남자,85세이상,86,0,0,17,28,11,3,5,8,0
경북,봉화군,일반,여자,65세미만,4,0,0,1,0,0,0,1,0,1
경북,봉화군,일반,여자,65-69세,19,1,0,1,1,0,2,3,3,0
경북,봉화군,일반,여자,70-74세,46,1,2,6,12,6,1,3,10,1
경북,봉화군,일반,여자,75-79세,88,1,3,8,22,4,3,11,12,1
경북,봉화군,일반,여자,80-84세,174,2,7,20,54,22,9,12,18,1
경북,봉화군,일반,여자,85세이상,224,1,8,34,77,36,5,18,16,1
경북,봉화군,기초,남자,65세미만,12,0,0,3,3,1,0,1,2,0
경북,봉화군,기초,남자,65-69세,7,0,0,1,1,1,0,0,1,1
경북,봉화군,기초,남자,70-74세,4,0,0,1,1,1,0,0,1,0
경북,봉화군,기초,남자,75-79세,9,0,0,0,3,0,0,1,0,3
경북,봉화군,기초,남자,80-84세,12,0,0,3,5,0,1,0,0,1
경북,봉화군,기초,남자,85세이상,11,0,1,2,1,1,1,1,2,0
경북,봉화군,기초,여자,65세미만,6,0,0,2,1,0,0,1,0,0
경북,봉화군,기초,여자,65-69세,11,1,0,1,3,2,0,1,2,0
경북,봉화군,기초,여자,70-74세,8,1,0,0,3,1,1,0,0,0
경북,봉화군,기초,여자,75-79세,25,0,0,2,8,2,0,4,1,2
경북,봉화군,기초,여자,80-84세,30,0,1,4,7,3,1,1,3,1
경북,봉화군,기초,여자,85세이상,70,2,4,12,22,8,4,3,1,0
경북,봉화군,의료,남자,65세미만,0,0,0,0,0,0,0,0,0,0
경북,봉화군,의료,남자,65-69세,0,0,0,0,0,0,0,0,0,0
경북,봉화군,의료,남자,70-74세,0,0,0,0,0,0,0,0,0,0
경북,봉화군,의료,남자,75-79세,1,0,0,0,0,0,0,0,0,0
경북,봉화군,의료,남자,80-84세,0,0,0,0,0,0,0,0,0,0
경북,봉화군,의료,남자,85세이상,1,0,0,1,0,0,0,0,0,0
경북,봉화군,의료,여자,65세미만,0,0,0,0,0,0,0,0,0,0
경북,봉화군,의료,여자,65-69세,1,0,0,0,1,0,0,0,0,0
경북,봉화군,의료,여자,70-74세,0,0,0,0,0,0,0,0,0,0
경북,봉화군,의료,여자,75-79세,0,0,0,0,0,0,0,0,0,0
경북,봉화군,의료,여자,80-84세,1,0,0,0,0,0,0,0,0,0
경북,봉화군,의료,여자,85세이상,6,0,1,0,2,1,0,0,0,0
경북,봉화군,감경,남자,65세미만,2,0,0,1,1,0,0,0,0,0
경북,봉화군,감경,남자,65-69세,4,0,1,1,1,0,0,0,0,0
경북,봉화군,감경,남자,70-74세,12,0,1,2,6,2,0,1,0,0
경북,봉화군,감경,남자,75-79세,23,0,0,8,8,5,0,0,0,0
경북,봉화군,감경,남자,80-84세,34,0,2,9,12,9,1,0,0,0
경북,봉화군,감경,남자,85세이상,50,0,1,12,24,12,1,0,0,0
경북,봉화군,감경,여자,65세미만,6,0,1,1,2,1,1,0,0,0
경북,봉화군,감경,여자,65-69세,15,0,0,6,4,3,0,0,0,0
경북,봉화군,감경,여자,70-74세,18,0,3,5,8,1,1,0,0,0
경북,봉화군,감경,여자,75-79세,57,1,3,12,26,7,3,0,1,0
경북,봉화군,감경,여자,80-84세,114,3,10,19,46,23,4,0,0,0
경북,봉화군,감경,여자,85세이상,210,6,10,64,77,36,7,0,1,0
경북,울진군,일반,남자,65세미만,10,0,0,2,1,0,0,2,2,0
경북,울진군,일반,남자,65-69세,32,1,1,1,7,2,1,5,3,2
경북,울진군,일반,남자,70-74세,33,1,2,6,7,2,1,4,3,0
경북,울진군,일반,남자,75-79세,54,2,1,3,20,1,0,5,7,1
경북,울진군,일반,남자,80-84세,91,0,2,15,21,7,1,21,10,1
경북,울진군,일반,남자,85세이상,92,1,3,12,44,7,1,5,7,0
경북,울진군,일반,여자,65세미만,8,1,0,3,1,0,1,1,0,0
경북,울진군,일반,여자,65-69세,32,0,2,5,5,0,1,1,8,0
경북,울진군,일반,여자,70-74세,80,0,4,5,10,2,0,11,13,1
경북,울진군,일반,여자,75-79세,141,1,2,14,32,9,3,24,12,0
경북,울진군,일반,여자,80-84세,242,8,9,31,88,21,2,26,14,1
경북,울진군,일반,여자,85세이상,284,9,16,57,125,17,0,28,6,1
경북,울진군,기초,남자,65세미만,27,0,1,6,5,1,0,6,2,1
경북,울진군,기초,남자,65-69세,36,1,0,4,12,2,2,8,4,0
경북,울진군,기초,남자,70-74세,36,0,0,3,11,0,0,5,6,0
경북,울진군,기초,남자,75-79세,21,1,0,3,7,2,0,1,5,1
경북,울진군,기초,남자,80-84세,26,0,0,7,10,2,0,1,3,0
경북,울진군,기초,남자,85세이상,13,0,0,2,9,0,0,0,0,0
경북,울진군,기초,여자,65세미만,10,0,0,2,0,3,0,2,1,0
경북,울진군,기초,여자,65-69세,24,0,1,3,2,1,0,8,3,0
경북,울진군,기초,여자,70-74세,45,0,1,5,16,1,0,6,7,1
경북,울진군,기초,여자,75-79세,55,0,1,4,28,3,0,6,7,0
경북,울진군,기초,여자,80-84세,83,1,3,12,37,5,0,11,3,0
경북,울진군,기초,여자,85세이상,114,2,6,24,60,4,0,6,3,0
경북,울진군,의료,남자,65세미만,0,0,0,0,0,0,0,0,0,0
경북,울진군,의료,남자,65-69세,0,0,0,0,0,0,0,0,0,0
경북,울진군,의료,남자,70-74세,0,0,0,0,0,0,0,0,0,0
경북,울진군,의료,남자,75-79세,3,0,0,0,1,0,0,0,0,0
경북,울진군,의료,남자,80-84세,0,0,0,0,0,0,0,0,0,0
경북,울진군,의료,남자,85세이상,1,0,0,0,1,0,0,0,0,0
경북,울진군,의료,여자,65세미만,0,0,0,0,0,0,0,0,0,0
경북,울진군,의료,여자,65-69세,0,0,0,0,0,0,0,0,0,0
경북,울진군,의료,여자,70-74세,3,0,0,0,0,0,0,1,1,0
경북,울진군,의료,여자,75-79세,1,0,0,0,0,0,0,0,0,0
경북,울진군,의료,여자,80-84세,6,0,0,1,2,0,0,0,0,0
경북,울진군,의료,여자,85세이상,14,0,0,6,8,0,0,0,0,0
경북,울진군,감경,남자,65세미만,5,0,0,2,1,1,0,0,0,0
경북,울진군,감경,남자,65-69세,20,1,4,3,9,2,0,0,1,0
경북,울진군,감경,남자,70-74세,28,0,1,6,15,4,0,0,1,0
경북,울진군,감경,남자,75-79세,33,0,1,14,15,2,0,0,1,0
경북,울진군,감경,남자,80-84세,70,1,0,15,40,12,0,1,0,0
경북,울진군,감경,남자,85세이상,108,1,4,22,56,16,0,0,1,0
경북,울진군,감경,여자,65세미만,7,0,0,2,3,0,0,0,0,0
경북,울진군,감경,여자,65-69세,25,2,0,8,10,1,0,2,0,0
경북,울진군,감경,여자,70-74세,52,1,1,7,24,4,0,1,4,0
경북,울진군,감경,여자,75-79세,96,3,5,21,42,13,0,1,0,0
경북,울진군,감경,여자,80-84세,296,12,15,65,157,25,2,8,2,0
경북,울진군,감경,여자,85세이상,510,16,42,136,259,36,4,4,0,0
경북,울릉군,일반,남자,65세미만,0,0,0,0,0,0,0,0,0,0
경북,울릉군,일반,남자,65-69세,2,0,0,0,0,0,0,0,0,2
경북,울릉군,일반,남자,70-74세,2,0,0,0,0,0,0,1,1,0
경북,울릉군,일반,남자,75-79세,5,1,0,2,0,0,0,1,0,1
경북,울릉군,일반,남자,80-84세,3,0,0,2,0,0,0,0,0,1
경북,울릉군,일반,남자,85세이상,9,1,1,2,3,0,0,0,1,0
경북,울릉군,일반,여자,65세미만,1,0,0,0,0,0,0,0,0,1
경북,울릉군,일반,여자,65-69세,5,0,0,0,0,0,0,0,1,3
경북,울릉군,일반,여자,70-74세,5,1,0,1,0,0,0,0,2,0
경북,울릉군,일반,여자,75-79세,9,1,1,0,1,1,0,2,0,3
경북,울릉군,일반,여자,80-84세,6,0,1,1,1,0,0,1,0,1
경북,울릉군,일반,여자,85세이상,24,1,5,0,2,0,1,6,5,2
경북,울릉군,기초,남자,65세미만,1,0,0,0,0,0,0,0,0,1
경북,울릉군,기초,남자,65-69세,4,1,0,0,0,0,0,0,0,2
경북,울릉군,기초,남자,70-74세,1,0,0,1,0,0,0,0,0,0
경북,울릉군,기초,남자,75-79세,0,0,0,0,0,0,0,0,0,0
경북,울릉군,기초,남자,80-84세,2,0,0,0,0,0,0,0,0,0
경북,울릉군,기초,남자,85세이상,3,1,1,0,1,0,0,0,0,0
경북,울릉군,기초,여자,65세미만,3,0,0,0,2,0,0,0,0,0
경북,울릉군,기초,여자,65-69세,0,0,0,0,0,0,0,0,0,0
경북,울릉군,기초,여자,70-74세,1,0,0,0,1,0,0,0,0,0
경북,울릉군,기초,여자,75-79세,3,0,0,0,0,0,0,0,2,1
경북,울릉군,기초,여자,80-84세,2,0,0,0,0,0,0,1,1,0
경북,울릉군,기초,여자,85세이상,5,1,0,0,1,0,0,0,0,1
경북,울릉군,의료,남자,65세미만,0,0,0,0,0,0,0,0,0,0
경북,울릉군,의료,남자,65-69세,0,0,0,0,0,0,0,0,0,0
경북,울릉군,의료,남자,70-74세,0,0,0,0,0,0,0,0,0,0
경북,울릉군,의료,남자,75-79세,1,0,0,0,1,0,0,0,0,0
경북,울릉군,의료,남자,80-84세,0,0,0,0,0,0,0,0,0,0
경북,울릉군,의료,남자,85세이상,0,0,0,0,0,0,0,0,0,0
경북,울릉군,의료,여자,65세미만,0,0,0,0,0,0,0,0,0,0
경북,울릉군,의료,여자,65-69세,0,0,0,0,0,0,0,0,0,0
경북,울릉군,의료,여자,70-74세,0,0,0,0,0,0,0,0,0,0
경북,울릉군,의료,여자,75-79세,0,0,0,0,0,0,0,0,0,0
경북,울릉군,의료,여자,80-84세,1,0,0,0,0,0,0,0,0,1
경북,울릉군,의료,여자,85세이상,0,0,0,0,0,0,0,0,0,0
경북,울릉군,감경,남자,65세미만,1,0,0,0,0,0,0,0,1,0
경북,울릉군,감경,남자,65-69세,0,0,0,0,0,0,0,0,0,0
경북,울릉군,감경,남자,70-74세,0,0,0,0,0,0,0,0,0,0
경북,울릉군,감경,남자,75-79세,5,1,0,2,2,0,0,0,0,0
경북,울릉군,감경,남자,80-84세,2,0,0,1,1,0,0,0,0,0
경북,울릉군,감경,남자,85세이상,7,1,1,1,3,1,0,0,0,0
경북,울릉군,감경,여자,65세미만,0,0,0,0,0,0,0,0,0,0
경북,울릉군,감경,여자,65-69세,0,0,0,0,0,0,0,0,0,0
경북,울릉군,감경,여자,70-74세,1,0,0,0,0,0,0,0,0,0
경북,울릉군,감경,여자,75-79세,5,1,1,0,0,1,1,0,1,0
경북,울릉군,감경,여자,80-84세,6,0,2,1,2,0,0,0,0,0
경북,울릉군,감경,여자,85세이상,19,0,8,4,4,2,0,0,0,0
경남,창원시,일반,남자,65세미만,194,8,10,28,34,7,0,39,13,4
경남,창원시,일반,남자,65-69세,435,21,21,56,105,13,3,60,27,19
경남,창원시,일반,남자,70-74세,632,22,33,94,195,36,8,67,36,17
경남,창원시,일반,남자,75-79세,780,17,37,147,237,58,12,63,44,14
경남,창원시,일반,남자,80-84세,958,21,55,141,329,77,17,74,44,20
경남,창원시,일반,남자,85세이상,845,22,65,158,347,59,12,35,25,10
경남,창원시,일반,여자,65세미만,191,14,18,33,41,5,3,33,7,11
경남,창원시,일반,여자,65-69세,544,18,16,62,100,27,5,81,46,12
경남,창원시,일반,여자,70-74세,1010,23,26,113,253,67,14,145,74,11
경남,창원시,일반,여자,75-79세,1843,42,67,237,600,138,30,194,85,18
경남,창원시,일반,여자,80-84세,2590,55,142,410,987,223,32,184,79,15
경남,창원시,일반,여자,85세이상,2608,99,240,584,1062,159,13,86,44,9
경남,창원시,기초,남자,65세미만,256,10,15,29,68,16,3,35,18,10
경남,창원시,기초,남자,65-69세,359,7,15,39,108,34,8,27,44,23
경남,창원시,기초,남자,70-74세,225,4,5,16,85,16,7,16,32,11
경남,창원시,기초,남자,75-79세,182,2,5,19,58,20,3,8,14,7
경남,창원시,기초,남자,80-84세,165,7,3,25,59,20,1,10,7,1
경남,창원시,기초,남자,85세이상,87,3,3,17,38,8,1,3,1,2
경남,창원시,기초,여자,65세미만,141,3,4,20,43,7,4,17,11,3
경남,창원시,기초,여자,65-69세,316,6,10,29,86,15,3,51,37,19
경남,창원시,기초,여자,70-74세,362,6,11,45,135,21,6,35,28,3
경남,창원시,기초,여자,75-79세,473,8,18,68,179,38,9,33,30,10
경남,창원시,기초,여자,80-84세,647,21,40,89,244,72,14,32,26,6
경남,창원시,기초,여자,85세이상,779,32,85,155,309,33,5,18,9,1
경남,창원시,의료,남자,65세미만,3,0,0,0,0,0,0,1,1,0
경남,창원시,의료,남자,65-69세,6,1,0,1,2,0,0,1,0,0
경남,창원시,의료,남자,70-74세,10,0,0,1,5,0,0,3,0,0
경남,창원시,의료,남자,75-79세,16,0,1,1,5,2,0,0,1,0
경남,창원시,의료,남자,80-84세,11,2,0,2,1,0,0,1,0,1
경남,창원시,의료,남자,85세이상,16,0,0,3,8,1,0,0,0,0
경남,창원시,의료,여자,65세미만,4,1,0,0,3,0,0,0,0,0
경남,창원시,의료,여자,65-69세,7,0,1,1,2,0,0,1,0,0
경남,창원시,의료,여자,70-74세,12,0,0,0,5,1,0,1,0,1
경남,창원시,의료,여자,75-79세,25,1,0,2,2,1,2,2,1,0
경남,창원시,의료,여자,80-84세,58,2,3,8,17,6,0,0,3,1
경남,창원시,의료,여자,85세이상,139,7,12,27,57,7,2,1,2,1
경남,창원시,감경,남자,65세미만,140,16,10,39,52,6,0,3,4,0
경남,창원시,감경,남자,65-69세,285,8,21,78,129,24,4,3,1,3
경남,창원시,감경,남자,70-74세,369,9,27,102,164,32,7,9,1,0
경남,창원시,감경,남자,75-79세,395,12,23,90,187,54,10,4,2,1
경남,창원시,감경,남자,80-84세,454,12,27,106,229,54,9,2,1,1
경남,창원시,감경,남자,85세이상,435,8,39,113,213,38,6,1,0,0
경남,창원시,감경,여자,65세미만,109,7,12,40,27,6,4,4,0,0
경남,창원시,감경,여자,65-69세,316,25,20,79,130,25,6,8,2,2
경남,창원시,감경,여자,70-74세,493,16,36,112,221,50,12,4,2,1
경남,창원시,감경,여자,75-79세,944,43,82,205,395,120,9,7,7,0
경남,창원시,감경,여자,80-84세,1672,46,158,393,801,174,14,4,4,2
경남,창원시,감경,여자,85세이상,2619,132,343,728,1121,193,12,4,3,0
경남,진주시,일반,남자,65세미만,61,3,8,4,9,0,0,8,9,3
경남,진주시,일반,남자,65-69세,172,3,8,26,25,8,1,39,13,6
경남,진주시,일반,남자,70-74세,276,7,14,43,90,19,6,31,18,5
경남,진주시,일반,남자,75-79세,354,15,26,64,109,26,3,30,20,9
경남,진주시,일반,남자,80-84세,461,8,19,90,156,64,8,26,20,12
경남,진주시,일반,남자,85세이상,406,14,22,80,166,41,5,20,10,4
경남,진주시,일반,여자,65세미만,73,3,7,12,9,4,0,16,7,2
경남,진주시,일반,여자,65-69세,205,4,9,23,38,6,3,42,20,5
경남,진주시,일반,여자,70-74세,396,6,15,50,116,32,9,51,24,9
경남,진주시,일반,여자,75-79세,774,9,29,101,257,59,19,85,50,12
경남,진주시,일반,여자,80-84세,1225,33,56,193,441,150,19,100,74,9
경남,진주시,일반,여자,85세이상,1297,47,104,325,506,120,8,40,22,7
경남,진주시,기초,남자,65세미만,111,4,4,22,36,13,3,11,5,3
경남,진주시,기초,남자,65-69세,156,4,3,22,48,10,3,15,20,6
경남,진주시,기초,남자,70-74세,129,1,6,18,46,21,3,4,4,6
경남,진주시,기초,남자,75-79세,80,2,3,8,28,9,1,10,8,3
경남,진주시,기초,남자,80-84세,52,2,3,5,21,6,2,2,2,2
경남,진주시,기초,남자,85세이상,37,1,3,10,13,4,0,1,0,0
경남,진주시,기초,여자,65세미만,55,1,2,9,17,6,1,6,5,3
경남,진주시,기초,여자,65-69세,134,3,3,14,42,18,4,11,13,5
경남,진주시,기초,여자,70-74세,143,4,9,24,46,9,0,15,11,2
경남,진주시,기초,여자,75-79세,213,4,16,23,76,33,3,13,17,1
경남,진주시,기초,여자,80-84세,315,6,17,51,139,36,6,16,10,1
경남,진주시,기초,여자,85세이상,372,20,40,96,139,18,2,9,6,0
경남,진주시,의료,남자,65세미만,0,0,0,0,0,0,0,0,0,0
경남,진주시,의료,남자,65-69세,1,0,0,0,0,0,0,0,1,0
경남,진주시,의료,남자,70-74세,3,0,0,1,0,0,0,0,0,1
경남,진주시,의료,남자,75-79세,2,0,0,0,1,0,0,0,1,0
경남,진주시,의료,남자,80-84세,3,0,0,1,0,0,0,2,0,0
경남,진주시,의료,남자,85세이상,7,0,0,1,4,0,0,0,0,0
경남,진주시,의료,여자,65세미만,0,0,0,0,0,0,0,0,0,0
경남,진주시,의료,여자,65-69세,2,0,0,0,0,1,0,1,0,0
경남,진주시,의료,여자,70-74세,3,0,0,1,1,1,0,0,0,0
경남,진주시,의료,여자,75-79세,11,0,1,4,3,1,0,1,0,0
경남,진주시,의료,여자,80-84세,22,0,3,3,10,1,0,0,1,0
경남,진주시,의료,여자,85세이상,58,3,5,16,25,2,0,0,0,0
경남,진주시,감경,남자,65세미만,53,1,4,18,18,3,2,1,0,1
경남,진주시,감경,남자,65-69세,106,6,10,32,38,10,1,0,2,0
경남,진주시,감경,남자,70-74세,109,3,9,30,49,7,2,2,1,0
경남,진주시,감경,남자,75-79세,169,7,10,50,68,22,2,0,0,0
경남,진주시,감경,남자,80-84세,248,8,24,54,121,35,3,1,0,0
경남,진주시,감경,남자,85세이상,241,4,20,59,126,27,2,0,0,0
경남,진주시,감경,여자,65세미만,53,7,4,11,19,6,0,0,1,0
경남,진주시,감경,여자,65-69세,87,6,6,28,29,10,3,0,2,0
경남,진주시,감경,여자,70-74세,199,9,15,47,94,22,6,0,1,0
경남,진주시,감경,여자,75-79세,434,13,28,107,203,46,13,4,2,0
경남,진주시,감경,여자,80-84세,961,36,73,209,470,139,6,0,1,0
경남,진주시,감경,여자,85세이상,1468,62,177,442,648,101,5,2,0,0
경남,통영시,일반,남자,65세미만,14,1,1,1,1,0,0,2,1,0
경남,통영시,일반,남자,65-69세,43,0,3,10,5,4,1,4,5,5
경남,통영시,일반,남자,70-74세,82,5,2,19,16,3,2,13,7,2
경남,통영시,일반,남자,75-79세,113,2,3,15,29,5,2,22,6,3
경남,통영시,일반,남자,80-84세,135,1,2,25,34,16,2,11,14,7
경남,통영시,일반,남자,85세이상,113,3,7,19,37,11,0,15,6,3
경남,통영시,일반,여자,65세미만,30,3,1,3,4,2,0,7,0,1
경남,통영시,일반,여자,65-69세,70,2,2,3,8,2,1,14,12,1
경남,통영시,일반,여자,70-74세,131,1,5,17,22,11,5,18,14,6
경남,통영시,일반,여자,75-79세,219,2,8,29,53,19,4,37,16,5
경남,통영시,일반,여자,80-84세,376,10,12,51,104,44,13,43,26,8
경남,통영시,일반,여자,85세이상,324,13,22,73,107,27,2,27,12,1
경남,통영시,기초,남자,65세미만,43,0,2,2,10,4,1,12,1,3
경남,통영시,기초,남자,65-69세,77,0,3,11,23,6,1,10,6,9
경남,통영시,기초,남자,70-74세,53,0,1,4,19,7,0,9,1,2
경남,통영시,기초,남자,75-79세,45,0,1,5,10,7,1,4,4,1
경남,통영시,기초,남자,80-84세,33,1,0,1,10,4,3,4,3,1
경남,통영시,기초,남자,85세이상,15,0,0,1,6,3,0,2,1,0
경남,통영시,기초,여자,65세미만,26,1,3,4,7,3,2,3,1,0
경남,통영시,기초,여자,65-69세,65,0,4,8,23,5,1,10,8,0
경남,통영시,기초,여자,70-74세,82,2,2,9,25,8,0,12,8,2
경남,통영시,기초,여자,75-79세,107,2,2,15,25,18,2,13,9,0
경남,통영시,기초,여자,80-84세,123,2,10,19,46,12,2,9,5,1
경남,통영시,기초,여자,85세이상,187,4,15,43,67,14,3,5,5,1
경남,통영시,의료,남자,65세미만,0,0,0,0,0,0,0,0,0,0
경남,통영시,의료,남자,65-69세,1,0,1,0,0,0,0,0,0,0
경남,통영시,의료,남자,70-74세,3,0,0,0,1,1,0,0,0,0
경남,통영시,의료,남자,75-79세,3,0,1,1,1,0,0,0,0,0
경남,통영시,의료,남자,80-84세,5,0,0,1,3,0,0,0,0,0
경남,통영시,의료,남자,85세이상,6,0,0,4,0,0,0,1,0,0
경남,통영시,의료,여자,65세미만,0,0,0,0,0,0,0,0,0,0
경남,통영시,의료,여자,65-69세,0,0,0,0,0,0,0,0,0,0
경남,통영시,의료,여자,70-74세,5,0,0,1,0,0,0,1,1,0
경남,통영시,의료,여자,75-79세,8,0,0,0,3,0,1,0,1,0
경남,통영시,의료,여자,80-84세,12,0,0,1,5,1,1,1,0,0
경남,통영시,의료,여자,85세이상,24,0,5,4,7,3,1,1,0,0
경남,통영시,감경,남자,65세미만,15,0,1,5,6,1,0,0,0,0
경남,통영시,감경,남자,65-69세,33,0,3,15,8,1,3,1,1,0
경남,통영시,감경,남자,70-74세,46,0,3,11,16,10,3,1,0,0
경남,통영시,감경,남자,75-79세,73,1,5,18,27,15,4,0,0,0
경남,통영시,감경,남자,80-84세,93,2,3,25,34,18,5,1,0,0
경남,통영시,감경,남자,85세이상,85,1,5,19,44,11,2,1,0,0
경남,통영시,감경,여자,65세미만,11,0,0,1,2,2,0,2,1,0
경남,통영시,감경,여자,65-69세,42,2,0,7,21,6,2,2,1,0
경남,통영시,감경,여자,70-74세,91,6,6,18,37,11,5,1,0,0
경남,통영시,감경,여자,75-79세,159,3,7,35,69,16,10,4,1,0
경남,통영시,감경,여자,80-84세,353,11,18,84,160,55,9,4,1,0
경남,통영시,감경,여자,85세이상,455,23,45,134,188,47,5,1,4,0
경남,사천시,일반,남자,65세미만,26,1,0,8,3,2,1,4,3,1
경남,사천시,일반,남자,65-69세,73,4,2,10,16,4,2,9,7,2
경남,사천시,일반,남자,70-74세,108,1,2,15,34,13,0,8,10,4
경남,사천시,일반,남자,75-79세,133,2,7,15,48,18,3,9,7,3
경남,사천시,일반,남자,80-84세,209,1,8,28,77,40,3,11,7,1
경남,사천시,일반,남자,85세이상,203,3,14,35,73,31,2,14,4,1
경남,사천시,일반,여자,65세미만,17,1,0,1,6,0,0,2,0,0
경남,사천시,일반,여자,65-69세,72,1,3,2,16,3,1,12,9,3
경남,사천시,일반,여자,70-74세,167,2,5,19,41,9,1,25,22,4
경남,사천시,일반,여자,75-79세,372,4,2,48,101,56,8,40,27,3
경남,사천시,일반,여자,80-84세,582,11,26,77,211,93,11,33,20,0
경남,사천시,일반,여자,85세이상,614,8,40,147,255,81,3,7,12,0
경남,사천시,기초,남자,65세미만,56,1,3,5,11,7,1,8,5,4
경남,사천시,기초,남자,65-69세,69,0,1,2,20,7,2,9,9,3
경남,사천시,기초,남자,70-74세,71,2,6,10,15,9,2,10,6,3
경남,사천시,기초,남자,75-79세,50,1,1,7,10,11,2,5,3,0
경남,사천시,기초,남자,80-84세,34,0,1,4,14,9,1,1,1,1
경남,사천시,기초,남자,85세이상,21,0,2,1,8,5,0,0,1,0
경남,사천시,기초,여자,65세미만,30,0,1,8,5,2,0,5,3,1
경남,사천시,기초,여자,65-69세,51,1,2,8,11,5,1,5,3,5
경남,사천시,기초,여자,70-74세,86,0,1,17,27,18,3,2,5,2
경남,사천시,기초,여자,75-79세,116,0,2,6,39,21,6,3,13,2
경남,사천시,기초,여자,80-84세,165,5,8,24,57,32,5,9,8,0
경남,사천시,기초,여자,85세이상,186,4,14,34,68,23,1,7,2,2
경남,사천시,의료,남자,65세미만,1,0,1,0,0,0,0,0,0,0
경남,사천시,의료,남자,65-69세,1,0,0,0,1,0,0,0,0,0
경남,사천시,의료,남자,70-74세,4,0,0,1,1,1,0,0,0,0
경남,사천시,의료,남자,75-79세,1,0,0,0,0,0,0,0,0,0
경남,사천시,의료,남자,80-84세,1,0,0,0,0,0,0,0,0,0
경남,사천시,의료,남자,85세이상,7,0,0,0,5,1,0,0,0,0
경남,사천시,의료,여자,65세미만,0,0,0,0,0,0,0,0,0,0
경남,사천시,의료,여자,65-69세,1,0,0,0,1,0,0,0,0,0
경남,사천시,의료,여자,70-74세,0,0,0,0,0,0,0,0,0,0
경남,사천시,의료,여자,75-79세,5,0,0,2,1,1,0,0,0,0
경남,사천시,의료,여자,80-84세,16,0,1,4,4,1,0,2,0,0
경남,사천시,의료,여자,85세이상,36,2,3,9,16,3,0,0,0,0
경남,사천시,감경,남자,65세미만,18,0,2,2,8,2,1,0,0,0
경남,사천시,감경,남자,65-69세,39,1,6,5,16,2,1,2,0,1
경남,사천시,감경,남자,70-74세,54,3,5,9,25,7,1,0,0,0
경남,사천시,감경,남자,75-79세,71,3,2,14,32,12,2,1,1,0
경남,사천시,감경,남자,80-84세,138,2,9,20,72,24,5,0,1,0
경남,사천시,감경,남자,85세이상,129,1,7,27,62,26,3,1,0,0
경남,사천시,감경,여자,65세미만,20,1,0,8,4,4,0,1,1,0
경남,사천시,감경,여자,65-69세,40,1,1,7,16,8,1,0,1,0
경남,사천시,감경,여자,70-74세,101,2,4,15,49,19,4,2,1,0
경남,사천시,감경,여자,75-79세,209,9,12,42,75,47,5,3,1,0
경남,사천시,감경,여자,80-84세,448,10,29,87,205,80,10,2,1,0
경남,사천시,감경,여자,85세이상,795,23,87,203,352,107,2,0,0,0
경남,김해시,일반,남자,65세미만,90,6,5,11,15,3,1,17,8,4
경남,김해시,일반,남자,65-69세,197,6,8,20,35,8,4,35,12,10
경남,김해시,일반,남자,70-74세,256,8,17,32,66,15,2,28,12,4
경남,김해시,일반,남자,75-79세,322,12,15,60,84,18,5,34,19,4
경남,김해시,일반,남자,80-84세,424,7,25,83,137,41,6,29,15,5
경남,김해시,일반,남자,85세이상,348,7,28,82,115,23,3,23,12,4
경남,김해시,일반,여자,65세미만,87,7,5,12,5,3,1,24,3,1
경남,김해시,일반,여자,65-69세,237,10,5,31,45,4,4,47,21,7
경남,김해시,일반,여자,70-74세,436,11,21,46,112,23,2,66,33,12
경남,김해시,일반,여자,75-79세,855,23,35,131,255,73,6,91,40,12
경남,김해시,일반,여자,80-84세,1317,45,78,234,459,99,14,99,40,7
경남,김해시,일반,여자,85세이상,1195,60,124,321,406,79,9,46,16,1
경남,김해시,기초,남자,65세미만,154,8,7,25,44,13,5,23,8,2
경남,김해시,기초,남자,65-69세,162,1,3,19,51,12,1,24,10,9
경남,김해시,기초,남자,70-74세,105,0,1,21,35,8,2,11,6,1
경남,김해시,기초,남자,75-79세,123,6,3,13,33,8,3,15,7,5
경남,김해시,기초,남자,80-84세,92,2,7,7,31,10,1,11,9,1
경남,김해시,기초,남자,85세이상,65,2,6,10,20,7,1,5,3,0
경남,김해시,기초,여자,65세미만,74,1,4,14,16,4,1,4,6,0
경남,김해시,기초,여자,65-69세,170,2,6,18,41,13,2,24,18,10
경남,김해시,기초,여자,70-74세,191,1,5,30,81,9,2,12,14,3
경남,김해시,기초,여자,75-79세,300,5,13,47,106,16,5,28,12,5
경남,김해시,기초,여자,80-84세,358,9,18,62,155,28,2,14,11,6
경남,김해시,기초,여자,85세이상,411,19,45,88,157,18,2,9,3,1
경남,김해시,의료,남자,65세미만,1,0,0,1,0,0,0,0,0,0
경남,김해시,의료,남자,65-69세,3,0,0,1,0,0,0,0,0,0
경남,김해시,의료,남자,70-74세,2,0,1,0,1,0,0,0,0,0
경남,김해시,의료,남자,75-79세,10,0,0,1,2,1,1,2,0,0
경남,김해시,의료,남자,80-84세,5,0,1,1,1,1,1,0,0,0
경남,김해시,의료,남자,85세이상,16,0,2,2,5,0,0,0,0,0
경남,김해시,의료,여자,65세미만,0,0,0,0,0,0,0,0,0,0
경남,김해시,의료,여자,65-69세,2,0,0,0,1,0,0,0,1,0
경남,김해시,의료,여자,70-74세,8,1,0,0,2,0,0,2,0,0
경남,김해시,의료,여자,75-79세,6,0,0,0,2,2,0,0,0,0
경남,김해시,의료,여자,80-84세,35,3,4,8,8,2,0,2,1,0
경남,김해시,의료,여자,85세이상,60,3,7,12,19,5,0,1,0,0
경남,김해시,감경,남자,65세미만,77,8,7,22,23,5,0,3,1,0
경남,김해시,감경,남자,65-69세,121,7,15,39,40,7,1,3,1,0
경남,김해시,감경,남자,70-74세,168,13,16,33,78,9,3,1,1,0
경남,김해시,감경,남자,75-79세,206,7,22,58,76,23,3,4,0,1
경남,김해시,감경,남자,80-84세,230,11,23,66,94,20,5,0,2,0
경남,김해시,감경,남자,85세이상,201,7,19,46,96,19,3,1,0,0
경남,김해시,감경,여자,65세미만,64,9,6,17,16,4,0,1,2,0
경남,김해시,감경,여자,65-69세,128,10,12,28,47,11,2,1,2,1
경남,김해시,감경,여자,70-74세,215,10,15,42,95,23,7,1,1,1
경남,김해시,감경,여자,75-79세,534,27,39,124,215,58,9,4,3,0
경남,김해시,감경,여자,80-84세,902,38,70,236,387,84,14,4,3,1
경남,김해시,감경,여자,85세이상,1168,83,135,366,455,60,4,2,0,0
경남,밀양시,일반,남자,65세미만,34,1,2,2,13,0,0,6,2,1
경남,밀양시,일반,남자,65-69세,90,5,2,17,24,8,2,14,5,3
경남,밀양시,일반,남자,70-74세,151,1,2,26,58,5,0,26,9,6
경남,밀양시,일반,남자,75-79세,183,2,3,26,53,16,2,25,11,5
경남,밀양시,일반,남자,80-84세,262,3,8,28,106,29,5,25,20,3
경남,밀양시,일반,남자,85세이상,233,4,10,50,101,12,1,12,10,5
경남,밀양시,일반,여자,65세미만,24,0,0,6,2,1,0,3,2,1
경남,밀양시,일반,여자,65-69세,104,0,3,8,25,6,0,20,14,1
경남,밀양시,일반,여자,70-74세,244,3,6,24,72,16,3,30,20,3
경남,밀양시,일반,여자,75-79세,421,0,9,39,171,35,6,49,39,2
경남,밀양시,일반,여자,80-84세,739,9,27,88,334,67,7,60,42,7
경남,밀양시,일반,여자,85세이상,703,11,29,151,351,51,6,27,20,1
경남,밀양시,기초,남자,65세미만,60,1,2,12,15,3,0,8,3,4
경남,밀양시,기초,남자,65-69세,77,0,0,7,29,4,2,6,15,2
경남,밀양시,기초,남자,70-74세,46,0,1,6,12,3,2,4,3,3
경남,밀양시,기초,남자,75-79세,49,0,2,3,15,2,2,7,2,1
경남,밀양시,기초,남자,80-84세,43,1,2,7,16,5,1,2,4,2
경남,밀양시,기초,남자,85세이상,28,0,1,4,13,0,1,4,1,0
경남,밀양시,기초,여자,65세미만,34,4,1,4,6,1,1,7,4,1
경남,밀양시,기초,여자,65-69세,63,0,3,7,20,4,0,7,7,5
경남,밀양시,기초,여자,70-74세,106,1,3,7,46,6,2,11,15,4
경남,밀양시,기초,여자,75-79세,136,3,1,9,60,8,2,12,9,2
경남,밀양시,기초,여자,80-84세,177,4,6,21,69,12,2,14,11,5
경남,밀양시,기초,여자,85세이상,201,7,17,37,82,9,1,7,2,0
경남,밀양시,의료,남자,65세미만,1,0,0,1,0,0,0,0,0,0
경남,밀양시,의료,남자,65-69세,1,0,0,0,0,0,0,1,0,0
경남,밀양시,의료,남자,70-74세,4,0,0,0,1,0,1,0,1,0
경남,밀양시,의료,남자,75-79세,2,0,0,0,1,0,0,0,0,0
경남,밀양시,의료,남자,80-84세,3,0,0,1,0,0,0,1,0,0
경남,밀양시,의료,남자,85세이상,8,0,0,1,3,1,0,0,0,0
경남,밀양시,의료,여자,65세미만,0,0,0,0,0,0,0,0,0,0
경남,밀양시,의료,여자,65-69세,2,0,0,1,0,0,0,0,0,0
경남,밀양시,의료,여자,70-74세,2,0,1,0,1,0,0,0,0,0
경남,밀양시,의료,여자,75-79세,11,0,0,0,3,2,1,3,1,0
경남,밀양시,의료,여자,80-84세,15,0,1,0,10,0,0,0,0,0
경남,밀양시,의료,여자,85세이상,32,0,2,5,15,2,0,2,1,0
경남,밀양시,감경,남자,65세미만,20,2,0,8,8,1,0,0,1,0
경남,밀양시,감경,남자,65-69세,37,1,3,10,18,1,1,0,0,0
경남,밀양시,감경,남자,70-74세,67,3,4,18,30,7,1,0,2,0
경남,밀양시,감경,남자,75-79세,69,3,3,9,39,7,1,1,1,0
경남,밀양시,감경,남자,80-84세,106,0,4,27,57,14,0,2,0,0
경남,밀양시,감경,남자,85세이상,153,3,8,45,79,16,1,0,0,0
경남,밀양시,감경,여자,65세미만,12,0,1,2,7,0,0,0,1,0
경남,밀양시,감경,여자,65-69세,41,2,1,13,15,2,1,2,0,0
경남,밀양시,감경,여자,70-74세,105,3,7,15,54,8,0,1,4,0
경남,밀양시,감경,여자,75-79세,199,2,6,33,121,29,1,0,0,1
경남,밀양시,감경,여자,80-84세,487,5,22,81,296,56,3,1,2,0
경남,밀양시,감경,여자,85세이상,680,16,47,175,375,39,3,0,1,0
경남,거제시,일반,남자,65세미만,33,0,1,5,9,0,0,4,2,1
경남,거제시,일반,남자,65-69세,80,2,2,19,25,2,1,6,4,5
경남,거제시,일반,남자,70-74세,121,2,6,29,35,4,2,8,4,7
경남,거제시,일반,남자,75-79세,150,0,5,29,45,7,2,14,9,8
경남,거제시,일반,남자,80-84세,174,2,13,31,58,14,4,11,15,5
경남,거제시,일반,남자,85세이상,191,1,13,37,95,8,3,12,6,1
경남,거제시,일반,여자,65세미만,33,3,3,7,7,0,2,0,3,0
경남,거제시,일반,여자,65-69세,108,2,1,16,28,5,0,13,10,6
경남,거제시,일반,여자,70-74세,188,1,5,20,60,12,3,21,10,5
경남,거제시,일반,여자,75-79세,315,11,13,37,104,26,5,32,23,4
경남,거제시,일반,여자,80-84세,533,19,24,81,214,36,5,42,27,6
경남,거제시,일반,여자,85세이상,625,18,61,153,283,26,3,18,13,2
경남,거제시,기초,남자,65세미만,35,1,3,7,11,3,0,4,0,3
경남,거제시,기초,남자,65-69세,66,1,2,11,24,3,1,7,3,2
경남,거제시,기초,남자,70-74세,43,3,2,8,17,1,1,3,1,0
경남,거제시,기초,남자,75-79세,26,0,0,2,11,1,0,3,4,1
경남,거제시,기초,남자,80-84세,22,0,0,3,11,2,0,0,1,0
경남,거제시,기초,남자,85세이상,11,0,1,0,8,0,0,2,0,0
경남,거제시,기초,여자,65세미만,22,0,1,7,4,2,0,1,0,1
경남,거제시,기초,여자,65-69세,50,0,2,6,23,2,1,3,6,5
경남,거제시,기초,여자,70-74세,54,4,1,4,22,1,0,8,4,2
경남,거제시,기초,여자,75-79세,69,4,1,12,26,10,1,1,3,1
경남,거제시,기초,여자,80-84세,88,4,8,15,43,3,2,3,4,0
경남,거제시,기초,여자,85세이상,130,6,16,40,45,8,0,4,2,0
경남,거제시,의료,남자,65세미만,0,0,0,0,0,0,0,0,0,0
경남,거제시,의료,남자,65-69세,2,0,1,0,0,0,0,1,0,0
경남,거제시,의료,남자,70-74세,3,0,0,1,1,0,0,0,0,0
경남,거제시,의료,남자,75-79세,0,0,0,0,0,0,0,0,0,0
경남,거제시,의료,남자,80-84세,2,0,0,1,0,0,0,0,0,0
경남,거제시,의료,남자,85세이상,4,0,0,0,4,0,0,0,0,0
경남,거제시,의료,여자,65세미만,0,0,0,0,0,0,0,0,0,0
경남,거제시,의료,여자,65-69세,1,0,0,0,0,0,0,0,0,0
경남,거제시,의료,여자,70-74세,4,0,0,1,1,0,0,0,0,0
경남,거제시,의료,여자,75-79세,5,0,0,0,2,0,0,0,0,0
경남,거제시,의료,여자,80-84세,9,0,1,2,3,1,0,0,0,0
경남,거제시,의료,여자,85세이상,28,0,3,6,16,0,0,1,0,0
경남,거제시,감경,남자,65세미만,20,2,2,5,8,2,0,0,0,0
경남,거제시,감경,남자,65-69세,55,3,4,15,23,0,3,2,1,1
경남,거제시,감경,남자,70-74세,68,2,6,11,32,6,2,0,0,0
경남,거제시,감경,남자,75-79세,84,4,4,16,37,15,1,1,0,0
경남,거제시,감경,남자,80-84세,98,3,5,20,54,10,1,0,0,0
경남,거제시,감경,남자,85세이상,91,4,8,27,40,5,1,0,0,0
경남,거제시,감경,여자,65세미만,31,1,4,8,9,3,0,0,0,0
경남,거제시,감경,여자,65-69세,57,4,5,13,21,4,2,0,0,0
경남,거제시,감경,여자,70-74세,117,2,7,22,61,12,3,0,0,0
경남,거제시,감경,여자,75-79세,164,7,12,36,72,17,3,3,0,0
경남,거제시,감경,여자,80-84세,323,6,38,89,150,20,7,2,0,1
경남,거제시,감경,여자,85세이상,589,30,79,162,274,26,2,1,2,0
경남,양산시,일반,남자,65세미만,57,5,2,8,13,0,0,11,3,2
경남,양산시,일반,남자,65-69세,147,4,9,23,27,6,1,31,10,2
경남,양산시,일반,남자,70-74세,213,5,6,40,60,10,1,16,12,2
경남,양산시,일반,남자,75-79세,263,7,13,51,90,14,1,19,16,2
경남,양산시,일반,남자,80-84세,313,13,14,51,101,35,3,27,12,3
경남,양산시,일반,남자,85세이상,279,6,12,45,111,24,0,22,13,7
경남,양산시,일반,여자,65세미만,49,2,5,2,8,2,1,12,3,0
경남,양산시,일반,여자,65-69세,176,4,7,22,32,4,1,33,14,5
경남,양산시,일반,여자,70-74세,311,13,10,38,82,18,8,44,16,5
경남,양산시,일반,여자,75-79세,590,12,23,82,190,40,13,73,19,5
경남,양산시,일반,여자,80-84세,916,33,44,160,345,56,11,79,26,5
경남,양산시,일반,여자,85세이상,803,28,62,201,325,34,2,44,16,3
경남,양산시,기초,남자,65세미만,97,3,5,23,26,1,0,19,1,0
경남,양산시,기초,남자,65-69세,130,4,4,15,45,7,3,14,10,3
경남,양산시,기초,남자,70-74세,85,1,2,14,21,11,0,7,9,3
경남,양산시,기초,남자,75-79세,62,1,1,6,26,5,0,5,7,2
경남,양산시,기초,남자,80-84세,82,3,2,11,37,5,0,5,4,2
경남,양산시,기초,남자,85세이상,49,1,2,8,24,3,1,3,1,0
경남,양산시,기초,여자,65세미만,59,1,3,8,21,2,0,5,3,0
경남,양산시,기초,여자,65-69세,117,6,2,17,29,2,2,13,12,8
경남,양산시,기초,여자,70-74세,140,3,6,22,46,9,2,14,11,6
경남,양산시,기초,여자,75-79세,197,3,13,28,71,11,5,19,12,1
경남,양산시,기초,여자,80-84세,272,6,14,40,125,21,2,21,8,0
경남,양산시,기초,여자,85세이상,287,14,29,62,136,16,3,4,1,0
경남,양산시,의료,남자,65세미만,1,1,0,0,0,0,0,0,0,0
경남,양산시,의료,남자,65-69세,2,0,0,1,1,0,0,0,0,0
경남,양산시,의료,남자,70-74세,5,0,0,1,3,0,0,0,0,0
경남,양산시,의료,남자,75-79세,6,0,0,1,3,1,0,0,0,0
경남,양산시,의료,남자,80-84세,6,1,0,2,1,0,0,0,1,0
경남,양산시,의료,남자,85세이상,5,0,1,1,2,0,0,0,0,0
경남,양산시,의료,여자,65세미만,1,0,0,0,0,0,0,0,0,0
경남,양산시,의료,여자,65-69세,2,0,0,0,1,0,0,0,0,0
경남,양산시,의료,여자,70-74세,10,1,0,3,5,0,0,0,0,0
경남,양산시,의료,여자,75-79세,6,1,0,0,2,1,0,1,0,0
경남,양산시,의료,여자,80-84세,18,1,2,3,6,1,0,0,1,0
경남,양산시,의료,여자,85세이상,44,0,5,11,19,3,0,1,0,0
경남,양산시,감경,남자,65세미만,48,4,4,12,18,1,0,1,0,0
경남,양산시,감경,남자,65-69세,111,6,5,30,50,12,1,1,1,0
경남,양산시,감경,남자,70-74세,136,6,6,33,69,8,3,2,0,0
경남,양산시,감경,남자,75-79세,147,7,12,39,71,7,1,2,0,0
경남,양산시,감경,남자,80-84세,173,4,14,40,85,18,4,4,0,0
경남,양산시,감경,남자,85세이상,184,9,13,44,98,11,5,1,0,0
경남,양산시,감경,여자,65세미만,50,4,4,14,16,2,0,5,0,0
경남,양산시,감경,여자,65-69세,100,10,6,25,37,8,1,2,0,0
경남,양산시,감경,여자,70-74세,184,9,13,39,89,9,2,3,0,1
경남,양산시,감경,여자,75-79세,381,14,19,71,174,50,7,3,1,0
경남,양산시,감경,여자,80-84세,702,24,58,155,346,65,12,1,1,1
경남,양산시,감경,여자,85세이상,842,48,88,226,395,53,2,2,0,0
경남,의령군,일반,남자,65세미만,6,0,0,0,2,0,0,1,0,0
경남,의령군,일반,남자,65-69세,15,0,0,4,2,0,0,2,2,0
경남,의령군,일반,남자,70-74세,17,0,0,1,2,1,1,2,3,1
경남,의령군,일반,남자,75-79세,49,1,1,4,12,6,2,4,7,1
경남,의령군,일반,남자,80-84세,79,1,1,8,29,11,2,5,4,3
경남,의령군,일반,남자,85세이상,97,1,2,10,39,20,2,10,3,1
경남,의령군,일반,여자,65세미만,8,0,1,0,1,0,0,2,2,0
경남,의령군,일반,여자,65-69세,34,1,0,4,4,3,0,2,9,2
경남,의령군,일반,여자,70-74세,55,0,1,5,6,5,3,12,8,1
경남,의령군,일반,여자,75-79세,125,0,1,6,30,8,7,18,17,5
경남,의령군,일반,여자,80-84세,226,4,3,20,72,28,1,31,21,8
경남,의령군,일반,여자,85세이상,242,1,10,29,90,28,0,24,28,2
경남,의령군,기초,남자,65세미만,11,1,0,1,4,1,1,0,1,0
경남,의령군,기초,남자,65-69세,16,0,0,3,4,2,0,3,1,0
경남,의령군,기초,남자,70-74세,8,0,4,1,1,0,0,1,0,0
경남,의령군,기초,남자,75-79세,11,1,1,0,3,0,0,1,1,1
경남,의령군,기초,남자,80-84세,9,0,0,0,5,1,0,2,0,0
경남,의령군,기초,남자,85세이상,4,0,0,0,3,1,0,0,0,0
경남,의령군,기초,여자,65세미만,5,0,0,2,0,1,0,0,0,1
경남,의령군,기초,여자,65-69세,16,0,0,2,3,3,0,2,5,0
경남,의령군,기초,여자,70-74세,17,1,0,1,5,1,0,3,2,1
경남,의령군,기초,여자,75-79세,28,0,3,6,6,3,0,2,1,1
경남,의령군,기초,여자,80-84세,38,1,3,7,14,5,1,1,2,0
경남,의령군,기초,여자,85세이상,67,3,6,12,31,6,1,2,1,0
경남,의령군,의료,남자,65세미만,0,0,0,0,0,0,0,0,0,0
경남,의령군,의료,남자,65-69세,0,0,0,0,0,0,0,0,0,0
경남,의령군,의료,남자,70-74세,0,0,0,0,0,0,0,0,0,0
경남,의령군,의료,남자,75-79세,0,0,0,0,0,0,0,0,0,0
경남,의령군,의료,남자,80-84세,1,0,0,0,0,0,0,0,1,0
경남,의령군,의료,남자,85세이상,5,0,0,0,3,0,0,1,1,0
경남,의령군,의료,여자,65세미만,0,0,0,0,0,0,0,0,0,0
경남,의령군,의료,여자,65-69세,1,0,0,1,0,0,0,0,0,0
경남,의령군,의료,여자,70-74세,0,0,0,0,0,0,0,0,0,0
경남,의령군,의료,여자,75-79세,0,0,0,0,0,0,0,0,0,0
경남,의령군,의료,여자,80-84세,7,1,0,2,2,0,0,0,0,0
경남,의령군,의료,여자,85세이상,7,0,1,3,0,0,0,1,0,0
경남,의령군,감경,남자,65세미만,7,0,0,1,5,1,0,0,0,0
경남,의령군,감경,남자,65-69세,11,0,1,1,5,1,0,1,1,0
경남,의령군,감경,남자,70-74세,13,1,0,5,5,1,0,0,0,0
경남,의령군,감경,남자,75-79세,19,0,0,7,8,2,2,0,0,0
경남,의령군,감경,남자,80-84세,40,1,3,5,23,4,2,0,1,0
경남,의령군,감경,남자,85세이상,49,0,3,11,26,7,1,0,0,0
경남,의령군,감경,여자,65세미만,6,0,0,2,1,0,0,1,1,0
경남,의령군,감경,여자,65-69세,10,0,0,0,2,3,1,2,0,1
경남,의령군,감경,여자,70-74세,17,0,0,3,3,6,2,0,0,0
경남,의령군,감경,여자,75-79세,56,0,2,9,27,11,4,0,0,0
경남,의령군,감경,여자,80-84세,171,3,8,26,88,31,7,3,0,0
경남,의령군,감경,여자,85세이상,328,5,25,53,183,49,5,1,2,0
경남,함안군,일반,남자,65세미만,17,1,0,2,3,0,0,4,2,1
경남,함안군,일반,남자,65-69세,53,1,3,2,13,5,3,10,3,3
경남,함안군,일반,남자,70-74세,75,2,3,10,25,7,0,7,5,3
경남,함안군,일반,남자,75-79세,113,3,2,16,46,9,2,7,9,2
경남,함안군,일반,남자,80-84세,120,2,8,14,45,10,7,9,9,2
경남,함안군,일반,남자,85세이상,126,2,3,20,60,16,2,4,2,0
경남,함안군,일반,여자,65세미만,12,1,2,4,2,2,0,0,1,0
경남,함안군,일반,여자,65-69세,61,2,2,5,6,3,1,12,7,4
경남,함안군,일반,여자,70-74세,145,2,3,12,37,6,1,26,14,4
경남,함안군,일반,여자,75-79세,261,1,5,24,89,34,4,20,15,3
경남,함안군,일반,여자,80-84세,393,7,12,32,166,64,9,28,19,3
경남,함안군,일반,여자,85세이상,420,9,26,69,196,59,3,11,12,0
경남,함안군,기초,남자,65세미만,27,0,1,0,14,2,0,4,1,1
경남,함안군,기초,남자,65-69세,39,0,0,3,11,3,1,4,6,0
경남,함안군,기초,남자,70-74세,33,1,2,5,12,1,1,0,2,3
경남,함안군,기초,남자,75-79세,20,1,0,1,8,3,0,1,2,0
경남,함안군,기초,남자,80-84세,20,0,2,2,10,0,0,1,1,0
경남,함안군,기초,남자,85세이상,10,0,0,0,5,2,0,2,0,0
경남,함안군,기초,여자,65세미만,18,0,3,2,3,2,0,1,2,0
경남,함안군,기초,여자,65-69세,26,1,2,6,6,2,1,2,1,1
경남,함안군,기초,여자,70-74세,32,0,1,2,11,3,0,0,4,2
경남,함안군,기초,여자,75-79세,69,1,5,5,24,8,3,3,3,2
경남,함안군,기초,여자,80-84세,84,0,4,14,34,11,2,2,4,1
경남,함안군,기초,여자,85세이상,102,1,10,19,41,15,1,4,1,0
경남,함안군,의료,남자,65세미만,0,0,0,0,0,0,0,0,0,0
경남,함안군,의료,남자,65-69세,1,0,0,0,0,1,0,0,0,0
경남,함안군,의료,남자,70-74세,1,0,0,0,0,1,0,0,0,0
경남,함안군,의료,남자,75-79세,2,0,1,0,1,0,0,0,0,0
경남,함안군,의료,남자,80-84세,1,0,0,0,1,0,0,0,0,0
경남,함안군,의료,남자,85세이상,3,0,1,1,1,0,0,0,0,0
경남,함안군,의료,여자,65세미만,0,0,0,0,0,0,0,0,0,0
경남,함안군,의료,여자,65-69세,0,0,0,0,0,0,0,0,0,0
경남,함안군,의료,여자,70-74세,0,0,0,0,0,0,0,0,0,0
경남,함안군,의료,여자,75-79세,5,0,0,0,1,1,0,0,0,0
경남,함안군,의료,여자,80-84세,6,0,0,0,3,0,0,0,0,1
경남,함안군,의료,여자,85세이상,19,2,3,2,8,2,0,0,2,0
경남,함안군,감경,남자,65세미만,11,1,2,1,1,1,0,1,0,0
경남,함안군,감경,남자,65-69세,31,1,1,8,17,2,0,0,0,0
경남,함안군,감경,남자,70-74세,39,0,0,10,20,5,1,1,0,1
경남,함안군,감경,남자,75-79세,50,2,4,6,27,6,2,1,0,0
경남,함안군,감경,남자,80-84세,52,2,1,9,27,11,0,0,0,0
경남,함안군,감경,남자,85세이상,80,0,4,12,51,11,0,1,0,0
경남,함안군,감경,여자,65세미만,14,0,0,2,8,3,1,0,0,0
경남,함안군,감경,여자,65-69세,24,0,1,4,14,3,0,0,0,0
경남,함안군,감경,여자,70-74세,69,2,4,7,36,11,4,0,0,0
경남,함안군,감경,여자,75-79세,114,0,7,11,55,26,4,0,0,0
경남,함안군,감경,여자,80-84세,314,6,17,42,165,69,4,1,0,0
경남,함안군,감경,여자,85세이상,444,23,30,103,226,45,4,1,0,0
경남,창녕군,일반,남자,65세미만,14,0,0,3,5,0,0,2,2,1
경남,창녕군,일반,남자,65-69세,39,0,3,2,8,3,0,4,3,3
경남,창녕군,일반,남자,70-74세,83,2,0,6,24,3,0,13,9,5
경남,창녕군,일반,남자,75-79세,108,0,6,13,31,10,1,15,7,5
경남,창녕군,일반,남자,80-84세,157,1,3,27,68,8,3,12,12,0
경남,창녕군,일반,남자,85세이상,156,1,5,33,68,9,3,3,3,2
경남,창녕군,일반,여자,65세미만,14,0,0,2,4,1,0,2,1,1
경남,창녕군,일반,여자,65-69세,66,1,1,7,8,4,0,14,5,1
경남,창녕군,일반,여자,70-74세,132,0,3,10,38,7,3,23,14,2
경남,창녕군,일반,여자,75-79세,271,1,7,26,94,19,2,37,16,1
경남,창녕군,일반,여자,80-84세,451,2,9,77,198,47,6,32,12,3
경남,창녕군,일반,여자,85세이상,395,6,15,88,187,32,3,13,11,0
경남,창녕군,기초,남자,65세미만,26,1,0,6,7,4,1,1,2,0
경남,창녕군,기초,남자,65-69세,46,1,0,10,13,5,3,6,3,2
경남,창녕군,기초,남자,70-74세,34,0,2,3,13,2,0,5,1,2
경남,창녕군,기초,남자,75-79세,29,0,1,6,7,3,0,2,3,3
경남,창녕군,기초,남자,80-84세,22,1,0,3,10,0,0,2,1,0
경남,창녕군,기초,남자,85세이상,14,0,0,3,6,1,0,0,1,0
경남,창녕군,기초,여자,65세미만,21,0,1,5,4,3,1,2,0,0
경남,창녕군,기초,여자,65-69세,39,0,0,3,11,3,0,3,5,6
경남,창녕군,기초,여자,70-74세,57,0,1,5,23,3,0,2,2,6
경남,창녕군,기초,여자,75-79세,82,1,1,11,35,1,1,9,3,1
경남,창녕군,기초,여자,80-84세,107,0,5,11,52,14,0,5,4,0
경남,창녕군,기초,여자,85세이상,111,3,4,24,43,11,1,4,3,1
경남,창녕군,의료,남자,65세미만,0,0,0,0,0,0,0,0,0,0
경남,창녕군,의료,남자,65-69세,1,0,0,1,0,0,0,0,0,0
경남,창녕군,의료,남자,70-74세,0,0,0,0,0,0,0,0,0,0
경남,창녕군,의료,남자,75-79세,3,0,0,0,1,0,0,0,1,0
경남,창녕군,의료,남자,80-84세,1,0,0,0,0,0,0,1,0,0
경남,창녕군,의료,남자,85세이상,1,0,0,1,0,0,0,0,0,0
경남,창녕군,의료,여자,65세미만,0,0,0,0,0,0,0,0,0,0
경남,창녕군,의료,여자,65-69세,0,0,0,0,0,0,0,0,0,0
경남,창녕군,의료,여자,70-74세,2,0,1,0,1,0,0,0,0,0
경남,창녕군,의료,여자,75-79세,0,0,0,0,0,0,0,0,0,0
경남,창녕군,의료,여자,80-84세,5,1,0,0,1,0,0,0,0,1
경남,창녕군,의료,여자,85세이상,21,0,1,4,9,2,0,0,0,0
경남,창녕군,감경,남자,65세미만,14,0,1,2,6,2,0,0,0,0
경남,창녕군,감경,남자,65-69세,26,3,0,2,13,4,0,3,0,0
경남,창녕군,감경,남자,70-74세,52,2,2,5,27,9,4,1,0,0
경남,창녕군,감경,남자,75-79세,56,0,4,7,39,4,0,1,0,0
경남,창녕군,감경,남자,80-84세,88,3,5,17,51,8,3,0,0,0
경남,창녕군,감경,남자,85세이상,97,3,5,19,58,9,1,0,0,0
경남,창녕군,감경,여자,65세미만,10,1,0,2,4,1,0,0,0,0
경남,창녕군,감경,여자,65-69세,28,0,1,7,13,4,1,0,1,0
경남,창녕군,감경,여자,70-74세,66,2,5,18,28,6,0,0,0,0
경남,창녕군,감경,여자,75-79세,165,3,10,27,85,19,1,1,0,0
경남,창녕군,감경,여자,80-84세,388,7,16,66,236,40,3,1,0,0
경남,창녕군,감경,여자,85세이상,575,6,35,174,306,31,3,2,0,0
경남,고성군,일반,남자,65세미만,17,1,1,3,1,0,0,1,5,1
경남,고성군,일반,남자,65-69세,44,0,0,6,7,2,0,8,4,7
경남,고성군,일반,남자,70-74세,56,0,1,7,15,4,0,6,7,3
경남,고성군,일반,남자,75-79세,104,2,3,18,28,10,1,11,6,4
경남,고성군,일반,남자,80-84세,127,0,4,13,44,17,3,18,9,1
경남,고성군,일반,남자,85세이상,131,1,5,16,54,17,0,18,3,2
경남,고성군,일반,여자,65세미만,9,0,1,0,1,0,1,3,0,0
경남,고성군,일반,여자,65-69세,56,2,2,2,10,2,0,6,4,2
경남,고성군,일반,여자,70-74세,102,2,1,11,23,3,0,16,8,3
경남,고성군,일반,여자,75-79세,195,1,4,25,48,24,2,31,12,1
경남,고성군,일반,여자,80-84세,396,1,13,53,147,55,2,44,23,3
경남,고성군,일반,여자,85세이상,440,7,21,80,185,59,1,19,9,0
경남,고성군,기초,남자,65세미만,21,0,0,3,9,1,0,0,2,1
경남,고성군,기초,남자,65-69세,39,0,1,4,14,4,1,4,4,1
경남,고성군,기초,남자,70-74세,26,0,1,4,9,5,0,2,1,0
경남,고성군,기초,남자,75-79세,18,0,0,5,5,4,0,0,1,1
경남,고성군,기초,남자,80-84세,19,0,3,2,8,2,0,2,2,0
경남,고성군,기초,남자,85세이상,12,0,0,1,4,3,0,0,0,0
경남,고성군,기초,여자,65세미만,5,0,0,1,0,0,0,0,2,0
경남,고성군,기초,여자,65-69세,23,1,1,5,9,3,0,2,1,0
경남,고성군,기초,여자,70-74세,24,0,0,1,15,4,0,1,0,0
경남,고성군,기초,여자,75-79세,49,1,0,7,18,8,0,4,1,0
경남,고성군,기초,여자,80-84세,70,1,0,11,28,9,1,4,3,0
경남,고성군,기초,여자,85세이상,110,3,9,25,44,10,1,1,0,0
경남,고성군,의료,남자,65세미만,0,0,0,0,0,0,0,0,0,0
경남,고성군,의료,남자,65-69세,0,0,0,0,0,0,0,0,0,0
경남,고성군,의료,남자,70-74세,0,0,0,0,0,0,0,0,0,0
경남,고성군,의료,남자,75-79세,2,1,0,0,0,0,0,0,1,0
경남,고성군,의료,남자,80-84세,1,0,0,0,0,0,0,0,0,0
경남,고성군,의료,남자,85세이상,1,0,0,0,0,1,0,0,0,0
경남,고성군,의료,여자,65세미만,0,0,0,0,0,0,0,0,0,0
경남,고성군,의료,여자,65-69세,1,0,0,0,0,0,0,0,0,0
경남,고성군,의료,여자,70-74세,0,0,0,0,0,0,0,0,0,0
경남,고성군,의료,여자,75-79세,0,0,0,0,0,0,0,0,0,0
경남,고성군,의료,여자,80-84세,5,0,0,1,0,1,0,0,0,0
경남,고성군,의료,여자,85세이상,27,1,2,4,17,2,0,0,0,0
경남,고성군,감경,남자,65세미만,9,0,1,3,3,1,0,0,0,0
경남,고성군,감경,남자,65-69세,23,0,3,4,13,1,0,0,1,1
경남,고성군,감경,남자,70-74세,35,2,5,4,17,5,1,0,0,0
경남,고성군,감경,남자,75-79세,35,1,2,10,15,2,1,0,0,0
경남,고성군,감경,남자,80-84세,65,1,5,16,27,12,0,0,1,0
경남,고성군,감경,남자,85세이상,81,2,4,17,49,8,0,0,0,0
경남,고성군,감경,여자,65세미만,7,1,1,3,0,2,0,0,0,0
경남,고성군,감경,여자,65-69세,18,1,1,3,7,2,0,3,0,1
경남,고성군,감경,여자,70-74세,42,0,3,7,21,5,2,1,0,0
경남,고성군,감경,여자,75-79세,104,2,7,17,45,16,2,4,0,0
경남,고성군,감경,여자,80-84세,244,2,8,40,129,51,1,1,0,0
경남,고성군,감경,여자,85세이상,424,7,32,101,218,56,1,0,1,0
경남,남해군,일반,남자,65세미만,7,0,0,0,1,0,0,3,1,1
경남,남해군,일반,남자,65-69세,28,0,1,3,6,0,0,6,3,2
경남,남해군,일반,남자,70-74세,58,1,0,4,20,1,1,10,8,4
경남,남해군,일반,남자,75-79세,79,0,1,13,23,8,0,14,4,5
경남,남해군,일반,남자,80-84세,146,2,2,24,65,10,2,8,12,6
경남,남해군,일반,남자,85세이상,165,1,6,26,85,14,1,11,10,0
경남,남해군,일반,여자,65세미만,7,1,0,1,1,1,0,2,0,0
경남,남해군,일반,여자,65-69세,44,1,1,5,8,0,1,8,4,3
경남,남해군,일반,여자,70-74세,86,0,1,9,23,6,2,11,13,4
경남,남해군,일반,여자,75-79세,215,1,1,21,79,18,4,30,17,4
경남,남해군,일반,여자,80-84세,398,1,6,50,179,49,3,32,19,8
경남,남해군,일반,여자,85세이상,488,7,22,83,256,32,3,29,11,4
경남,남해군,기초,남자,65세미만,11,0,0,3,1,2,0,3,0,0
경남,남해군,기초,남자,65-69세,20,1,1,1,7,0,1,1,3,3
경남,남해군,기초,남자,70-74세,24,0,1,2,6,2,0,5,2,2
경남,남해군,기초,남자,75-79세,15,0,0,1,4,2,0,4,1,0
경남,남해군,기초,남자,80-84세,18,0,0,4,7,3,0,0,1,0
경남,남해군,기초,남자,85세이상,9,0,1,0,7,1,0,0,0,0
경남,남해군,기초,여자,65세미만,9,1,1,1,0,2,0,1,0,1
경남,남해군,기초,여자,65-69세,18,1,0,3,6,1,0,2,2,2
경남,남해군,기초,여자,70-74세,12,0,0,1,7,0,0,2,1,0
경남,남해군,기초,여자,75-79세,39,0,3,4,16,2,0,5,2,2
경남,남해군,기초,여자,80-84세,51,0,1,5,20,7,0,3,1,2
경남,남해군,기초,여자,85세이상,98,2,6,15,48,5,1,2,6,0
경남,남해군,의료,남자,65세미만,0,0,0,0,0,0,0,0,0,0
경남,남해군,의료,남자,65-69세,0,0,0,0,0,0,0,0,0,0
경남,남해군,의료,남자,70-74세,0,0,0,0,0,0,0,0,0,0
경남,남해군,의료,남자,75-79세,3,0,1,1,1,0,0,0,0,0
경남,남해군,의료,남자,80-84세,1,0,0,0,1,0,0,0,0,0
경남,남해군,의료,남자,85세이상,4,0,0,0,3,0,0,0,0,0
경남,남해군,의료,여자,65세미만,0,0,0,0,0,0,0,0,0,0
경남,남해군,의료,여자,65-69세,1,0,0,0,0,0,0,0,1,0
경남,남해군,의료,여자,70-74세,1,0,0,0,0,0,0,0,0,0
경남,남해군,의료,여자,75-79세,1,0,0,0,0,0,0,0,1,0
경남,남해군,의료,여자,80-84세,5,0,0,0,0,0,0,1,0,0
경남,남해군,의료,여자,85세이상,27,0,2,4,12,5,0,0,0,0
경남,남해군,감경,남자,65세미만,14,1,1,1,5,3,0,0,0,0
경남,남해군,감경,남자,65-69세,19,0,1,9,8,1,0,0,0,0
경남,남해군,감경,남자,70-74세,32,0,4,7,16,3,0,0,1,0
경남,남해군,감경,남자,75-79세,47,0,2,14,24,3,2,0,0,0
경남,남해군,감경,남자,80-84세,91,0,7,19,49,12,0,0,0,0
경남,남해군,감경,남자,85세이상,160,3,8,34,90,21,2,0,0,0
경남,남해군,감경,여자,65세미만,3,1,0,0,2,0,0,0,0,0
경남,남해군,감경,여자,65-69세,21,0,0,2,13,5,0,0,0,0
경남,남해군,감경,여자,70-74세,56,0,2,8,30,6,5,0,0,1
경남,남해군,감경,여자,75-79세,121,0,1,18,70,16,4,0,1,1
경남,남해군,감경,여자,80-84세,351,5,11,56,209,54,2,1,2,1
경남,남해군,감경,여자,85세이상,694,20,39,159,400,61,5,1,0,0
경남,하동군,일반,남자,65세미만,14,2,0,1,0,1,0,3,1,1
경남,하동군,일반,남자,65-69세,34,1,2,4,9,1,0,2,8,1
경남,하동군,일반,남자,70-74세,60,0,2,7,21,1,1,2,11,5
경남,하동군,일반,남자,75-79세,85,0,4,16,31,2,1,9,8,5
경남,하동군,일반,남자,80-84세,130,1,10,28,48,9,2,12,8,2
경남,하동군,일반,남자,85세이상,147,2,11,32,69,9,0,3,8,2
경남,하동군,일반,여자,65세미만,10,0,1,2,2,0,0,2,2,0
경남,하동군,일반,여자,65-69세,49,0,1,2,9,1,1,7,9,1
경남,하동군,일반,여자,70-74세,110,0,5,15,34,1,1,16,11,1
경남,하동군,일반,여자,75-79세,197,3,6,23,67,16,3,20,17,3
경남,하동군,일반,여자,80-84세,397,3,17,62,203,18,2,29,14,1
경남,하동군,일반,여자,85세이상,409,7,43,93,191,19,1,16,14,0
경남,하동군,기초,남자,65세미만,26,0,4,6,8,0,0,2,2,0
경남,하동군,기초,남자,65-69세,33,2,1,3,15,2,0,1,5,3
경남,하동군,기초,남자,70-74세,31,0,0,1,16,1,0,3,5,1
경남,하동군,기초,남자,75-79세,19,0,1,0,8,1,0,3,4,0
경남,하동군,기초,남자,80-84세,20,1,0,1,13,1,0,1,1,0
경남,하동군,기초,남자,85세이상,13,1,2,3,5,1,0,0,0,0
경남,하동군,기초,여자,65세미만,14,2,3,2,1,1,0,1,2,0
경남,하동군,기초,여자,65-69세,38,1,2,6,13,3,1,5,4,1
경남,하동군,기초,여자,70-74세,37,1,2,8,14,1,0,4,4,1
경남,하동군,기초,여자,75-79세,47,0,0,9,24,4,0,2,4,0
경남,하동군,기초,여자,80-84세,69,2,8,7,34,7,0,3,1,1
경남,하동군,기초,여자,85세이상,108,2,16,28,43,5,0,2,3,0
경남,하동군,의료,남자,65세미만,0,0,0,0,0,0,0,0,0,0
경남,하동군,의료,남자,65-69세,0,0,0,0,0,0,0,0,0,0
경남,하동군,의료,남자,70-74세,2,0,0,0,1,0,0,0,0,0
경남,하동군,의료,남자,75-79세,2,0,1,0,1,0,0,0,0,0
경남,하동군,의료,남자,80-84세,0,0,0,0,0,0,0,0,0,0
경남,하동군,의료,남자,85세이상,2,0,0,0,2,0,0,0,0,0
경남,하동군,의료,여자,65세미만,0,0,0,0,0,0,0,0,0,0
경남,하동군,의료,여자,65-69세,0,0,0,0,0,0,0,0,0,0
경남,하동군,의료,여자,70-74세,1,0,0,0,0,1,0,0,0,0
경남,하동군,의료,여자,75-79세,4,0,0,1,0,0,0,0,0,0
경남,하동군,의료,여자,80-84세,6,0,2,0,1,1,0,0,0,0
경남,하동군,의료,여자,85세이상,10,0,1,4,2,0,0,0,0,0
경남,하동군,감경,남자,65세미만,7,0,0,3,4,0,0,0,0,0
경남,하동군,감경,남자,65-69세,20,1,4,1,10,0,0,0,0,0
경남,하동군,감경,남자,70-74세,35,4,5,9,15,1,0,0,0,0
경남,하동군,감경,남자,75-79세,60,2,5,11,38,2,0,0,0,0
경남,하동군,감경,남자,80-84세,96,1,4,33,50,5,0,2,0,0
경남,하동군,감경,남자,85세이상,131,0,11,37,76,5,0,0,0,0
경남,하동군,감경,여자,65세미만,7,1,0,0,5,0,0,0,0,0
경남,하동군,감경,여자,65-69세,23,1,1,6,12,0,0,0,0,0
경남,하동군,감경,여자,70-74세,51,3,2,11,28,4,0,0,0,0
경남,하동군,감경,여자,75-79세,132,2,7,20,80,12,2,2,0,0
경남,하동군,감경,여자,80-84세,361,7,33,72,210,28,2,0,0,0
경남,하동군,감경,여자,85세이상,626,14,83,166,327,23,1,0,1,0
경남,산청군,일반,남자,65세미만,12,0,0,1,4,0,0,0,4,1
경남,산청군,일반,남자,65-69세,31,1,1,7,3,0,0,2,5,6
경남,산청군,일반,남자,70-74세,56,0,3,5,13,4,2,5,8,5
경남,산청군,일반,남자,75-79세,80,1,0,8,23,4,4,5,15,11
경남,산청군,일반,남자,80-84세,132,0,3,18,51,15,0,7,11,9
경남,산청군,일반,남자,85세이상,131,1,3,27,47,24,0,6,6,2
경남,산청군,일반,여자,65세미만,7,0,0,0,1,0,0,2,3,1
경남,산청군,일반,여자,65-69세,60,1,2,3,7,0,1,13,17,6
경남,산청군,일반,여자,70-74세,142,1,1,4,13,7,0,20,29,27
경남,산청군,일반,여자,75-79세,264,2,5,18,40,20,4,37,45,33
경남,산청군,일반,여자,80-84세,343,8,7,42,103,59,8,31,35,15
경남,산청군,일반,여자,85세이상,347,10,12,71,136,47,4,12,12,3
경남,산청군,기초,남자,65세미만,20,2,2,6,2,1,2,1,1,0
경남,산청군,기초,남자,65-69세,18,0,0,2,6,0,1,2,2,4
경남,산청군,기초,남자,70-74세,18,1,1,1,4,1,1,0,3,4
경남,산청군,기초,남자,75-79세,11,0,1,0,4,2,1,1,1,1
경남,산청군,기초,남자,80-84세,8,0,0,1,4,0,1,0,0,0
경남,산청군,기초,남자,85세이상,9,0,0,4,2,1,0,1,1,0
경남,산청군,기초,여자,65세미만,16,1,0,4,3,2,0,4,0,0
경남,산청군,기초,여자,65-69세,18,0,1,2,2,2,0,1,6,2
경남,산청군,기초,여자,70-74세,27,0,2,2,5,2,1,3,4,2
경남,산청군,기초,여자,75-79세,49,0,2,7,13,6,0,3,8,3
경남,산청군,기초,여자,80-84세,55,2,5,8,18,10,2,1,1,2
경남,산청군,기초,여자,85세이상,107,5,14,20,42,10,1,1,3,1
경남,산청군,의료,남자,65세미만,0,0,0,0,0,0,0,0,0,0
경남,산청군,의료,남자,65-69세,1,0,0,0,1,0,0,0,0,0
경남,산청군,의료,남자,70-74세,0,0,0,0,0,0,0,0,0,0
경남,산청군,의료,남자,75-79세,0,0,0,0,0,0,0,0,0,0
경남,산청군,의료,남자,80-84세,0,0,0,0,0,0,0,0,0,0
경남,산청군,의료,남자,85세이상,4,0,0,0,1,1,0,0,0,0
경남,산청군,의료,여자,65세미만,0,0,0,0,0,0,0,0,0,0
경남,산청군,의료,여자,65-69세,0,0,0,0,0,0,0,0,0,0
경남,산청군,의료,여자,70-74세,2,0,0,0,1,0,0,0,0,1
경남,산청군,의료,여자,75-79세,4,0,0,0,0,0,1,0,2,0
경남,산청군,의료,여자,80-84세,5,0,0,0,1,1,0,0,0,0
경남,산청군,의료,여자,85세이상,14,0,0,4,5,3,0,1,0,0
경남,산청군,감경,남자,65세미만,6,1,1,2,2,0,0,0,0,0
경남,산청군,감경,남자,65-69세,14,0,0,4,8,1,0,1,0,0
경남,산청군,감경,남자,70-74세,24,1,2,2,12,3,1,0,1,1
경남,산청군,감경,남자,75-79세,42,0,1,11,18,4,3,0,0,1
경남,산청군,감경,남자,80-84세,67,1,6,12,34,11,0,0,0,0
경남,산청군,감경,남자,85세이상,87,0,4,13,44,21,2,0,0,0
경남,산청군,감경,여자,65세미만,8,0,1,3,3,0,0,0,0,0
경남,산청군,감경,여자,65-69세,16,1,1,6,5,2,1,0,0,0
경남,산청군,감경,여자,70-74세,57,1,2,14,20,11,3,1,1,0
경남,산청군,감경,여자,75-79세,112,4,8,21,44,20,5,0,2,1
경남,산청군,감경,여자,80-84세,288,4,11,62,121,76,6,0,1,0
경남,산청군,감경,여자,85세이상,533,15,47,128,248,75,9,1,0,0
경남,함양군,일반,남자,65세미만,12,2,0,1,3,1,0,2,0,1
경남,함양군,일반,남자,65-69세,19,1,0,0,2,0,0,5,4,1
경남,함양군,일반,남자,70-74세,39,0,2,5,6,1,2,6,4,3
경남,함양군,일반,남자,75-79세,62,1,1,6,5,8,5,9,12,3
경남,함양군,일반,남자,80-84세,109,0,1,16,29,20,4,9,7,6
경남,함양군,일반,남자,85세이상,99,4,0,16,29,15,4,5,2,3
경남,함양군,일반,여자,65세미만,6,1,0,0,2,0,0,0,0,1
경남,함양군,일반,여자,65-69세,34,0,2,3,2,2,1,4,6,2
경남,함양군,일반,여자,70-74세,75,0,1,1,15,9,2,11,10,8
경남,함양군,일반,여자,75-79세,153,1,6,15,38,22,2,22,14,7
경남,함양군,일반,여자,80-84세,304,1,5,29,91,54,17,25,28,3
경남,함양군,일반,여자,85세이상,273,4,8,46,97,47,12,12,13,3
경남,함양군,기초,남자,65세미만,23,1,0,4,4,1,0,0,2,2
경남,함양군,기초,남자,65-69세,20,0,2,5,4,2,1,0,1,4
경남,함양군,기초,남자,70-74세,11,0,2,3,1,1,0,0,1,1
경남,함양군,기초,남자,75-79세,13,1,0,3,3,3,0,0,1,0
경남,함양군,기초,남자,80-84세,9,0,1,1,4,1,0,0,1,0
경남,함양군,기초,남자,85세이상,15,0,0,3,3,5,1,0,0,0
경남,함양군,기초,여자,65세미만,12,1,1,2,0,0,1,4,2,0
경남,함양군,기초,여자,65-69세,22,0,0,6,4,0,1,0,3,0
경남,함양군,기초,여자,70-74세,23,0,0,2,10,2,0,0,1,2
경남,함양군,기초,여자,75-79세,45,1,3,4,13,9,4,6,1,0
경남,함양군,기초,여자,80-84세,48,0,1,4,23,7,2,1,4,1
경남,함양군,기초,여자,85세이상,105,2,8,21,41,11,1,2,1,0
경남,함양군,의료,남자,65세미만,0,0,0,0,0,0,0,0,0,0
경남,함양군,의료,남자,65-69세,0,0,0,0,0,0,0,0,0,0
경남,함양군,의료,남자,70-74세,0,0,0,0,0,0,0,0,0,0
경남,함양군,의료,남자,75-79세,2,0,0,0,0,0,0,1,0,0
경남,함양군,의료,남자,80-84세,1,0,0,0,1,0,0,0,0,0
경남,함양군,의료,남자,85세이상,5,0,0,3,2,0,0,0,0,0
경남,함양군,의료,여자,65세미만,0,0,0,0,0,0,0,0,0,0
경남,함양군,의료,여자,65-69세,1,0,0,0,1,0,0,0,0,0
경남,함양군,의료,여자,70-74세,0,0,0,0,0,0,0,0,0,0
경남,함양군,의료,여자,75-79세,6,0,0,1,0,0,0,2,2,0
경남,함양군,의료,여자,80-84세,4,0,0,1,3,0,0,0,0,0
경남,함양군,의료,여자,85세이상,15,0,0,3,4,5,0,0,0,0
경남,함양군,감경,남자,65세미만,1,0,0,1,0,0,0,0,0,0
경남,함양군,감경,남자,65-69세,14,0,1,7,2,2,1,0,0,0
경남,함양군,감경,남자,70-74세,21,0,0,4,9,1,4,0,2,0
경남,함양군,감경,남자,75-79세,28,0,1,8,14,4,1,0,0,0
경남,함양군,감경,남자,80-84세,65,1,5,9,37,10,2,0,1,0
경남,함양군,감경,남자,85세이상,86,3,2,20,35,20,3,0,0,0
경남,함양군,감경,여자,65세미만,5,0,0,2,3,0,0,0,0,0
경남,함양군,감경,여자,65-69세,9,1,1,0,3,2,2,0,0,0
경남,함양군,감경,여자,70-74세,32,0,2,5,15,4,1,0,1,0
경남,함양군,감경,여자,75-79세,87,1,5,17,43,13,6,0,0,0
경남,함양군,감경,여자,80-84세,271,4,11,48,118,66,14,2,0,0
경남,함양군,감경,여자,85세이상,475,16,23,110,234,71,11,1,3,0
경남,거창군,일반,남자,65세미만,6,0,0,0,1,1,0,2,2,0
경남,거창군,일반,남자,65-69세,39,0,1,7,5,1,1,9,7,2
경남,거창군,일반,남자,70-74세,35,0,2,2,7,4,0,11,1,2
경남,거창군,일반,남자,75-79세,72,0,0,7,16,9,4,7,14,1
경남,거창군,일반,남자,80-84세,123,1,3,16,42,23,4,9,6,3
경남,거창군,일반,남자,85세이상,149,2,4,20,53,24,7,15,7,2
경남,거창군,일반,여자,65세미만,16,1,0,2,2,2,0,5,2,1
경남,거창군,일반,여자,65-69세,31,1,1,4,4,2,0,6,3,2
경남,거창군,일반,여자,70-74세,77,0,2,8,16,5,2,8,13,4
경남,거창군,일반,여자,75-79세,173,3,4,12,40,23,4,21,25,4
경남,거창군,일반,여자,80-84세,336,3,9,41,101,53,12,37,20,4
경남,거창군,일반,여자,85세이상,434,5,18,69,150,74,11,27,17,2
경남,거창군,기초,남자,65세미만,26,0,2,5,10,1,0,5,2,0
경남,거창군,기초,남자,65-69세,33,0,2,1,9,4,2,5,4,3
경남,거창군,기초,남자,70-74세,25,0,1,7,7,3,0,1,3,0
경남,거창군,기초,남자,75-79세,18,0,1,2,6,2,0,2,2,0
경남,거창군,기초,남자,80-84세,17,0,0,1,8,2,2,0,0,0
경남,거창군,기초,남자,85세이상,15,0,0,1,7,4,0,0,1,0
경남,거창군,기초,여자,65세미만,12,0,2,2,2,0,0,2,2,1
경남,거창군,기초,여자,65-69세,18,0,1,3,3,1,0,2,2,1
경남,거창군,기초,여자,70-74세,30,0,2,6,7,3,0,4,4,0
경남,거창군,기초,여자,75-79세,45,0,3,3,15,9,1,3,2,1
경남,거창군,기초,여자,80-84세,62,1,1,5,27,7,2,4,3,0
경남,거창군,기초,여자,85세이상,116,3,3,21,53,13,3,3,3,0
경남,거창군,의료,남자,65세미만,1,1,0,0,0,0,0,0,0,0
경남,거창군,의료,남자,65-69세,1,0,0,0,0,0,0,0,1,0
경남,거창군,의료,남자,70-74세,0,0,0,0,0,0,0,0,0,0
경남,거창군,의료,남자,75-79세,1,0,0,0,0,0,1,0,0,0
경남,거창군,의료,남자,80-84세,0,0,0,0,0,0,0,0,0,0
경남,거창군,의료,남자,85세이상,11,1,1,1,3,1,0,0,0,0
경남,거창군,의료,여자,65세미만,0,0,0,0,0,0,0,0,0,0
경남,거창군,의료,여자,65-69세,1,0,0,0,0,0,0,0,1,0
경남,거창군,의료,여자,70-74세,1,0,0,0,1,0,0,0,0,0
경남,거창군,의료,여자,75-79세,2,0,0,0,1,0,0,0,0,0
경남,거창군,의료,여자,80-84세,11,0,0,2,1,2,0,1,0,0
경남,거창군,의료,여자,85세이상,17,0,0,6,4,3,0,0,0,1
경남,거창군,감경,남자,65세미만,13,1,2,2,3,0,0,2,1,0
경남,거창군,감경,남자,65-69세,17,0,1,1,6,4,2,1,0,1
경남,거창군,감경,남자,70-74세,28,3,0,6,12,3,1,0,0,0
경남,거창군,감경,남자,75-79세,43,0,3,8,20,9,1,1,0,0
경남,거창군,감경,남자,80-84세,71,0,2,12,32,19,4,0,0,0
경남,거창군,감경,남자,85세이상,142,1,3,38,59,34,4,1,0,0
경남,거창군,감경,여자,65세미만,9,1,1,3,3,1,0,0,0,0
경남,거창군,감경,여자,65-69세,18,1,2,3,7,5,0,0,0,0
경남,거창군,감경,여자,70-74세,42,4,0,9,14,7,2,1,1,0
경남,거창군,감경,여자,75-79세,104,3,9,20,45,15,7,2,0,0
경남,거창군,감경,여자,80-84세,310,6,19,54,124,80,16,0,2,0
경남,거창군,감경,여자,85세이상,581,6,32,137,273,115,5,0,0,0
경남,합천군,일반,남자,65세미만,12,1,1,1,1,0,0,1,5,0
경남,합천군,일반,남자,65-69세,25,0,0,0,5,0,0,4,6,1
경남,합천군,일반,남자,70-74세,43,0,0,5,9,3,0,3,9,4
경남,합천군,일반,남자,75-79세,86,1,1,6,21,8,5,5,9,4
경남,합천군,일반,남자,80-84세,121,0,2,15,27,17,12,4,17,9
경남,합천군,일반,남자,85세이상,139,1,5,11,46,19,8,7,16,4
경남,합천군,일반,여자,65세미만,9,0,0,1,0,0,1,1,2,2
경남,합천군,일반,여자,65-69세,41,1,0,3,9,3,3,5,9,0
경남,합천군,일반,여자,70-74세,88,1,0,5,13,4,3,12,10,9
경남,합천군,일반,여자,75-79세,207,0,1,17,45,23,10,23,29,9
경남,합천군,일반,여자,80-84세,369,2,9,25,82,67,20,30,44,10
경남,합천군,일반,여자,85세이상,404,7,10,41,120,67,24,23,33,8
경남,합천군,기초,남자,65세미만,18,0,1,0,4,1,2,3,4,0
경남,합천군,기초,남자,65-69세,29,0,2,3,5,1,2,6,3,4
경남,합천군,기초,남자,70-74세,19,0,0,3,6,1,2,0,3,2
경남,합천군,기초,남자,75-79세,14,0,1,0,2,1,4,0,0,2
경남,합천군,기초,남자,80-84세,19,0,0,4,3,2,1,1,4,0
경남,합천군,기초,남자,85세이상,6,0,1,1,2,2,0,0,0,0
경남,합천군,기초,여자,65세미만,11,0,2,0,5,1,0,3,0,0
경남,합천군,기초,여자,65-69세,17,1,1,3,3,0,0,3,0,0
경남,합천군,기초,여자,70-74세,27,0,3,0,7,1,2,1,10,1
경남,합천군,기초,여자,75-79세,37,0,0,2,8,7,2,2,5,1
경남,합천군,기초,여자,80-84세,61,4,1,12,20,5,3,2,6,3
경남,합천군,기초,여자,85세이상,108,5,8,19,45,10,1,3,2,0
경남,합천군,의료,남자,65세미만,0,0,0,0,0,0,0,0,0,0
경남,합천군,의료,남자,65-69세,0,0,0,0,0,0,0,0,0,0
경남,합천군,의료,남자,70-74세,0,0,0,0,0,0,0,0,0,0
경남,합천군,의료,남자,75-79세,0,0,0,0,0,0,0,0,0,0
경남,합천군,의료,남자,80-84세,1,0,0,0,0,0,0,0,0,0
경남,합천군,의료,남자,85세이상,2,0,0,1,0,1,0,0,0,0
경남,합천군,의료,여자,65세미만,0,0,0,0,0,0,0,0,0,0
경남,합천군,의료,여자,65-69세,0,0,0,0,0,0,0,0,0,0
경남,합천군,의료,여자,70-74세,1,0,0,1,0,0,0,0,0,0
경남,합천군,의료,여자,75-79세,3,0,0,1,0,0,0,1,0,0
경남,합천군,의료,여자,80-84세,6,0,1,0,1,0,0,2,1,0
경남,합천군,의료,여자,85세이상,17,0,1,1,7,1,1,0,1,0
경남,합천군,감경,남자,65세미만,10,1,0,2,6,0,1,0,0,0
경남,합천군,감경,남자,65-69세,13,1,3,2,5,1,0,0,1,0
경남,합천군,감경,남자,70-74세,17,0,2,1,8,2,1,0,2,0
경남,합천군,감경,남자,75-79세,39,0,2,8,17,2,4,0,0,0
경남,합천군,감경,남자,80-84세,52,1,2,3,26,11,8,0,0,0
경남,합천군,감경,남자,85세이상,95,3,5,12,43,21,7,0,0,0
경남,합천군,감경,여자,65세미만,4,0,0,1,0,0,0,2,0,0
경남,합천군,감경,여자,65-69세,12,1,1,0,6,2,1,0,0,0
경남,합천군,감경,여자,70-74세,40,1,3,11,16,3,0,1,0,0
경남,합천군,감경,여자,75-79세,100,3,5,12,45,21,6,0,3,0
경남,합천군,감경,여자,80-84세,268,5,15,31,104,70,22,3,4,1
경남,합천군,감경,여자,85세이상,468,9,27,91,212,92,18,0,1,0
제주, 제주시,일반,남자,65세미만,84,11,5,18,8,4,0,8,9,1
제주, 제주시,일반,남자,65-69세,147,14,11,29,30,2,0,15,6,4
제주, 제주시,일반,남자,70-74세,177,16,15,39,37,8,1,10,3,2
제주, 제주시,일반,남자,75-79세,307,13,32,66,64,15,5,16,8,2
제주, 제주시,일반,남자,80-84세,431,26,37,90,117,27,3,18,14,5
제주, 제주시,일반,남자,85세이상,502,27,42,135,152,33,5,13,15,0
제주, 제주시,일반,여자,65세미만,68,4,3,13,7,3,1,14,7,4
제주, 제주시,일반,여자,65-69세,140,8,5,19,16,2,2,17,17,3
제주, 제주시,일반,여자,70-74세,262,11,15,41,41,15,1,22,25,4
제주, 제주시,일반,여자,75-79세,595,44,29,94,132,27,10,48,59,6
제주, 제주시,일반,여자,80-84세,1041,62,86,228,248,72,16,56,67,9
제주, 제주시,일반,여자,85세이상,1826,154,226,523,510,83,20,44,41,1
제주, 제주시,기초,남자,65세미만,149,12,13,31,32,6,1,10,6,3
제주, 제주시,기초,남자,65-69세,154,6,6,18,50,6,2,11,25,3
제주, 제주시,기초,남자,70-74세,101,4,12,22,25,3,0,3,7,3
제주, 제주시,기초,남자,75-79세,93,5,8,19,21,6,1,2,5,1
제주, 제주시,기초,남자,80-84세,87,3,8,16,28,3,0,4,4,0
제주, 제주시,기초,남자,85세이상,52,2,1,9,21,6,1,0,1,0
제주, 제주시,기초,여자,65세미만,73,12,3,11,12,3,0,9,8,2
제주, 제주시,기초,여자,65-69세,103,8,5,14,26,3,0,15,10,9
제주, 제주시,기초,여자,70-74세,137,6,5,21,50,5,0,6,15,9
제주, 제주시,기초,여자,75-79세,197,8,13,44,48,8,2,12,16,1
제주, 제주시,기초,여자,80-84세,293,21,21,62,76,14,5,10,14,2
제주, 제주시,기초,여자,85세이상,579,52,86,160,159,16,6,6,7,2
제주, 제주시,의료,남자,65세미만,0,0,0,0,0,0,0,0,0,0
제주, 제주시,의료,남자,65-69세,3,0,0,1,1,0,0,0,0,0
제주, 제주시,의료,남자,70-74세,2,0,0,0,1,0,0,0,0,0
제주, 제주시,의료,남자,75-79세,8,1,0,3,2,0,0,0,1,0
제주, 제주시,의료,남자,80-84세,5,1,1,0,1,0,0,0,0,0
제주, 제주시,의료,남자,85세이상,24,1,0,7,6,1,0,0,0,0
제주, 제주시,의료,여자,65세미만,0,0,0,0,0,0,0,0,0,0
제주, 제주시,의료,여자,65-69세,2,0,1,0,0,0,0,1,0,0
제주, 제주시,의료,여자,70-74세,3,0,1,1,0,0,0,1,0,0
제주, 제주시,의료,여자,75-79세,9,0,0,1,3,0,0,0,2,0
제주, 제주시,의료,여자,80-84세,4,0,1,2,0,0,0,1,0,0
제주, 제주시,의료,여자,85세이상,99,12,13,28,21,4,0,1,0,0
제주, 제주시,감경,남자,65세미만,47,9,9,8,13,1,0,0,0,0
제주, 제주시,감경,남자,65-69세,68,3,8,26,16,7,0,1,0,1
제주, 제주시,감경,남자,70-74세,91,11,8,36,24,3,2,2,2,0
제주, 제주시,감경,남자,75-79세,136,9,11,47,53,5,4,0,2,0
제주, 제주시,감경,남자,80-84세,165,7,23,46,63,17,4,0,0,0
제주, 제주시,감경,남자,85세이상,223,10,28,76,87,17,2,1,1,0
제주, 제주시,감경,여자,65세미만,45,7,5,15,10,3,1,0,0,0
제주, 제주시,감경,여자,65-69세,65,10,3,18,20,5,1,1,1,0
제주, 제주시,감경,여자,70-74세,130,17,11,33,43,8,3,1,3,0
제주, 제주시,감경,여자,75-79세,302,27,36,83,106,22,9,2,1,0
제주, 제주시,감경,여자,80-84세,549,46,73,185,180,35,7,0,3,0
제주, 제주시,감경,여자,85세이상,1296,136,203,468,400,54,10,2,0,0
제주, 서귀포시,일반,남자,65세미만,40,2,0,2,10,2,0,6,2,3
제주, 서귀포시,일반,남자,65-69세,57,9,5,13,5,3,0,5,6,1
제주, 서귀포시,일반,남자,70-74세,81,7,3,9,16,7,2,4,4,5
제주, 서귀포시,일반,남자,75-79세,149,3,12,23,29,14,7,9,11,2
제주, 서귀포시,일반,남자,80-84세,200,5,3,36,61,12,11,11,10,3
제주, 서귀포시,일반,남자,85세이상,207,8,15,31,59,20,9,9,11,3
제주, 서귀포시,일반,여자,65세미만,20,2,0,2,2,1,0,2,3,3
제주, 서귀포시,일반,여자,65-69세,54,3,1,6,2,0,4,4,8,2
제주, 서귀포시,일반,여자,70-74세,118,3,3,14,13,10,3,9,13,9
제주, 서귀포시,일반,여자,75-79세,278,12,9,17,54,27,10,16,40,4
제주, 서귀포시,일반,여자,80-84세,421,12,22,41,90,44,23,28,27,5
제주, 서귀포시,일반,여자,85세이상,761,30,48,152,201,76,29,34,34,7
제주, 서귀포시,기초,남자,65세미만,52,2,3,11,14,2,0,5,2,3
제주, 서귀포시,기초,남자,65-69세,55,3,0,5,12,2,1,7,9,3
제주, 서귀포시,기초,남자,70-74세,49,2,1,5,14,3,1,4,5,4
제주, 서귀포시,기초,남자,75-79세,36,2,1,5,9,5,0,1,3,0
제주, 서귀포시,기초,남자,80-84세,37,2,2,6,6,4,3,1,2,0
제주, 서귀포시,기초,남자,85세이상,32,2,1,6,12,3,2,0,0,1
제주, 서귀포시,기초,여자,65세미만,20,1,2,2,4,1,2,2,1,1
제주, 서귀포시,기초,여자,65-69세,44,1,0,7,5,1,0,5,4,7
제주, 서귀포시,기초,여자,70-74세,61,3,0,12,9,6,2,2,8,8
제주, 서귀포시,기초,여자,75-79세,75,3,3,10,13,7,3,3,8,6
제주, 서귀포시,기초,여자,80-84세,123,8,2,18,23,10,6,7,14,3
제주, 서귀포시,기초,여자,85세이상,296,18,24,58,61,20,4,9,9,3
제주, 서귀포시,의료,남자,65세미만,0,0,0,0,0,0,0,0,0,0
제주, 서귀포시,의료,남자,65-69세,2,0,0,1,0,0,0,0,0,0
제주, 서귀포시,의료,남자,70-74세,0,0,0,0,0,0,0,0,0,0
제주, 서귀포시,의료,남자,75-79세,4,0,1,0,1,0,0,0,0,0
제주, 서귀포시,의료,남자,80-84세,1,0,0,0,0,0,0,0,0,0
제주, 서귀포시,의료,남자,85세이상,10,1,0,5,3,0,0,0,0,0
제주, 서귀포시,의료,여자,65세미만,0,0,0,0,0,0,0,0,0,0
제주, 서귀포시,의료,여자,65-69세,0,0,0,0,0,0,0,0,0,0
제주, 서귀포시,의료,여자,70-74세,0,0,0,0,0,0,0,0,0,0
제주, 서귀포시,의료,여자,75-79세,0,0,0,0,0,0,0,0,0,0
제주, 서귀포시,의료,여자,80-84세,0,0,0,0,0,0,0,0,0,0
제주, 서귀포시,의료,여자,85세이상,0,0,0,0,0,0,0,0,0,0
제주, 서귀포시,감경,남자,65세미만,23,1,5,5,9,0,0,1,0,0
제주, 서귀포시,감경,남자,65-69세,25,0,2,8,8,3,1,1,0,0
제주, 서귀포시,감경,남자,70-74세,34,2,0,7,16,4,1,0,0,0
제주, 서귀포시,감경,남자,75-79세,45,4,0,16,13,4,2,1,1,0
제주, 서귀포시,감경,남자,80-84세,77,2,2,21,31,11,5,1,0,0
제주, 서귀포시,감경,남자,85세이상,85,1,4,20,32,19,7,0,0,1
제주, 서귀포시,감경,여자,65세미만,15,2,2,4,4,0,1,0,0,0
제주, 서귀포시,감경,여자,65-69세,18,0,1,6,7,1,0,1,0,0
제주, 서귀포시,감경,여자,70-74세,46,2,3,9,16,4,3,2,1,1
제주, 서귀포시,감경,여자,75-79세,100,6,7,15,28,19,5,1,4,1
제주, 서귀포시,감경,여자,80-84세,220,8,20,39,91,36,14,0,2,1
제주, 서귀포시,감경,여자,85세이상,541,40,63,148,193,67,12,0,0,0
