"동별","독거노인별","항목","단위","2010 년","2011 년","2012 년","2013 년","2014 년","2015 년","2016 년","2017 년","2018 년","2019 년","2020 년","2021 년","2022 년","2023 년","2024 년",
"서울특별시","합계","계","","202980","211226","238551","253302","273190","281068","288599","303824","328271","343567","366134","392351","422776","448251","494926",
"서울특별시","합계","65~79세","","156176","162819","179085","189733","212779","212295","218270","227093","241760","255395","275574","291042","310466","320570","356556",
"서울특별시","합계","80세 이상","","46804","48407","59466","63569","60411","68773","70329","76731","86511","88172","90560","101309","112310","127681","138370",
"서울특별시","국민기초생활보장 수급권자","계","","34337","37739","40161","44015","46806","49122","51528","59772","62917","80376","92446","110183","122508","129275","142005",
"서울특별시","국민기초생활보장 수급권자","65~79세","","24348","26976","28656","31512","34826","35850","37110","44654","44164","56572","64798","76181","83607","87834","96231",
"서울특별시","국민기초생활보장 수급권자","80세 이상","","9989","10763","11505","12503","11980","13272","14418","15118","18753","23804","27648","34002","38901","41441","45774",
"서울특별시","저소득노인","계","","26739","19273","26067","20934","33382","15534","16104","18664","24225","20131","19535","14471","13645","12775","15543",
"서울특별시","저소득노인","65~79세","","20566","14088","18868","15099","25077","10337","10373","11693","15477","11772","11629","8250","8068","7236","8916",
"서울특별시","저소득노인","80세 이상","","6173","5185","7199","5835","8305","5197","5731","6971","8748","8359","7906","6221","5577","5539","6627",
"서울특별시","일   반","계","","141904","154214","172323","188353","193002","216412","220967","225388","241129","243060","254153","267697","286623","306201","337378",
"서울특별시","일   반","65~79세","","111262","121755","131561","143122","152876","166108","170787","170746","182119","187051","199147","206611","218791","225500","251409",
"서울특별시","일   반","80세 이상","","30642","32459","40762","45231","40126","50304","50180","54642","59010","56009","55006","61086","67832","80701","85969",
"종로구","합계","계","","6009","5865","6254","5845","7604","7044","7074","7394","8668","9149","9648","8573","8998","11178","9076",
"종로구","합계","65~79세","","4655","4518","4794","4572","5859","5346","4921","5476","6164","6653","6814","6219","6372","7784","6296",
"종로구","합계","80세 이상","","1354","1347","1460","1273","1745","1698","2153","1918","2504","2496","2834","2354","2626","3394","2780",
"종로구","국민기초생활보장 수급권자","계","","888","911","1270","1064","1075","1039","1189","1256","1302","1445","1663","1839","2000","2231","2363",
"종로구","국민기초생활보장 수급권자","65~79세","","697","688","982","825","843","816","861","965","967","1099","1260","1356","1438","1581","1711",
"종로구","국민기초생활보장 수급권자","80세 이상","","191","223","288","239","232","223","328","291","335","346","403","483","562","650","652",
"종로구","저소득노인","계","","182","268","213","177","282","237","277","344","389","528","377","337","349","403","371",
"종로구","저소득노인","65~79세","","131","196","151","136","206","155","158","199","201","323","220","197","208","216","214",
"종로구","저소득노인","80세 이상","","51","72","62","41","76","82","119","145","188","205","157","140","141","187","157",
"종로구","일   반","계","","4939","4686","4771","4604","6247","5768","5608","5794","6977","7176","7608","6397","6649","8544","6342",
"종로구","일   반","65~79세","","3827","3634","3661","3611","4810","4375","3902","4312","4996","5231","5334","4666","4726","5987","4371",
"종로구","일   반","80세 이상","","1112","1052","1110","993","1437","1393","1706","1482","1981","1945","2274","1731","1923","2557","1971",
"사직동","합계","계","","","","","","473","355","383","363","1822","439","590","490","513","556","510",
"사직동","합계","65~79세","","","","","","357","270","279","253","1285","284","393","320","329","354","317",
"사직동","합계","80세 이상","","","","","","116","85","104","110","537","155","197","170","184","202","193",
"사직동","국민기초생활보장 수급권자","계","","","","","","37","36","38","41","59","59","52","60","56","54","69",
"사직동","국민기초생활보장 수급권자","65~79세","","","","","","25","23","24","30","33","33","32","41","39","35","41",
"사직동","국민기초생활보장 수급권자","80세 이상","","","","","","12","13","14","11","26","26","20","19","17","19","28",
"사직동","저소득노인","계","","","","","","11","14","12","11","7","20","18","10","10","14","21",
"사직동","저소득노인","65~79세","","","","","","11","13","8","9","3","15","11","6","6","5","21",
"사직동","저소득노인","80세 이상","","","","","","0","1","4","2","4","5","7","4","4","9","-",
"사직동","일   반","계","","","","","","425","305","333","311","1756","360","520","420","447","488","420",
"사직동","일   반","65~79세","","","","","","321","234","247","214","1249","236","350","273","284","314","255",
"사직동","일   반","80세 이상","","","","","","104","71","86","97","507","124","170","147","163","174","165",
"삼청동","합계","계","","","","","","210","156","156","154","167","167","240","189","213","193","177",
"삼청동","합계","65~79세","","","","","","145","113","113","105","112","109","159","126","146","121","115",
"삼청동","합계","80세 이상","","","","","","65","43","43","49","55","58","81","63","67","72","62",
"삼청동","국민기초생활보장 수급권자","계","","","","","","22","17","17","14","14","13","16","17","19","17","20",
"삼청동","국민기초생활보장 수급권자","65~79세","","","","","","13","13","12","12","9","10","12","12","14","12","12",
"삼청동","국민기초생활보장 수급권자","80세 이상","","","","","","9","4","5","2","5","3","4","5","5","5","8",
"삼청동","저소득노인","계","","","","","","8","5","4","4","3","5","3","6","4","10","6",
"삼청동","저소득노인","65~79세","","","","","","5","3","3","2","2","1","0","1","3","2","1",
"삼청동","저소득노인","80세 이상","","","","","","3","2","1","2","1","4","3","5","1","8","5",
"삼청동","일   반","계","","","","","","180","134","135","136","150","149","221","166","190","166","151",
"삼청동","일   반","65~79세","","","","","","127","97","98","91","101","98","147","113","129","107","102",
"삼청동","일   반","80세 이상","","","","","","53","37","37","45","49","51","74","53","61","59","49",
"부암동","합계","계","","","","","","398","348","319","315","331","346","489","418","459","458","438",
"부암동","합계","65~79세","","","","","","312","266","238","232","244","221","342","293","315","295","298",
"부암동","합계","80세 이상","","","","","","86","82","81","83","87","125","147","125","144","163","140",
"부암동","국민기초생활보장 수급권자","계","","","","","","28","30","46","35","37","37","44","61","58","44","56",
"부암동","국민기초생활보장 수급권자","65~79세","","","","","","23","23","37","28","30","22","34","40","38","24","32",
"부암동","국민기초생활보장 수급권자","80세 이상","","","","","","5","7","9","7","7","15","10","21","20","20","24",
"부암동","저소득노인","계","","","","","","9","9","15","17","13","12","8","20","16","12","14",
"부암동","저소득노인","65~79세","","","","","","7","5","9","9","8","6","6","13","10","3","5",
"부암동","저소득노인","80세 이상","","","","","","2","4","6","8","5","6","2","7","6","9","9",
"부암동","일   반","계","","","","","","361","309","258","263","281","297","437","337","385","402","368",
"부암동","일   반","65~79세","","","","","","282","238","192","195","206","193","302","240","267","268","261",
"부암동","일   반","80세 이상","","","","","","79","71","66","68","75","104","135","97","118","134","107",
"평창동","합계","계","","","","","","658","606","615","637","649","640","754","703","794","834","799",
"평창동","합계","65~79세","","","","","","432","234","164","389","438","397","478","456","508","522","476",
"평창동","합계","80세 이상","","","","","","226","372","451","248","211","243","276","247","286","312","323",
"평창동","국민기초생활보장 수급권자","계","","","","","","40","28","45","35","59","45","44","48","56","59","61",
"평창동","국민기초생활보장 수급권자","65~79세","","","","","","38","22","6","26","35","31","29","31","35","37","37",
"평창동","국민기초생활보장 수급권자","80세 이상","","","","","","2","6","39","9","24","14","15","17","21","22","24",
"평창동","저소득노인","계","","","","","","10","16","15","27","23","26","15","22","22","35","31",
"평창동","저소득노인","65~79세","","","","","","7","9","1","17","11","11","7","10","12","17","17",
"평창동","저소득노인","80세 이상","","","","","","3","7","14","10","12","15","8","12","10","18","14",
"평창동","일   반","계","","","","","","608","562","555","575","567","569","695","633","716","740","707",
"평창동","일   반","65~79세","","","","","","387","203","157","346","392","355","442","415","461","468","422",
"평창동","일   반","80세 이상","","","","","","221","359","398","229","175","214","253","218","255","272","285",
"무악동","합계","계","","","","","","337","211","205","231","236","265","334","291","327","436","340",
"무악동","합계","65~79세","","","","","","238","156","151","179","176","189","236","208","214","257","214",
"무악동","합계","80세 이상","","","","","","99","55","54","52","60","76","98","83","113","179","126",
"무악동","국민기초생활보장 수급권자","계","","","","","","52","37","42","41","52","57","62","59","88","81","103",
"무악동","국민기초생활보장 수급권자","65~79세","","","","","","39","26","27","29","36","39","37","35","55","43","74",
"무악동","국민기초생활보장 수급권자","80세 이상","","","","","","13","11","15","12","16","18","25","24","33","38","29",
"무악동","저소득노인","계","","","","","","25","2","21","18","14","17","11","11","20","32","9",
"무악동","저소득노인","65~79세","","","","","","19","1","13","11","9","8","7","5","6","14","2",
"무악동","저소득노인","80세 이상","","","","","","6","1","8","7","5","9","4","6","14","18","7",
"무악동","일   반","계","","","","","","260","172","142","172","170","191","261","221","219","323","228",
"무악동","일   반","65~79세","","","","","","180","129","111","139","131","142","192","168","153","200","138",
"무악동","일   반","80세 이상","","","","","","80","43","31","33","39","49","69","53","66","123","90",
"교남동","합계","계","","","","","","291","530","253","324","346","1650","503","414","444","577","449",
"교남동","합계","65~79세","","","","","","230","416","203","247","104","1259","362","306","314","385","315",
"교남동","합계","80세 이상","","","","","","61","114","50","77","242","391","141","108","130","192","134",
"교남동","국민기초생활보장 수급권자","계","","","","","","35","47","45","53","53","68","89","79","55","119","106",
"교남동","국민기초생활보장 수급권자","65~79세","","","","","","27","36","34","41","25","50","63","49","31","66","58",
"교남동","국민기초생활보장 수급권자","80세 이상","","","","","","8","11","11","12","28","18","26","30","24","53","48",
"교남동","저소득노인","계","","","","","","15","16","13","20","32","25","49","14","18","28","52",
"교남동","저소득노인","65~79세","","","","","","9","10","10","9","3","16","31","4","9","17","34",
"교남동","저소득노인","80세 이상","","","","","","6","6","3","11","29","9","18","10","9","11","18",
"교남동","일   반","계","","","","","","241","467","195","251","261","1557","365","321","371","430","291",
"교남동","일   반","65~79세","","","","","","194","370","159","197","76","1193","268","253","274","302","223",
"교남동","일   반","80세 이상","","","","","","47","97","36","54","185","364","97","68","97","128","68",
"청운효자동","합계","계","","","","","","548","437","429","440","448","476","604","514","549","641","536",
"청운효자동","합계","65~79세","","","","","","401","306","297","306","269","313","389","344","352","392","342",
"청운효자동","합계","80세 이상","","","","","","147","131","132","134","179","163","215","170","197","249","194",
"청운효자동","국민기초생활보장 수급권자","계","","","","","","51","50","54","52","52","53","55","71","72","98","88",
"청운효자동","국민기초생활보장 수급권자","65~79세","","","","","","32","32","37","31","22","27","28","35","29","51","46",
"청운효자동","국민기초생활보장 수급권자","80세 이상","","","","","","19","18","17","21","30","26","27","36","43","47","42",
"청운효자동","저소득노인","계","","","","","","11","24","24","28","32","32","34","23","23","34","43",
"청운효자동","저소득노인","65~79세","","","","","","8","12","8","10","13","13","14","10","11","15","18",
"청운효자동","저소득노인","80세 이상","","","","","","3","12","16","18","19","19","20","13","12","19","25",
"청운효자동","일   반","계","","","","","","486","363","351","360","364","391","515","420","454","509","405",
"청운효자동","일   반","65~79세","","","","","","361","262","252","265","234","273","347","299","312","326","278",
"청운효자동","일   반","80세 이상","","","","","","125","101","99","95","130","118","168","121","142","183","127",
"가회동","합계","계","","","","","","261","201","196","197","196","216","296","243","248","251","247",
"가회동","합계","65~79세","","","","","","196","150","49","148","145","157","205","175","181","165","168",
"가회동","합계","80세 이상","","","","","","65","51","147","49","51","59","91","68","67","86","79",
"가회동","국민기초생활보장 수급권자","계","","","","","","23","18","18","20","19","15","18","22","19","19","34",
"가회동","국민기초생활보장 수급권자","65~79세","","","","","","14","10","7","12","13","11","13","12","7","7","19",
"가회동","국민기초생활보장 수급권자","80세 이상","","","","","","9","8","11","8","6","4","5","10","12","12","15",
"가회동","저소득노인","계","","","","","","5","4","6","10","8","13","4","3","8","10","9",
"가회동","저소득노인","65~79세","","","","","","4","1","1","6","4","7","1","1","4","6","6",
"가회동","저소득노인","80세 이상","","","","","","1","3","5","4","4","6","3","2","4","4","3",
"가회동","일   반","계","","","","","","233","179","172","167","169","188","274","218","221","222","204",
"가회동","일   반","65~79세","","","","","","178","139","41","130","128","139","191","162","170","152","143",
"가회동","일   반","80세 이상","","","","","","55","40","131","37","41","49","83","56","51","70","61",
"종로1.2.3.4가동","합계","계","","","","","","980","1095","1089","838","949","781","1285","1215","1111","1489","1127",
"종로1.2.3.4가동","합계","65~79세","","","","","","788","905","881","681","710","599","946","953","868","1178","882",
"종로1.2.3.4가동","합계","80세 이상","","","","","","192","190","208","157","239","182","339","262","243","311","245",
"종로1.2.3.4가동","국민기초생활보장 수급권자","계","","","","","","237","202","235","303","286","298","341","372","404","426","474",
"종로1.2.3.4가동","국민기초생활보장 수급권자","65~79세","","","","","","202","170","194","254","254","250","284","298","333","347","387",
"종로1.2.3.4가동","국민기초생활보장 수급권자","80세 이상","","","","","","35","32","41","49","32","48","57","74","71","79","87",
"종로1.2.3.4가동","저소득노인","계","","","","","","40","14","31","25","45","38","24","35","19","21","19",
"종로1.2.3.4가동","저소득노인","65~79세","","","","","","33","12","17","21","32","22","14","22","10","13","10",
"종로1.2.3.4가동","저소득노인","80세 이상","","","","","","7","2","14","4","13","16","10","13","9","8","9",
"종로1.2.3.4가동","일   반","계","","","","","","703","879","823","510","618","445","920","808","688","1042","634",
"종로1.2.3.4가동","일   반","65~79세","","","","","","553","723","670","406","424","327","648","633","525","818","485",
"종로1.2.3.4가동","일   반","80세 이상","","","","","","150","156","153","104","194","118","272","175","163","224","149",
"종로5.6가동","합계","계","","","","","","391","388","415","731","401","508","501","446","489","616","481",
"종로5.6가동","합계","65~79세","","","","","","315","317","335","590","316","384","378","334","370","465","356",
"종로5.6가동","합계","80세 이상","","","","","","76","71","80","141","85","124","123","112","119","151","125",
"종로5.6가동","국민기초생활보장 수급권자","계","","","","","","67","57","83","77","66","72","100","101","124","133","146",
"종로5.6가동","국민기초생활보장 수급권자","65~79세","","","","","","51","46","63","67","58","59","84","85","99","100","111",
"종로5.6가동","국민기초생활보장 수급권자","80세 이상","","","","","","16","11","20","10","8","13","16","16","25","33","35",
"종로5.6가동","저소득노인","계","","","","","","20","19","24","24","22","25","30","30","32","24","13",
"종로5.6가동","저소득노인","65~79세","","","","","","10","10","14","16","10","15","18","18","23","17","8",
"종로5.6가동","저소득노인","80세 이상","","","","","","10","9","10","8","12","10","12","12","9","7","5",
"종로5.6가동","일   반","계","","","","","","304","312","308","630","313","411","371","315","333","459","322",
"종로5.6가동","일   반","65~79세","","","","","","254","261","258","507","248","310","276","231","248","348","237",
"종로5.6가동","일   반","80세 이상","","","","","","50","51","50","123","65","101","95","84","85","111","85",
"이화동","합계","계","","","","","","353","296","305","405","353","596","508","430","456","601","432",
"이화동","합계","65~79세","","","","","","263","229","238","296","257","415","347","296","311","396","288",
"이화동","합계","80세 이상","","","","","","90","67","67","109","96","181","161","134","145","205","144",
"이화동","국민기초생활보장 수급권자","계","","","","","","49","48","52","51","56","89","84","101","100","134","107",
"이화동","국민기초생활보장 수급권자","65~79세","","","","","","35","37","40","35","39","60","56","66","64","89","76",
"이화동","국민기초생활보장 수급권자","80세 이상","","","","","","14","11","12","16","17","29","28","35","36","45","31",
"이화동","저소득노인","계","","","","","","41","27","26","27","40","130","50","26","40","33","30",
"이화동","저소득노인","65~79세","","","","","","24","15","14","14","21","87","23","14","25","14","12",
"이화동","저소득노인","80세 이상","","","","","","17","12","12","13","19","43","27","12","15","19","18",
"이화동","일   반","계","","","","","","263","221","227","327","257","377","374","303","316","434","295",
"이화동","일   반","65~79세","","","","","","204","177","184","247","197","268","268","216","222","293","200",
"이화동","일   반","80세 이상","","","","","","59","44","43","80","60","109","106","87","94","141","95",
"혜화동","합계","계","","","","","","624","565","612","672","600","657","786","708","766","846","741",
"혜화동","합계","65~79세","","","","","","474","424","427","474","423","428","520","456","476","513","443",
"혜화동","합계","80세 이상","","","","","","150","141","185","198","177","229","266","252","290","333","298",
"혜화동","국민기초생활보장 수급권자","계","","","","","","44","47","53","65","48","80","75","106","128","115","114",
"혜화동","국민기초생활보장 수급권자","65~79세","","","","","","35","35","36","43","31","60","47","62","76","71","69",
"혜화동","국민기초생활보장 수급권자","80세 이상","","","","","","9","12","17","22","17","20","28","44","52","44","45",
"혜화동","저소득노인","계","","","","","","12","16","20","31","36","53","29","20","19","37","14",
"혜화동","저소득노인","65~79세","","","","","","9","12","14","19","21","36","18","12","7","16","5",
"혜화동","저소득노인","80세 이상","","","","","","3","4","6","12","15","17","11","8","12","21","9",
"혜화동","일   반","계","","","","","","568","502","539","576","516","524","682","582","619","694","613",
"혜화동","일   반","65~79세","","","","","","430","377","377","412","371","332","455","382","393","426","369",
"혜화동","일   반","80세 이상","","","","","","138","125","162","164","145","192","227","200","226","268","244",
"창신1동","합계","계","","","","","","498","403","414","459","497","477","646","602","544","813","592",
"창신1동","합계","65~79세","","","","","","425","345","205","377","435","394","494","479","428","630","459",
"창신1동","합계","80세 이상","","","","","","73","58","209","82","62","83","152","123","116","183","133",
"창신1동","국민기초생활보장 수급권자","계","","","","","","130","117","146","156","174","184","212","208","201","234","216",
"창신1동","국민기초생활보장 수급권자","65~79세","","","","","","116","103","101","134","148","155","179","172","161","185","178",
"창신1동","국민기초생활보장 수급권자","80세 이상","","","","","","14","14","45","22","26","29","33","36","40","49","38",
"창신1동","저소득노인","계","","","","","","11","13","9","11","18","21","29","9","15","37","14",
"창신1동","저소득노인","65~79세","","","","","","10","10","7","10","14","13","22","5","10","28","11",
"창신1동","저소득노인","80세 이상","","","","","","1","3","2","1","4","8","7","4","5","9","3",
"창신1동","일   반","계","","","","","","357","273","259","292","305","272","405","385","328","542","362",
"창신1동","일   반","65~79세","","","","","","299","232","97","233","273","226","293","302","257","417","270",
"창신1동","일   반","80세 이상","","","","","","58","41","162","59","32","46","112","83","71","125","92",
"창신2동","합계","계","","","","","","452","409","428","470","471","496","631","587","659","951","685",
"창신2동","합계","65~79세","","","","","","375","341","353","371","379","428","486","467","503","705","510",
"창신2동","합계","80세 이상","","","","","","77","68","75","99","92","68","145","120","156","246","175",
"창신2동","국민기초생활보장 수급권자","계","","","","","","76","93","103","99","102","129","147","147","209","251","268",
"창신2동","국민기초생활보장 수급권자","65~79세","","","","","","54","72","80","71","76","103","110","114","149","182","193",
"창신2동","국민기초생활보장 수급권자","80세 이상","","","","","","22","21","23","28","26","26","37","33","60","69","75",
"창신2동","저소득노인","계","","","","","","16","18","15","24","22","22","16","16","34","26","32",
"창신2동","저소득노인","65~79세","","","","","","13","10","8","13","8","14","8","9","24","16","25",
"창신2동","저소득노인","80세 이상","","","","","","3","8","7","11","14","8","8","7","10","10","7",
"창신2동","일   반","계","","","","","","360","298","310","347","347","345","468","424","416","674","385",
"창신2동","일   반","65~79세","","","","","","308","259","265","287","295","311","368","344","330","507","292",
"창신2동","일   반","80세 이상","","","","","","52","39","45","60","52","34","100","80","86","167","93",
"창신3동","합계","계","","","","","","236","180","215","215","227","328","326","285","309","404","326",
"창신3동","합계","65~79세","","","","","","182","142","164","154","159","231","226","203","209","273","218",
"창신3동","합계","80세 이상","","","","","","54","38","51","61","68","97","100","82","100","131","108",
"창신3동","국민기초생활보장 수급권자","계","","","","","","22","28","34","36","39","47","60","60","77","85","111",
"창신3동","국민기초생활보장 수급권자","65~79세","","","","","","11","23","25","27","28","35","46","46","56","57","78",
"창신3동","국민기초생활보장 수급권자","80세 이상","","","","","","11","5","9","9","11","12","14","14","21","28","33",
"창신3동","저소득노인","계","","","","","","2","5","10","15","14","25","16","16","7","11","9",
"창신3동","저소득노인","65~79세","","","","","","0","3","5","5","5","13","9","9","5","8","6",
"창신3동","저소득노인","80세 이상","","","","","","2","2","5","10","9","12","7","7","2","3","3",
"창신3동","일   반","계","","","","","","212","147","171","164","174","256","250","209","225","308","206",
"창신3동","일   반","65~79세","","","","","","171","116","134","122","126","183","171","148","148","208","134",
"창신3동","일   반","80세 이상","","","","","","41","31","37","42","48","73","79","61","77","100","72",
"숭인1동","합계","계","","","","","","301","322","373","379","409","481","433","378","406","558","447",
"숭인1동","합계","65~79세","","","","","","240","248","275","278","304","351","300","268","290","388","316",
"숭인1동","합계","80세 이상","","","","","","61","74","98","101","105","130","133","110","116","170","131",
"숭인1동","국민기초생활보장 수급권자","계","","","","","","59","52","58","57","63","74","104","104","116","133","148",
"숭인1동","국민기초생활보장 수급권자","65~79세","","","","","","46","37","42","41","48","58","78","78","85","96","105",
"숭인1동","국민기초생활보장 수급권자","80세 이상","","","","","","13","15","16","16","15","16","26","26","31","37","43",
"숭인1동","저소득노인","계","","","","","","8","10","11","17","25","37","18","18","25","14","27",
"숭인1동","저소득노인","65~79세","","","","","","7","9","10","10","19","26","13","13","11","6","15",
"숭인1동","저소득노인","80세 이상","","","","","","1","1","1","7","6","11","5","5","14","8","12",
"숭인1동","일   반","계","","","","","","234","260","304","305","321","370","311","256","265","411","272",
"숭인1동","일   반","65~79세","","","","","","187","202","223","227","237","267","209","177","194","286","196",
"숭인1동","일   반","80세 이상","","","","","","47","58","81","78","84","103","102","79","71","125","76",
"숭인2동","합계","계","","","","","","593","542","667","564","566","626","722","660","711","954","749",
"숭인2동","합계","65~79세","","","","","","486","484","549","396","408","494","553","535","558","745","579",
"숭인2동","합계","80세 이상","","","","","","107","58","118","168","158","132","169","125","153","209","170",
"숭인2동","국민기초생활보장 수급권자","계","","","","","","103","132","120","121","123","125","160","223","218","229","242",
"숭인2동","국민기초생활보장 수급권자","65~79세","","","","","","82","108","96","84","82","96","128","180","167","179","195",
"숭인2동","국민기초생활보장 수급권자","80세 이상","","","","","","21","24","24","37","41","29","32","43","51","50","47",
"숭인2동","저소득노인","계","","","","","","38","25","21","35","35","27","23","58","37","25","28",
"숭인2동","저소득노인","65~79세","","","","","","30","20","16","18","18","20","18","45","32","19","18",
"숭인2동","저소득노인","80세 이상","","","","","","8","5","5","17","17","7","5","13","5","6","10",
"숭인2동","일   반","계","","","","","","452","385","526","408","408","474","539","379","456","700","479",
"숭인2동","일   반","65~79세","","","","","","374","356","437","294","308","378","407","310","359","547","366",
"숭인2동","일   반","80세 이상","","","","","","78","29","89","114","100","96","132","69","97","153","113",
"중구","합계","계","","4788","4910","5098","5159","5344","5374","5528","5725","5935","6323","7117","7553","7425","7987","8088",
"중구","합계","65~79세","","3869","3943","4066","4087","4170","4146","4226","4356","4440","4682","5272","5538","5417","5766","5850",
"중구","합계","80세 이상","","919","967","1032","1072","1174","1228","1302","1369","1495","1641","1845","2015","2008","2221","2238",
"중구","국민기초생활보장 수급권자","계","","904","1002","1231","1087","1121","997","1452","1112","1416","1447","1872","2168","2392","2553","2762",
"중구","국민기초생활보장 수급권자","65~79세","","715","772","935","833","813","729","1111","851","1011","1056","1371","1564","1733","1787","1950",
"중구","국민기초생활보장 수급권자","80세 이상","","189","230","296","254","308","268","341","261","405","391","501","604","659","766","812",
"중구","저소득노인","계","","130","188","550","562","357","228","213","286","308","325","308","265","366","324","173",
"중구","저소득노인","65~79세","","105","152","452","401","234","136","132","176","176","187","170","138","211","177","84",
"중구","저소득노인","80세 이상","","25","36","98","161","123","92","81","110","132","138","138","127","155","147","89",
"중구","일   반","계","","3754","3720","3317","3510","3866","4149","3863","4327","4211","4551","4937","5120","4667","5110","5153",
"중구","일   반","65~79세","","3049","3019","2679","2853","3123","3281","2983","3329","3253","3439","3731","3836","3473","3802","3816",
"중구","일   반","80세 이상","","705","701","638","657","743","868","880","998","958","1112","1206","1284","1194","1308","1337",
"소공동","합계","계","","","","","","48","44","54","57","62","72","80","79","70","87","85",
"소공동","합계","65~79세","","","","","","40","38","42","49","52","63","67","67","55","67","64",
"소공동","합계","80세 이상","","","","","","8","6","12","8","10","9","13","12","15","20","21",
"소공동","국민기초생활보장 수급권자","계","","","","","","4","4","7","5","8","14","15","19","17","17","16",
"소공동","국민기초생활보장 수급권자","65~79세","","","","","","4","3","7","5","8","14","14","17","15","15","13",
"소공동","국민기초생활보장 수급권자","80세 이상","","","","","","0","1","0","0","0","0","1","2","2","2","3",
"소공동","저소득노인","계","","","","","","1","1","1","0","1","1","1","0","-","-","1",
"소공동","저소득노인","65~79세","","","","","","1","0","0","0","1","1","1","0","-","-","1",
"소공동","저소득노인","80세 이상","","","","","","0","1","1","0","0","0","0","0","-","-","-",
"소공동","일   반","계","","","","","","43","39","46","52","53","57","64","60","53","70","68",
"소공동","일   반","65~79세","","","","","","35","35","35","44","43","48","52","50","40","52","50",
"소공동","일   반","80세 이상","","","","","","8","4","11","8","10","9","12","10","13","18","18",
"회현동","합계","계","","","","","","447","436","461","478","480","492","563","578","480","553","499",
"회현동","합계","65~79세","","","","","","359","360","376","398","392","397","451","455","377","433","390",
"회현동","합계","80세 이상","","","","","","88","76","85","80","88","95","112","123","103","120","109",
"회현동","국민기초생활보장 수급권자","계","","","","","","152","129","156","160","172","182","198","203","213","219","224",
"회현동","국민기초생활보장 수급권자","65~79세","","","","","","127","92","131","141","150","161","174","178","178","188","187",
"회현동","국민기초생활보장 수급권자","80세 이상","","","","","","25","37","25","19","22","21","24","25","35","31","37",
"회현동","저소득노인","계","","","","","","24","15","13","17","11","12","9","8","8","8","2",
"회현동","저소득노인","65~79세","","","","","","15","8","7","12","5","3","3","2","3","4","1",
"회현동","저소득노인","80세 이상","","","","","","9","7","6","5","6","9","6","6","5","4","1",
"회현동","일   반","계","","","","","","271","292","292","301","297","298","356","367","259","326","273",
"회현동","일   반","65~79세","","","","","","217","260","238","245","237","233","274","275","196","241","202",
"회현동","일   반","80세 이상","","","","","","54","32","54","56","60","65","82","92","63","85","71",
"명동","합계","계","","","","","","164","148","157","157","167","180","199","215","192","199","181",
"명동","합계","65~79세","","","","","","129","115","130","126","131","148","151","171","145","153","138",
"명동","합계","80세 이상","","","","","","35","33","27","31","36","32","48","44","47","46","43",
"명동","국민기초생활보장 수급권자","계","","","","","","26","23","27","24","32","32","38","41","30","24","23",
"명동","국민기초생활보장 수급권자","65~79세","","","","","","17","15","25","22","28","26","31","34","23","17","15",
"명동","국민기초생활보장 수급권자","80세 이상","","","","","","9","8","2","2","4","6","7","7","7","7","8",
"명동","저소득노인","계","","","","","","5","3","3","7","4","5","5","5","2","-","1",
"명동","저소득노인","65~79세","","","","","","4","2","2","6","2","3","4","4","1","-","-",
"명동","저소득노인","80세 이상","","","","","","1","1","1","1","2","2","1","1","1","-","1",
"명동","일   반","계","","","","","","133","122","127","126","131","143","156","169","160","175","157",
"명동","일   반","65~79세","","","","","","108","98","103","98","101","119","116","133","121","136","123",
"명동","일   반","80세 이상","","","","","","25","24","24","28","30","24","40","36","39","39","34",
"필동","합계","계","","","","","","221","226","228","226","244","238","349","355","313","316","352",
"필동","합계","65~79세","","","","","","165","161","161","162","176","174","244","253","221","224","252",
"필동","합계","80세 이상","","","","","","56","65","67","64","68","64","105","102","92","92","100",
"필동","국민기초생활보장 수급권자","계","","","","","","31","27","39","30","35","31","36","41","52","56","57",
"필동","국민기초생활보장 수급권자","65~79세","","","","","","21","17","29","20","23","21","27","30","38","39","40",
"필동","국민기초생활보장 수급권자","80세 이상","","","","","","10","10","10","10","12","10","9","11","14","17","17",
"필동","저소득노인","계","","","","","","6","3","3","6","8","8","11","12","9","8","6",
"필동","저소득노인","65~79세","","","","","","4","2","2","4","7","7","7","6","5","4","3",
"필동","저소득노인","80세 이상","","","","","","2","1","1","2","1","1","4","6","4","4","3",
"필동","일   반","계","","","","","","184","196","186","190","201","199","302","302","252","252","289",
"필동","일   반","65~79세","","","","","","140","142","130","138","146","146","210","217","178","181","209",
"필동","일   반","80세 이상","","","","","","44","54","56","52","55","53","92","85","74","71","80",
"장충동","합계","계","","","","","","186","185","187","186","178","207","256","267","252","271","291",
"장충동","합계","65~79세","","","","","","144","140","143","145","134","154","186","188","171","181","195",
"장충동","합계","80세 이상","","","","","","42","45","44","41","44","53","70","79","81","90","96",
"장충동","국민기초생활보장 수급권자","계","","","","","","29","26","36","25","29","34","46","54","57","60","74",
"장충동","국민기초생활보장 수급권자","65~79세","","","","","","16","13","27","21","21","27","38","42","39","42","52",
"장충동","국민기초생활보장 수급권자","80세 이상","","","","","","13","13","9","4","8","7","8","12","18","18","22",
"장충동","저소득노인","계","","","","","","10","5","4","3","5","5","4","4","6","6","1",
"장충동","저소득노인","65~79세","","","","","","6","2","2","1","4","4","2","2","4","4","1",
"장충동","저소득노인","80세 이상","","","","","","4","3","2","2","1","1","2","2","2","2","-",
"장충동","일   반","계","","","","","","147","154","147","158","144","168","206","209","189","205","216",
"장충동","일   반","65~79세","","","","","","122","125","114","123","109","123","146","144","128","135","142",
"장충동","일   반","80세 이상","","","","","","25","29","33","35","35","45","60","65","61","70","74",
"광희동","합계","계","","","","","","329","333","352","375","364","392","419","443","441","475","479",
"광희동","합계","65~79세","","","","","","266","276","281","301","299","310","339","349","342","367","367",
"광희동","합계","80세 이상","","","","","","63","57","71","74","65","82","80","94","99","108","112",
"광희동","국민기초생활보장 수급권자","계","","","","","","47","41","51","49","54","56","79","94","110","111","123",
"광희동","국민기초생활보장 수급권자","65~79세","","","","","","38","29","39","37","38","39","64","79","94","86","94",
"광희동","국민기초생활보장 수급권자","80세 이상","","","","","","9","12","12","12","16","17","15","15","16","25","29",
"광희동","저소득노인","계","","","","","","14","6","6","13","11","12","9","11","13","15","12",
"광희동","저소득노인","65~79세","","","","","","11","3","3","9","6","7","4","5","6","7","8",
"광희동","저소득노인","80세 이상","","","","","","3","3","3","4","5","5","5","6","7","8","4",
"광희동","일   반","계","","","","","","268","286","295","313","299","324","331","338","318","349","344",
"광희동","일   반","65~79세","","","","","","217","244","239","255","255","264","271","265","242","274","265",
"광희동","일   반","80세 이상","","","","","","51","42","56","58","44","60","60","73","76","75","79",
"을지로동","합계","계","","","","","","231","238","224","232","225","228","260","274","276","292","284",
"을지로동","합계","65~79세","","","","","","187","190","182","186","177","177","205","212","223","230","219",
"을지로동","합계","80세 이상","","","","","","44","48","42","46","48","51","55","62","53","62","65",
"을지로동","국민기초생활보장 수급권자","계","","","","","","36","34","51","38","41","43","68","78","91","91","91",
"을지로동","국민기초생활보장 수급권자","65~79세","","","","","","27","24","38","29","27","31","52","57","72","73","67",
"을지로동","국민기초생활보장 수급권자","80세 이상","","","","","","9","10","13","9","14","12","16","21","19","18","24",
"을지로동","저소득노인","계","","","","","","16","8","7","11","8","9","10","9","7","10","6",
"을지로동","저소득노인","65~79세","","","","","","13","5","5","8","5","5","4","4","3","5","2",
"을지로동","저소득노인","80세 이상","","","","","","3","3","2","3","3","4","6","5","4","5","4",
"을지로동","일   반","계","","","","","","179","196","166","183","176","176","182","187","178","191","187",
"을지로동","일   반","65~79세","","","","","","147","161","139","149","145","141","149","151","148","152","150",
"을지로동","일   반","80세 이상","","","","","","32","35","27","34","31","35","33","36","30","39","37",
"신당동","합계","계","","","","","","413","403","385","409","442","464","523","561","574","636","630",
"신당동","합계","65~79세","","","","","","343","331","306","325","343","353","406","431","439","474","483",
"신당동","합계","80세 이상","","","","","","70","72","79","84","99","111","117","130","135","162","147",
"신당동","국민기초생활보장 수급권자","계","","","","","","78","70","92","85","101","93","126","163","193","207","235",
"신당동","국민기초생활보장 수급권자","65~79세","","","","","","59","55","70","65","79","72","100","127","146","159","184",
"신당동","국민기초생활보장 수급권자","80세 이상","","","","","","19","15","22","20","22","21","26","36","47","48","51",
"신당동","저소득노인","계","","","","","","24","16","14","17","26","27","25","23","22","18","11",
"신당동","저소득노인","65~79세","","","","","","20","10","10","13","12","13","13","9","12","8","2",
"신당동","저소득노인","80세 이상","","","","","","4","6","4","4","14","14","12","14","10","10","9",
"신당동","일   반","계","","","","","","311","317","279","307","315","344","372","375","359","411","384",
"신당동","일   반","65~79세","","","","","","264","266","226","247","252","268","293","295","281","307","297",
"신당동","일   반","80세 이상","","","","","","47","51","53","60","63","76","79","80","78","104","87",
"다산동","합계","계","","","","","","493","475","503","540","567","609","676","713","709","765","809",
"다산동","합계","65~79세","","","","","","399","401","396","422","444","465","496","519","510","547","591",
"다산동","합계","80세 이상","","","","","","94","74","107","118","123","144","180","194","199","218","218",
"다산동","국민기초생활보장 수급권자","계","","","","","","77","73","103","76","104","114","149","166","190","206","237",
"다산동","국민기초생활보장 수급권자","65~79세","","","","","","53","59","72","58","78","88","110","118","140","127","153",
"다산동","국민기초생활보장 수급권자","80세 이상","","","","","","24","14","31","18","26","26","39","48","50","79","84",
"다산동","저소득노인","계","","","","","","39","28","27","28","25","30","27","24","43","38","18",
"다산동","저소득노인","65~79세","","","","","","28","17","15","19","18","21","15","7","21","17","6",
"다산동","저소득노인","80세 이상","","","","","","11","11","12","9","7","9","12","17","22","21","12",
"다산동","일   반","계","","","","","","377","374","373","436","438","465","500","523","476","521","554",
"다산동","일   반","65~79세","","","","","","318","325","309","345","348","356","371","394","349","403","432",
"다산동","일   반","80세 이상","","","","","","59","49","64","91","90","109","129","129","127","118","122",
"약수동","합계","계","","","","","","712","733","755","803","867","949","1016","1097","1124","1204","1242",
"약수동","합계","65~79세","","","","","","522","533","519","533","567","624","676","715","735","785","813",
"약수동","합계","80세 이상","","","","","","190","200","236","270","300","325","340","382","389","419","429",
"약수동","국민기초생활보장 수급권자","계","","","","","","158","134","248","141","219","219","302","380","418","441","450",
"약수동","국민기초생활보장 수급권자","65~79세","","","","","","111","99","167","92","138","139","188","236","246","255","266",
"약수동","국민기초생활보장 수급권자","80세 이상","","","","","","47","35","81","49","81","80","114","144","172","186","184",
"약수동","저소득노인","계","","","","","","76","43","44","68","79","81","85","64","110","92","51",
"약수동","저소득노인","65~79세","","","","","","48","31","30","38","45","48","48","33","63","47","23",
"약수동","저소득노인","80세 이상","","","","","","28","12","14","30","34","33","37","31","47","45","28",
"약수동","일   반","계","","","","","","478","556","463","594","569","649","629","653","596","671","741",
"약수동","일   반","65~79세","","","","","","363","403","322","403","384","437","440","446","426","483","524",
"약수동","일   반","80세 이상","","","","","","115","153","141","191","185","212","189","207","170","188","217",
"청구동","합계","계","","","","","","547","563","601","619","635","657","719","783","825","868","786",
"청구동","합계","65~79세","","","","","","406","402","428","447","440","456","496","524","550","578","527",
"청구동","합계","80세 이상","","","","","","141","161","173","172","195","201","223","259","275","290","259",
"청구동","국민기초생활보장 수급권자","계","","","","","","134","117","196","147","185","184","254","284","318","340","353",
"청구동","국민기초생활보장 수급권자","65~79세","","","","","","84","82","166","99","111","117","163","177","201","213","225",
"청구동","국민기초생활보장 수급권자","80세 이상","","","","","","50","35","30","48","74","67","91","107","117","127","128",
"청구동","저소득노인","계","","","","","","48","30","26","42","37","39","34","29","47","43","24",
"청구동","저소득노인","65~79세","","","","","","31","12","11","29","24","25","24","17","30","30","16",
"청구동","저소득노인","80세 이상","","","","","","17","18","15","13","13","14","10","12","17","13","8",
"청구동","일   반","계","","","","","","365","416","379","430","413","434","431","470","460","485","409",
"청구동","일   반","65~79세","","","","","","291","308","251","319","305","314","309","330","319","335","286",
"청구동","일   반","80세 이상","","","","","","74","108","128","111","108","120","122","140","141","150","123",
"신당5동","합계","계","","","","","","385","414","411","421","428","481","546","586","572","619","644",
"신당5동","합계","65~79세","","","","","","305","305","332","326","320","362","434","454","443","469","484",
"신당5동","합계","80세 이상","","","","","","80","109","79","95","108","119","112","132","129","150","160",
"신당5동","국민기초생활보장 수급권자","계","","","","","","96","83","112","81","111","115","141","172","201","219","245",
"신당5동","국민기초생활보장 수급권자","65~79세","","","","","","68","62","82","64","81","84","102","122","156","162","177",
"신당5동","국민기초생활보장 수급권자","80세 이상","","","","","","28","21","30","17","30","31","39","50","45","57","68",
"신당5동","저소득노인","계","","","","","","24","9","9","20","25","32","36","28","31","19","9",
"신당5동","저소득노인","65~79세","","","","","","10","6","6","7","12","15","16","16","18","13","5",
"신당5동","저소득노인","80세 이상","","","","","","14","3","3","13","13","17","20","12","13","6","4",
"신당5동","일   반","계","","","","","","265","322","290","320","292","334","369","386","340","381","390",
"신당5동","일   반","65~79세","","","","","","227","237","244","255","227","263","316","316","269","294","302",
"신당5동","일   반","80세 이상","","","","","","38","85","46","65","65","71","53","70","71","87","88",
"동화동","합계","계","","","","","","241","242","256","254","270","284","334","357","337","354","391",
"동화동","합계","65~79세","","","","","","183","171","187","175","190","190","221","232","223","226","251",
"동화동","합계","80세 이상","","","","","","58","71","69","79","80","94","113","125","114","128","140",
"동화동","국민기초생활보장 수급권자","계","","","","","","33","27","40","27","35","35","50","67","67","72","97",
"동화동","국민기초생활보장 수급권자","65~79세","","","","","","24","19","32","24","22","23","33","42","44","42","63",
"동화동","국민기초생활보장 수급권자","80세 이상","","","","","","9","8","8","3","13","12","17","25","23","30","34",
"동화동","저소득노인","계","","","","","","9","8","9","8","15","14","14","11","15","17","10",
"동화동","저소득노인","65~79세","","","","","","4","5","4","3","6","6","6","6","9","9","4",
"동화동","저소득노인","80세 이상","","","","","","5","3","5","5","9","8","8","5","6","8","6",
"동화동","일   반","계","","","","","","199","207","207","219","220","235","270","279","255","265","284",
"동화동","일   반","65~79세","","","","","","155","147","151","148","162","161","182","184","170","175","184",
"동화동","일   반","80세 이상","","","","","","44","60","56","71","58","74","88","95","85","90","100",
"황학동","합계","계","","","","","","483","505","514","513","529","562","608","649","647","700","767",
"황학동","합계","65~79세","","","","","","384","402","412","413","417","438","479","517","514","542","599",
"황학동","합계","80세 이상","","","","","","99","103","102","100","112","124","129","132","133","158","168",
"황학동","국민기초생활보장 수급권자","계","","","","","","120","104","160","112","138","151","176","203","214","253","277",
"황학동","국민기초생활보장 수급권자","65~79세","","","","","","90","78","122","84","97","108","132","155","166","187","209",
"황학동","국민기초생활보장 수급권자","80세 이상","","","","","","30","26","38","28","41","43","44","48","48","66","68",
"황학동","저소득노인","계","","","","","","25","21","17","20","25","24","22","21","20","17","12",
"황학동","저소득노인","65~79세","","","","","","15","12","14","13","13","15","13","14","15","14","9",
"황학동","저소득노인","80세 이상","","","","","","10","9","3","7","12","9","9","7","5","3","3",
"황학동","일   반","계","","","","","","338","380","337","381","366","387","410","425","413","430","478",
"황학동","일   반","65~79세","","","","","","279","312","276","316","307","315","334","348","333","341","381",
"황학동","일   반","80세 이상","","","","","","59","68","61","65","59","72","76","77","80","89","97",
"중림동","합계","계","","","","","","444","429","440","455","477","508","569","596","613","648","648",
"중림동","합계","65~79세","","","","","","338","321","331","348","358","371","421","451","469","490","477",
"중림동","합계","80세 이상","","","","","","106","108","109","107","119","137","148","145","144","158","171",
"중림동","국민기초생활보장 수급권자","계","","","","","","100","105","134","112","152","144","194","203","221","237","260",
"중림동","국민기초생활보장 수급권자","65~79세","","","","","","74","82","104","90","110","106","143","150","175","182","205",
"중림동","국민기초생활보장 수급권자","80세 이상","","","","","","26","23","30","22","42","38","51","53","46","55","55",
"중림동","저소득노인","계","","","","","","36","32","30","26","28","26","16","16","33","33","9",
"중림동","저소득노인","65~79세","","","","","","24","21","21","14","16","14","10","13","21","15","3",
"중림동","저소득노인","80세 이상","","","","","","12","11","9","12","12","12","6","3","12","18","6",
"중림동","일   반","계","","","","","","308","292","276","317","297","338","359","377","359","378","379",
"중림동","일   반","65~79세","","","","","","240","218","206","244","232","251","268","288","273","293","269",
"중림동","일   반","80세 이상","","","","","","68","74","70","73","65","87","91","89","86","85","110",
"용산구","합계","계","","7365","7715","7934","8187","8391","8495","8520","8664","8840","8838","10354","11170","9873","10498","13417",
"용산구","합계","65~79세","","5722","5726","5681","6422","6581","6078","6052","5988","6065","6341","7347","7673","6903","7228","9231",
"용산구","합계","80세 이상","","1643","1989","2253","1765","1810","2417","2468","2676","2775","2497","3007","3497","2970","3270","4186",
"용산구","국민기초생활보장 수급권자","계","","1189","1371","1370","1490","1479","1603","1598","2052","1758","2154","2421","2650","2871","3029","3022",
"용산구","국민기초생활보장 수급권자","65~79세","","858","1060","1008","1185","1180","1432","1000","1345","1295","1571","1723","1826","1973","2073","2099",
"용산구","국민기초생활보장 수급권자","80세 이상","","331","311","362","305","299","171","598","707","463","583","698","824","898","956","923",
"용산구","저소득노인","계","","2062","352","429","495","487","423","420","403","353","293","247","345","290","96","110",
"용산구","저소득노인","65~79세","","1542","232","278","352","345","341","256","227","189","155","135","199","171","45","59",
"용산구","저소득노인","80세 이상","","520","120","151","143","142","82","164","176","164","138","112","146","119","51","51",
"용산구","일   반","계","","4114","5992","6135","6202","6425","6469","6502","6209","6729","6391","7686","8175","6712","7373","10285",
"용산구","일   반","65~79세","","3322","4434","4395","4885","5056","4305","4796","4416","4581","4615","5489","5648","4759","5110","7073",
"용산구","일   반","80세 이상","","792","1558","1740","1317","1369","2164","1706","1793","2148","1776","2197","2527","1953","2263","3212",
"후암동","합계","계","","","","","","779","786","785","775","768","748","887","967","884","954","1319",
"후암동","합계","65~79세","","","","","","616","562","542","543","511","527","626","667","620","674","922",
"후암동","합계","80세 이상","","","","","","163","224","243","232","257","221","261","300","264","280","397",
"후암동","국민기초생활보장 수급권자","계","","","","","","177","190","194","220","182","212","242","272","268","287","317",
"후암동","국민기초생활보장 수급권자","65~79세","","","","","","148","167","136","135","115","133","155","184","174","191","215",
"후암동","국민기초생활보장 수급권자","80세 이상","","","","","","29","23","58","85","67","79","87","88","94","96","102",
"후암동","저소득노인","계","","","","","","51","44","44","36","29","27","23","53","32","15","13",
"후암동","저소득노인","65~79세","","","","","","42","36","33","26","16","16","14","33","16","7","7",
"후암동","저소득노인","80세 이상","","","","","","9","8","11","10","13","11","9","20","16","8","6",
"후암동","일   반","계","","","","","","551","552","547","519","557","509","622","642","584","652","989",
"후암동","일   반","65~79세","","","","","","426","359","373","382","380","378","457","450","430","476","700",
"후암동","일   반","80세 이상","","","","","","125","193","174","137","177","131","165","192","154","176","289",
"용산2가동","합계","계","","","","","","499","501","493","511","490","483","555","586","541","573","812",
"용산2가동","합계","65~79세","","","","","","377","334","338","357","313","325","368","385","371","381","533",
"용산2가동","합계","80세 이상","","","","","","122","167","155","154","177","158","187","201","170","192","279",
"용산2가동","국민기초생활보장 수급권자","계","","","","","","84","93","87","106","85","113","136","151","168","192","208",
"용산2가동","국민기초생활보장 수급권자","65~79세","","","","","","61","76","55","62","60","78","90","95","112","126","140",
"용산2가동","국민기초생활보장 수급권자","80세 이상","","","","","","23","17","32","44","25","35","46","56","56","66","68",
"용산2가동","저소득노인","계","","","","","","35","36","36","30","27","29","23","19","19","7","7",
"용산2가동","저소득노인","65~79세","","","","","","26","26","20","14","10","10","5","5","8","-","2",
"용산2가동","저소득노인","80세 이상","","","","","","9","10","16","16","17","19","18","14","11","7","5",
"용산2가동","일   반","계","","","","","","380","372","370","375","378","341","396","416","354","374","597",
"용산2가동","일   반","65~79세","","","","","","290","232","263","281","243","237","273","285","251","255","391",
"용산2가동","일   반","80세 이상","","","","","","90","140","107","94","135","104","123","131","103","119","206",
"남영동","합계","계","","","","","","645","675","701","852","785","787","893","981","869","969","1533",
"남영동","합계","65~79세","","","","","","543","552","564","553","634","655","720","786","707","786","1255",
"남영동","합계","80세 이상","","","","","","102","123","137","299","151","132","173","195","162","183","278",
"남영동","국민기초생활보장 수급권자","계","","","","","","263","293","313","504","367","426","446","488","520","559","562",
"남영동","국민기초생활보장 수급권자","65~79세","","","","","","232","285","273","378","321","377","389","409","436","468","473",
"남영동","국민기초생활보장 수급권자","80세 이상","","","","","","31","8","40","126","46","49","57","79","84","91","89",
"남영동","저소득노인","계","","","","","","37","35","28","50","20","16","14","5","3","4","2",
"남영동","저소득노인","65~79세","","","","","","33","33","23","28","17","13","9","3","2","4","1",
"남영동","저소득노인","80세 이상","","","","","","4","2","5","22","3","3","5","2","1","-","1",
"남영동","일   반","계","","","","","","345","347","360","298","398","345","433","488","346","406","969",
"남영동","일   반","65~79세","","","","","","278","234","268","147","296","265","322","374","269","314","781",
"남영동","일   반","80세 이상","","","","","","67","113","92","151","102","80","111","114","77","92","188",
"청파동","합계","계","","","","","","739","767","786","740","815","832","948","1037","965","1065","921",
"청파동","합계","65~79세","","","","","","588","575","594","576","618","653","734","764","731","796","614",
"청파동","합계","80세 이상","","","","","","151","192","192","164","197","179","214","273","234","269","307",
"청파동","국민기초생활보장 수급권자","계","","","","","","150","175","171","197","189","225","251","291","339","373","416",
"청파동","국민기초생활보장 수급권자","65~79세","","","","","","129","158","44","120","143","169","179","206","228","252","288",
"청파동","국민기초생활보장 수급권자","80세 이상","","","","","","21","17","127","77","46","56","72","85","111","121","128",
"청파동","저소득노인","계","","","","","","50","36","32","30","30","31","25","33","29","8","5",
"청파동","저소득노인","65~79세","","","","","","38","30","24","10","19","18","16","20","20","5","3",
"청파동","저소득노인","80세 이상","","","","","","12","6","8","20","11","13","9","13","9","3","2",
"청파동","일   반","계","","","","","","539","556","583","513","596","576","672","713","597","684","500",
"청파동","일   반","65~79세","","","","","","421","387","526","446","456","466","539","538","483","539","323",
"청파동","일   반","80세 이상","","","","","","118","169","57","67","140","110","133","175","114","145","177",
"원효로1동","합계","계","","","","","","351","394","389","378","426","439","515","546","493","517","782",
"원효로1동","합계","65~79세","","","","","","294","313","302","316","318","336","381","394","361","379","556",
"원효로1동","합계","80세 이상","","","","","","57","81","87","62","108","103","134","152","132","138","226",
"원효로1동","국민기초생활보장 수급권자","계","","","","","","58","59","59","56","56","74","90","105","128","132","139",
"원효로1동","국민기초생활보장 수급권자","65~79세","","","","","","47","57","49","45","45","62","69","47","85","95","97",
"원효로1동","국민기초생활보장 수급권자","80세 이상","","","","","","11","2","10","11","11","12","21","58","43","37","42",
"원효로1동","저소득노인","계","","","","","","14","17","16","15","20","17","13","22","22","2","12",
"원효로1동","저소득노인","65~79세","","","","","","11","15","12","8","8","9","8","13","13","1","6",
"원효로1동","저소득노인","80세 이상","","","","","","3","2","4","7","12","8","5","9","9","1","6",
"원효로1동","일   반","계","","","","","","279","318","314","307","350","348","412","419","343","383","631",
"원효로1동","일   반","65~79세","","","","","","236","241","241","263","265","265","304","334","263","283","453",
"원효로1동","일   반","80세 이상","","","","","","43","77","73","44","85","83","108","85","80","100","178",
"원효로2동","합계","계","","","","","","403","427","442","444","486","482","527","547","538","570","1327",
"원효로2동","합계","65~79세","","","","","","310","297","303","295","322","337","354","360","353","373","951",
"원효로2동","합계","80세 이상","","","","","","93","130","139","149","164","145","173","187","185","197","376",
"원효로2동","국민기초생활보장 수급권자","계","","","","","","86","84","84","109","102","127","152","157","177","189","210",
"원효로2동","국민기초생활보장 수급권자","65~79세","","","","","","69","72","63","64","76","94","103","95","106","106","124",
"원효로2동","국민기초생활보장 수급권자","80세 이상","","","","","","17","12","21","45","26","33","49","62","71","83","86",
"원효로2동","저소득노인","계","","","","","","26","23","27","22","20","12","14","19","14","6","7",
"원효로2동","저소득노인","65~79세","","","","","","15","19","16","10","9","4","4","11","7","3","3",
"원효로2동","저소득노인","80세 이상","","","","","","11","4","11","12","11","8","10","8","7","3","4",
"원효로2동","일   반","계","","","","","","291","320","331","313","364","343","361","371","347","375","1110",
"원효로2동","일   반","65~79세","","","","","","226","206","224","221","237","239","247","254","240","264","824",
"원효로2동","일   반","80세 이상","","","","","","65","114","107","92","127","104","114","117","107","111","286",
"효창동","합계","계","","","","","","278","218","247","250","218","259","290","327","302","321","574",
"효창동","합계","65~79세","","","","","","216","162","182","182","139","182","209","239","212","221","399",
"효창동","합계","80세 이상","","","","","","62","56","65","68","79","77","81","88","90","100","175",
"효창동","국민기초생활보장 수급권자","계","","","","","","30","26","32","32","27","31","34","35","49","52","51",
"효창동","국민기초생활보장 수급권자","65~79세","","","","","","19","21","23","22","18","22","24","24","37","35","32",
"효창동","국민기초생활보장 수급권자","80세 이상","","","","","","11","5","9","10","9","9","10","11","12","17","19",
"효창동","저소득노인","계","","","","","","15","7","9","11","14","5","6","10","9","1","4",
"효창동","저소득노인","65~79세","","","","","","10","5","6","3","8","3","4","8","5","-","2",
"효창동","저소득노인","80세 이상","","","","","","5","2","3","8","6","2","2","2","4","1","2",
"효창동","일   반","계","","","","","","233","185","206","207","177","223","250","282","244","268","519",
"효창동","일   반","65~79세","","","","","","187","136","153","157","113","157","181","207","170","186","365",
"효창동","일   반","80세 이상","","","","","","46","49","53","50","64","66","69","75","74","82","154",
"용문동","합계","계","","","","","","318","334","345","352","382","399","446","507","489","532","843",
"용문동","합계","65~79세","","","","","","248","253","252","258","274","302","330","358","353","363","548",
"용문동","합계","80세 이상","","","","","","70","81","93","94","108","97","116","149","136","169","295",
"용문동","국민기초생활보장 수급권자","계","","","","","","63","66","65","84","87","106","127","170","183","207","224",
"용문동","국민기초생활보장 수급권자","65~79세","","","","","","48","56","44","50","57","74","80","107","121","126","139",
"용문동","국민기초생활보장 수급권자","80세 이상","","","","","","15","10","21","34","30","32","47","63","62","81","85",
"용문동","저소득노인","계","","","","","","9","15","17","11","15","11","6","14","17","4","7",
"용문동","저소득노인","65~79세","","","","","","8","12","9","5","10","7","3","6","11","1","5",
"용문동","저소득노인","80세 이상","","","","","","1","3","8","6","5","4","3","8","6","3","2",
"용문동","일   반","계","","","","","","246","253","263","257","280","282","313","323","289","321","612",
"용문동","일   반","65~79세","","","","","","192","185","199","203","207","221","247","245","221","236","404",
"용문동","일   반","80세 이상","","","","","","54","68","64","54","73","61","66","78","68","85","208",
"한강로동","합계","계","","","","","","748","717","715","708","726","702","860","907","767","806","702",
"한강로동","합계","65~79세","","","","","","590","496","484","475","476","482","597","596","514","537","427",
"한강로동","합계","80세 이상","","","","","","158","221","231","233","250","220","263","311","253","269","275",
"한강로동","국민기초생활보장 수급권자","계","","","","","","102","115","95","84","119","157","176","174","171","174","172",
"한강로동","국민기초생활보장 수급권자","65~79세","","","","","","76","107","31","46","86","114","127","125","112","115","116",
"한강로동","국민기초생활보장 수급권자","80세 이상","","","","","","26","8","64","38","33","43","49","49","59","59","56",
"한강로동","저소득노인","계","","","","","","36","34","40","46","26","16","13","14","14","3","13",
"한강로동","저소득노인","65~79세","","","","","","23","29","28","26","18","11","8","8","11","3","12",
"한강로동","저소득노인","80세 이상","","","","","","13","5","12","20","8","5","5","6","3","-","1",
"한강로동","일   반","계","","","","","","610","568","580","578","581","529","671","719","582","629","517",
"한강로동","일   반","65~79세","","","","","","491","360","425","403","372","357","462","463","391","419","299",
"한강로동","일   반","80세 이상","","","","","","119","208","155","175","209","172","209","256","191","210","218",
"이촌1동","합계","계","","","","","","617","635","645","632","687","654","837","864","704","746","353",
"이촌1동","합계","65~79세","","","","","","443","376","371","358","379","376","498","499","401","411","233",
"이촌1동","합계","80세 이상","","","","","","174","259","274","274","308","278","339","365","303","335","120",
"이촌1동","국민기초생활보장 수급권자","계","","","","","","16","17","16","15","15","16","17","22","21","18","24",
"이촌1동","국민기초생활보장 수급권자","65~79세","","","","","","12","10","9","8","9","7","9","12","12","11","15",
"이촌1동","국민기초생활보장 수급권자","80세 이상","","","","","","4","7","7","7","6","9","8","10","9","7","9",
"이촌1동","저소득노인","계","","","","","","3","10","9","6","5","2","1","4","7","1","2",
"이촌1동","저소득노인","65~79세","","","","","","2","6","2","3","1","1","0","2","3","-","-",
"이촌1동","저소득노인","80세 이상","","","","","","1","4","7","3","4","1","1","2","4","1","2",
"이촌1동","일   반","계","","","","","","598","608","620","611","667","636","819","838","676","727","327",
"이촌1동","일   반","65~79세","","","","","","429","360","360","347","369","368","489","485","386","400","218",
"이촌1동","일   반","80세 이상","","","","","","169","248","260","264","298","268","330","353","290","327","109",
"이촌2동","합계","계","","","","","","366","351","353","354","367","365","388","445","405","427","649",
"이촌2동","합계","65~79세","","","","","","288","246","248","230","237","241","270","301","269","279","430",
"이촌2동","합계","80세 이상","","","","","","78","105","105","124","130","124","118","144","136","148","219",
"이촌2동","국민기초생활보장 수급권자","계","","","","","","29","33","33","23","33","47","53","57","65","75","85",
"이촌2동","국민기초생활보장 수급권자","65~79세","","","","","","20","26","19","16","19","26","30","30","30","35","43",
"이촌2동","국민기초생활보장 수급권자","80세 이상","","","","","","9","7","14","7","14","21","23","27","35","40","42",
"이촌2동","저소득노인","계","","","","","","22","15","14","12","14","9","7","11","9","4","2",
"이촌2동","저소득노인","65~79세","","","","","","10","9","6","7","6","4","2","4","3","1","-",
"이촌2동","저소득노인","80세 이상","","","","","","12","6","8","5","8","5","5","7","6","3","2",
"이촌2동","일   반","계","","","","","","315","303","306","319","320","309","328","377","331","348","562",
"이촌2동","일   반","65~79세","","","","","","258","211","223","207","212","211","238","267","236","243","387",
"이촌2동","일   반","80세 이상","","","","","","57","92","83","112","108","98","90","110","95","105","175",
"이태원1동","합계","계","","","","","","335","329","327","319","327","316","378","398","341","375","893",
"이태원1동","합계","65~79세","","","","","","227","215","217","200","209","218","253","264","237","268","613",
"이태원1동","합계","80세 이상","","","","","","108","114","110","119","118","98","125","134","104","107","280",
"이태원1동","국민기초생활보장 수급권자","계","","","","","","45","49","49","46","47","52","63","74","74","78","86",
"이태원1동","국민기초생활보장 수급권자","65~79세","","","","","","33","40","34","33","31","37","47","54","52","54","62",
"이태원1동","국민기초생활보장 수급권자","80세 이상","","","","","","12","9","15","13","16","15","16","20","22","24","24",
"이태원1동","저소득노인","계","","","","","","23","13","14","12","16","15","10","10","7","7","6",
"이태원1동","저소득노인","65~79세","","","","","","15","10","6","5","11","10","9","6","5","5","4",
"이태원1동","저소득노인","80세 이상","","","","","","8","3","8","7","5","5","1","4","2","2","2",
"이태원1동","일   반","계","","","","","","267","267","264","261","264","249","305","314","260","290","801",
"이태원1동","일   반","65~79세","","","","","","179","165","177","162","167","171","197","204","180","209","547",
"이태원1동","일   반","80세 이상","","","","","","88","102","87","99","97","78","108","110","80","81","254",
"이태원2동","합계","계","","","","","","421","423","409","427","428","406","501","521","430","513","849",
"이태원2동","합계","65~79세","","","","","","329","300","289","298","290","279","353","328","284","315","468",
"이태원2동","합계","80세 이상","","","","","","92","123","120","129","138","127","148","193","146","198","381",
"이태원2동","국민기초생활보장 수급권자","계","","","","","","71","73","61","84","66","79","89","84","89","97","101",
"이태원2동","국민기초생활보장 수급권자","65~79세","","","","","","50","61","39","50","43","49","53","53","58","60","68",
"이태원2동","국민기초생활보장 수급권자","80세 이상","","","","","","21","12","22","34","23","30","36","31","31","37","33",
"이태원2동","저소득노인","계","","","","","","33","27","29","23","27","18","12","23","15","4","4",
"이태원2동","저소득노인","65~79세","","","","","","17","19","11","18","12","5","6","18","11","1","-",
"이태원2동","저소득노인","80세 이상","","","","","","16","8","18","5","15","13","6","5","4","3","4",
"이태원2동","일   반","계","","","","","","317","323","319","320","335","309","400","414","326","412","744",
"이태원2동","일   반","65~79세","","","","","","262","220","239","230","235","225","294","257","215","254","400",
"이태원2동","일   반","80세 이상","","","","","","55","103","80","90","100","84","106","157","111","158","344",
"한남동","합계","계","","","","","","774","808","793","812","823","822","1013","1125","906","856","650",
"한남동","합계","65~79세","","","","","","617","602","599","631","609","625","733","793","646","604","468",
"한남동","합계","80세 이상","","","","","","157","206","194","181","214","197","280","332","260","252","182",
"한남동","국민기초생활보장 수급권자","계","","","","","","134","146","144","188","153","173","195","200","214","182","62",
"한남동","국민기초생활보장 수급권자","65~79세","","","","","","103","131","45","124","116","121","134","135","136","117","39",
"한남동","국민기초생활보장 수급권자","80세 이상","","","","","","31","15","99","64","37","52","61","65","78","65","23",
"한남동","저소득노인","계","","","","","","45","32","25","29","35","32","24","40","38","5","5",
"한남동","저소득노인","65~79세","","","","","","30","26","14","19","20","20","17","27","22","1","4",
"한남동","저소득노인","80세 이상","","","","","","15","6","11","10","15","12","7","13","16","4","1",
"한남동","일   반","계","","","","","","595","630","624","595","635","617","794","885","654","669","583",
"한남동","일   반","65~79세","","","","","","484","445","540","488","473","484","582","631","488","486","425",
"한남동","일   반","80세 이상","","","","","","111","185","84","107","162","133","212","254","166","183","158",
"서빙고동","합계","계","","","","","","452","452","428","408","425","430","502","531","451","483","578",
"서빙고동","합계","65~79세","","","","","","345","301","285","265","257","275","329","323","268","277","369",
"서빙고동","합계","80세 이상","","","","","","107","151","143","143","168","155","173","208","183","206","209",
"서빙고동","국민기초생활보장 수급권자","계","","","","","","37","40","41","35","54","71","87","91","96","111","136",
"서빙고동","국민기초생활보장 수급권자","65~79세","","","","","","28","34","26","22","35","44","53","57","60","67","80",
"서빙고동","국민기초생활보장 수급권자","80세 이상","","","","","","9","6","15","13","19","27","34","34","36","44","56",
"서빙고동","저소득노인","계","","","","","","33","19","21","17","15","12","12","16","15","10","7",
"서빙고동","저소득노인","65~79세","","","","","","24","17","15","7","6","5","6","3","10","6","4",
"서빙고동","저소득노인","80세 이상","","","","","","9","2","6","10","9","7","6","13","5","4","3",
"서빙고동","일   반","계","","","","","","382","393","366","356","356","347","403","424","340","362","435",
"서빙고동","일   반","65~79세","","","","","","293","250","244","236","216","226","270","263","198","204","285",
"서빙고동","일   반","80세 이상","","","","","","89","143","122","120","140","121","133","161","142","158","150",
"보광동","합계","계","","","","","","666","678","662","702","687","714","814","881","788","791","632",
"보광동","합계","65~79세","","","","","","550","494","482","451","479","528","592","616","576","564","445",
"보광동","합계","80세 이상","","","","","","116","184","180","251","208","186","222","265","212","227","187",
"보광동","국민기초생활보장 수급권자","계","","","","","","134","144","154","269","176","245","263","279","309","303","229",
"보광동","국민기초생활보장 수급권자","65~79세","","","","","","105","131","110","170","121","164","181","193","214","215","168",
"보광동","국민기초생활보장 수급권자","80세 이상","","","","","","29","13","44","99","55","81","82","86","95","88","61",
"보광동","저소득노인","계","","","","","","55","60","59","53","40","41","44","52","40","15","14",
"보광동","저소득노인","65~79세","","","","","","41","49","31","38","18","19","24","32","24","7","6",
"보광동","저소득노인","80세 이상","","","","","","14","11","28","15","22","22","20","20","16","8","8",
"보광동","일   반","계","","","","","","477","474","449","380","471","428","507","550","439","473","389",
"보광동","일   반","65~79세","","","","","","404","314","341","243","340","345","387","391","338","342","271",
"보광동","일   반","80세 이상","","","","","","73","160","108","137","131","83","120","159","101","131","118",
"성동구","합계","계","","7627","6963","7095","7455","7562","8928","9025","9508","10313","10764","14036","11231","11313","12141","12612",
"성동구","합계","65~79세","","6043","5363","5715","5827","6015","6533","6703","7015","7647","7455","10187","8319","8248","8762","8994",
"성동구","합계","80세 이상","","1584","1600","1380","1628","1547","2395","2322","2493","2666","3309","3849","2912","3065","3379","3618",
"성동구","국민기초생활보장 수급권자","계","","1155","1168","1165","1294","1272","1353","1542","1501","1670","2220","2605","2985","3255","3536","3776",
"성동구","국민기초생활보장 수급권자","65~79세","","871","857","829","980","963","990","1076","1113","1212","1530","1788","2045","2182","2354","2509",
"성동구","국민기초생활보장 수급권자","80세 이상","","284","311","336","314","309","363","466","388","458","690","817","940","1073","1182","1267",
"성동구","저소득노인","계","","324","432","707","497","580","600","666","664","601","548","769","352","502","239","433",
"성동구","저소득노인","65~79세","","271","326","552","350","407","409","428","451","374","315","450","201","288","131","277",
"성동구","저소득노인","80세 이상","","53","106","155","147","173","191","238","213","227","233","319","151","214","108","156",
"성동구","일   반","계","","6148","5363","5223","5664","5710","6975","6817","7343","8042","7996","10662","7894","7556","8366","8403",
"성동구","일   반","65~79세","","4901","4180","4334","4497","4645","5134","5199","5451","6061","5610","7949","6073","5778","6277","6208",
"성동구","일   반","80세 이상","","1247","1183","889","1167","1065","1841","1618","1892","1981","2386","2713","1821","1778","2089","2195",
"왕십리2동","합계","계","","","","","","402","517","546","601","631","637","742","622","634","690","714",
"왕십리2동","합계","65~79세","","","","","","324","386","418","454","477","451","548","465","464","496","504",
"왕십리2동","합계","80세 이상","","","","","","78","131","128","147","154","186","194","157","170","194","210",
"왕십리2동","국민기초생활보장 수급권자","계","","","","","","57","62","93","79","95","110","126","152","177","198","218",
"왕십리2동","국민기초생활보장 수급권자","65~79세","","","","","","43","43","65","61","62","73","84","101","116","132","145",
"왕십리2동","국민기초생활보장 수급권자","80세 이상","","","","","","14","19","28","18","33","37","42","51","61","66","73",
"왕십리2동","저소득노인","계","","","","","","36","36","43","43","45","30","35","14","39","15","26",
"왕십리2동","저소득노인","65~79세","","","","","","29","28","32","31","31","21","27","11","27","7","17",
"왕십리2동","저소득노인","80세 이상","","","","","","7","8","11","12","14","9","8","3","12","8","9",
"왕십리2동","일   반","계","","","","","","309","419","410","479","491","497","581","456","418","477","470",
"왕십리2동","일   반","65~79세","","","","","","252","315","321","362","384","357","437","353","321","357","342",
"왕십리2동","일   반","80세 이상","","","","","","57","104","89","117","107","140","144","103","97","120","128",
"왕십리도선동","합계","계","","","","","","503","651","685","666","869","887","1253","928","972","1002","1056",
"왕십리도선동","합계","65~79세","","","","","","398","461","474","486","624","585","879","656","679","696","720",
"왕십리도선동","합계","80세 이상","","","","","","105","190","211","180","245","302","374","272","293","306","336",
"왕십리도선동","국민기초생활보장 수급권자","계","","","","","","125","140","172","249","138","256","298","327","359","378","390",
"왕십리도선동","국민기초생활보장 수급권자","65~79세","","","","","","92","103","105","175","98","169","205","218","233","244","242",
"왕십리도선동","국민기초생활보장 수급권자","80세 이상","","","","","","33","37","67","74","40","87","93","109","126","134","148",
"왕십리도선동","저소득노인","계","","","","","","54","49","39","100","42","42","62","25","39","19","38",
"왕십리도선동","저소득노인","65~79세","","","","","","37","35","25","86","29","26","37","16","26","10","27",
"왕십리도선동","저소득노인","80세 이상","","","","","","17","14","14","14","13","16","25","9","13","9","11",
"왕십리도선동","일   반","계","","","","","","324","462","474","317","689","589","893","576","574","605","628",
"왕십리도선동","일   반","65~79세","","","","","","269","323","344","225","497","390","637","422","420","442","451",
"왕십리도선동","일   반","80세 이상","","","","","","55","139","130","92","192","199","256","154","154","163","177",
"마장동","합계","계","","","","","","654","728","734","749","816","888","1201","1020","996","1070","1103",
"마장동","합계","65~79세","","","","","","528","547","571","577","619","633","864","743","702","744","763",
"마장동","합계","80세 이상","","","","","","126","181","163","172","197","255","337","277","294","326","340",
"마장동","국민기초생활보장 수급권자","계","","","","","","154","124","158","105","115","166","192","237","258","264","293",
"마장동","국민기초생활보장 수급권자","65~79세","","","","","","122","92","96","74","78","116","125","147","159","156","183",
"마장동","국민기초생활보장 수급권자","80세 이상","","","","","","32","32","62","31","37","50","67","90","99","108","110",
"마장동","저소득노인","계","","","","","","59","64","126","39","46","49","52","25","46","21","36",
"마장동","저소득노인","65~79세","","","","","","44","42","73","19","22","27","28","15","26","12","21",
"마장동","저소득노인","80세 이상","","","","","","15","22","53","20","24","22","24","10","20","9","15",
"마장동","일   반","계","","","","","","441","540","450","605","655","673","957","758","692","785","774",
"마장동","일   반","65~79세","","","","","","362","413","402","484","519","490","711","581","517","576","559",
"마장동","일   반","80세 이상","","","","","","79","127","48","121","136","183","246","177","175","209","215",
"사근동","합계","계","","","","","","282","319","338","317","331","374","498","406","385","406","412",
"사근동","합계","65~79세","","","","","","226","231","256","239","239","251","339","296","283","289","288",
"사근동","합계","80세 이상","","","","","","56","88","82","78","92","123","159","110","102","117","124",
"사근동","국민기초생활보장 수급권자","계","","","","","","32","38","33","29","38","43","57","68","72","80","87",
"사근동","국민기초생활보장 수급권자","65~79세","","","","","","18","24","18","23","29","29","32","41","44","45","52",
"사근동","국민기초생활보장 수급권자","80세 이상","","","","","","14","14","15","6","9","14","25","27","28","35","35",
"사근동","저소득노인","계","","","","","","10","15","16","21","21","23","28","16","18","6","11",
"사근동","저소득노인","65~79세","","","","","","7","12","13","15","16","14","12","3","5","-","3",
"사근동","저소득노인","80세 이상","","","","","","3","3","3","6","5","9","16","13","13","6","8",
"사근동","일   반","계","","","","","","240","266","289","267","272","308","413","322","295","320","314",
"사근동","일   반","65~79세","","","","","","201","195","225","201","194","208","295","252","234","244","233",
"사근동","일   반","80세 이상","","","","","","39","71","64","66","78","100","118","70","61","76","81",
"행당1동","합계","계","","","","","","438","505","511","524","581","600","633","496","487","500","531",
"행당1동","합계","65~79세","","","","","","342","349","346","401","437","434","479","375","351","351","367",
"행당1동","합계","80세 이상","","","","","","96","156","165","123","144","166","154","121","136","149","164",
"행당1동","국민기초생활보장 수급권자","계","","","","","","82","68","74","96","109","121","108","124","121","119","127",
"행당1동","국민기초생활보장 수급권자","65~79세","","","","","","60","45","57","73","81","92","80","94","84","77","81",
"행당1동","국민기초생활보장 수급권자","80세 이상","","","","","","22","23","17","23","28","29","28","30","37","42","46",
"행당1동","저소득노인","계","","","","","","37","31","24","40","38","29","40","17","23","9","14",
"행당1동","저소득노인","65~79세","","","","","","32","27","15","25","21","17","24","11","15","5","9",
"행당1동","저소득노인","80세 이상","","","","","","5","4","9","15","17","12","16","6","8","4","5",
"행당1동","일   반","계","","","","","","319","406","413","388","434","450","485","355","343","372","390",
"행당1동","일   반","65~79세","","","","","","250","277","274","303","335","325","375","270","252","269","277",
"행당1동","일   반","80세 이상","","","","","","69","129","139","85","99","125","110","85","91","103","113",
"행당2동","합계","계","","","","","","495","583","616","669","706","757","1077","820","860","928","950",
"행당2동","합계","65~79세","","","","","","402","426","465","520","523","516","790","612","633","666","680",
"행당2동","합계","80세 이상","","","","","","93","157","151","149","183","241","287","208","227","262","270",
"행당2동","국민기초생활보장 수급권자","계","","","","","","77","82","99","89","85","191","241","281","321","347","383",
"행당2동","국민기초생활보장 수급권자","65~79세","","","","","","55","59","70","68","59","133","166","191","212","219","240",
"행당2동","국민기초생활보장 수급권자","80세 이상","","","","","","22","23","29","21","26","58","75","90","109","128","143",
"행당2동","저소득노인","계","","","","","","44","35","52","45","36","36","95","34","52","33","52",
"행당2동","저소득노인","65~79세","","","","","","32","24","38","33","23","20","60","21","29","16","36",
"행당2동","저소득노인","80세 이상","","","","","","12","11","14","12","13","16","35","13","23","17","16",
"행당2동","일   반","계","","","","","","374","466","465","535","585","530","741","505","487","548","515",
"행당2동","일   반","65~79세","","","","","","315","343","357","419","441","363","564","400","392","431","404",
"행당2동","일   반","80세 이상","","","","","","59","123","108","116","144","167","177","105","95","117","111",
"응봉동","합계","계","","","","","","340","404","423","448","466","479","562","522","488","511","519",
"응봉동","합계","65~79세","","","","","","258","303","307","271","330","311","383","371","334","346","343",
"응봉동","합계","80세 이상","","","","","","82","101","116","177","136","168","179","151","154","165","176",
"응봉동","국민기초생활보장 수급권자","계","","","","","","18","20","5","38","9","32","39","63","62","66","69",
"응봉동","국민기초생활보장 수급권자","65~79세","","","","","","9","11","3","28","8","18","25","40","39","39","43",
"응봉동","국민기초생활보장 수급권자","80세 이상","","","","","","9","9","2","10","1","14","14","23","23","27","26",
"응봉동","저소득노인","계","","","","","","15","16","77","41","12","25","25","18","27","10","20",
"응봉동","저소득노인","65~79세","","","","","","8","9","60","32","7","13","12","10","15","9","10",
"응봉동","저소득노인","80세 이상","","","","","","7","7","17","9","5","12","13","8","12","1","10",
"응봉동","일   반","계","","","","","","307","368","341","369","445","422","498","441","399","435","430",
"응봉동","일   반","65~79세","","","","","","241","283","244","211","315","280","346","321","280","298","290",
"응봉동","일   반","80세 이상","","","","","","66","85","97","158","130","142","152","120","119","137","140",
"금호1가동","합계","계","","","","","","427","510","512","537","577","612","958","676","719","759","781",
"금호1가동","합계","65~79세","","","","","","320","354","347","380","398","391","627","471","496","524","544",
"금호1가동","합계","80세 이상","","","","","","107","156","165","157","179","221","331","205","223","235","237",
"금호1가동","국민기초생활보장 수급권자","계","","","","","","124","137","130","124","152","199","256","272","300","308","324",
"금호1가동","국민기초생활보장 수급권자","65~79세","","","","","","89","96","86","90","100","122","146","160","166","174","185",
"금호1가동","국민기초생활보장 수급권자","80세 이상","","","","","","35","41","44","34","52","77","110","112","134","134","139",
"금호1가동","저소득노인","계","","","","","","53","46","34","47","55","37","65","19","29","17","31",
"금호1가동","저소득노인","65~79세","","","","","","34","31","19","31","32","19","37","12","20","12","22",
"금호1가동","저소득노인","80세 이상","","","","","","19","15","15","16","23","18","28","7","9","5","9",
"금호1가동","일   반","계","","","","","","250","327","348","366","370","376","637","385","390","434","426",
"금호1가동","일   반","65~79세","","","","","","197","227","242","259","266","250","444","299","310","338","337",
"금호1가동","일   반","80세 이상","","","","","","53","100","106","107","104","126","193","86","80","96","89",
"금호2.3가동","합계","계","","","","","","590","733","654","705","852","902","1103","891","885","947","952",
"금호2.3가동","합계","65~79세","","","","","","451","518","493","525","608","602","775","646","631","664","665",
"금호2.3가동","합계","80세 이상","","","","","","139","215","161","180","244","300","328","245","254","283","287",
"금호2.3가동","국민기초생활보장 수급권자","계","","","","","","88","107","111","68","115","177","195","217","233","248","256",
"금호2.3가동","국민기초생활보장 수급권자","65~79세","","","","","","60","77","81","52","83","113","128","140","151","163","169",
"금호2.3가동","국민기초생활보장 수급권자","80세 이상","","","","","","28","30","30","16","32","64","67","77","82","85","87",
"금호2.3가동","저소득노인","계","","","","","","25","22","19","29","46","40","52","29","34","14","40",
"금호2.3가동","저소득노인","65~79세","","","","","","16","12","10","14","24","22","26","18","19","8","25",
"금호2.3가동","저소득노인","80세 이상","","","","","","9","10","9","15","22","18","26","11","15","6","15",
"금호2.3가동","일   반","계","","","","","","477","604","524","608","691","685","856","645","618","685","656",
"금호2.3가동","일   반","65~79세","","","","","","375","429","402","459","501","467","621","488","461","493","471",
"금호2.3가동","일   반","80세 이상","","","","","","102","175","122","149","190","218","235","157","157","192","185",
"금호4가동","합계","계","","","","","","388","460","478","482","512","527","712","613","634","694","732",
"금호4가동","합계","65~79세","","","","","","309","337","305","350","375","359","526","466","475","514","532",
"금호4가동","합계","80세 이상","","","","","","79","123","173","132","137","168","186","147","159","180","200",
"금호4가동","국민기초생활보장 수급권자","계","","","","","","62","70","95","69","67","108","134","160","178","198","220",
"금호4가동","국민기초생활보장 수급권자","65~79세","","","","","","51","52","59","52","52","76","97","115","124","134","149",
"금호4가동","국민기초생활보장 수급권자","80세 이상","","","","","","11","18","36","17","15","32","37","45","54","64","71",
"금호4가동","저소득노인","계","","","","","","18","22","16","25","3","26","36","21","26","9","18",
"금호4가동","저소득노인","65~79세","","","","","","13","17","6","17","2","14","19","10","11","4","12",
"금호4가동","저소득노인","80세 이상","","","","","","5","5","10","8","1","12","17","11","15","5","6",
"금호4가동","일   반","계","","","","","","308","368","367","388","442","393","542","432","430","487","494",
"금호4가동","일   반","65~79세","","","","","","245","268","240","281","321","269","410","341","340","376","371",
"금호4가동","일   반","80세 이상","","","","","","63","100","127","107","121","124","132","91","90","111","123",
"옥수동","합계","계","","","","","","517","602","596","679","698","762","934","799","811","851","896",
"옥수동","합계","65~79세","","","","","","383","398","432","474","480","500","665","582","588","615","617",
"옥수동","합계","80세 이상","","","","","","134","204","164","205","218","262","269","217","223","236","279",
"옥수동","국민기초생활보장 수급권자","계","","","","","","45","49","52","74","64","113","141","158","179","200","213",
"옥수동","국민기초생활보장 수급권자","65~79세","","","","","","34","35","35","48","47","74","101","114","120","133","134",
"옥수동","국민기초생활보장 수급권자","80세 이상","","","","","","11","14","17","26","17","39","40","44","59","67","79",
"옥수동","저소득노인","계","","","","","","62","52","41","50","32","36","50","18","31","16","36",
"옥수동","저소득노인","65~79세","","","","","","48","33","26","29","16","20","24","8","15","7","25",
"옥수동","저소득노인","80세 이상","","","","","","14","19","15","21","16","16","26","10","16","9","11",
"옥수동","일   반","계","","","","","","410","501","503","555","602","613","743","623","601","635","647",
"옥수동","일   반","65~79세","","","","","","301","330","371","397","417","406","540","460","453","475","458",
"옥수동","일   반","80세 이상","","","","","","109","171","132","158","185","207","203","163","148","160","189",
"성수1가1동","합계","계","","","","","","375","443","452","494","489","519","672","531","542","603","638",
"성수1가1동","합계","65~79세","","","","","","293","331","342","392","384","385","523","413","423","470","489",
"성수1가1동","합계","80세 이상","","","","","","82","112","110","102","105","134","149","118","119","133","149",
"성수1가1동","국민기초생활보장 수급권자","계","","","","","","55","59","85","54","70","97","115","129","147","160","178",
"성수1가1동","국민기초생활보장 수급권자","65~79세","","","","","","44","46","71","48","60","78","90","101","111","128","142",
"성수1가1동","국민기초생활보장 수급권자","80세 이상","","","","","","11","13","14","6","10","19","25","28","36","32","36",
"성수1가1동","저소득노인","계","","","","","","30","31","35","19","16","27","30","19","12","9","13",
"성수1가1동","저소득노인","65~79세","","","","","","20","22","22","14","11","14","17","12","6","4","9",
"성수1가1동","저소득노인","80세 이상","","","","","","10","9","13","5","5","13","13","7","6","5","4",
"성수1가1동","일   반","계","","","","","","290","353","332","421","403","395","527","383","383","434","447",
"성수1가1동","일   반","65~79세","","","","","","229","263","249","330","313","293","416","300","306","338","338",
"성수1가1동","일   반","80세 이상","","","","","","61","90","83","91","90","102","111","83","77","96","109",
"성수1가2동","합계","계","","","","","","382","436","442","447","455","476","489","410","425","460","491",
"성수1가2동","합계","65~79세","","","","","","320","333","343","335","336","321","352","308","319","334","352",
"성수1가2동","합계","80세 이상","","","","","","62","103","99","112","119","155","137","102","106","126","139",
"성수1가2동","국민기초생활보장 수급권자","계","","","","","","49","58","58","53","89","63","69","74","69","75","84",
"성수1가2동","국민기초생활보장 수급권자","65~79세","","","","","","39","46","40","35","57","35","41","50","51","55","60",
"성수1가2동","국민기초생활보장 수급권자","80세 이상","","","","","","10","12","18","18","32","28","28","24","18","20","24",
"성수1가2동","저소득노인","계","","","","","","18","20","22","26","41","23","19","12","16","10","16",
"성수1가2동","저소득노인","65~79세","","","","","","11","12","13","18","26","15","14","8","11","7","11",
"성수1가2동","저소득노인","80세 이상","","","","","","7","8","9","8","15","8","5","4","5","3","5",
"성수1가2동","일   반","계","","","","","","315","358","362","368","325","390","401","324","340","375","391",
"성수1가2동","일   반","65~79세","","","","","","270","275","290","282","253","271","297","250","257","272","281",
"성수1가2동","일   반","80세 이상","","","","","","45","83","72","86","72","119","104","74","83","103","110",
"성수2가1동","합계","계","","","","","","564","669","677","716","776","812","1022","818","820","891","925",
"성수2가1동","합계","65~79세","","","","","","462","515","537","555","607","593","794","644","630","690","725",
"성수2가1동","합계","80세 이상","","","","","","102","154","140","161","169","219","228","174","190","201","200",
"성수2가1동","국민기초생활보장 수급권자","계","","","","","","95","108","117","112","168","179","203","233","251","266","288",
"성수2가1동","국민기초생활보장 수급권자","65~79세","","","","","","79","86","89","83","135","137","154","176","182","190","206",
"성수2가1동","국민기초생활보장 수급권자","80세 이상","","","","","","16","22","28","29","33","42","49","57","69","76","82",
"성수2가1동","저소득노인","계","","","","","","42","45","54","40","54","40","50","22","34","13","22",
"성수2가1동","저소득노인","65~79세","","","","","","27","29","32","27","27","25","30","12","19","7","13",
"성수2가1동","저소득노인","80세 이상","","","","","","15","16","22","13","27","15","20","10","15","6","9",
"성수2가1동","일   반","계","","","","","","427","516","506","564","554","593","769","563","535","612","615",
"성수2가1동","일   반","65~79세","","","","","","356","400","416","445","445","431","610","456","429","493","506",
"성수2가1동","일   반","80세 이상","","","","","","71","116","90","119","109","162","159","107","106","119","109",
"성수2가3동","합계","계","","","","","","284","335","335","348","375","391","512","437","361","393","391",
"성수2가3동","합계","65~79세","","","","","","236","256","264","274","295","287","379","316","263","277","270",
"성수2가3동","합계","80세 이상","","","","","","48","79","71","74","80","104","133","121","98","116","121",
"성수2가3동","국민기초생활보장 수급권자","계","","","","","","38","37","35","33","36","57","65","70","65","65","58",
"성수2가3동","국민기초생활보장 수급권자","65~79세","","","","","","30","27","24","20","25","38","43","46","44","42","40",
"성수2가3동","국민기초생활보장 수급권자","80세 이상","","","","","","8","10","11","13","11","19","22","24","21","23","18",
"성수2가3동","저소득노인","계","","","","","","15","19","15","12","13","13","22","10","11","2","8",
"성수2가3동","저소득노인","65~79세","","","","","","9","8","7","5","9","9","12","6","7","1","5",
"성수2가3동","저소득노인","80세 이상","","","","","","6","11","8","7","4","4","10","4","4","1","3",
"성수2가3동","일   반","계","","","","","","231","279","285","303","326","321","425","357","285","326","325",
"성수2가3동","일   반","65~79세","","","","","","197","221","233","249","261","240","324","264","212","234","225",
"성수2가3동","일   반","80세 이상","","","","","","34","58","52","54","65","81","101","93","73","92","100",
"송정동","합계","계","","","","","","349","392","361","422","462","479","718","535","541","587","612",
"송정동","합계","65~79세","","","","","","281","293","281","321","355","350","539","417","424","461","474",
"송정동","합계","80세 이상","","","","","","68","99","80","101","107","129","179","118","117","126","138",
"송정동","국민기초생활보장 수급권자","계","","","","","","50","62","71","80","92","132","158","183","196","231","231",
"송정동","국민기초생활보장 수급권자","65~79세","","","","","","39","45","55","60","67","97","117","141","154","183","186",
"송정동","국민기초생활보장 수급권자","80세 이상","","","","","","11","17","16","20","25","35","41","42","42","48","45",
"송정동","저소득노인","계","","","","","","36","49","39","47","29","31","51","24","32","14","25",
"송정동","저소득노인","65~79세","","","","","","28","33","26","32","18","14","30","14","19","8","13",
"송정동","저소득노인","80세 이상","","","","","","8","16","13","15","11","17","21","10","13","6","12",
"송정동","일   반","계","","","","","","263","281","251","295","341","316","509","328","313","342","356",
"송정동","일   반","65~79세","","","","","","214","215","200","229","270","239","392","262","251","270","275",
"송정동","일   반","80세 이상","","","","","","49","66","51","66","71","77","117","66","62","72","81",
"용답동","합계","계","","","","","","572","641","665","704","717","662","950","707","753","849","909",
"용답동","합계","65~79세","","","","","","482","495","522","461","560","486","725","538","553","625","661",
"용답동","합계","80세 이상","","","","","","90","146","143","243","157","176","225","169","200","224","248",
"용답동","국민기초생활보장 수급권자","계","","","","","","121","132","154","149","228","176","208","237","267","333","357",
"용답동","국민기초생활보장 수급권자","65~79세","","","","","","99","103","122","123","171","130","154","170","192","240","252",
"용답동","국민기초생활보장 수급권자","80세 이상","","","","","","22","29","32","26","57","46","54","67","75","93","105",
"용답동","저소득노인","계","","","","","","26","48","14","40","72","41","57","29","33","22","27",
"용답동","저소득노인","65~79세","","","","","","12","35","11","23","60","25","41","14","18","14","19",
"용답동","저소득노인","80세 이상","","","","","","14","13","3","17","12","16","16","15","15","8","8",
"용답동","일   반","계","","","","","","425","461","497","515","417","445","685","441","453","494","525",
"용답동","일   반","65~79세","","","","","","371","357","389","315","329","331","530","354","343","371","390",
"용답동","일   반","80세 이상","","","","","","54","104","108","200","88","114","155","87","110","123","135",
"광진구","합계","계","","7279","6874","7259","7506","8799","9015","8860","9711","10257","10460","11403","12159","17429","13657","18923",
"광진구","합계","65~79세","","5624","5427","5443","6052","6608","7006","6495","6904","7524","7207","8628","9125","12637","9993","13740",
"광진구","합계","80세 이상","","1655","1447","1816","1454","2191","2009","2365","2807","2733","3253","2775","3034","4792","3664","5183",
"광진구","국민기초생활보장 수급권자","계","","1176","1178","1210","1321","1358","1394","1421","1506","1922","2287","2697","3164","3489","3875","4260",
"광진구","국민기초생활보장 수급권자","65~79세","","831","856","771","976","982","985","1017","1006","1309","1656","1963","2287","2504","2769","3047",
"광진구","국민기초생활보장 수급권자","80세 이상","","345","322","439","345","376","409","404","500","613","631","734","877","985","1106","1213",
"광진구","저소득노인","계","","235","162","283","519","620","638","621","732","764","717","486","366","1002","981","194",
"광진구","저소득노인","65~79세","","186","124","181","361","404","413","404","421","466","390","253","189","592","561","99",
"광진구","저소득노인","80세 이상","","49","38","102","158","216","225","217","311","298","327","233","177","410","420","95",
"광진구","일   반","계","","5868","5534","5766","5666","6821","6983","6818","7473","7571","7456","8220","8629","12938","8801","14469",
"광진구","일   반","65~79세","","4607","4447","4491","4715","5222","5608","5074","5477","5749","5161","6412","6649","9541","6663","10594",
"광진구","일   반","80세 이상","","1261","1087","1275","951","1599","1375","1744","1996","1822","2295","1808","1980","3397","2138","3875",
"화양동","합계","계","","","","","","564","577","622","508","523","559","621","671","850","682","915",
"화양동","합계","65~79세","","","","","","419","435","482","398","398","405","469","506","623","500","682",
"화양동","합계","80세 이상","","","","","","145","142","140","110","125","154","152","165","227","182","233",
"화양동","국민기초생활보장 수급권자","계","","","","","","95","86","89","75","85","99","121","153","157","164","188",
"화양동","국민기초생활보장 수급권자","65~79세","","","","","","69","64","67","55","61","80","93","111","109","117","142",
"화양동","국민기초생활보장 수급권자","80세 이상","","","","","","26","22","22","20","24","19","28","42","48","47","46",
"화양동","저소득노인","계","","","","","","57","47","26","30","26","23","16","8","22","22","6",
"화양동","저소득노인","65~79세","","","","","","44","37","16","19","2","14","8","5","15","16","4",
"화양동","저소득노인","80세 이상","","","","","","13","10","10","11","24","9","8","3","7","6","2",
"화양동","일   반","계","","","","","","412","444","507","403","412","437","484","510","671","496","721",
"화양동","일   반","65~79세","","","","","","306","334","399","324","335","311","368","390","499","367","536",
"화양동","일   반","80세 이상","","","","","","106","110","108","79","77","126","116","120","172","129","185",
"군자동","합계","계","","","","","","590","574","574","647","681","719","784","853","1219","927","1288",
"군자동","합계","65~79세","","","","","","435","447","450","504","524","510","594","640","883","660","902",
"군자동","합계","80세 이상","","","","","","155","127","124","143","157","209","190","213","336","267","386",
"군자동","국민기초생활보장 수급권자","계","","","","","","99","103","119","143","177","202","227","251","262","280","292",
"군자동","국민기초생활보장 수급권자","65~79세","","","","","","73","29","86","104","123","136","156","179","190","201","206",
"군자동","국민기초생활보장 수급권자","80세 이상","","","","","","26","74","33","39","54","66","71","72","72","79","86",
"군자동","저소득노인","계","","","","","","27","12","23","60","73","41","22","16","54","59","15",
"군자동","저소득노인","65~79세","","","","","","17","2","11","39","56","24","13","9","31","32","7",
"군자동","저소득노인","80세 이상","","","","","","10","10","12","21","17","17","9","7","23","27","8",
"군자동","일   반","계","","","","","","464","459","432","444","431","476","535","586","903","588","981",
"군자동","일   반","65~79세","","","","","","345","416","353","361","345","350","425","452","662","427","689",
"군자동","일   반","80세 이상","","","","","","119","43","79","83","86","126","110","134","241","161","292",
"중곡1동","합계","계","","","","","","485","470","485","504","521","575","635","666","1025","759","1090",
"중곡1동","합계","65~79세","","","","","","368","383","389","410","432","455","519","534","771","565","824",
"중곡1동","합계","80세 이상","","","","","","117","87","96","94","89","120","116","132","254","194","266",
"중곡1동","국민기초생활보장 수급권자","계","","","","","","79","86","72","87","118","163","175","211","236","254","274",
"중곡1동","국민기초생활보장 수급권자","65~79세","","","","","","56","60","43","66","90","125","135","153","167","179","204",
"중곡1동","국민기초생활보장 수급권자","80세 이상","","","","","","23","26","29","21","28","38","40","58","69","75","70",
"중곡1동","저소득노인","계","","","","","","28","48","94","25","29","43","33","20","70","70","12",
"중곡1동","저소득노인","65~79세","","","","","","16","32","73","17","21","27","18","10","47","46","8",
"중곡1동","저소득노인","80세 이상","","","","","","12","16","21","8","8","16","15","10","23","24","4",
"중곡1동","일   반","계","","","","","","378","336","319","392","374","369","427","435","719","435","804",
"중곡1동","일   반","65~79세","","","","","","296","291","273","327","321","303","366","371","557","340","612",
"중곡1동","일   반","80세 이상","","","","","","82","45","46","65","53","66","61","64","162","95","192",
"중곡2동","합계","계","","","","","","512","490","480","570","648","663","708","766","1170","921","1378",
"중곡2동","합계","65~79세","","","","","","375","382","287","454","511","500","563","604","911","727","1089",
"중곡2동","합계","80세 이상","","","","","","137","108","193","116","137","163","145","162","259","194","289",
"중곡2동","국민기초생활보장 수급권자","계","","","","","","80","77","90","101","89","135","161","194","234","279","332",
"중곡2동","국민기초생활보장 수급권자","65~79세","","","","","","52","57","60","70","57","94","125","148","188","221","260",
"중곡2동","국민기초생활보장 수급권자","80세 이상","","","","","","28","20","30","31","32","41","36","46","46","58","72",
"중곡2동","저소득노인","계","","","","","","35","40","53","61","61","58","54","37","86","90","14",
"중곡2동","저소득노인","65~79세","","","","","","32","31","34","36","37","33","34","22","55","63","6",
"중곡2동","저소득노인","80세 이상","","","","","","3","9","19","25","24","25","20","15","31","27","8",
"중곡2동","일   반","계","","","","","","397","373","337","408","498","470","493","535","850","552","1032",
"중곡2동","일   반","65~79세","","","","","","291","294","193","348","417","373","404","434","668","443","823",
"중곡2동","일   반","80세 이상","","","","","","106","79","144","60","81","97","89","101","182","109","209",
"중곡3동","합계","계","","","","","","522","519","534","845","666","716","809","852","1290","992","1491",
"중곡3동","합계","65~79세","","","","","","403","425","432","670","538","527","634","661","966","767","1129",
"중곡3동","합계","80세 이상","","","","","","119","94","102","175","128","189","175","191","324","225","362",
"중곡3동","국민기초생활보장 수급권자","계","","","","","","132","102","104","117","149","177","221","266","304","326","371",
"중곡3동","국민기초생활보장 수급권자","65~79세","","","","","","100","82","82","88","118","126","167","198","227","248","278",
"중곡3동","국민기초생활보장 수급권자","80세 이상","","","","","","32","20","22","29","31","51","54","68","77","78","93",
"중곡3동","저소득노인","계","","","","","","57","24","32","92","35","62","38","31","84","79","18",
"중곡3동","저소득노인","65~79세","","","","","","33","12","18","64","15","35","18","12","45","50","7",
"중곡3동","저소득노인","80세 이상","","","","","","24","12","14","28","20","27","20","19","39","29","11",
"중곡3동","일   반","계","","","","","","333","393","398","636","482","477","550","555","902","587","1102",
"중곡3동","일   반","65~79세","","","","","","270","331","332","518","405","366","449","451","694","469","844",
"중곡3동","일   반","80세 이상","","","","","","63","62","66","118","77","111","101","104","208","118","258",
"중곡4동","합계","계","","","","","","843","1114","842","937","1082","1053","1168","1236","1855","1354","1951",
"중곡4동","합계","65~79세","","","","","","658","896","654","284","826","801","923","965","1371","1024","1449",
"중곡4동","합계","80세 이상","","","","","","185","218","188","653","256","252","245","271","484","330","502",
"중곡4동","국민기초생활보장 수급권자","계","","","","","","148","184","180","198","297","262","320","363","413","446","475",
"중곡4동","국민기초생활보장 수급권자","65~79세","","","","","","115","137","127","51","181","192","228","261","294","313","331",
"중곡4동","국민기초생활보장 수급권자","80세 이상","","","","","","33","47","53","147","116","70","92","102","119","133","144",
"중곡4동","저소득노인","계","","","","","","39","93","56","83","82","89","53","50","154","134","20",
"중곡4동","저소득노인","65~79세","","","","","","32","65","37","13","48","46","30","27","95","74","14",
"중곡4동","저소득노인","80세 이상","","","","","","7","28","19","70","34","43","23","23","59","60","6",
"중곡4동","일   반","계","","","","","","656","837","606","656","703","702","795","823","1288","774","1456",
"중곡4동","일   반","65~79세","","","","","","511","694","490","220","597","563","665","677","982","637","1104",
"중곡4동","일   반","80세 이상","","","","","","145","143","116","436","106","139","130","146","306","137","352",
"능동","합계","계","","","","","","268","220","260","273","282","312","345","366","519","408","548",
"능동","합계","65~79세","","","","","","211","180","202","213","221","224","259","271","371","287","387",
"능동","합계","80세 이상","","","","","","57","40","58","60","61","88","86","95","148","121","161",
"능동","국민기초생활보장 수급권자","계","","","","","","42","45","45","34","47","56","67","81","91","103","114",
"능동","국민기초생활보장 수급권자","65~79세","","","","","","29","32","33","22","30","38","50","54","64","72","82",
"능동","국민기초생활보장 수급권자","80세 이상","","","","","","13","13","12","12","17","18","17","27","27","31","32",
"능동","저소득노인","계","","","","","","31","39","36","27","26","24","13","11","29","29","10",
"능동","저소득노인","65~79세","","","","","","24","25","19","14","13","10","5","6","20","17","6",
"능동","저소득노인","80세 이상","","","","","","7","14","17","13","13","14","8","5","9","12","4",
"능동","일   반","계","","","","","","195","136","179","212","209","232","265","274","399","276","424",
"능동","일   반","65~79세","","","","","","158","123","150","177","178","176","204","211","287","198","299",
"능동","일   반","80세 이상","","","","","","37","13","29","35","31","56","61","63","112","78","125",
"광장동","합계","계","","","","","","476","471","493","499","522","522","538","562","700","618","762",
"광장동","합계","65~79세","","","","","","323","325","145","162","343","317","346","358","430","366","444",
"광장동","합계","80세 이상","","","","","","153","146","348","337","179","205","192","204","270","252","318",
"광장동","국민기초생활보장 수급권자","계","","","","","","21","23","40","41","57","58","60","69","67","76","81",
"광장동","국민기초생활보장 수급권자","65~79세","","","","","","14","17","15","24","35","36","34","39","37","40","43",
"광장동","국민기초생활보장 수급권자","80세 이상","","","","","","7","6","25","17","22","22","26","30","30","36","38",
"광장동","저소득노인","계","","","","","","14","15","17","20","23","27","19","17","27","26","5",
"광장동","저소득노인","65~79세","","","","","","9","6","1","9","11","13","5","6","12","8","1",
"광장동","저소득노인","80세 이상","","","","","","5","9","16","11","12","14","14","11","15","18","4",
"광장동","일   반","계","","","","","","441","433","436","438","442","437","459","476","606","516","676",
"광장동","일   반","65~79세","","","","","","300","302","129","129","297","268","307","313","381","318","400",
"광장동","일   반","80세 이상","","","","","","141","131","307","309","145","169","152","163","225","198","276",
"자양1동","합계","계","","","","","","687","656","681","937","765","834","909","977","1523","1147","1643",
"자양1동","합계","65~79세","","","","","","542","551","562","749","618","627","699","738","1103","845","1191",
"자양1동","합계","80세 이상","","","","","","145","105","119","188","147","207","210","239","420","302","452",
"자양1동","국민기초생활보장 수급권자","계","","","","","","94","141","120","139","203","226","261","308","361","396","432",
"자양1동","국민기초생활보장 수급권자","65~79세","","","","","","72","110","89","108","146","163","193","228","263","285","309",
"자양1동","국민기초생활보장 수급권자","80세 이상","","","","","","22","31","31","31","57","63","68","80","98","111","123",
"자양1동","저소득노인","계","","","","","","57","64","59","83","103","67","40","29","88","85","20",
"자양1동","저소득노인","65~79세","","","","","","40","44","36","50","89","43","21","16","53","46","11",
"자양1동","저소득노인","80세 이상","","","","","","17","20","23","33","14","24","19","13","35","39","9",
"자양1동","일   반","계","","","","","","536","451","502","715","459","541","608","640","1074","666","1191",
"자양1동","일   반","65~79세","","","","","","430","397","437","591","383","421","485","494","787","514","871",
"자양1동","일   반","80세 이상","","","","","","106","54","65","124","76","120","123","146","287","152","320",
"자양2동","합계","계","","","","","","572","507","532","585","634","693","751","803","1181","908","1245",
"자양2동","합계","65~79세","","","","","","424","375","395","457","493","503","577","614","884","685","915",
"자양2동","합계","80세 이상","","","","","","148","132","137","128","141","190","174","189","297","223","330",
"자양2동","국민기초생활보장 수급권자","계","","","","","","77","76","86","99","126","158","185","220","234","264","289",
"자양2동","국민기초생활보장 수급권자","65~79세","","","","","","55","55","63","81","96","121","141","167","167","179","192",
"자양2동","국민기초생활보장 수급권자","80세 이상","","","","","","22","21","23","18","30","37","44","53","67","85","97",
"자양2동","저소득노인","계","","","","","","50","55","36","34","30","40","29","21","57","48","9",
"자양2동","저소득노인","65~79세","","","","","","22","31","22","23","18","27","20","14","30","17","4",
"자양2동","저소득노인","80세 이상","","","","","","28","24","14","11","12","13","9","7","27","31","5",
"자양2동","일   반","계","","","","","","445","376","410","452","478","495","537","562","890","596","947",
"자양2동","일   반","65~79세","","","","","","347","289","310","353","379","355","416","433","687","489","719",
"자양2동","일   반","80세 이상","","","","","","98","87","100","99","99","140","121","129","203","107","228",
"자양3동","합계","계","","","","","","517","507","562","550","700","644","703","764","958","862","1028",
"자양3동","합계","65~79세","","","","","","342","339","365","366","314","400","465","511","613","547","661",
"자양3동","합계","80세 이상","","","","","","175","168","197","184","386","244","238","253","345","315","367",
"자양3동","국민기초생활보장 수급권자","계","","","","","","71","55","51","58","54","85","91","97","107","125","132",
"자양3동","국민기초생활보장 수급권자","65~79세","","","","","","36","42","43","45","10","71","70","73","77","90","96",
"자양3동","국민기초생활보장 수급권자","80세 이상","","","","","","35","13","8","13","44","14","21","24","30","35","36",
"자양3동","저소득노인","계","","","","","","36","36","31","59","37","35","28","20","42","40","13",
"자양3동","저소득노인","65~79세","","","","","","17","20","17","31","12","11","9","6","18","15","5",
"자양3동","저소득노인","80세 이상","","","","","","19","16","14","28","25","24","19","14","24","25","8",
"자양3동","일   반","계","","","","","","410","416","480","433","609","524","584","647","809","697","883",
"자양3동","일   반","65~79세","","","","","","289","277","305","290","292","318","386","432","518","442","560",
"자양3동","일   반","80세 이상","","","","","","121","139","175","143","317","206","198","215","291","255","323",
"자양4동","합계","계","","","","","","897","880","938","832","874","919","1033","1075","1568","1220","1702",
"자양4동","합계","65~79세","","","","","","692","692","721","661","704","688","815","843","1160","927","1283",
"자양4동","합계","80세 이상","","","","","","205","188","217","171","170","231","218","232","408","293","419",
"자양4동","국민기초생활보장 수급권자","계","","","","","","177","176","186","161","206","239","287","333","358","401","428",
"자양4동","국민기초생활보장 수급권자","65~79세","","","","","","132","129","134","116","153","187","223","251","263","298","322",
"자양4동","국민기초생활보장 수급권자","80세 이상","","","","","","45","47","52","45","53","52","64","82","95","103","106",
"자양4동","저소득노인","계","","","","","","23","44","26","62","87","65","40","26","76","78","14",
"자양4동","저소득노인","65~79세","","","","","","15","27","20","38","54","29","19","14","45","43","6",
"자양4동","저소득노인","80세 이상","","","","","","8","17","6","24","33","36","21","12","31","35","8",
"자양4동","일   반","계","","","","","","697","660","726","609","581","615","706","716","1134","741","1260",
"자양4동","일   반","65~79세","","","","","","545","536","567","507","497","472","573","578","852","586","955",
"자양4동","일   반","80세 이상","","","","","","152","124","159","102","84","143","133","138","282","155","305",
"구의1동","합계","계","","","","","","608","739","580","591","640","691","753","802","1192","943","1323",
"구의1동","합계","65~79세","","","","","","479","583","450","479","510","171","589","623","907","704","981",
"구의1동","합계","80세 이상","","","","","","129","156","130","112","130","520","164","179","285","239","342",
"구의1동","국민기초생활보장 수급권자","계","","","","","","96","98","100","90","101","147","185","214","244","276","307",
"구의1동","국민기초생활보장 수급권자","65~79세","","","","","","77","75","74","69","70","108","142","163","188","207","227",
"구의1동","국민기초생활보장 수급권자","80세 이상","","","","","","19","23","26","21","31","39","43","51","56","69","80",
"구의1동","저소득노인","계","","","","","","35","47","59","42","48","47","34","19","56","63","12",
"구의1동","저소득노인","65~79세","","","","","","21","27","48","29","28","27","20","10","35","43","6",
"구의1동","저소득노인","80세 이상","","","","","","14","20","11","13","20","20","14","9","21","20","6",
"구의1동","일   반","계","","","","","","477","594","421","459","491","497","534","569","892","604","1004",
"구의1동","일   반","65~79세","","","","","","381","481","328","381","412","36","427","450","684","454","748",
"구의1동","일   반","80세 이상","","","","","","96","113","93","78","79","461","107","119","208","150","256",
"구의2동","합계","계","","","","","","685","678","669","775","918","891","942","1008","1427","1126","1583",
"구의2동","합계","65~79세","","","","","","522","535","532","606","626","640","703","755","1032","861","1159",
"구의2동","합계","80세 이상","","","","","","163","143","137","169","292","251","239","253","395","265","424",
"구의2동","국민기초생활보장 수급권자","계","","","","","","100","115","111","143","145","181","221","259","287","341","388",
"구의2동","국민기초생활보장 수급권자","65~79세","","","","","","68","76","79","92","87","113","137","173","191","237","266",
"구의2동","국민기초생활보장 수급권자","80세 이상","","","","","","32","39","32","51","58","68","84","86","96","104","122",
"구의2동","저소득노인","계","","","","","","77","46","44","32","62","66","50","45","111","110","16",
"구의2동","저소득노인","65~79세","","","","","","49","32","30","26","44","38","25","22","65","65","9",
"구의2동","저소득노인","80세 이상","","","","","","28","14","14","6","18","28","25","23","46","45","7",
"구의2동","일   반","계","","","","","","508","517","514","600","711","644","671","704","1029","675","1179",
"구의2동","일   반","65~79세","","","","","","405","427","423","488","495","489","541","560","776","559","884",
"구의2동","일   반","80세 이상","","","","","","103","90","91","112","216","155","130","144","253","116","295",
"구의3동","합계","계","","","","","","573","613","608","658","801","669","704","758","952","790","976",
"구의3동","합계","65~79세","","","","","","415","458","429","491","466","439","473","502","612","528","644",
"구의3동","합계","80세 이상","","","","","","158","155","179","167","335","230","231","256","340","262","332",
"구의3동","국민기초생활보장 수급권자","계","","","","","","47","27","28","20","68","99","115","145","134","144","157",
"구의3동","국민기초생활보장 수급권자","65~79세","","","","","","34","20","22","15","52","66","69","89","79","82","89",
"구의3동","국민기초생활보장 수급권자","80세 이상","","","","","","13","7","6","5","16","33","46","56","55","62","68",
"구의3동","저소득노인","계","","","","","","54","28","29","22","42","30","17","16","46","48","10",
"구의3동","저소득노인","65~79세","","","","","","33","22","22","13","18","13","8","10","26","26","5",
"구의3동","저소득노인","80세 이상","","","","","","21","6","7","9","24","17","9","6","20","22","5",
"구의3동","일   반","계","","","","","","472","558","551","616","691","540","572","597","772","598","809",
"구의3동","일   반","65~79세","","","","","","348","416","385","463","396","360","396","403","507","420","550",
"구의3동","일   반","80세 이상","","","","","","124","142","166","153","295","180","176","194","265","178","259",
"동대문","합계","계","","5033","7795","9806","10131","12050","12689","12570","15355","15624","15477","16102","17040","17653","18625","19403",
"동대문","합계","65~79세","","4139","6354","8063","8212","9810","9866","10083","11649","11751","11935","12297","12803","13017","13464","13930",
"동대문","합계","80세 이상","","894","1441","1743","1919","2240","2823","2487","3706","3873","3542","3805","4237","4636","5161","5473",
"동대문","국민기초생활보장 수급권자","계","","1212","1850","2310","2264","2412","2723","2776","7300","2043","4201","4679","5271","5675","5993","6471",
"동대문","국민기초생활보장 수급권자","65~79세","","986","1481","1836","1793","1954","2100","2181","7024","1201","3064","3432","3797","4007","4227","4573",
"동대문","국민기초생활보장 수급권자","80세 이상","","226","369","474","471","458","623","595","276","842","1137","1247","1474","1668","1766","1898",
"동대문","저소득노인","계","","237","398","422","649","315","241","761","276","177","1014","583","493","773","446","393",
"동대문","저소득노인","65~79세","","195","317","293","519","238","169","510","178","110","665","338","281","505","248","213",
"동대문","저소득노인","80세 이상","","42","81","129","130","77","72","251","98","67","349","245","212","268","198","180",
"동대문","일   반","계","","3584","5547","7074","7218","9323","9725","9033","7779","13404","10262","10840","11276","11205","12186","12539",
"동대문","일   반","65~79세","","2958","4556","5934","5900","7618","7597","7392","4447","10440","8206","8527","8725","8505","8989","9144",
"동대문","일   반","80세 이상","","626","991","1140","1318","1705","2128","1641","3332","2964","2056","2313","2551","2700","3197","3395",
"용신동","합계","계","","","","","","1487","1550","1488","1735","1767","1661","1841","1973","2076","2207","2303",
"용신동","합계","65~79세","","","","","","1241","1220","1207","1329","1350","1277","1448","1523","1541","1615","1678",
"용신동","합계","80세 이상","","","","","","246","330","281","406","417","384","393","450","535","592","625",
"용신동","국민기초생활보장 수급권자","계","","","","","","333","390","399","979","179","587","595","674","706","749","812",
"용신동","국민기초생활보장 수급권자","65~79세","","","","","","282","316","329","948","91","403","435","487","509","540","593",
"용신동","국민기초생활보장 수급권자","80세 이상","","","","","","51","74","70","31","88","184","160","187","197","209","219",
"용신동","저소득노인","계","","","","","","39","25","69","19","8","81","32","29","55","34","30",
"용신동","저소득노인","65~79세","","","","","","34","17","52","12","6","54","24","18","38","21","17",
"용신동","저소득노인","80세 이상","","","","","","5","8","17","7","2","27","8","11","17","13","13",
"용신동","일   반","계","","","","","","1115","1135","1020","737","1580","993","1214","1270","1315","1424","1461",
"용신동","일   반","65~79세","","","","","","925","887","826","369","1253","820","989","1018","994","1054","1068",
"용신동","일   반","80세 이상","","","","","","190","248","194","368","327","173","225","252","321","370","393",
"제기동","합계","계","","","","","","1327","1446","1442","1747","1770","1691","1866","1931","1954","2001","2058",
"제기동","합계","65~79세","","","","","","1071","1120","1160","1339","1343","1288","1399","1441","1403","1413","1471",
"제기동","합계","80세 이상","","","","","","256","326","282","408","427","403","467","490","551","588","587",
"제기동","국민기초생활보장 수급권자","계","","","","","","300","312","338","934","164","488","563","641","694","706","765",
"제기동","국민기초생활보장 수급권자","65~79세","","","","","","247","241","270","910","90","386","438","495","519","523","582",
"제기동","국민기초생활보장 수급권자","80세 이상","","","","","","53","71","68","24","74","102","125","146","175","183","183",
"제기동","저소득노인","계","","","","","","35","36","87","29","21","127","74","60","78","58","51",
"제기동","저소득노인","65~79세","","","","","","27","26","59","20","13","90","50","39","57","41","33",
"제기동","저소득노인","80세 이상","","","","","","8","10","28","9","8","37","24","21","21","17","18",
"제기동","일   반","계","","","","","","992","1098","1017","784","1585","1076","1229","1230","1182","1237","1242",
"제기동","일   반","65~79세","","","","","","797","853","831","409","1240","812","911","907","827","849","856",
"제기동","일   반","80세 이상","","","","","","195","245","186","375","345","264","318","323","355","388","386",
"전농1동","합계","계","","","","","","1398","1489","1420","1774","1788","1633","1763","1852","1879","1991","2068",
"전농1동","합계","65~79세","","","","","","1175","1198","1156","1358","1356","1257","1356","1400","1418","1473","1505",
"전농1동","합계","80세 이상","","","","","","223","291","264","416","432","376","407","452","461","518","563",
"전농1동","국민기초생활보장 수급권자","계","","","","","","358","378","374","1057","157","568","610","678","701","741","813",
"전농1동","국민기초생활보장 수급권자","65~79세","","","","","","326","319","310","1035","90","445","451","482","506","532","575",
"전농1동","국민기초생활보장 수급권자","80세 이상","","","","","","32","59","64","22","67","123","159","196","195","209","238",
"전농1동","저소득노인","계","","","","","","39","24","89","32","19","121","67","55","106","56","48",
"전농1동","저소득노인","65~79세","","","","","","31","19","66","24","17","88","43","35","72","35","30",
"전농1동","저소득노인","80세 이상","","","","","","8","5","23","8","2","33","24","20","34","21","18",
"전농1동","일   반","계","","","","","","1001","1087","957","685","1612","944","1086","1119","1072","1194","1207",
"전농1동","일   반","65~79세","","","","","","818","860","780","299","1249","724","862","883","840","906","900",
"전농1동","일   반","80세 이상","","","","","","183","227","177","386","363","220","224","236","232","288","307",
"전농2동","합계","계","","","","","","453","509","527","673","705","691","747","803","859","906","945",
"전농2동","합계","65~79세","","","","","","375","401","434","520","540","530","564","596","626","648","660",
"전농2동","합계","80세 이상","","","","","","78","108","93","153","165","161","183","207","233","258","285",
"전농2동","국민기초생활보장 수급권자","계","","","","","","80","107","100","277","145","175","198","251","287","305","332",
"전농2동","국민기초생활보장 수급권자","65~79세","","","","","","65","78","77","258","84","114","130","165","186","201","211",
"전농2동","국민기초생활보장 수급권자","80세 이상","","","","","","15","29","23","19","61","61","68","86","101","104","121",
"전농2동","저소득노인","계","","","","","","12","15","38","16","10","54","27","25","43","26","21",
"전농2동","저소득노인","65~79세","","","","","","12","13","33","12","7","35","14","15","29","15","15",
"전농2동","저소득노인","80세 이상","","","","","","0","2","5","4","3","19","13","10","14","11","6",
"전농2동","일   반","계","","","","","","361","387","389","380","550","462","522","527","529","575","592",
"전농2동","일   반","65~79세","","","","","","298","310","324","250","449","381","420","416","411","432","434",
"전농2동","일   반","80세 이상","","","","","","63","77","65","130","101","81","102","111","118","143","158",
"답십리1동","합계","계","","","","","","675","671","648","887","916","778","892","944","981","1037","1096",
"답십리1동","합계","65~79세","","","","","","532","513","503","642","654","581","670","692","711","736","784",
"답십리1동","합계","80세 이상","","","","","","143","158","145","245","262","197","222","252","270","301","312",
"답십리1동","국민기초생활보장 수급권자","계","","","","","","121","128","127","322","132","177","222","250","283","300","321",
"답십리1동","국민기초생활보장 수급권자","65~79세","","","","","","86","96","102","310","87","128","158","176","185","195","217",
"답십리1동","국민기초생활보장 수급권자","80세 이상","","","","","","35","32","25","12","45","49","64","74","98","105","104",
"답십리1동","저소득노인","계","","","","","","12","13","28","19","12","52","28","29","43","25","24",
"답십리1동","저소득노인","65~79세","","","","","","9","7","17","14","5","24","11","13","27","10","10",
"답십리1동","저소득노인","80세 이상","","","","","","3","6","11","5","7","28","17","16","16","15","14",
"답십리1동","일   반","계","","","","","","542","530","493","546","772","549","642","665","655","712","751",
"답십리1동","일   반","65~79세","","","","","","437","410","384","318","562","429","501","503","499","531","557",
"답십리1동","일   반","80세 이상","","","","","","105","120","109","228","210","120","141","162","156","181","194",
"답십리2동","합계","계","","","","","","845","900","924","1134","1155","1149","1231","1306","1369","1464","1575",
"답십리2동","합계","65~79세","","","","","","679","686","722","846","858","872","929","968","988","1044","1116",
"답십리2동","합계","80세 이상","","","","","","166","214","202","288","297","277","302","338","381","420","459",
"답십리2동","국민기초생활보장 수급권자","계","","","","","","193","206","201","502","154","340","383","439","479","519","575",
"답십리2동","국민기초생활보장 수급권자","65~79세","","","","","","138","141","142","480","90","235","268","300","325","356","389",
"답십리2동","국민기초생활보장 수급권자","80세 이상","","","","","","55","65","59","22","64","105","115","139","154","163","186",
"답십리2동","저소득노인","계","","","","","","26","16","81","19","14","82","48","38","87","44","42",
"답십리2동","저소득노인","65~79세","","","","","","20","10","53","12","8","51","27","23","60","18","19",
"답십리2동","저소득노인","80세 이상","","","","","","6","6","28","7","6","31","21","15","27","26","23",
"답십리2동","일   반","계","","","","","","626","678","642","613","987","727","800","829","803","901","958",
"답십리2동","일   반","65~79세","","","","","","521","535","527","354","760","586","634","645","603","670","708",
"답십리2동","일   반","80세 이상","","","","","","105","143","115","259","227","141","166","184","200","231","250",
"장안1동","합계","계","","","","","","816","876","913","1132","1185","1205","1375","1492","1586","1676","1795",
"장안1동","합계","65~79세","","","","","","678","699","755","903","927","955","1088","1163","1231","1287","1393",
"장안1동","합계","80세 이상","","","","","","138","177","158","229","258","250","287","329","355","389","402",
"장안1동","국민기초생활보장 수급권자","계","","","","","","129","165","169","442","151","289","338","375","416","459","485",
"장안1동","국민기초생활보장 수급권자","65~79세","","","","","","101","127","128","420","92","206","242","262","293","323","353",
"장안1동","국민기초생활보장 수급권자","80세 이상","","","","","","28","38","41","22","59","83","96","113","123","136","132",
"장안1동","저소득노인","계","","","","","","14","25","58","22","19","86","56","46","65","35","36",
"장안1동","저소득노인","65~79세","","","","","","8","19","38","12","9","51","27","25","40","20","22",
"장안1동","저소득노인","80세 이상","","","","","","6","6","20","10","10","35","29","21","25","15","14",
"장안1동","일   반","계","","","","","","673","686","686","668","1015","830","981","1071","1105","1182","1274",
"장안1동","일   반","65~79세","","","","","","569","553","589","471","826","698","819","876","898","944","1018",
"장안1동","일   반","80세 이상","","","","","","104","133","97","197","189","132","162","195","207","238","256",
"장안2동","합계","계","","","","","","814","806","748","924","963","1684","1144","1209","1250","1339","1428",
"장안2동","합계","65~79세","","","","","","673","619","589","701","729","1458","901","933","968","1015","1081",
"장안2동","합계","80세 이상","","","","","","141","187","159","223","234","226","243","276","282","324","347",
"장안2동","국민기초생활보장 수급권자","계","","","","","","116","116","120","324","143","230","273","304","316","356","390",
"장안2동","국민기초생활보장 수급권자","65~79세","","","","","","91","80","88","303","84","164","195","217","222","261","293",
"장안2동","국민기초생활보장 수급권자","80세 이상","","","","","","25","36","32","21","59","66","78","87","94","95","97",
"장안2동","저소득노인","계","","","","","","19","11","49","15","11","62","49","43","54","32","27",
"장안2동","저소득노인","65~79세","","","","","","12","6","24","5","6","38","24","18","26","12","10",
"장안2동","저소득노인","80세 이상","","","","","","7","5","25","10","5","24","25","25","28","20","17",
"장안2동","일   반","계","","","","","","679","679","579","585","809","1392","822","862","880","951","1011",
"장안2동","일   반","65~79세","","","","","","570","533","477","393","639","1256","682","698","720","742","778",
"장안2동","일   반","80세 이상","","","","","","109","146","102","192","170","136","140","164","160","209","233",
"청량리동","합계","계","","","","","","1261","1353","1363","1603","1678","1667","1756","1849","1968","2095","2193",
"청량리동","합계","65~79세","","","","","","1003","1007","1087","1229","1277","1272","1333","1396","1472","1538","1590",
"청량리동","합계","80세 이상","","","","","","258","346","276","374","401","395","423","453","496","557","603",
"청량리동","국민기초생활보장 수급권자","계","","","","","","332","400","403","1102","163","620","720","769","837","893","954",
"청량리동","국민기초생활보장 수급권자","65~79세","","","","","","274","312","318","1077","90","489","571","585","615","650","695",
"청량리동","국민기초생활보장 수급권자","80세 이상","","","","","","58","88","85","25","73","131","149","184","222","243","259",
"청량리동","저소득노인","계","","","","","","41","25","87","28","17","107","64","53","78","51","46",
"청량리동","저소득노인","65~79세","","","","","","31","22","66","19","14","82","46","35","55","34","24",
"청량리동","저소득노인","80세 이상","","","","","","10","3","21","9","3","25","18","18","23","17","22",
"청량리동","일   반","계","","","","","","888","928","873","473","1498","940","972","1027","1053","1151","1193",
"청량리동","일   반","65~79세","","","","","","698","673","703","133","1173","701","716","776","802","854","871",
"청량리동","일   반","80세 이상","","","","","","190","255","170","340","325","239","256","251","251","297","322",
"회기동","합계","계","","","","","","338","339","322","416","418","364","435","456","448","465","468",
"회기동","합계","65~79세","","","","","","258","249","239","285","287","244","304","302","299","300","305",
"회기동","합계","80세 이상","","","","","","80","90","83","131","131","120","131","154","149","165","163",
"회기동","국민기초생활보장 수급권자","계","","","","","","52","53","54","107","94","65","69","78","84","76","94",
"회기동","국민기초생활보장 수급권자","65~79세","","","","","","40","35","40","96","64","43","45","50","51","43","57",
"회기동","국민기초생활보장 수급권자","80세 이상","","","","","","12","18","14","11","30","22","24","28","33","33","37",
"회기동","저소득노인","계","","","","","","7","4","18","9","7","27","15","17","15","12","12",
"회기동","저소득노인","65~79세","","","","","","3","3","10","5","3","16","7","8","6","6","5",
"회기동","저소득노인","80세 이상","","","","","","4","1","8","4","4","11","8","9","9","6","7",
"회기동","일   반","계","","","","","","279","282","250","300","317","272","351","361","349","377","362",
"회기동","일   반","65~79세","","","","","","215","211","189","184","220","185","252","244","242","251","243",
"회기동","일   반","80세 이상","","","","","","64","71","61","116","97","87","99","117","107","126","119",
"휘경1동","합계","계","","","","","","560","478","476","570","608","604","477","500","495","506","505",
"휘경1동","합계","65~79세","","","","","","434","367","373","427","458","457","371","374","357","354","350",
"휘경1동","합계","80세 이상","","","","","","126","111","103","143","150","147","106","126","138","152","155",
"휘경1동","국민기초생활보장 수급권자","계","","","","","","99","92","90","232","127","133","92","104","110","103","116",
"휘경1동","국민기초생활보장 수급권자","65~79세","","","","","","73","71","69","220","79","91","66","78","77","70","79",
"휘경1동","국민기초생활보장 수급권자","80세 이상","","","","","","26","21","21","12","48","42","26","26","33","33","37",
"휘경1동","저소득노인","계","","","","","","20","12","32","14","9","49","23","16","18","9","10",
"휘경1동","저소득노인","65~79세","","","","","","13","6","17","10","3","28","12","8","12","4","6",
"휘경1동","저소득노인","80세 이상","","","","","","7","6","15","4","6","21","11","8","6","5","4",
"휘경1동","일   반","계","","","","","","441","374","354","324","472","422","362","380","367","394","379",
"휘경1동","일   반","65~79세","","","","","","348","290","287","197","376","338","293","288","268","280","265",
"휘경1동","일   반","80세 이상","","","","","","93","84","67","127","96","84","69","92","99","114","114",
"휘경2동","합계","계","","","","","","543","612","643","748","763","783","859","908","924","976","1018",
"휘경2동","합계","65~79세","","","","","","442","481","520","568","567","593","647","685","677","702","718",
"휘경2동","합계","80세 이상","","","","","","101","131","123","180","196","190","212","223","247","274","300",
"휘경2동","국민기초생활보장 수급권자","계","","","","","","54","81","92","199","135","127","148","176","181","188","215",
"휘경2동","국민기초생활보장 수급권자","65~79세","","","","","","39","55","66","184","83","85","100","119","121","125","138",
"휘경2동","국민기초생활보장 수급권자","80세 이상","","","","","","15","26","26","15","52","42","48","57","60","63","77",
"휘경2동","저소득노인","계","","","","","","17","8","34","11","12","47","30","24","34","17","15",
"휘경2동","저소득노인","65~79세","","","","","","12","8","20","9","9","29","13","10","22","8","6",
"휘경2동","저소득노인","80세 이상","","","","","","5","0","14","2","3","18","17","14","12","9","9",
"휘경2동","일   반","계","","","","","","472","523","517","538","616","609","681","708","709","771","788",
"휘경2동","일   반","65~79세","","","","","","391","418","434","375","475","479","534","556","534","569","574",
"휘경2동","일   반","80세 이상","","","","","","81","105","83","163","141","130","147","152","175","202","214",
"이문1동","합계","계","","","","","","963","1030","1001","1239","1113","771","807","831","843","895","860",
"이문1동","합계","65~79세","","","","","","782","801","805","914","807","547","590","586","582","591","543",
"이문1동","합계","80세 이상","","","","","","181","229","196","325","306","224","217","245","261","304","317",
"이문1동","국민기초생활보장 수급권자","계","","","","","","140","157","162","455","144","166","191","213","232","244","222",
"이문1동","국민기초생활보장 수급권자","65~79세","","","","","","109","121","129","436","88","116","144","165","169","174","147",
"이문1동","국민기초생활보장 수급권자","80세 이상","","","","","","31","36","33","19","56","50","47","48","63","70","75",
"이문1동","저소득노인","계","","","","","","13","15","40","20","5","47","27","24","45","24","12",
"이문1동","저소득노인","65~79세","","","","","","10","6","26","11","4","33","14","13","28","12","4",
"이문1동","저소득노인","80세 이상","","","","","","3","9","14","9","1","14","13","11","17","12","8",
"이문1동","일   반","계","","","","","","810","858","799","764","964","558","589","594","566","627","626",
"이문1동","일   반","65~79세","","","","","","663","674","650","467","715","398","432","408","385","405","392",
"이문1동","일   반","80세 이상","","","","","","147","184","149","297","249","160","157","186","181","222","234",
"이문2동","합계","계","","","","","","570","630","655","773","795","796","909","986","1021","1067","1091",
"이문2동","합계","65~79세","","","","","","467","505","533","588","598","604","697","744","744","748","736",
"이문2동","합계","80세 이상","","","","","","103","125","122","185","197","192","212","242","277","319","355",
"이문2동","국민기초생활보장 수급권자","계","","","","","","105","138","147","368","155","236","277","319","349","354","377",
"이문2동","국민기초생활보장 수급권자","65~79세","","","","","","83","108","113","347","89","159","189","216","229","234","244",
"이문2동","국민기초생활보장 수급권자","80세 이상","","","","","","22","30","34","21","66","77","88","103","120","120","133",
"이문2동","저소득노인","계","","","","","","21","12","51","23","13","72","43","34","52","23","19",
"이문2동","저소득노인","65~79세","","","","","","16","7","29","13","6","46","26","21","33","12","12",
"이문2동","저소득노인","80세 이상","","","","","","5","5","22","10","7","26","17","13","19","11","7",
"이문2동","일   반","계","","","","","","444","480","457","382","627","488","589","633","620","690","695",
"이문2동","일   반","65~79세","","","","","","368","390","391","228","503","399","482","507","482","502","480",
"이문2동","일   반","80세 이상","","","","","","76","90","66","154","124","89","107","126","138","188","215",
"중랑구","합계","계","","8694","9653","10588","11049","11714","13376","14184","12674","15566","16157","17946","19260","20695","22438","23982",
"중랑구","합계","65~79세","","7188","7998","8772","3384","9303","10334","10940","9783","12309","12666","14116","14851","15724","16977","18210",
"중랑구","합계","80세 이상","","1506","1655","1816","7665","2411","3042","3244","2891","3257","3491","3830","4409","4971","5461","5772",
"중랑구","국민기초생활보장 수급권자","계","","1827","1781","2247","2397","2727","2802","2910","3047","4005","4826","6275","7074","7778","8428","9283",
"중랑구","국민기초생활보장 수급권자","65~79세","","1410","1333","1727","778","1971","2046","2124","2131","2907","3408","4298","4865","5365","5868","6585",
"중랑구","국민기초생활보장 수급권자","80세 이상","","417","448","520","1619","756","756","786","916","1098","1418","1977","2209","2413","2560","2698",
"중랑구","저소득노인","계","","295","584","521","1022","699","715","756","1019","1616","844","645","1366","470","391","331",
"중랑구","저소득노인","65~79세","","236","466","405","369","501","540","568","661","1089","486","384","833","295","233","188",
"중랑구","저소득노인","80세 이상","","59","118","116","653","198","175","188","358","527","358","261","533","175","158","143",
"중랑구","일   반","계","","6572","7288","7820","7630","8288","9859","10518","8608","9945","10487","11026","10820","12447","13619","14368",
"중랑구","일   반","65~79세","","5542","6199","6640","2237","6831","7748","8248","6991","8313","8772","9434","9153","10064","10876","11437",
"중랑구","일   반","80세 이상","","1030","1089","1180","5393","1457","2111","2270","1617","1632","1715","1592","1667","2383","2743","2931",
"면목2동","합계","계","","","","","","726","949","1012","786","1185","1032","1350","1455","1526","1643","1749",
"면목2동","합계","65~79세","","","","","","510","718","765","540","964","872","1073","1127","1158","1246","1314",
"면목2동","합계","80세 이상","","","","","","216","231","247","246","221","160","277","328","368","397","435",
"면목2동","국민기초생활보장 수급권자","계","","","","","","158","173","181","178","274","305","406","467","510","562","618",
"면목2동","국민기초생활보장 수급권자","65~79세","","","","","","105","113","119","115","205","213","292","332","351","389","436",
"면목2동","국민기초생활보장 수급권자","80세 이상","","","","","","53","60","62","63","69","92","114","135","159","173","182",
"면목2동","저소득노인","계","","","","","","50","45","47","70","79","63","56","80","40","28","28",
"면목2동","저소득노인","65~79세","","","","","","39","35","36","49","53","34","28","45","23","14","14",
"면목2동","저소득노인","80세 이상","","","","","","11","10","11","21","26","29","28","35","17","14","14",
"면목2동","일   반","계","","","","","","518","731","784","538","832","664","888","908","976","1053","1103",
"면목2동","일   반","65~79세","","","","","","366","570","610","376","706","625","753","750","784","843","864",
"면목2동","일   반","80세 이상","","","","","","152","161","174","162","126","39","135","158","192","210","239",
"면목4동","합계","계","","","","","","650","861","892","710","865","933","965","1045","1104","1213","1287",
"면목4동","합계","65~79세","","","","","","579","686","710","609","732","764","797","833","866","920","974",
"면목4동","합계","80세 이상","","","","","","71","175","182","101","133","169","168","212","238","293","313",
"면목4동","국민기초생활보장 수급권자","계","","","","","","214","208","210","234","319","344","427","500","530","562","615",
"면목4동","국민기초생활보장 수급권자","65~79세","","","","","","207","165","167","217","261","265","324","384","406","420","439",
"면목4동","국민기초생활보장 수급권자","80세 이상","","","","","","7","43","43","17","58","79","103","116","124","142","176",
"면목4동","저소득노인","계","","","","","","38","44","45","58","76","40","28","112","27","22","14",
"면목4동","저소득노인","65~79세","","","","","","27","37","38","37","54","29","20","88","20","15","8",
"면목4동","저소득노인","80세 이상","","","","","","11","7","7","21","22","11","8","24","7","7","6",
"면목4동","일   반","계","","","","","","398","609","637","418","470","549","510","433","547","629","658",
"면목4동","일   반","65~79세","","","","","","345","484","505","355","417","470","453","361","440","485","527",
"면목4동","일   반","80세 이상","","","","","","53","125","132","63","53","79","57","72","107","144","131",
"면목5동","합계","계","","","","","","310","384","405","370","411","365","494","527","570","630","674",
"면목5동","합계","65~79세","","","","","","257","298","314","287","286","261","391","412","434","478","523",
"면목5동","합계","80세 이상","","","","","","53","86","91","83","125","104","103","115","136","152","151",
"면목5동","국민기초생활보장 수급권자","계","","","","","","31","67","68","51","75","99","137","163","184","203","226",
"면목5동","국민기초생활보장 수급권자","65~79세","","","","","","21","47","47","31","28","65","95","113","126","137","160",
"면목5동","국민기초생활보장 수급권자","80세 이상","","","","","","10","20","21","20","47","34","42","50","58","66","66",
"면목5동","저소득노인","계","","","","","","1","31","32","21","29","22","14","29","10","8","8",
"면목5동","저소득노인","65~79세","","","","","","1","20","21","11","9","11","7","17","5","4","5",
"면목5동","저소득노인","80세 이상","","","","","","0","11","11","10","20","11","7","12","5","4","3",
"면목5동","일   반","계","","","","","","278","286","305","298","307","244","343","335","376","419","440",
"면목5동","일   반","65~79세","","","","","","235","231","246","245","249","185","289","282","303","337","358",
"면목5동","일   반","80세 이상","","","","","","43","55","59","53","58","59","54","53","73","82","82",
"면목본동","합계","계","","","","","","1102","1231","1324","1162","1593","1245","1727","1889","2040","2187","2333",
"면목본동","합계","65~79세","","","","","","911","968","1038","941","1233","997","1377","1486","1583","1681","1820",
"면목본동","합계","80세 이상","","","","","","191","263","286","221","360","248","350","403","457","506","513",
"면목본동","국민기초생활보장 수급권자","계","","","","","","190","256","269","210","315","437","575","692","791","826","905",
"면목본동","국민기초생활보장 수급권자","65~79세","","","","","","132","198","208","142","232","312","393","479","554","576","661",
"면목본동","국민기초생활보장 수급권자","80세 이상","","","","","","58","58","61","68","83","125","182","213","237","250","244",
"면목본동","저소득노인","계","","","","","","33","42","47","53","624","69","59","136","44","33","20",
"면목본동","저소득노인","65~79세","","","","","","29","29","32","39","456","31","31","85","29","22","12",
"면목본동","저소득노인","80세 이상","","","","","","4","13","15","14","168","38","28","51","15","11","8",
"면목본동","일   반","계","","","","","","879","933","1008","899","654","739","1093","1061","1205","1328","1408",
"면목본동","일   반","65~79세","","","","","","750","741","798","760","545","654","953","922","1000","1083","1147",
"면목본동","일   반","80세 이상","","","","","","129","192","210","139","109","85","140","139","205","245","261",
"면목7동","합계","계","","","","","","565","803","854","625","857","624","994","1063","1108","1191","1252",
"면목7동","합계","65~79세","","","","","","361","608","646","391","676","470","785","831","848","898","946",
"면목7동","합계","80세 이상","","","","","","204","195","208","234","181","154","209","232","260","293","306",
"면목7동","국민기초생활보장 수급권자","계","","","","","","130","149","154","150","148","224","299","316","349","362","409",
"면목7동","국민기초생활보장 수급권자","65~79세","","","","","","97","104","108","107","102","154","199","205","223","229","273",
"면목7동","국민기초생활보장 수급권자","80세 이상","","","","","","33","45","46","43","46","70","100","111","126","133","136",
"면목7동","저소득노인","계","","","","","","52","50","52","72","59","45","31","59","28","21","19",
"면목7동","저소득노인","65~79세","","","","","","35","37","38","45","34","24","16","30","16","12","9",
"면목7동","저소득노인","80세 이상","","","","","","17","13","14","27","25","21","15","29","12","9","10",
"면목7동","일   반","계","","","","","","383","604","648","403","650","355","664","688","731","808","824",
"면목7동","일   반","65~79세","","","","","","229","467","500","239","540","292","570","596","609","657","664",
"면목7동","일   반","80세 이상","","","","","","154","137","148","164","110","63","94","92","122","151","160",
"면목3.8동","합계","계","","","","","","918","1052","1125","978","1158","1177","1363","1443","1575","1686","1802",
"면목3.8동","합계","65~79세","","","","","","724","819","872","754","922","927","1071","1115","1201","1285","1370",
"면목3.8동","합계","80세 이상","","","","","","194","233","253","224","236","250","292","328","374","401","432",
"면목3.8동","국민기초생활보장 수급권자","계","","","","","","240","242","253","260","260","375","493","546","568","610","634",
"면목3.8동","국민기초생활보장 수급권자","65~79세","","","","","","182","174","181","192","191","274","341","379","396","422","441",
"면목3.8동","국민기초생활보장 수급권자","80세 이상","","","","","","58","68","72","68","69","101","152","167","172","188","193",
"면목3.8동","저소득노인","계","","","","","","44","50","54","64","66","69","48","109","32","22","21",
"면목3.8동","저소득노인","65~79세","","","","","","8","41","43","18","47","45","25","67","20","14","15",
"면목3.8동","저소득노인","80세 이상","","","","","","36","9","11","46","19","24","23","42","12","8","6",
"면목3.8동","일   반","계","","","","","","634","760","818","654","832","733","822","788","975","1054","1147",
"면목3.8동","일   반","65~79세","","","","","","534","604","648","544","684","608","705","669","785","849","914",
"면목3.8동","일   반","80세 이상","","","","","","100","156","170","110","148","125","117","119","190","205","233",
"상봉1동","합계","계","","","","","","767","674","721","827","766","1800","896","958","1051","1147","1225",
"상봉1동","합계","65~79세","","","","","","606","514","550","636","604","1426","676","697","775","853","910",
"상봉1동","합계","80세 이상","","","","","","161","160","171","191","162","374","220","261","276","294","315",
"상봉1동","국민기초생활보장 수급권자","계","","","","","","171","169","176","191","250","306","356","395","441","486","529",
"상봉1동","국민기초생활보장 수급권자","65~79세","","","","","","136","129","134","146","186","218","246","267","309","342","381",
"상봉1동","국민기초생활보장 수급권자","80세 이상","","","","","","35","40","42","45","64","88","110","128","132","144","148",
"상봉1동","저소득노인","계","","","","","","32","43","45","52","69","50","36","69","22","25","23",
"상봉1동","저소득노인","65~79세","","","","","","20","35","37","30","43","19","16","39","10","14","12",
"상봉1동","저소득노인","80세 이상","","","","","","12","8","8","22","26","31","20","30","12","11","11",
"상봉1동","일   반","계","","","","","","564","462","500","584","447","1444","504","494","588","636","673",
"상봉1동","일   반","65~79세","","","","","","450","350","379","460","375","1189","414","391","456","497","517",
"상봉1동","일   반","80세 이상","","","","","","114","112","121","124","72","255","90","103","132","139","156",
"상봉2동","합계","계","","","","","","626","741","777","686","915","748","883","955","1000","1111","1175",
"상봉2동","합계","65~79세","","","","","","514","572","600","544","672","598","724","757","765","874","909",
"상봉2동","합계","80세 이상","","","","","","112","169","177","142","243","150","159","198","235","237","266",
"상봉2동","국민기초생활보장 수급권자","계","","","","","","117","139","144","137","140","206","262","284","309","365","430",
"상봉2동","국민기초생활보장 수급권자","65~79세","","","","","","92","105","109","102","107","151","192","208","225","277","326",
"상봉2동","국민기초생활보장 수급권자","80세 이상","","","","","","25","34","35","35","33","55","70","76","84","88","104",
"상봉2동","저소득노인","계","","","","","","4","38","40","24","39","28","24","52","19","12","14",
"상봉2동","저소득노인","65~79세","","","","","","3","29","31","13","18","15","12","29","11","7","9",
"상봉2동","저소득노인","80세 이상","","","","","","1","9","9","11","21","13","12","23","8","5","5",
"상봉2동","일   반","계","","","","","","505","564","593","525","736","514","597","619","672","734","731",
"상봉2동","일   반","65~79세","","","","","","419","438","460","429","547","432","520","520","529","590","574",
"상봉2동","일   반","80세 이상","","","","","","86","126","133","96","189","82","77","99","143","144","157",
"중화1동","합계","계","","","","","","462","559","591","522","700","695","816","864","937","971","1048",
"중화1동","합계","65~79세","","","","","","386","424","449","416","559","554","661","691","741","768","825",
"중화1동","합계","80세 이상","","","","","","76","135","142","106","141","141","155","173","196","203","223",
"중화1동","국민기초생활보장 수급권자","계","","","","","","106","103","107","126","152","166","229","270","284","301","344",
"중화1동","국민기초생활보장 수급권자","65~79세","","","","","","74","65","69","84","105","117","147","177","193","212","248",
"중화1동","국민기초생활보장 수급권자","80세 이상","","","","","","32","38","38","42","47","49","82","93","91","89","96",
"중화1동","저소득노인","계","","","","","","15","36","38","35","49","36","35","47","21","18","15",
"중화1동","저소득노인","65~79세","","","","","","13","31","32","23","29","18","25","28","19","15","12",
"중화1동","저소득노인","80세 이상","","","","","","2","5","6","12","20","18","10","19","2","3","3",
"중화1동","일   반","계","","","","","","341","420","446","361","499","493","552","547","632","652","689",
"중화1동","일   반","65~79세","","","","","","299","328","348","309","425","419","489","486","529","541","565",
"중화1동","일   반","80세 이상","","","","","","42","92","98","52","74","74","63","61","103","111","124",
"중화2동","합계","계","","","","","","1267","1308","1380","1327","1462","1182","1575","1676","1765","1947","2123",
"중화2동","합계","65~79세","","","","","","1037","1052","1106","1067","1247","956","1259","1305","1360","1489","1629",
"중화2동","합계","80세 이상","","","","","","230","256","274","260","215","226","316","371","405","458","494",
"중화2동","국민기초생활보장 수급권자","계","","","","","","333","292","303","353","494","506","640","697","755","828","947",
"중화2동","국민기초생활보장 수급권자","65~79세","","","","","","260","227","235","270","400","383","476","508","559","616","718",
"중화2동","국민기초생활보장 수급권자","80세 이상","","","","","","73","65","68","83","94","123","164","189","196","212","229",
"중화2동","저소득노인","계","","","","","","62","61","65","82","73","75","44","122","33","30","23",
"중화2동","저소득노인","65~79세","","","","","","54","45","48","64","54","50","35","77","22","19","16",
"중화2동","저소득노인","80세 이상","","","","","","8","16","17","18","19","25","9","45","11","11","7",
"중화2동","일   반","계","","","","","","872","955","1012","892","895","601","891","857","977","1089","1153",
"중화2동","일   반","65~79세","","","","","","723","780","823","733","793","523","748","720","779","854","895",
"중화2동","일   반","80세 이상","","","","","","149","175","189","159","102","78","143","137","198","235","258",
"묵1동","합계","계","","","","","","683","783","852","743","880","773","1045","1113","1206","1300","1365",
"묵1동","합계","65~79세","","","","","","531","590","641","561","686","597","826","867","907","960","1015",
"묵1동","합계","80세 이상","","","","","","152","193","211","182","194","176","219","246","299","340","350",
"묵1동","국민기초생활보장 수급권자","계","","","","","","134","116","126","154","184","200","272","313","337","356","385",
"묵1동","국민기초생활보장 수급권자","65~79세","","","","","","100","78","85","110","114","119","160","192","203","218","248",
"묵1동","국민기초생활보장 수급권자","80세 이상","","","","","","34","38","41","44","70","81","112","121","134","138","137",
"묵1동","저소득노인","계","","","","","","41","49","53","61","60","47","47","68","28","21","19",
"묵1동","저소득노인","65~79세","","","","","","34","38","40","44","35","27","27","38","21","12","12",
"묵1동","저소득노인","80세 이상","","","","","","7","11","13","17","25","20","20","30","7","9","7",
"묵1동","일   반","계","","","","","","508","618","673","528","636","526","726","732","841","923","961",
"묵1동","일   반","65~79세","","","","","","397","474","516","407","537","451","639","637","683","730","755",
"묵1동","일   반","80세 이상","","","","","","111","144","157","121","99","75","87","95","158","193","206",
"묵2동","합계","계","","","","","","664","616","652","724","715","757","873","962","979","1067","1134",
"묵2동","합계","65~79세","","","","","","564","483","511","594","565","614","677","740","745","794","842",
"묵2동","합계","80세 이상","","","","","","100","133","141","130","150","143","196","222","234","273","292",
"묵2동","국민기초생활보장 수급권자","계","","","","","","104","120","126","124","167","222","270","315","319","350","410",
"묵2동","국민기초생활보장 수급권자","65~79세","","","","","","86","89","94","96","123","165","186","219","220","248","286",
"묵2동","국민기초생활보장 수급권자","80세 이상","","","","","","18","31","32","28","44","57","84","96","99","102","124",
"묵2동","저소득노인","계","","","","","","14","36","38","34","54","44","34","58","31","29","20",
"묵2동","저소득노인","65~79세","","","","","","12","27","29","22","35","26","21","39","17","14","8",
"묵2동","저소득노인","80세 이상","","","","","","2","9","9","12","19","18","13","19","14","15","12",
"묵2동","일   반","계","","","","","","546","460","488","566","494","491","569","589","629","688","704",
"묵2동","일   반","65~79세","","","","","","466","367","388","476","407","423","470","482","508","532","548",
"묵2동","일   반","80세 이상","","","","","","80","93","100","90","87","68","99","107","121","156","156",
"망우본동","합계","계","","","","","","956","1238","1292","1016","1357","1332","1686","1810","2094","2289","2461",
"망우본동","합계","65~79세","","","","","","777","957","997","807","1047","1010","1331","1399","1611","1780","1924",
"망우본동","합계","80세 이상","","","","","","179","281","295","209","310","322","355","411","483","509","537",
"망우본동","국민기초생활보장 수급권자","계","","","","","","219","257","265","239","342","466","633","698","854","947","1044",
"망우본동","국민기초생활보장 수급권자","65~79세","","","","","","164","187","192","174","239","331","444","492","596","683","769",
"망우본동","국민기초생활보장 수급권자","80세 이상","","","","","","55","70","73","65","103","135","189","206","258","264","275",
"망우본동","저소득노인","계","","","","","","87","62","65","107","75","76","58","124","39","39","31",
"망우본동","저소득노인","65~79세","","","","","","57","43","45","67","55","50","41","71","25","22","14",
"망우본동","저소득노인","80세 이상","","","","","","30","19","20","40","20","26","17","53","14","17","17",
"망우본동","일   반","계","","","","","","650","919","962","670","940","790","995","988","1201","1303","1386",
"망우본동","일   반","65~79세","","","","","","556","727","760","566","753","629","846","836","990","1075","1141",
"망우본동","일   반","80세 이상","","","","","","94","192","202","104","187","161","149","152","211","228","245",
"망우3동","합계","계","","","","","","612","735","794","672","871","874","1019","1106","1177","1271","1382",
"망우3동","합계","65~79세","","","","","","459","551","595","489","684","709","791","853","903","968","1062",
"망우3동","합계","80세 이상","","","","","","153","184","199","183","187","165","228","253","274","303","320",
"망우3동","국민기초생활보장 수급권자","계","","","","","","223","193","200","243","271","320","402","483","528","581","617",
"망우3동","국민기초생활보장 수급권자","65~79세","","","","","","159","142","147","169","205","238","294","359","388","437","475",
"망우3동","국민기초생활보장 수급권자","80세 이상","","","","","","64","51","53","74","66","82","108","124","140","144","142",
"망우3동","저소득노인","계","","","","","","40","48","51","60","62","50","36","81","24","16","19",
"망우3동","저소득노인","65~79세","","","","","","31","37","39","41","40","29","20","55","14","11","11",
"망우3동","저소득노인","80세 이상","","","","","","9","11","12","19","22","21","16","26","10","5","8",
"망우3동","일   반","계","","","","","","349","494","543","369","538","504","581","542","625","674","746",
"망우3동","일   반","65~79세","","","","","","269","372","409","279","439","442","477","439","501","520","576",
"망우3동","일   반","80세 이상","","","","","","80","122","134","90","99","62","104","103","124","154","170",
"신내1동","합계","계","","","","","","762","751","794","822","942","1765","1184","1260","1341","1475","1572",
"신내1동","합계","65~79세","","","","","","650","576","608","680","769","1273","901","939","969","1065","1143",
"신내1동","합계","80세 이상","","","","","","112","175","186","142","173","492","283","321","372","410","429",
"신내1동","국민기초생활보장 수급권자","계","","","","","","88","136","143","108","300","328","483","495","526","566","610",
"신내1동","국민기초생활보장 수급권자","65~79세","","","","","","55","86","90","65","188","186","265","271","288","315","347",
"신내1동","국민기초생활보장 수급권자","80세 이상","","","","","","33","50","53","43","112","142","218","224","238","251","263",
"신내1동","저소득노인","계","","","","","","88","46","49","108","123","77","53","135","44","44","38",
"신내1동","저소득노인","65~79세","","","","","","55","35","38","65","69","39","31","71","28","29","24",
"신내1동","저소득노인","80세 이상","","","","","","33","11","11","43","54","38","22","64","16","15","14",
"신내1동","일   반","계","","","","","","586","569","602","606","519","1360","648","630","771","865","924",
"신내1동","일   반","65~79세","","","","","","540","455","480","550","512","1048","605","597","653","721","772",
"신내1동","일   반","80세 이상","","","","","","46","114","122","56","7","312","43","33","118","144","152",
"신내2동","합계","계","","","","","","644","691","719","704","889","855","1076","1134","1222","1310","1400",
"신내2동","합계","65~79세","","","","","","437","518","538","467","663","638","776","799","858","918","1004",
"신내2동","합계","80세 이상","","","","","","207","173","181","237","226","217","300","335","364","392","396",
"신내2동","국민기초생활보장 수급권자","계","","","","","","269","182","185","289","314","322","391","440","493","523","560",
"신내2동","국민기초생활보장 수급권자","65~79세","","","","","","101","137","139","111","221","217","244","280","328","347","377",
"신내2동","국민기초생활보장 수급권자","80세 이상","","","","","","168","45","46","178","93","105","147","160","165","176","183",
"신내2동","저소득노인","계","","","","","","98","34","35","118","79","53","42","85","28","23","19",
"신내2동","저소득노인","65~79세","","","","","","83","21","21","93","58","39","29","54","15","9","7",
"신내2동","저소득노인","80세 이상","","","","","","15","13","14","25","21","14","13","31","13","14","12",
"신내2동","일   반","계","","","","","","277","475","499","297","496","480","643","609","701","764","821",
"신내2동","일   반","65~79세","","","","","","253","360","378","263","384","382","503","465","515","562","620",
"신내2동","일   반","80세 이상","","","","","","24","115","121","34","112","98","140","144","186","202","201",
"성북구","합계","계","","7112","6399","12399","13106","14530","13291","13643","14082","16698","15668","17225","18225","18524","19763","28027",
"성북구","합계","65~79세","","5626","4829","9430","9900","11296","10487","10475","10787","12176","11612","12615","13151","13130","13842","18946",
"성북구","합계","80세 이상","","1486","1570","2969","3206","3234","2804","3168","3295","4522","4056","4610","5074","5394","5921","9081",
"성북구","국민기초생활보장 수급권자","계","","1157","1152","1816","2340","2472","2339","2463","2529","2914","3699","4141","4725","6880","7495","6039",
"성북구","국민기초생활보장 수급권자","65~79세","","831","817","1229","1791","1813","1833","1846","1870","2071","2543","2815","3151","4568","4987","4017",
"성북구","국민기초생활보장 수급권자","80세 이상","","326","335","587","549","659","506","617","659","843","1156","1326","1574","2312","2508","2022",
"성북구","저소득노인","계","","4667","3217","5599","477","759","478","752","841","860","1094","824","698","336","994","1273",
"성북구","저소득노인","65~79세","","3820","2386","4113","342","473","369","454","508","529","794","458","394","166","582","560",
"성북구","저소득노인","80세 이상","","847","831","1486","135","286","109","298","333","331","300","366","304","170","412","713",
"성북구","일   반","계","","1288","2030","4984","10289","11299","10474","10428","10712","12924","10875","12260","12802","11308","11274","20715",
"성북구","일   반","65~79세","","975","1626","4088","7767","9010","8285","8175","8409","9576","8275","9342","9606","8396","8273","14369",
"성북구","일   반","80세 이상","","313","404","896","2522","2289","2189","2253","2303","3348","2600","2918","3196","2912","3001","6346",
"성북동","합계","계","","","","","","693","615","608","620","741","689","764","793","770","819","999",
"성북동","합계","65~79세","","","","","","507","459","428","428","504","483","514","535","509","528","629",
"성북동","합계","80세 이상","","","","","","186","156","180","192","237","206","250","258","261","291","370",
"성북동","국민기초생활보장 수급권자","계","","","","","","82","71","76","74","83","100","98","105","166","174","126",
"성북동","국민기초생활보장 수급권자","65~79세","","","","","","55","52","50","46","45","68","57","63","108","110","82",
"성북동","국민기초생활보장 수급권자","80세 이상","","","","","","27","19","26","28","38","32","41","42","58","64","44",
"성북동","저소득노인","계","","","","","","28","14","30","28","26","35","34","21","15","36","32",
"성북동","저소득노인","65~79세","","","","","","17","10","16","17","17","16","17","8","7","15","9",
"성북동","저소득노인","80세 이상","","","","","","11","4","14","11","9","19","17","13","8","21","23",
"성북동","일   반","계","","","","","","583","530","502","518","632","554","632","667","589","609","841",
"성북동","일   반","65~79세","","","","","","435","397","362","365","442","399","440","464","394","403","538",
"성북동","일   반","80세 이상","","","","","","148","133","140","153","190","155","192","203","195","206","303",
"삼선동","합계","계","","","","","","933","872","898","936","1103","916","1011","1068","1068","1148","1589",
"삼선동","합계","65~79세","","","","","","720","685","678","707","787","687","738","768","766","812","1077",
"삼선동","합계","80세 이상","","","","","","213","187","220","229","316","229","273","300","302","336","512",
"삼선동","국민기초생활보장 수급권자","계","","","","","","144","128","142","151","181","218","221","251","369","382","316",
"삼선동","국민기초생활보장 수급권자","65~79세","","","","","","108","100","112","122","137","173","164","181","271","281","220",
"삼선동","국민기초생활보장 수급권자","80세 이상","","","","","","36","28","30","29","44","45","57","70","98","101","96",
"삼선동","저소득노인","계","","","","","","46","35","56","63","64","73","51","48","21","50","70",
"삼선동","저소득노인","65~79세","","","","","","28","27","40","42","41","58","32","32","10","31","32",
"삼선동","저소득노인","80세 이상","","","","","","18","8","16","21","23","15","19","16","11","19","38",
"삼선동","일   반","계","","","","","","743","709","700","722","858","625","739","769","678","716","1203",
"삼선동","일   반","65~79세","","","","","","584","558","526","543","609","456","542","555","485","500","825",
"삼선동","일   반","80세 이상","","","","","","159","151","174","179","249","169","197","214","193","216","378",
"동선동","합계","계","","","","","","578","483","506","515","644","556","655","678","608","649","865",
"동선동","합계","65~79세","","","","","","440","382","392","395","469","411","470","484","425","440","575",
"동선동","합계","80세 이상","","","","","","138","101","114","120","175","145","185","194","183","209","290",
"동선동","국민기초생활보장 수급권자","계","","","","","","69","71","77","78","93","114","123","147","194","193","154",
"동선동","국민기초생활보장 수급권자","65~79세","","","","","","51","56","56","57","64","81","87","99","132","124","105",
"동선동","국민기초생활보장 수급권자","80세 이상","","","","","","18","15","21","21","29","33","36","48","62","69","49",
"동선동","저소득노인","계","","","","","","35","16","40","46","46","53","41","30","13","24","27",
"동선동","저소득노인","65~79세","","","","","","21","12","23","28","24","39","19","17","8","14","15",
"동선동","저소득노인","80세 이상","","","","","","14","4","17","18","22","14","22","13","5","10","12",
"동선동","일   반","계","","","","","","474","396","389","391","505","389","491","501","401","432","684",
"동선동","일   반","65~79세","","","","","","368","314","313","310","381","291","364","368","285","302","455",
"동선동","일   반","80세 이상","","","","","","106","82","76","81","124","98","127","133","116","130","229",
"돈암1동","합계","계","","","","","","485","451","472","501","611","569","627","679","713","744","1122",
"돈암1동","합계","65~79세","","","","","","377","366","372","391","449","430","465","486","499","524","747",
"돈암1동","합계","80세 이상","","","","","","108","85","100","110","162","139","162","193","214","220","375",
"돈암1동","국민기초생활보장 수급권자","계","","","","","","86","71","89","96","116","154","185","221","370","391","282",
"돈암1동","국민기초생활보장 수급권자","65~79세","","","","","","62","57","66","74","89","105","125","146","234","243","179",
"돈암1동","국민기초생활보장 수급권자","80세 이상","","","","","","24","14","23","22","27","49","60","75","136","148","103",
"돈암1동","저소득노인","계","","","","","","27","16","22","30","36","54","38","31","14","30","57",
"돈암1동","저소득노인","65~79세","","","","","","17","12","16","23","27","39","28","18","9","13","23",
"돈암1동","저소득노인","80세 이상","","","","","","10","4","6","7","9","15","10","13","5","17","34",
"돈암1동","일   반","계","","","","","","372","364","361","375","459","361","404","427","329","323","783",
"돈암1동","일   반","65~79세","","","","","","298","297","290","294","333","286","312","322","256","268","545",
"돈암1동","일   반","80세 이상","","","","","","74","67","71","81","126","75","92","105","73","55","238",
"돈암2동","합계","계","","","","","","408","390","400","447","501","497","563","574","595","629","867",
"돈암2동","합계","65~79세","","","","","","318","297","293","321","340","343","387","383","385","398","549",
"돈암2동","합계","80세 이상","","","","","","90","93","107","126","161","154","176","191","210","231","318",
"돈암2동","국민기초생활보장 수급권자","계","","","","","","72","70","73","72","92","107","125","138","198","211","174",
"돈암2동","국민기초생활보장 수급권자","65~79세","","","","","","53","53","55","50","57","63","74","77","122","131","100",
"돈암2동","국민기초생활보장 수급권자","80세 이상","","","","","","19","17","18","22","35","44","51","61","76","80","74",
"돈암2동","저소득노인","계","","","","","","21","11","22","25","30","30","23","15","16","22","27",
"돈암2동","저소득노인","65~79세","","","","","","8","7","10","11","13","16","14","10","9","15","17",
"돈암2동","저소득노인","80세 이상","","","","","","13","4","12","14","17","14","9","5","7","7","10",
"돈암2동","일   반","계","","","","","","315","309","305","350","379","360","415","421","381","396","666",
"돈암2동","일   반","65~79세","","","","","","257","237","228","260","270","264","299","296","254","252","432",
"돈암2동","일   반","80세 이상","","","","","","58","72","77","90","109","96","116","125","127","144","234",
"안암동","합계","계","","","","","","502","485","497","514","603","580","620","621","617","650","875",
"안암동","합계","65~79세","","","","","","395","374","368","382","431","426","437","436","413","438","585",
"안암동","합계","80세 이상","","","","","","107","111","129","132","172","154","183","185","204","212","290",
"안암동","국민기초생활보장 수급권자","계","","","","","","90","92","93","84","101","117","126","146","179","174","161",
"안암동","국민기초생활보장 수급권자","65~79세","","","","","","72","71","71","60","77","90","100","116","129","124","113",
"안암동","국민기초생활보장 수급권자","80세 이상","","","","","","18","21","22","24","24","27","26","30","50","50","48",
"안암동","저소득노인","계","","","","","","30","14","24","28","28","45","39","24","18","26","37",
"안암동","저소득노인","65~79세","","","","","","17","9","14","17","18","34","19","9","5","14","16",
"안암동","저소득노인","80세 이상","","","","","","13","5","10","11","10","11","20","15","13","12","21",
"안암동","일   반","계","","","","","","382","379","380","402","474","418","455","451","420","450","677",
"안암동","일   반","65~79세","","","","","","306","294","283","305","336","302","318","311","279","300","456",
"안암동","일   반","80세 이상","","","","","","76","85","97","97","138","116","137","140","141","150","221",
"보문동","합계","계","","","","","","562","512","539","570","676","597","665","705","715","773","1043",
"보문동","합계","65~79세","","","","","","430","393","405","412","474","440","487","510","527","561","722",
"보문동","합계","80세 이상","","","","","","132","119","134","158","202","157","178","195","188","212","321",
"보문동","국민기초생활보장 수급권자","계","","","","","","105","98","98","96","112","126","138","143","200","225","186",
"보문동","국민기초생활보장 수급권자","65~79세","","","","","","80","73","73","65","74","77","92","94","138","154","124",
"보문동","국민기초생활보장 수급권자","80세 이상","","","","","","25","25","25","31","38","49","46","49","62","71","62",
"보문동","저소득노인","계","","","","","","27","20","32","33","32","48","33","34","19","32","58",
"보문동","저소득노인","65~79세","","","","","","18","15","22","22","21","35","16","16","10","18","29",
"보문동","저소득노인","80세 이상","","","","","","9","5","10","11","11","13","17","18","9","14","29",
"보문동","일   반","계","","","","","","430","394","409","441","532","423","494","528","496","516","799",
"보문동","일   반","65~79세","","","","","","332","305","310","325","379","328","379","400","379","389","569",
"보문동","일   반","80세 이상","","","","","","98","89","99","116","153","95","115","128","117","127","230",
"정능1동","합계","계","","","","","","490","452","472","502","580","553","624","637","629","661","946",
"정능1동","합계","65~79세","","","","","","387","356","367","394","437","424","476","462","452","465","643",
"정능1동","합계","80세 이상","","","","","","103","96","105","108","143","129","148","175","177","196","303",
"정능1동","국민기초생활보장 수급권자","계","","","","","","78","72","65","74","81","111","127","146","205","222","190",
"정능1동","국민기초생활보장 수급권자","65~79세","","","","","","53","56","41","54","57","74","84","99","131","145","119",
"정능1동","국민기초생활보장 수급권자","80세 이상","","","","","","25","16","24","20","24","37","43","47","74","77","71",
"정능1동","저소득노인","계","","","","","","14","9","14","18","28","32","18","23","10","27","47",
"정능1동","저소득노인","65~79세","","","","","","8","7","8","9","16","18","9","14","5","19","26",
"정능1동","저소득노인","80세 이상","","","","","","6","2","6","9","12","14","9","9","5","8","21",
"정능1동","일   반","계","","","","","","398","371","393","410","471","410","479","468","414","412","709",
"정능1동","일   반","65~79세","","","","","","326","293","318","331","364","332","383","349","316","301","498",
"정능1동","일   반","80세 이상","","","","","","72","78","75","79","107","78","96","119","98","111","211",
"정능2동","합계","계","","","","","","763","754","791","783","912","877","940","998","987","1078","1457",
"정능2동","합계","65~79세","","","","","","614","598","600","607","689","674","720","742","697","747","967",
"정능2동","합계","80세 이상","","","","","","149","156","191","176","223","203","220","256","290","331","490",
"정능2동","국민기초생활보장 수급권자","계","","","","","","131","120","127","123","148","170","173","196","288","320","262",
"정능2동","국민기초생활보장 수급권자","65~79세","","","","","","98","95","95","92","101","115","121","132","192","215","170",
"정능2동","국민기초생활보장 수급권자","80세 이상","","","","","","33","25","32","31","47","55","52","64","96","105","92",
"정능2동","저소득노인","계","","","","","","42","20","45","42","49","54","56","42","15","66","61",
"정능2동","저소득노인","65~79세","","","","","","23","16","23","20","36","47","37","26","10","43","27",
"정능2동","저소득노인","80세 이상","","","","","","19","4","22","22","13","7","19","16","5","23","34",
"정능2동","일   반","계","","","","","","590","614","619","618","715","653","711","760","684","692","1134",
"정능2동","일   반","65~79세","","","","","","493","487","482","495","552","512","562","584","495","489","770",
"정능2동","일   반","80세 이상","","","","","","97","127","137","123","163","141","149","176","189","203","364",
"정능3동","합계","계","","","","","","817","764","777","788","914","861","914","974","973","1012","1292",
"정능3동","합계","65~79세","","","","","","623","582","581","583","647","619","643","683","667","693","811",
"정능3동","합계","80세 이상","","","","","","194","182","196","205","267","242","271","291","306","319","481",
"정능3동","국민기초생활보장 수급권자","계","","","","","","165","157","168","166","188","221","236","259","373","428","274",
"정능3동","국민기초생활보장 수급권자","65~79세","","","","","","123","119","128","119","132","141","153","153","226","263","154",
"정능3동","국민기초생활보장 수급권자","80세 이상","","","","","","42","38","40","47","56","80","83","106","147","165","120",
"정능3동","저소득노인","계","","","","","","44","28","45","54","53","61","65","51","18","83","57",
"정능3동","저소득노인","65~79세","","","","","","24","21","26","31","33","46","39","26","11","36","28",
"정능3동","저소득노인","80세 이상","","","","","","20","7","19","23","20","15","26","25","7","47","29",
"정능3동","일   반","계","","","","","","608","579","564","568","673","579","613","664","582","501","961",
"정능3동","일   반","65~79세","","","","","","476","442","427","433","482","432","451","504","430","394","629",
"정능3동","일   반","80세 이상","","","","","","132","137","137","135","191","147","162","160","152","107","332",
"정능4동","합계","계","","","","","","879","806","830","903","1076","1006","1101","1161","1203","1281","1779",
"정능4동","합계","65~79세","","","","","","700","653","661","722","827","768","834","846","869","921","1233",
"정능4동","합계","80세 이상","","","","","","179","153","169","181","249","238","267","315","334","360","546",
"정능4동","국민기초생활보장 수급권자","계","","","","","","114","118","124","139","161","207","223","256","376","399","335",
"정능4동","국민기초생활보장 수급권자","65~79세","","","","","","87","95","94","107","117","142","145","165","250","260","227",
"정능4동","국민기초생활보장 수급권자","80세 이상","","","","","","27","23","30","32","44","65","78","91","126","139","108",
"정능4동","저소득노인","계","","","","","","42","27","39","39","41","55","42","46","17","104","84",
"정능4동","저소득노인","65~79세","","","","","","28","22","25","26","30","38","27","31","5","64","39",
"정능4동","저소득노인","80세 이상","","","","","","14","5","14","13","11","17","15","15","12","40","45",
"정능4동","일   반","계","","","","","","723","661","667","725","874","744","836","859","810","778","1360",
"정능4동","일   반","65~79세","","","","","","585","536","542","589","680","588","662","650","614","597","967",
"정능4동","일   반","80세 이상","","","","","","138","125","125","136","194","156","174","209","196","181","393",
"길음1동","합계","계","","","","","","645","561","580","636","817","705","822","859","888","935","1359",
"길음1동","합계","65~79세","","","","","","494","453","461","524","616","548","615","638","635","648","883",
"길음1동","합계","80세 이상","","","","","","151","108","119","112","201","157","207","221","253","287","476",
"길음1동","국민기초생활보장 수급권자","계","","","","","","106","97","103","112","130","141","169","217","344","377","303",
"길음1동","국민기초생활보장 수급권자","65~79세","","","","","","76","77","80","90","93","98","122","147","231","241","183",
"길음1동","국민기초생활보장 수급권자","80세 이상","","","","","","30","20","23","22","37","43","47","70","113","136","120",
"길음1동","저소득노인","계","","","","","","35","28","40","39","43","55","47","42","27","43","69",
"길음1동","저소득노인","65~79세","","","","","","25","22","23","19","19","36","22","22","11","22","34",
"길음1동","저소득노인","80세 이상","","","","","","10","6","17","20","24","19","25","20","16","21","35",
"길음1동","일   반","계","","","","","","504","436","437","485","644","509","606","600","517","515","987",
"길음1동","일   반","65~79세","","","","","","393","354","358","415","504","414","471","469","393","385","666",
"길음1동","일   반","80세 이상","","","","","","111","82","79","70","140","95","135","131","124","130","321",
"길음2동","합계","계","","","","","","663","482","448","431","554","574","584","668","680","706","1021",
"길음2동","합계","65~79세","","","","","","536","395","364","344","419","462","461","522","532","551","751",
"길음2동","합계","80세 이상","","","","","","127","87","84","87","135","112","123","146","148","155","270",
"길음2동","국민기초생활보장 수급권자","계","","","","","","105","112","88","88","102","168","181","194","294","333","245",
"길음2동","국민기초생활보장 수급권자","65~79세","","","","","","78","90","73","64","74","117","131","139","188","223","168",
"길음2동","국민기초생활보장 수급권자","80세 이상","","","","","","27","22","15","24","28","51","50","55","106","110","77",
"길음2동","저소득노인","계","","","","","","26","14","23","26","24","33","23","19","16","37","50",
"길음2동","저소득노인","65~79세","","","","","","21","11","16","13","7","19","12","9","8","26","25",
"길음2동","저소득노인","80세 이상","","","","","","5","3","7","13","17","14","11","10","8","11","25",
"길음2동","일   반","계","","","","","","532","356","337","317","428","373","380","455","370","336","726",
"길음2동","일   반","65~79세","","","","","","437","294","275","267","338","326","318","374","336","302","558",
"길음2동","일   반","80세 이상","","","","","","95","62","62","50","90","47","62","81","34","34","168",
"종암동","합계","계","","","","","","1342","1218","1258","1310","1600","1455","1592","1685","1738","1856","2673",
"종암동","합계","65~79세","","","","","","955","872","870","915","1047","921","1025","1080","1102","1174","1672",
"종암동","합계","80세 이상","","","","","","387","346","388","395","553","534","567","605","636","682","1001",
"종암동","국민기초생활보장 수급권자","계","","","","","","209","196","221","226","243","332","378","422","613","677","597",
"종암동","국민기초생활보장 수급권자","65~79세","","","","","","161","139","171","174","171","218","245","271","379","426","389",
"종암동","국민기초생활보장 수급권자","80세 이상","","","","","","48","57","50","52","72","114","133","151","234","251","208",
"종암동","저소득노인","계","","","","","","60","41","66","72","69","84","69","64","19","78","120",
"종암동","저소득노인","65~79세","","","","","","32","29","37","43","47","66","35","34","10","46","40",
"종암동","저소득노인","80세 이상","","","","","","28","12","29","29","22","18","34","30","9","32","80",
"종암동","일   반","계","","","","","","1073","981","971","1012","1288","1039","1145","1199","1106","1101","1956",
"종암동","일   반","65~79세","","","","","","762","704","662","698","829","637","745","775","713","702","1243",
"종암동","일   반","80세 이상","","","","","","311","277","309","314","459","402","400","424","393","399","713",
"월곡1동","합계","계","","","","","","850","759","795","834","1003","927","1005","1079","1118","1211","1800",
"월곡1동","합계","65~79세","","","","","","673","615","626","661","754","705","759","791","810","860","1242",
"월곡1동","합계","80세 이상","","","","","","177","144","169","173","249","222","246","288","308","351","558",
"월곡1동","국민기초생활보장 수급권자","계","","","","","","156","143","151","163","189","246","271","315","466","517","427",
"월곡1동","국민기초생활보장 수급권자","65~79세","","","","","","117","116","109","116","120","158","168","195","296","327","283",
"월곡1동","국민기초생활보장 수급권자","80세 이상","","","","","","39","27","42","47","69","88","103","120","170","190","144",
"월곡1동","저소득노인","계","","","","","","47","32","40","53","60","66","36","28","15","52","80",
"월곡1동","저소득노인","65~79세","","","","","","30","26","21","29","41","51","25","19","9","35","34",
"월곡1동","저소득노인","80세 이상","","","","","","17","6","19","24","19","15","11","9","6","17","46",
"월곡1동","일   반","계","","","","","","647","584","604","618","754","615","698","736","637","642","1293",
"월곡1동","일   반","65~79세","","","","","","526","473","496","516","593","496","566","577","505","498","925",
"월곡1동","일   반","80세 이상","","","","","","121","111","108","102","161","119","132","159","132","144","368",
"월곡2동","합계","계","","","","","","622","576","596","632","734","747","867","890","895","948","1395",
"월곡2동","합계","65~79세","","","","","","491","445","456","489","550","546","631","640","621","653","924",
"월곡2동","합계","80세 이상","","","","","","131","131","140","143","184","201","236","250","274","295","471",
"월곡2동","국민기초생활보장 수급권자","계","","","","","","167","122","123","134","158","193","215","255","353","381","322",
"월곡2동","국민기초생활보장 수급권자","65~79세","","","","","","99","94","81","93","111","140","154","179","225","246","208",
"월곡2동","국민기초생활보장 수급권자","80세 이상","","","","","","68","28","42","41","47","53","61","76","128","135","114",
"월곡2동","저소득노인","계","","","","","","35","25","38","45","40","48","34","37","17","70","79",
"월곡2동","저소득노인","65~79세","","","","","","21","19","22","31","28","36","19","23","7","44","30",
"월곡2동","저소득노인","80세 이상","","","","","","14","6","16","14","12","12","15","14","10","26","49",
"월곡2동","일   반","계","","","","","","420","429","435","453","536","506","618","598","525","497","994",
"월곡2동","일   반","65~79세","","","","","","371","332","353","365","411","370","458","438","389","363","686",
"월곡2동","일   반","80세 이상","","","","","","49","97","82","88","125","136","160","160","136","134","308",
"장위1동","합계","계","","","","","","782","738","702","754","921","866","991","1058","1141","1226","1892",
"장위1동","합계","65~79세","","","","","","631","615","568","611","711","673","762","813","861","934","1395",
"장위1동","합계","80세 이상","","","","","","151","123","134","143","210","193","229","245","280","292","497",
"장위1동","국민기초생활보장 수급권자","계","","","","","","141","137","146","146","180","253","314","356","577","630","486",
"장위1동","국민기초생활보장 수급권자","65~79세","","","","","","110","113","119","116","142","186","222","251","402","446","356",
"장위1동","국민기초생활보장 수급권자","80세 이상","","","","","","31","24","27","30","38","67","92","105","175","184","130",
"장위1동","저소득노인","계","","","","","","50","34","43","49","48","77","56","37","14","74","95",
"장위1동","저소득노인","65~79세","","","","","","34","28","28","31","29","61","31","25","7","48","46",
"장위1동","저소득노인","80세 이상","","","","","","16","6","15","18","19","16","25","12","7","26","49",
"장위1동","일   반","계","","","","","","591","567","513","559","693","536","621","665","550","522","1311",
"장위1동","일   반","65~79세","","","","","","487","474","421","464","540","426","509","537","452","440","993",
"장위1동","일   반","80세 이상","","","","","","104","93","92","95","153","110","112","128","98","82","318",
"장위2동","합계","계","","","","","","826","779","811","723","797","693","753","817","848","922","1379",
"장위2동","합계","65~79세","","","","","","652","636","648","568","579","520","558","591","607","652","939",
"장위2동","합계","80세 이상","","","","","","174","143","163","155","218","173","195","226","241","270","440",
"장위2동","국민기초생활보장 수급권자","계","","","","","","148","145","168","157","163","205","230","285","414","464","345",
"장위2동","국민기초생활보장 수급권자","65~79세","","","","","","106","117","122","110","118","145","158","180","277","320","225",
"장위2동","국민기초생활보장 수급권자","80세 이상","","","","","","42","28","46","47","45","60","72","105","137","144","120",
"장위2동","저소득노인","계","","","","","","51","30","44","50","40","58","35","26","15","32","62",
"장위2동","저소득노인","65~79세","","","","","","34","24","26","35","24","39","19","14","8","19","22",
"장위2동","저소득노인","80세 이상","","","","","","17","6","18","15","16","19","16","12","7","13","40",
"장위2동","일   반","계","","","","","","627","604","599","516","594","430","488","506","419","426","972",
"장위2동","일   반","65~79세","","","","","","512","495","500","423","437","336","381","397","322","313","692",
"장위2동","일   반","80세 이상","","","","","","115","109","99","93","157","94","107","109","97","113","280",
"장위3동","합계","계","","","","","","514","447","477","425","492","526","437","460","467","522","766",
"장위3동","합계","65~79세","","","","","","409","373","388","346","371","419","340","364","361","397","558",
"장위3동","합계","80세 이상","","","","","","105","74","89","79","121","107","97","96","106","125","208",
"장위3동","국민기초생활보장 수급권자","계","","","","","","86","88","99","97","102","132","148","149","202","230","178",
"장위3동","국민기초생활보장 수급권자","65~79세","","","","","","63","73","76","78","82","93","103","102","144","162","120",
"장위3동","국민기초생활보장 수급권자","80세 이상","","","","","","23","15","23","19","20","39","45","47","58","68","58",
"장위3동","저소득노인","계","","","","","","43","23","31","31","20","35","23","22","13","32","44",
"장위3동","저소득노인","65~79세","","","","","","29","19","23","22","13","24","11","11","4","18","21",
"장위3동","저소득노인","80세 이상","","","","","","14","4","8","9","7","11","12","11","9","14","23",
"장위3동","일   반","계","","","","","","385","336","347","297","370","359","266","289","252","260","544",
"장위3동","일   반","65~79세","","","","","","317","281","289","246","276","302","226","251","213","217","417",
"장위3동","일   반","80세 이상","","","","","","68","55","58","51","94","57","40","38","39","43","127",
"석관동","합계","계","","","","","","1176","1147","1186","1258","1419","1474","1690","1821","1871","1993","2908",
"석관동","합계","65~79세","","","","","","944","938","949","987","1075","1113","1293","1377","1392","1446","2044",
"석관동","합계","80세 이상","","","","","","232","209","237","271","344","361","397","444","479","547","864",
"석관동","국민기초생활보장 수급권자","계","","","","","","218","231","232","253","291","384","460","524","699","767","676",
"석관동","국민기초생활보장 수급권자","65~79세","","","","","","161","187","174","183","210","259","310","362","493","546","492",
"석관동","국민기초생활보장 수급권자","80세 이상","","","","","","57","44","58","70","81","125","150","162","206","221","184",
"석관동","저소득노인","계","","","","","","56","41","58","70","83","98","61","58","24","76","117",
"석관동","저소득노인","65~79세","","","","","","38","33","35","39","45","76","27","30","13","42","47",
"석관동","저소득노인","80세 이상","","","","","","18","8","23","31","38","22","34","28","11","34","70",
"석관동","일   반","계","","","","","","902","875","896","935","1045","992","1169","1239","1148","1150","2115",
"석관동","일   반","65~79세","","","","","","745","718","740","765","820","778","956","985","886","858","1505",
"석관동","일   반","80세 이상","","","","","","157","157","156","170","225","214","213","254","262","292","610",
"강북구","합계","계","","8839","9427","10163","11981","12588","13457","13760","14759","15653","15501","17086","25195","26603","20398","21570",
"강북구","합계","65~79세","","6769","7652","8567","9006","9639","10271","10622","11399","11441","12085","13225","18812","19325","14862","15562",
"강북구","합계","80세 이상","","2070","1775","1596","2975","2949","3186","3138","3360","4212","3416","3861","6383","7278","5536","6008",
"강북구","국민기초생활보장 수급권자","계","","1753","2048","2034","2436","2509","2705","2750","3109","3142","4455","5165","5984","6760","7635","5923",
"강북구","국민기초생활보장 수급권자","65~79세","","1229","1469","1590","1819","1907","1988","2018","2201","2281","3212","3739","4269","4705","5241","3780",
"강북구","국민기초생활보장 수급권자","80세 이상","","524","579","444","617","602","717","732","908","861","1243","1426","1715","2055","2394","2143",
"강북구","저소득노인","계","","1147","350","724","1105","1068","1057","1176","1511","1578","1221","1248","1039","854","767","1107",
"강북구","저소득노인","65~79세","","920","258","580","850","787","714","772","1010","1061","692","823","671","510","463","568",
"강북구","저소득노인","80세 이상","","227","92","144","255","281","343","404","501","517","529","425","368","344","304","539",
"강북구","일   반","계","","5939","7029","7405","8440","9011","9695","9834","10139","10933","9825","10673","18172","18989","11996","14540",
"강북구","일   반","65~79세","","4620","5925","6397","6337","6945","7569","7832","8188","8099","8181","8663","13872","14110","9158","11214",
"강북구","일   반","80세 이상","","1319","1104","1008","2103","2066","2126","2002","1951","2834","1644","2010","4300","4879","2838","3326",
"번1동","합계","계","","","","","","759","843","829","902","927","904","995","1469","1578","1207","1231",
"번1동","합계","65~79세","","","","","","592","649","653","704","691","708","770","1126","1213","921","933",
"번1동","합계","80세 이상","","","","","","167","194","176","198","236","196","225","343","365","286","298",
"번1동","국민기초생활보장 수급권자","계","","","","","","145","147","148","172","172","239","271","327","380","401","323",
"번1동","국민기초생활보장 수급권자","65~79세","","","","","","112","109","105","115","126","167","193","237","280","301","233",
"번1동","국민기초생활보장 수급권자","80세 이상","","","","","","33","38","43","57","46","72","78","90","100","100","90",
"번1동","저소득노인","계","","","","","","44","40","38","67","66","57","56","41","35","34","48",
"번1동","저소득노인","65~79세","","","","","","31","27","28","45","48","41","43","33","28","26","31",
"번1동","저소득노인","80세 이상","","","","","","13","13","10","22","18","16","13","8","7","8","17",
"번1동","일   반","계","","","","","","570","656","643","663","689","608","668","1101","1163","772","860",
"번1동","일   반","65~79세","","","","","","449","513","520","544","517","500","534","856","905","594","669",
"번1동","일   반","80세 이상","","","","","","121","143","123","119","172","108","134","245","258","178","191",
"번2동","합계","계","","","","","","714","769","813","872","936","1028","1143","1798","1894","1352","1427",
"번2동","합계","65~79세","","","","","","575","619","657","687","705","818","897","1331","1361","974","1000",
"번2동","합계","80세 이상","","","","","","139","150","156","185","231","210","246","467","533","378","427",
"번2동","국민기초생활보장 수급권자","계","","","","","","142","177","187","203","219","331","396","476","548","636","470",
"번2동","국민기초생활보장 수급권자","65~79세","","","","","","101","120","131","136","151","237","285","335","382","437","292",
"번2동","국민기초생활보장 수급권자","80세 이상","","","","","","41","57","56","67","68","94","111","141","166","199","178",
"번2동","저소득노인","계","","","","","","125","126","137","175","191","154","154","121","96","94","104",
"번2동","저소득노인","65~79세","","","","","","97","86","90","129","133","97","107","82","49","55","54",
"번2동","저소득노인","80세 이상","","","","","","28","40","47","46","58","57","47","39","47","39","50",
"번2동","일   반","계","","","","","","447","466","489","494","526","543","593","1201","1250","622","853",
"번2동","일   반","65~79세","","","","","","377","413","436","422","421","484","505","914","930","482","654",
"번2동","일   반","80세 이상","","","","","","70","53","53","72","105","59","88","287","320","140","199",
"번3동","합계","계","","","","","","768","863","942","1012","1127","1197","1328","2299","2532","1695","1740",
"번3동","합계","65~79세","","","","","","625","717","783","829","894","1005","1090","1801","1886","1217","1204",
"번3동","합계","80세 이상","","","","","","143","146","159","183","233","192","238","498","646","478","536",
"번3동","국민기초생활보장 수급권자","계","","","","","","255","279","286","325","405","516","650","782","857","1059","765",
"번3동","국민기초생활보장 수급권자","65~79세","","","","","","193","210","212","236","307","405","511","592","617","709","464",
"번3동","국민기초생활보장 수급권자","80세 이상","","","","","","62","69","74","89","98","111","139","190","240","350","301",
"번3동","저소득노인","계","","","","","","153","154","183","236","293","158","149","104","88","73","149",
"번3동","저소득노인","65~79세","","","","","","143","136","152","193","229","105","116","79","59","49","76",
"번3동","저소득노인","80세 이상","","","","","","10","18","31","43","64","53","33","25","29","24","73",
"번3동","일   반","계","","","","","","360","430","473","451","429","523","529","1413","1587","563","826",
"번3동","일   반","65~79세","","","","","","289","371","419","400","358","495","463","1130","1210","459","664",
"번3동","일   반","80세 이상","","","","","","71","59","54","51","71","28","66","283","377","104","162",
"수유1동","합계","계","","","","","","962","1039","1061","1129","1173","1077","1201","1802","1843","1449","1524",
"수유1동","합계","65~79세","","","","","","725","777","789","873","831","819","919","1354","1331","1064","1120",
"수유1동","합계","80세 이상","","","","","","237","262","272","256","342","258","282","448","512","385","404",
"수유1동","국민기초생활보장 수급권자","계","","","","","","169","180","186","216","234","336","386","438","470","509","408",
"수유1동","국민기초생활보장 수급권자","65~79세","","","","","","140","142","147","170","183","250","281","320","322","350","266",
"수유1동","국민기초생활보장 수급권자","80세 이상","","","","","","29","38","39","46","51","86","105","118","148","159","142",
"수유1동","저소득노인","계","","","","","","54","58","64","102","92","87","79","72","55","57","67",
"수유1동","저소득노인","65~79세","","","","","","39","36","38","73","71","45","53","49","33","35","33",
"수유1동","저소득노인","80세 이상","","","","","","15","22","26","29","21","42","26","23","22","22","34",
"수유1동","일   반","계","","","","","","739","801","811","811","847","654","736","1292","1318","883","1049",
"수유1동","일   반","65~79세","","","","","","546","599","604","630","577","524","585","985","976","679","821",
"수유1동","일   반","80세 이상","","","","","","193","202","207","181","270","130","151","307","342","204","228",
"수유2동","합계","계","","","","","","783","823","843","892","979","1006","1100","1602","1710","1318","1396",
"수유2동","합계","65~79세","","","","","","582","606","625","637","688","741","805","1101","1145","896","943",
"수유2동","합계","80세 이상","","","","","","201","217","218","255","291","265","295","501","565","422","453",
"수유2동","국민기초생활보장 수급권자","계","","","","","","140","150","158","180","198","278","311","357","419","434","302",
"수유2동","국민기초생활보장 수급권자","65~79세","","","","","","104","107","109","118","131","180","209","229","255","266","150",
"수유2동","국민기초생활보장 수급권자","80세 이상","","","","","","36","43","49","62","67","98","102","128","164","168","152",
"수유2동","저소득노인","계","","","","","","58","65","76","96","92","69","69","65","54","59","54",
"수유2동","저소득노인","65~79세","","","","","","37","37","41","58","53","31","41","35","31","32","28",
"수유2동","저소득노인","80세 이상","","","","","","21","28","35","38","39","38","28","30","23","27","26",
"수유2동","일   반","계","","","","","","585","608","609","616","689","659","720","1180","1237","825","1040",
"수유2동","일   반","65~79세","","","","","","441","462","475","461","504","530","555","837","859","598","765",
"수유2동","일   반","80세 이상","","","","","","144","146","134","155","185","129","165","343","378","227","275",
"수유3동","합계","계","","","","","","948","1009","979","1057","1148","1177","1284","1883","2010","1586","1697",
"수유3동","합계","65~79세","","","","","","749","785","750","833","875","950","1024","1431","1483","1173","1253",
"수유3동","합계","80세 이상","","","","","","199","224","229","224","273","227","260","452","527","413","444",
"수유3동","국민기초생활보장 수급권자","계","","","","","","180","192","185","208","198","291","358","406","488","554","395",
"수유3동","국민기초생활보장 수급권자","65~79세","","","","","","138","144","130","150","152","219","267","295","357","390","262",
"수유3동","국민기초생활보장 수급권자","80세 이상","","","","","","42","48","55","58","46","72","91","111","131","164","133",
"수유3동","저소득노인","계","","","","","","72","75","73","81","83","64","69","66","49","43","86",
"수유3동","저소득노인","65~79세","","","","","","53","49","47","59","62","36","44","45","32","32","52",
"수유3동","저소득노인","80세 이상","","","","","","19","26","26","22","21","28","25","21","17","11","34",
"수유3동","일   반","계","","","","","","696","742","721","768","867","822","857","1411","1473","989","1216",
"수유3동","일   반","65~79세","","","","","","558","592","573","624","661","695","713","1091","1094","751","939",
"수유3동","일   반","80세 이상","","","","","","138","150","148","144","206","127","144","320","379","238","277",
"삼양동","합계","계","","","","","","1222","1260","1316","1408","1424","1299","1428","2073","2122","1625","1753",
"삼양동","합계","65~79세","","","","","","909","940","1002","1091","1030","1015","1112","1592","1586","1201","1299",
"삼양동","합계","80세 이상","","","","","","313","320","314","317","394","284","316","481","536","424","454",
"삼양동","국민기초생활보장 수급권자","계","","","","","","263","291","296","315","299","425","445","496","546","599","526",
"삼양동","국민기초생활보장 수급권자","65~79세","","","","","","199","214","214","218","213","303","329","372","400","421","363",
"삼양동","국민기초생활보장 수급권자","80세 이상","","","","","","64","77","82","97","86","122","116","124","146","178","163",
"삼양동","저소득노인","계","","","","","","90","94","101","111","106","83","97","76","65","57","86",
"삼양동","저소득노인","65~79세","","","","","","66","60","63","71","71","52","69","47","35","30","44",
"삼양동","저소득노인","80세 이상","","","","","","24","34","38","40","35","31","28","29","30","27","42",
"삼양동","일   반","계","","","","","","869","875","919","982","1019","791","886","1501","1511","969","1141",
"삼양동","일   반","65~79세","","","","","","644","666","725","802","746","660","714","1173","1151","750","892",
"삼양동","일   반","80세 이상","","","","","","225","209","194","180","273","131","172","328","360","219","249",
"미아동","합계","계","","","","","","957","1011","1013","1128","1202","1217","1337","1903","2005","1601","1768",
"미아동","합계","65~79세","","","","","","747","781","807","887","899","960","1053","1463","1493","1179","1299",
"미아동","합계","80세 이상","","","","","","210","230","206","241","303","257","284","440","512","422","469",
"미아동","국민기초생활보장 수급권자","계","","","","","","145","151","150","203","196","274","347","410","445","527","425",
"미아동","국민기초생활보장 수급권자","65~79세","","","","","","114","116","118","155","149","214","273","315","335","382","293",
"미아동","국민기초생활보장 수급권자","80세 이상","","","","","","31","35","32","48","47","60","74","95","110","145","132",
"미아동","저소득노인","계","","","","","","60","63","65","94","99","112","107","90","76","54","74",
"미아동","저소득노인","65~79세","","","","","","46","45","46","66","69","78","74","61","41","25","38",
"미아동","저소득노인","80세 이상","","","","","","14","18","19","28","30","34","33","29","35","29","36",
"미아동","일   반","계","","","","","","752","797","798","831","907","831","883","1403","1484","1020","1269",
"미아동","일   반","65~79세","","","","","","587","620","643","666","681","668","706","1087","1117","772","968",
"미아동","일   반","80세 이상","","","","","","165","177","155","165","226","163","177","316","367","248","301",
"송중동","합계","계","","","","","","1191","1254","1252","1326","1380","1316","1453","2058","2124","1700","1779",
"송중동","합계","65~79세","","","","","","903","942","954","1032","999","1043","1136","1555","1564","1276","1324",
"송중동","합계","80세 이상","","","","","","288","312","298","294","381","273","317","503","560","424","455",
"송중동","국민기초생활보장 수급권자","계","","","","","","188","195","198","220","225","322","375","428","481","521","400",
"송중동","국민기초생활보장 수급권자","65~79세","","","","","","139","140","146","154","153","218","267","300","329","370","267",
"송중동","국민기초생활보장 수급권자","80세 이상","","","","","","49","55","52","66","72","104","108","128","152","151","133",
"송중동","저소득노인","계","","","","","","74","77","80","122","119","99","102","82","69","68","89",
"송중동","저소득노인","65~79세","","","","","","55","53","55","82","79","64","67","53","42","45","46",
"송중동","저소득노인","80세 이상","","","","","","19","24","25","40","40","35","35","29","27","23","43",
"송중동","일   반","계","","","","","","929","982","974","984","1036","895","976","1548","1574","1111","1290",
"송중동","일   반","65~79세","","","","","","709","749","753","796","767","761","802","1202","1193","861","1011",
"송중동","일   반","80세 이상","","","","","","220","233","221","188","269","134","174","346","381","250","279",
"송천동","합계","계","","","","","","1402","1506","1550","1656","1702","1676","1862","2659","2734","2146","2162",
"송천동","합계","65~79세","","","","","","1085","1154","1202","1280","1243","1303","1443","2023","2038","1598","1595",
"송천동","합계","80세 이상","","","","","","317","352","348","376","459","373","419","636","696","548","567",
"송천동","국민기초생활보장 수급권자","계","","","","","","268","292","287","330","305","471","531","603","675","743","594",
"송천동","국민기초생활보장 수급권자","65~79세","","","","","","201","212","211","236","222","340","396","451","496","545","411",
"송천동","국민기초생활보장 수급권자","80세 이상","","","","","","67","80","76","94","83","131","135","152","179","198","183",
"송천동","저소득노인","계","","","","","","125","103","123","122","108","91","97","88","69","58","84",
"송천동","저소득노인","65~79세","","","","","","77","58","67","65","59","35","57","54","43","37","49",
"송천동","저소득노인","80세 이상","","","","","","48","45","56","57","49","56","40","34","26","21","35",
"송천동","일   반","계","","","","","","1009","1111","1140","1204","1289","1114","1234","1968","1990","1345","1484",
"송천동","일   반","65~79세","","","","","","807","884","924","979","962","928","990","1518","1499","1016","1135",
"송천동","일   반","80세 이상","","","","","","202","227","216","225","327","186","244","450","491","329","349",
"삼각산동","합계","계","","","","","","725","801","809","849","900","863","949","1507","1660","1178","1277",
"삼각산동","합계","65~79세","","","","","","527","592","607","651","631","649","705","1054","1120","816","897",
"삼각산동","합계","80세 이상","","","","","","198","209","202","198","269","214","244","453","540","362","380",
"삼각산동","국민기초생활보장 수급권자","계","","","","","","215","223","233","258","256","346","402","463","515","576","501",
"삼각산동","국민기초생활보장 수급권자","65~79세","","","","","","167","164","170","176","178","234","265","299","316","364","299",
"삼각산동","국민기초생활보장 수급권자","80세 이상","","","","","","48","59","63","82","78","112","137","164","199","212","202",
"삼각산동","저소득노인","계","","","","","","67","60","67","89","83","54","53","43","49","41","86",
"삼각산동","저소득노인","65~79세","","","","","","46","40","42","56","50","22","31","27","36","28","40",
"삼각산동","저소득노인","80세 이상","","","","","","21","20","25","33","33","32","22","16","13","13","46",
"삼각산동","일   반","계","","","","","","443","518","509","502","561","463","494","1001","1096","561","690",
"삼각산동","일   반","65~79세","","","","","","314","388","395","419","403","393","409","728","768","424","558",
"삼각산동","일   반","80세 이상","","","","","","129","130","114","83","158","70","85","273","328","137","132",
"우이동","합계","계","","","","","","877","947","959","1034","1123","1084","1209","1674","1727","1416","1532",
"우이동","합계","65~79세","","","","","","631","678","700","779","779","809","900","1199","1196","1002","1067",
"우이동","합계","80세 이상","","","","","","246","269","259","255","344","275","309","475","531","414","465",
"우이동","국민기초생활보장 수급권자","계","","","","","","145","149","151","163","141","215","248","301","331","390","298",
"우이동","국민기초생활보장 수급권자","65~79세","","","","","","106","102","104","108","96","147","166","196","210","255","182",
"우이동","국민기초생활보장 수급권자","80세 이상","","","","","","39","47","47","55","45","68","82","105","121","135","116",
"우이동","저소득노인","계","","","","","","44","40","48","70","88","74","88","79","68","58","73",
"우이동","저소득노인","65~79세","","","","","","26","25","27","36","51","34","48","48","40","35","37",
"우이동","저소득노인","80세 이상","","","","","","18","15","21","34","37","40","40","31","28","23","36",
"우이동","일   반","계","","","","","","688","758","760","801","894","795","873","1294","1328","968","1161",
"우이동","일   반","65~79세","","","","","","499","551","569","635","632","628","686","955","946","712","848",
"우이동","일   반","80세 이상","","","","","","189","207","191","166","262","167","187","339","382","256","313",
"인수동","합계","계","","","","","","1280","1332","1394","1494","1632","1657","1797","2468","2664","2125","2284",
"인수동","합계","65~79세","","","","","","989","1031","1093","1116","1176","1265","1371","1782","1909","1545","1628",
"인수동","합계","80세 이상","","","","","","291","301","301","378","456","392","426","686","755","580","656",
"인수동","국민기초생활보장 수급권자","계","","","","","","254","279","285","316","294","411","445","497","605","686","516",
"인수동","국민기초생활보장 수급권자","65~79세","","","","","","193","208","221","229","220","298","297","328","406","451","298",
"인수동","국민기초생활보장 수급권자","80세 이상","","","","","","61","71","64","87","74","113","148","169","199","235","218",
"인수동","저소득노인","계","","","","","","102","102","121","146","158","119","128","112","81","71","107",
"인수동","저소득노인","65~79세","","","","","","71","62","76","77","86","52","73","58","41","34","40",
"인수동","저소득노인","80세 이상","","","","","","31","40","45","69","72","67","55","54","40","37","67",
"인수동","일   반","계","","","","","","924","951","988","1032","1180","1127","1224","1859","1978","1368","1661",
"인수동","일   반","65~79세","","","","","","725","761","796","810","870","915","1001","1396","1462","1060","1290",
"인수동","일   반","80세 이상","","","","","","199","190","192","222","310","212","223","463","516","308","371",
"도봉구","합계","계","","6265","5220","6672","9021","10228","10983","10601","11328","12161","13407","13980","14961","16031","17136","19132",
"도봉구","합계","65~79세","","4838","1365","5298","7119","8117","8293","8067","8502","9037","9728","10287","10891","11494","12129","13560",
"도봉구","합계","80세 이상","","1427","3855","1374","1902","2111","2690","2534","2826","3124","3679","3693","4070","4537","5007","5572",
"도봉구","국민기초생활보장 수급권자","계","","702","819","1033","1145","1586","1678","1548","1647","2438","2797","3296","3927","4458","4964","5591",
"도봉구","국민기초생활보장 수급권자","65~79세","","511","259","814","848","1247","1193","1078","1156","1640","1854","2662","2577","2895","3221","3681",
"도봉구","국민기초생활보장 수급권자","80세 이상","","191","560","219","297","339","485","470","491","798","943","634","1350","1563","1743","1910",
"도봉구","저소득노인","계","","3423","545","3568","648","5468","846","845","897","926","910","875","743","652","1133","1099",
"도봉구","저소득노인","65~79세","","2596","121","2836","470","4346","526","491","508","533","497","489","391","331","631","620",
"도봉구","저소득노인","80세 이상","","827","424","732","178","1122","320","354","389","393","413","386","352","321","502","479",
"도봉구","일   반","계","","2140","3856","2071","7228","3174","8459","8208","8784","8797","9700","9809","10291","10921","11039","12442",
"도봉구","일   반","65~79세","","1731","985","1648","5801","2524","6574","6498","6838","6864","7377","7136","7923","8268","8277","9259",
"도봉구","일   반","80세 이상","","409","2871","423","1427","650","1885","1710","1946","1933","2323","2673","2368","2653","2762","3183",
"창1동","합계","계","","","","","","976","799","798","828","902","985","1011","1077","1130","1223","1345",
"창1동","합계","65~79세","","","","","","754","631","594","617","674","707","707","754","795","851","927",
"창1동","합계","80세 이상","","","","","","222","168","204","211","228","278","304","323","335","372","418",
"창1동","국민기초생활보장 수급권자","계","","","","","","303","73","71","81","111","154","164","185","208","238","270",
"창1동","국민기초생활보장 수급권자","65~79세","","","","","","291","64","51","55","70","96","128","109","129","152","170",
"창1동","국민기초생활보장 수급권자","80세 이상","","","","","","12","9","20","26","41","58","36","76","79","86","100",
"창1동","저소득노인","계","","","","","","235","43","41","37","30","33","29","25","27","42","47",
"창1동","저소득노인","65~79세","","","","","","102","27","20","19","16","20","15","11","13","20","24",
"창1동","저소득노인","80세 이상","","","","","","133","16","21","18","14","13","14","14","14","22","23",
"창1동","일   반","계","","","","","","438","683","686","710","761","798","818","867","895","943","1028",
"창1동","일   반","65~79세","","","","","","361","540","523","543","588","591","564","634","653","679","733",
"창1동","일   반","80세 이상","","","","","","77","143","163","167","173","207","254","233","242","264","295",
"창2동","합계","계","","","","","","907","739","766","822","904","1008","1061","1135","1211","1294","1454",
"창2동","합계","65~79세","","","","","","767","613","608","635","692","747","796","837","869","910","1051",
"창2동","합계","80세 이상","","","","","","140","126","158","187","212","261","265","298","342","384","403",
"창2동","국민기초생활보장 수급권자","계","","","","","","120","113","109","123","182","188","211","274","312","335","412",
"창2동","국민기초생활보장 수급권자","65~79세","","","","","","91","72","74","82","115","116","167","177","182","205","270",
"창2동","국민기초생활보장 수급권자","80세 이상","","","","","","29","41","35","41","67","72","44","97","130","130","142",
"창2동","저소득노인","계","","","","","","557","53","50","53","72","70","71","53","46","104","105",
"창2동","저소득노인","65~79세","","","","","","480","39","33","35","47","38","41","33","25","57","52",
"창2동","저소득노인","80세 이상","","","","","","77","14","17","18","25","32","30","20","21","47","53",
"창2동","일   반","계","","","","","","230","573","607","646","650","750","779","808","853","855","937",
"창2동","일   반","65~79세","","","","","","196","502","501","518","530","593","588","627","662","648","729",
"창2동","일   반","80세 이상","","","","","","34","71","106","128","120","157","191","181","191","207","208",
"창3동","합계","계","","","","","","653","633","594","642","688","776","791","815","861","906","982",
"창3동","합계","65~79세","","","","","","522","537","460","484","515","570","592","591","619","654","694",
"창3동","합계","80세 이상","","","","","","131","96","134","158","173","206","199","224","242","252","288",
"창3동","국민기초생활보장 수급권자","계","","","","","","130","135","135","55","214","235","267","293","308","374","408",
"창3동","국민기초생활보장 수급권자","65~79세","","","","","","93","98","100","47","153","166","207","194","207","241","264",
"창3동","국민기초생활보장 수급권자","80세 이상","","","","","","37","37","35","8","61","69","60","99","101","133","144",
"창3동","저소득노인","계","","","","","","376","89","90","90","61","54","46","45","35","46","49",
"창3동","저소득노인","65~79세","","","","","","305","59","48","44","28","24","22","20","18","28","30",
"창3동","저소득노인","80세 이상","","","","","","71","30","42","46","33","30","24","25","17","18","19",
"창3동","일   반","계","","","","","","147","409","369","497","413","487","478","477","518","486","525",
"창3동","일   반","65~79세","","","","","","124","380","312","393","334","380","363","377","394","385","400",
"창3동","일   반","80세 이상","","","","","","23","29","57","104","79","107","115","100","124","101","125",
"창4동","합계","계","","","","","","734","676","678","725","744","789","802","841","880","945","1101",
"창4동","합계","65~79세","","","","","","518","512","469","500","503","511","536","565","598","640","750",
"창4동","합계","80세 이상","","","","","","216","164","209","225","241","278","266","276","282","305","351",
"창4동","국민기초생활보장 수급권자","계","","","","","","30","46","49","59","77","85","92","98","112","122","151",
"창4동","국민기초생활보장 수급권자","65~79세","","","","","","24","31","31","35","45","49","74","54","70","76","95",
"창4동","국민기초생활보장 수급권자","80세 이상","","","","","","6","15","18","24","32","36","18","44","42","46","56",
"창4동","저소득노인","계","","","","","","401","45","39","30","32","32","34","33","28","32","32",
"창4동","저소득노인","65~79세","","","","","","285","23","16","9","9","8","13","15","10","13","12",
"창4동","저소득노인","80세 이상","","","","","","116","22","23","21","23","24","21","18","18","19","20",
"창4동","일   반","계","","","","","","303","585","590","636","635","672","676","710","740","791","918",
"창4동","일   반","65~79세","","","","","","209","458","422","456","449","454","449","496","518","551","643",
"창4동","일   반","80세 이상","","","","","","94","127","168","180","186","218","227","214","222","240","275",
"창5동","합계","계","","","","","","474","629","611","649","706","766","811","851","937","981","1096",
"창5동","합계","65~79세","","","","","","386","508","468","486","512","539","589","600","654","678","769",
"창5동","합계","80세 이상","","","","","","88","121","143","163","194","227","222","251","283","303","327",
"창5동","국민기초생활보장 수급권자","계","","","","","","25","52","52","64","90","108","137","147","167","193","223",
"창5동","국민기초생활보장 수급권자","65~79세","","","","","","18","27","28","43","52","70","119","94","104","120","130",
"창5동","국민기초생활보장 수급권자","80세 이상","","","","","","7","25","24","21","38","38","18","53","63","73","93",
"창5동","저소득노인","계","","","","","","331","46","44","56","56","51","44","32","29","47","34",
"창5동","저소득노인","65~79세","","","","","","284","25","22","26","27","26","21","17","13","21","20",
"창5동","저소득노인","80세 이상","","","","","","47","21","22","30","29","25","23","15","16","26","14",
"창5동","일   반","계","","","","","","118","531","515","529","560","607","630","672","741","741","839",
"창5동","일   반","65~79세","","","","","","84","456","418","417","433","443","449","489","537","537","619",
"창5동","일   반","80세 이상","","","","","","34","75","97","112","127","164","181","183","204","204","220",
"도봉1동","합계","계","","","","","","1113","1168","1135","1202","1312","1468","1550","1679","1800","1911","2143",
"도봉1동","합계","65~79세","","","","","","948","891","896","951","1019","1111","1182","1269","1318","1383","1548",
"도봉1동","합계","80세 이상","","","","","","165","277","239","251","293","357","368","410","482","528","595",
"도봉1동","국민기초생활보장 수급권자","계","","","","","","179","217","200","224","280","323","401","481","568","632","711",
"도봉1동","국민기초생활보장 수급권자","65~79세","","","","","","148","165","146","163","204","226","331","345","393","442","488",
"도봉1동","국민기초생활보장 수급권자","80세 이상","","","","","","31","52","54","61","76","97","70","136","175","190","223",
"도봉1동","저소득노인","계","","","","","","658","99","93","103","114","109","103","83","73","151","138",
"도봉1동","저소득노인","65~79세","","","","","","564","68","55","57","71","62","58","36","33","85","80",
"도봉1동","저소득노인","80세 이상","","","","","","94","31","38","46","43","47","45","47","40","66","58",
"도봉1동","일   반","계","","","","","","276","852","842","875","918","1036","1046","1115","1159","1128","1294",
"도봉1동","일   반","65~79세","","","","","","236","658","695","731","744","823","793","888","892","856","980",
"도봉1동","일   반","80세 이상","","","","","","40","194","147","144","174","213","253","227","267","272","314",
"도봉2동","합계","계","","","","","","814","1024","953","1108","1195","1307","1394","1462","1580","1681","1876",
"도봉2동","합계","65~79세","","","","","","640","743","725","836","909","956","1023","1068","1128","1183","1320",
"도봉2동","합계","80세 이상","","","","","","174","281","228","272","286","351","371","394","452","498","556",
"도봉2동","국민기초생활보장 수급권자","계","","","","","","135","185","170","182","263","296","327","396","470","501","544",
"도봉2동","국민기초생활보장 수급권자","65~79세","","","","","","98","123","118","127","188","205","264","253","301","318","353",
"도봉2동","국민기초생활보장 수급권자","80세 이상","","","","","","37","62","52","55","75","91","63","143","169","183","191",
"도봉2동","저소득노인","계","","","","","","472","88","92","112","108","97","94","82","69","93","84",
"도봉2동","저소득노인","65~79세","","","","","","409","53","50","68","65","61","53","45","36","45","45",
"도봉2동","저소득노인","80세 이상","","","","","","63","35","42","44","43","36","41","37","33","48","39",
"도봉2동","일   반","계","","","","","","207","751","691","814","824","914","973","984","1041","1087","1248",
"도봉2동","일   반","65~79세","","","","","","133","567","557","641","656","690","706","770","791","820","922",
"도봉2동","일   반","80세 이상","","","","","","74","184","134","173","168","224","267","214","250","267","326",
"쌍문1동","합계","계","","","","","","402","812","758","796","838","929","961","1003","1084","1144","1295",
"쌍문1동","합계","65~79세","","","","","","331","599","595","603","628","691","708","731","784","810","917",
"쌍문1동","합계","80세 이상","","","","","","71","213","163","193","210","238","253","272","300","334","378",
"쌍문1동","국민기초생활보장 수급권자","계","","","","","","72","111","118","139","201","226","271","324","346","358","424",
"쌍문1동","국민기초생활보장 수급권자","65~79세","","","","","","53","77","74","87","128","140","211","202","202","215","269",
"쌍문1동","국민기초생활보장 수급권자","80세 이상","","","","","","19","34","44","52","73","86","60","122","144","143","155",
"쌍문1동","저소득노인","계","","","","","","181","59","64","58","75","73","61","56","52","113","115",
"쌍문1동","저소득노인","65~79세","","","","","","155","44","44","41","46","46","36","32","33","74","74",
"쌍문1동","저소득노인","80세 이상","","","","","","26","15","20","17","29","27","25","24","19","39","41",
"쌍문1동","일   반","계","","","","","","149","642","576","599","562","630","629","623","686","673","756",
"쌍문1동","일   반","65~79세","","","","","","123","478","477","475","454","505","461","497","549","521","574",
"쌍문1동","일   반","80세 이상","","","","","","26","164","99","124","108","125","168","126","137","152","182",
"쌍문2동","합계","계","","","","","","647","788","755","781","844","924","971","1043","1126","1220","1351",
"쌍문2동","합계","65~79세","","","","","","519","540","539","553","596","641","692","720","772","846","955",
"쌍문2동","합계","80세 이상","","","","","","128","248","216","228","248","283","279","323","354","374","396",
"쌍문2동","국민기초생활보장 수급권자","계","","","","","","106","99","98","112","164","179","232","278","313","375","431",
"쌍문2동","국민기초생활보장 수급권자","65~79세","","","","","","75","62","65","80","111","123","194","181","196","241","287",
"쌍문2동","국민기초생활보장 수급권자","80세 이상","","","","","","31","37","33","32","53","56","38","97","117","134","144",
"쌍문2동","저소득노인","계","","","","","","375","57","59","61","77","88","82","76","65","101","91",
"쌍문2동","저소득노인","65~79세","","","","","","293","34","34","36","40","45","48","37","28","57","54",
"쌍문2동","저소득노인","80세 이상","","","","","","82","23","25","25","37","43","34","39","37","44","37",
"쌍문2동","일   반","계","","","","","","166","632","598","608","603","657","657","689","748","744","829",
"쌍문2동","일   반","65~79세","","","","","","151","444","440","437","445","473","450","502","548","548","614",
"쌍문2동","일   반","80세 이상","","","","","","15","188","158","171","158","184","207","187","200","196","215",
"쌍문3동","합계","계","","","","","","707","609","588","615","665","736","794","873","915","974","1054",
"쌍문3동","합계","65~79세","","","","","","599","475","485","501","523","568","637","686","687","715","752",
"쌍문3동","합계","80세 이상","","","","","","108","134","103","114","142","168","157","187","228","259","302",
"쌍문3동","국민기초생활보장 수급권자","계","","","","","","116","87","78","81","120","150","207","265","277","291","306",
"쌍문3동","국민기초생활보장 수급권자","65~79세","","","","","","88","66","56","57","78","101","169","181","191","196","206",
"쌍문3동","국민기초생활보장 수급권자","80세 이상","","","","","","28","21","22","24","42","49","38","84","86","95","100",
"쌍문3동","저소득노인","계","","","","","","358","29","26","37","51","55","60","42","40","82","70",
"쌍문3동","저소득노인","65~79세","","","","","","301","17","16","23","36","38","39","30","25","48","41",
"쌍문3동","저소득노인","80세 이상","","","","","","57","12","10","14","15","17","21","12","15","34","29",
"쌍문3동","일   반","계","","","","","","233","493","484","497","494","531","527","566","598","601","678",
"쌍문3동","일   반","65~79세","","","","","","210","392","413","421","409","429","429","475","471","471","505",
"쌍문3동","일   반","80세 이상","","","","","","23","101","71","76","85","102","98","91","127","130","173",
"쌍문4동","합계","계","","","","","","574","438","399","431","438","481","506","541","588","645","725",
"쌍문4동","합계","65~79세","","","","","","429","290","270","298","290","310","342","358","392","424","489",
"쌍문4동","합계","80세 이상","","","","","","145","148","129","133","148","171","164","183","196","221","236",
"쌍문4동","국민기초생활보장 수급권자","계","","","","","","32","39","32","37","46","52","57","73","82","108","127",
"쌍문4동","국민기초생활보장 수급권자","65~79세","","","","","","17","23","20","23","27","25","44","30","34","24","64",
"쌍문4동","국민기초생활보장 수급권자","80세 이상","","","","","","15","16","12","14","19","27","13","43","48","84","63",
"쌍문4동","저소득노인","계","","","","","","306","16","14","15","18","16","31","27","29","47","53",
"쌍문4동","저소득노인","65~79세","","","","","","221","10","9","8","10","9","19","12","14","25","25",
"쌍문4동","저소득노인","80세 이상","","","","","","85","6","5","7","8","7","12","15","15","22","28",
"쌍문4동","일   반","계","","","","","","236","383","353","379","374","413","418","441","477","490","545",
"쌍문4동","일   반","65~79세","","","","","","191","257","241","267","253","276","279","316","344","375","400",
"쌍문4동","일   반","80세 이상","","","","","","45","126","112","112","121","137","139","125","133","115","145",
"방학1동","합계","계","","","","","","463","1002","986","1065","1159","1283","1298","1420","1547","1666","1872",
"방학1동","합계","65~79세","","","","","","359","772","787","826","883","961","984","1091","1190","1254","1410",
"방학1동","합계","80세 이상","","","","","","104","230","199","239","276","322","314","329","357","412","462",
"방학1동","국민기초생활보장 수급권자","계","","","","","","99","232","160","186","274","325","389","483","546","604","652",
"방학1동","국민기초생활보장 수급권자","65~79세","","","","","","71","181","123","147","199","237","323","360","404","448","486",
"방학1동","국민기초생활보장 수급권자","80세 이상","","","","","","28","51","37","39","75","88","66","123","142","156","166",
"방학1동","저소득노인","계","","","","","","233","75","86","89","95","90","79","72","53","86","86",
"방학1동","저소득노인","65~79세","","","","","","182","35","59","57","63","50","44","39","28","48","50",
"방학1동","저소득노인","80세 이상","","","","","","51","40","27","32","32","40","35","33","25","38","36",
"방학1동","일   반","계","","","","","","131","695","740","790","790","868","830","865","948","976","1134",
"방학1동","일   반","65~79세","","","","","","106","556","605","622","621","674","617","692","758","758","874",
"방학1동","일   반","80세 이상","","","","","","25","139","135","168","169","194","213","173","190","218","260",
"방학2동","합계","계","","","","","","1091","966","934","1009","1073","1191","1237","1327","1446","1548","1722",
"방학2동","합계","65~79세","","","","","","854","736","745","777","830","905","961","1004","1077","1141","1266",
"방학2동","합계","80세 이상","","","","","","237","230","189","232","243","286","276","323","369","407","456",
"방학2동","국민기초생활보장 수급권자","계","","","","","","208","249","237","258","349","402","456","544","649","717","797",
"방학2동","국민기초생활보장 수급권자","65~79세","","","","","","160","178","170","181","241","265","368","359","434","481","530",
"방학2동","국민기초생활보장 수급권자","80세 이상","","","","","","48","71","67","77","108","137","88","185","215","236","267",
"방학2동","저소득노인","계","","","","","","606","114","114","122","109","103","93","77","71","112","117",
"방학2동","저소득노인","65~79세","","","","","","473","73","64","66","58","49","52","39","35","73","75",
"방학2동","저소득노인","80세 이상","","","","","","133","41","50","56","51","54","41","38","36","39","42",
"방학2동","일   반","계","","","","","","277","603","583","629","615","686","688","706","726","719","808",
"방학2동","일   반","65~79세","","","","","","221","485","511","530","531","591","541","606","608","587","661",
"방학2동","일   반","80세 이상","","","","","","56","118","72","99","84","95","147","100","118","132","147",
"방학3동","합계","계","","","","","","673","700","646","655","693","764","793","894","926","998","1116",
"방학3동","합계","65~79세","","","","","","491","446","426","435","463","511","538","617","611","640","712",
"방학3동","합계","80세 이상","","","","","","182","254","220","220","230","253","255","277","315","358","404",
"방학3동","국민기초생활보장 수급권자","계","","","","","","31","40","39","46","67","74","85","86","100","116","135",
"방학3동","국민기초생활보장 수급권자","65~79세","","","","","","20","26","22","29","29","35","63","38","48","62","69",
"방학3동","국민기초생활보장 수급권자","80세 이상","","","","","","11","14","17","17","38","39","22","48","52","54","66",
"방학3동","저소득노인","계","","","","","","379","33","33","34","28","39","48","40","35","77","78",
"방학3동","저소득노인","65~79세","","","","","","292","19","21","19","17","21","28","25","20","37","38",
"방학3동","저소득노인","80세 이상","","","","","","87","14","12","15","11","18","20","15","15","40","40",
"방학3동","일   반","계","","","","","","263","627","574","575","598","651","660","768","791","805","903",
"방학3동","일   반","65~79세","","","","","","179","401","383","387","417","455","447","554","543","541","605",
"방학3동","일   반","80세 이상","","","","","","84","226","191","188","181","196","213","214","248","264","298",
"노원구","합계","계","","12730","12713","14679","15107","16632","17285","17944","18895","19929","21249","21899","23770","24701","36839","27817",
"노원구","합계","65~79세","","10112","9888","11230","11602","12772","13334","13834","13999","12994","14581","16260","17416","17764","25500","19596",
"노원구","합계","80세 이상","","2618","2825","3449","3505","3860","3951","4110","4896","6935","6668","5639","6354","6937","11339","8221",
"노원구","국민기초생활보장 수급권자","계","","2610","2880","3037","3916","4043","4200","4360","4585","4903","6471","7505","8770","9519","10115","10894",
"노원구","국민기초생활보장 수급권자","65~79세","","1932","2048","2132","2842","2935","3067","3182","3151","3271","4538","5239","5917","6272","6657","7169",
"노원구","국민기초생활보장 수급권자","80세 이상","","678","832","905","1074","1108","1133","1178","1434","1632","1933","2266","2853","3247","3458","3725",
"노원구","저소득노인","계","","843","665","786","1267","1381","1434","1489","1574","1634","1964","2241","830","738","482","551",
"노원구","저소득노인","65~79세","","660","517","576","905","986","1043","1082","1107","1019","1068","1380","460","383","211","251",
"노원구","저소득노인","80세 이상","","183","148","210","362","395","391","407","467","615","896","861","370","355","271","300",
"노원구","일   반","계","","9277","9168","10856","9924","11208","11651","12095","12736","13392","12814","12153","14170","14444","26242","16372",
"노원구","일   반","65~79세","","7520","7323","8522","7855","8851","9224","9570","9741","8704","8975","9641","11039","11109","18632","12176",
"노원구","일   반","80세 이상","","1757","1845","2334","2069","2357","2427","2525","2995","4688","3839","2512","3131","3335","7610","4196",
"월계1동","합계","계","","","","","","686","721","764","839","905","937","924","969","987","1374","1121",
"월계1동","합계","65~79세","","","","","","556","584","616","659","639","682","735","748","726","984","806",
"월계1동","합계","80세 이상","","","","","","130","137","148","180","266","255","189","221","261","390","315",
"월계1동","국민기초생활보장 수급권자","계","","","","","","94","94","99","119","138","197","224","268","262","299","320",
"월계1동","국민기초생활보장 수급권자","65~79세","","","","","","79","77","82","98","102","147","167","190","180","204","218",
"월계1동","국민기초생활보장 수급권자","80세 이상","","","","","","15","17","17","21","36","50","57","78","82","95","102",
"월계1동","저소득노인","계","","","","","","30","30","29","32","54","65","76","29","32","19","17",
"월계1동","저소득노인","65~79세","","","","","","22","22","21","21","37","28","46","16","13","6","8",
"월계1동","저소득노인","80세 이상","","","","","","8","8","8","11","17","37","30","13","19","13","9",
"월계1동","일   반","계","","","","","","562","597","636","688","713","675","624","672","693","1056","784",
"월계1동","일   반","65~79세","","","","","","455","485","513","540","500","507","522","542","533","774","580",
"월계1동","일   반","80세 이상","","","","","","107","112","123","148","213","168","102","130","160","282","204",
"월계2동","합계","계","","","","","","1241","1284","1338","1399","1495","1646","1734","1839","1925","3183","2127",
"월계2동","합계","65~79세","","","","","","927","954","993","1040","998","1166","1339","1406","1454","2286","1574",
"월계2동","합계","80세 이상","","","","","","314","330","345","359","497","480","395","433","471","897","553",
"월계2동","국민기초생활보장 수급권자","계","","","","","","517","534","551","533","639","798","924","1019","1055","1107","1163",
"월계2동","국민기초생활보장 수급권자","65~79세","","","","","","368","377","389","340","410","550","650","703","721","751","788",
"월계2동","국민기초생활보장 수급권자","80세 이상","","","","","","149","157","162","193","229","248","274","316","334","356","375",
"월계2동","저소득노인","계","","","","","","138","149","153","162","183","171","181","55","58","39","33",
"월계2동","저소득노인","65~79세","","","","","","87","95","97","97","93","75","118","34","35","26","22",
"월계2동","저소득노인","80세 이상","","","","","","51","54","56","65","90","96","63","21","23","13","11",
"월계2동","일   반","계","","","","","","586","601","634","704","673","677","629","765","812","2037","931",
"월계2동","일   반","65~79세","","","","","","472","482","507","603","495","541","571","669","698","1509","764",
"월계2동","일   반","80세 이상","","","","","","114","119","127","101","178","136","58","96","114","528","167",
"월계3동","합계","계","","","","","","1088","1137","1200","1233","1288","1410","1498","1663","1732","2613","2009",
"월계3동","합계","65~79세","","","","","","841","882","930","950","874","990","1122","1219","1251","1836","1412",
"월계3동","합계","80세 이상","","","","","","247","255","270","283","414","420","376","444","481","777","597",
"월계3동","국민기초생활보장 수급권자","계","","","","","","324","335","351","357","357","491","544","639","705","760","829",
"월계3동","국민기초생활보장 수급권자","65~79세","","","","","","231","240","256","247","247","343","388","448","476","517","563",
"월계3동","국민기초생활보장 수급권자","80세 이상","","","","","","93","95","95","110","110","148","156","191","229","243","266",
"월계3동","저소득노인","계","","","","","","84","88","92","86","106","125","146","56","46","26","28",
"월계3동","저소득노인","65~79세","","","","","","68","72","76","70","86","63","95","30","21","14","13",
"월계3동","저소득노인","80세 이상","","","","","","16","16","16","16","20","62","51","26","25","12","15",
"월계3동","일   반","계","","","","","","680","714","757","790","825","794","808","968","981","1827","1152",
"월계3동","일   반","65~79세","","","","","","542","570","598","633","541","584","639","741","754","1305","836",
"월계3동","일   반","80세 이상","","","","","","138","144","159","157","284","210","169","227","227","522","316",
"공릉1동","합계","계","","","","","","1128","1115","1166","1346","1463","1584","1676","1810","1916","1480","2183",
"공릉1동","합계","65~79세","","","","","","866","851","891","1034","1028","1172","1327","1422","1486","1026","1652",
"공릉1동","합계","80세 이상","","","","","","262","264","275","312","435","412","349","388","430","454","531",
"공릉1동","국민기초생활보장 수급권자","계","","","","","","341","352","359","418","426","511","631","733","788","845","896",
"공릉1동","국민기초생활보장 수급권자","65~79세","","","","","","234","248","247","288","260","360","458","532","568","605","639",
"공릉1동","국민기초생활보장 수급권자","80세 이상","","","","","","107","104","112","130","166","151","173","201","220","240","257",
"공릉1동","저소득노인","계","","","","","","84","87","94","109","118","115","121","47","44","28","33",
"공릉1동","저소득노인","65~79세","","","","","","51","54","58","64","71","71","68","21","18","7","14",
"공릉1동","저소득노인","80세 이상","","","","","","33","33","36","45","47","44","53","26","26","21","19",
"공릉1동","일   반","계","","","","","","703","676","713","819","919","958","924","1030","1084","607","1254",
"공릉1동","일   반","65~79세","","","","","","581","549","586","682","697","741","801","869","900","414","999",
"공릉1동","일   반","80세 이상","","","","","","122","127","127","137","222","217","123","161","184","193","255",
"공릉2동","합계","계","","","","","","837","862","910","863","903","981","1012","1130","1194","2407","1360",
"공릉2동","합계","65~79세","","","","","","648","677","720","631","581","669","745","849","906","1803","995",
"공릉2동","합계","80세 이상","","","","","","189","185","190","232","322","312","267","281","288","604","365",
"공릉2동","국민기초생활보장 수급권자","계","","","","","","96","97","101","90","96","182","197","245","300","319","345",
"공릉2동","국민기초생활보장 수급권자","65~79세","","","","","","64","67","71","53","58","142","142","166","201","210","230",
"공릉2동","국민기초생활보장 수급권자","80세 이상","","","","","","32","30","30","37","38","40","55","79","99","109","115",
"공릉2동","저소득노인","계","","","","","","46","46","48","43","48","64","71","35","37","21","32",
"공릉2동","저소득노인","65~79세","","","","","","31","32","34","28","27","24","40","14","18","8","15",
"공릉2동","저소득노인","80세 이상","","","","","","15","14","14","15","21","40","31","21","19","13","17",
"공릉2동","일   반","계","","","","","","695","719","761","730","759","735","744","850","857","2067","983",
"공릉2동","일   반","65~79세","","","","","","553","578","615","550","496","503","563","669","687","1585","750",
"공릉2동","일   반","80세 이상","","","","","","142","141","146","180","263","232","181","181","170","482","233",
"하계1동","합계","계","","","","","","1023","1077","1109","1149","1243","1346","1482","1590","1633","2363","1831",
"하계1동","합계","65~79세","","","","","","753","798","814","858","815","928","1111","1164","1173","1684","1305",
"하계1동","합계","80세 이상","","","","","","270","279","295","291","428","418","371","426","460","679","526",
"하계1동","국민기초생활보장 수급권자","계","","","","","","428","443","456","456","470","695","828","947","1001","1047","1121",
"하계1동","국민기초생활보장 수급권자","65~79세","","","","","","323","338","348","326","332","513","597","664","684","720","778",
"하계1동","국민기초생활보장 수급권자","80세 이상","","","","","","105","105","108","130","138","182","231","283","317","327","343",
"하계1동","저소득노인","계","","","","","","91","96","97","101","120","139","108","46","38","27","27",
"하계1동","저소득노인","65~79세","","","","","","67","69","68","66","71","61","71","33","26","13","12",
"하계1동","저소득노인","80세 이상","","","","","","24","27","29","35","49","78","37","13","12","14","15",
"하계1동","일   반","계","","","","","","504","538","556","592","653","512","546","597","594","1289","683",
"하계1동","일   반","65~79세","","","","","","363","391","398","466","412","354","443","467","463","951","515",
"하계1동","일   반","80세 이상","","","","","","141","147","158","126","241","158","103","130","131","338","168",
"하계2동","합계","계","","","","","","562","581","610","602","639","668","709","799","850","2089","950",
"하계2동","합계","65~79세","","","","","","429","447","471","435","410","444","499","559","589","1441","633",
"하계2동","합계","80세 이상","","","","","","133","134","139","167","229","224","210","240","261","648","317",
"하계2동","국민기초생활보장 수급권자","계","","","","","","136","145","149","153","162","208","248","291","334","360","386",
"하계2동","국민기초생활보장 수급권자","65~79세","","","","","","104","111","115","106","107","154","183","194","212","215","229",
"하계2동","국민기초생활보장 수급권자","80세 이상","","","","","","32","34","34","47","55","54","65","97","122","145","157",
"하계2동","저소득노인","계","","","","","","54","54","55","51","53","84","112","35","27","18","30",
"하계2동","저소득노인","65~79세","","","","","","43","44","45","37","38","38","76","21","17","13","16",
"하계2동","저소득노인","80세 이상","","","","","","11","10","10","14","15","46","36","14","10","5","14",
"하계2동","일   반","계","","","","","","372","382","406","398","424","376","349","473","489","1711","534",
"하계2동","일   반","65~79세","","","","","","282","292","311","292","265","252","240","344","360","1213","388",
"하계2동","일   반","80세 이상","","","","","","90","90","95","106","159","124","109","129","129","498","146",
"중계본동","합계","계","","","","","","565","607","634","640","636","644","556","588","572","1033","554",
"중계본동","합계","65~79세","","","","","","423","463","485","471","411","434","404","433","407","680","378",
"중계본동","합계","80세 이상","","","","","","142","144","149","169","225","210","152","155","165","353","176",
"중계본동","국민기초생활보장 수급권자","계","","","","","","83","85","89","95","91","96","109","130","126","124","123",
"중계본동","국민기초생활보장 수급권자","65~79세","","","","","","67","71","75","75","71","67","72","84","77","74","73",
"중계본동","국민기초생활보장 수급권자","80세 이상","","","","","","16","14","14","20","20","29","37","46","49","50","50",
"중계본동","저소득노인","계","","","","","","51","51","53","53","57","88","100","32","25","18","21",
"중계본동","저소득노인","65~79세","","","","","","40","41","43","39","41","40","63","17","14","3","10",
"중계본동","저소득노인","80세 이상","","","","","","11","10","10","14","16","48","37","15","11","15","11",
"중계본동","일   반","계","","","","","","431","471","492","492","488","460","347","426","421","891","410",
"중계본동","일   반","65~79세","","","","","","316","351","367","357","299","327","269","332","316","603","295",
"중계본동","일   반","80세 이상","","","","","","115","120","125","135","189","133","78","94","105","288","115",
"중계1동","합계","계","","","","","","421","448","473","474","500","504","491","542","559","808","648",
"중계1동","합계","65~79세","","","","","","316","342","363","340","301","322","347","381","384","546","447",
"중계1동","합계","80세 이상","","","","","","105","106","110","134","199","182","144","161","175","262","201",
"중계1동","국민기초생활보장 수급권자","계","","","","","","76","78","82","80","86","129","149","171","196","214","260",
"중계1동","국민기초생활보장 수급권자","65~79세","","","","","","59","63","67","59","62","85","92","103","117","135","167",
"중계1동","국민기초생활보장 수급권자","80세 이상","","","","","","17","15","15","21","24","44","57","68","79","79","93",
"중계1동","저소득노인","계","","","","","","32","32","34","32","42","61","65","21","19","13","13",
"중계1동","저소득노인","65~79세","","","","","","22","23","25","19","25","29","42","8","8","5","7",
"중계1동","저소득노인","80세 이상","","","","","","10","9","9","13","17","32","23","13","11","8","6",
"중계1동","일   반","계","","","","","","313","338","357","362","372","314","277","350","344","581","375",
"중계1동","일   반","65~79세","","","","","","235","256","271","262","214","208","213","270","259","406","273",
"중계1동","일   반","80세 이상","","","","","","78","82","86","100","158","106","64","80","85","175","102",
"중계4동","합계","계","","","","","","780","816","845","935","991","1108","1206","1284","1328","1355","1461",
"중계4동","합계","65~79세","","","","","","623","651","675","718","682","793","896","938","949","908","1007",
"중계4동","합계","80세 이상","","","","","","157","165","170","217","309","315","310","346","379","447","454",
"중계4동","국민기초생활보장 수급권자","계","","","","","","239","244","257","268","287","482","556","650","696","745","783",
"중계4동","국민기초생활보장 수급권자","65~79세","","","","","","176","179","187","190","206","339","395","448","464","496","509",
"중계4동","국민기초생활보장 수급권자","80세 이상","","","","","","63","65","70","78","81","143","161","202","232","249","274",
"중계4동","저소득노인","계","","","","","","104","106","111","120","124","133","131","43","30","24","26",
"중계4동","저소득노인","65~79세","","","","","","78","78","81","87","89","86","79","21","10","8","11",
"중계4동","저소득노인","80세 이상","","","","","","26","28","30","33","35","47","52","22","20","16","15",
"중계4동","일   반","계","","","","","","437","466","477","547","580","493","519","591","602","586","652",
"중계4동","일   반","65~79세","","","","","","369","394","407","441","387","368","422","469","475","404","487",
"중계4동","일   반","80세 이상","","","","","","68","72","70","106","193","125","97","122","127","182","165",
"중계2.3동","합계","계","","","","","","1583","1641","1703","1965","2106","2227","2349","2530","2594","2408","2836",
"중계2.3동","합계","65~79세","","","","","","1261","1311","1358","1441","1343","1511","1708","1792","1807","1547","1897",
"중계2.3동","합계","80세 이상","","","","","","322","330","345","524","763","716","641","738","787","861","939",
"중계2.3동","국민기초생활보장 수급권자","계","","","","","","607","638","658","752","764","976","1106","1288","1405","1463","1558",
"중계2.3동","국민기초생활보장 수급권자","65~79세","","","","","","440","462","474","537","528","687","771","858","909","923","964",
"중계2.3동","국민기초생활보장 수급권자","80세 이상","","","","","","167","176","184","215","236","289","335","430","496","540","594",
"중계2.3동","저소득노인","계","","","","","","239","256","265","284","287","293","286","100","89","60","72",
"중계2.3동","저소득노인","65~79세","","","","","","205","219","226","234","145","199","196","66","59","35","40",
"중계2.3동","저소득노인","80세 이상","","","","","","34","37","39","50","142","94","90","34","30","25","32",
"중계2.3동","일   반","계","","","","","","737","747","780","929","1055","958","957","1142","1100","885","1206",
"중계2.3동","일   반","65~79세","","","","","","616","630","658","670","670","625","741","868","839","589","893",
"중계2.3동","일   반","80세 이상","","","","","","121","117","122","259","385","333","216","274","261","296","313",
"상계1동","합계","계","","","","","","989","1025","1061","1201","1252","1365","1378","1522","1633","2006","1924",
"상계1동","합계","65~79세","","","","","","807","838","869","880","812","933","1045","1126","1188","1362","1364",
"상계1동","합계","80세 이상","","","","","","182","187","192","321","440","432","333","396","445","644","560",
"상계1동","국민기초생활보장 수급권자","계","","","","","","205","211","221","244","260","320","374","460","543","580","642",
"상계1동","국민기초생활보장 수급권자","65~79세","","","","","","127","130","135","131","144","207","245","285","333","358","392",
"상계1동","국민기초생활보장 수급권자","80세 이상","","","","","","78","81","86","113","116","113","129","175","210","222","250",
"상계1동","저소득노인","계","","","","","","84","84","87","102","112","115","155","59","52","36","35",
"상계1동","저소득노인","65~79세","","","","","","53","55","56","69","68","65","89","40","35","17","14",
"상계1동","저소득노인","80세 이상","","","","","","31","29","31","33","44","50","66","19","17","19","21",
"상계1동","일   반","계","","","","","","700","730","753","855","880","930","849","1003","1038","1390","1247",
"상계1동","일   반","65~79세","","","","","","627","653","678","680","600","661","711","801","820","987","958",
"상계1동","일   반","80세 이상","","","","","","73","77","75","175","280","269","138","202","218","403","289",
"상계2동","합계","계","","","","","","576","596","627","688","711","753","767","854","895","3007","1037",
"상계2동","합계","65~79세","","","","","","446","465","492","518","481","537","589","641","654","2044","748",
"상계2동","합계","80세 이상","","","","","","130","131","135","170","230","216","178","213","241","963","289",
"상계2동","국민기초생활보장 수급권자","계","","","","","","108","108","111","122","132","195","223","258","289","259","356",
"상계2동","국민기초생활보장 수급권자","65~79세","","","","","","76","79","82","84","90","139","158","178","201","186","256",
"상계2동","국민기초생활보장 수급권자","80세 이상","","","","","","32","29","29","38","42","56","65","80","88","73","100",
"상계2동","저소득노인","계","","","","","","51","54","55","62","72","62","84","35","28","19","22",
"상계2동","저소득노인","65~79세","","","","","","41","44","45","49","52","31","52","16","7","3","3",
"상계2동","저소득노인","80세 이상","","","","","","10","10","10","13","20","31","32","19","21","16","19",
"상계2동","일   반","계","","","","","","417","434","461","504","507","496","460","561","578","2729","659",
"상계2동","일   반","65~79세","","","","","","329","342","365","385","339","367","379","447","446","1855","489",
"상계2동","일   반","80세 이상","","","","","","88","92","96","119","168","129","81","114","132","874","170",
"상계3.4동","합계","계","","","","","","1665","1736","1718","1697","1760","1827","1813","1972","1977","2404","2245",
"상계3.4동","합계","65~79세","","","","","","1353","1413","1388","1295","1153","1261","1354","1465","1422","1564","1600",
"상계3.4동","합계","80세 이상","","","","","","312","323","330","402","607","566","459","507","555","840","645",
"상계3.4동","국민기초생활보장 수급권자","계","","","","","","472","502","520","515","566","640","762","871","921","957","1006",
"상계3.4동","국민기초생활보장 수급권자","65~79세","","","","","","369","390","402","380","387","447","520","583","590","611","653",
"상계3.4동","국민기초생활보장 수급권자","80세 이상","","","","","","103","112","118","135","179","193","242","288","331","346","353",
"상계3.4동","저소득노인","계","","","","","","129","133","139","144","38","209","269","99","80","51","56",
"상계3.4동","저소득노인","65~79세","","","","","","90","96","100","100","26","138","172","54","38","20","20",
"상계3.4동","저소득노인","80세 이상","","","","","","39","37","39","44","12","71","97","45","42","31","36",
"상계3.4동","일   반","계","","","","","","1064","1101","1059","1038","1156","978","782","1002","976","1396","1183",
"상계3.4동","일   반","65~79세","","","","","","894","927","886","815","740","676","662","828","794","933","927",
"상계3.4동","일   반","80세 이상","","","","","","170","174","173","223","416","302","120","174","182","463","256",
"상계5동","합계","계","","","","","","970","1030","1063","1219","1281","1336","1333","1455","1547","2374","1746",
"상계5동","합계","65~79세","","","","","","754","809","833","923","848","917","1012","1070","1096","1688","1209",
"상계5동","합계","80세 이상","","","","","","216","221","230","296","433","419","321","385","451","686","537",
"상계5동","국민기초생활보장 수급권자","계","","","","","","181","195","204","232","247","321","355","447","495","579","614",
"상계5동","국민기초생활보장 수급권자","65~79세","","","","","","133","145","149","167","175","221","251","297","323","393","426",
"상계5동","국민기초생활보장 수급권자","80세 이상","","","","","","48","50","55","65","72","100","104","150","172","186","188",
"상계5동","저소득노인","계","","","","","","70","71","75","87","89","118","151","61","56","34","43",
"상계5동","저소득노인","65~79세","","","","","","48","50","53","61","62","69","86","37","32","20","23",
"상계5동","저소득노인","80세 이상","","","","","","22","21","22","26","27","49","65","24","24","14","20",
"상계5동","일   반","계","","","","","","719","764","784","900","945","897","827","947","996","1761","1089",
"상계5동","일   반","65~79세","","","","","","573","614","631","695","611","627","675","736","741","1275","760",
"상계5동","일   반","80세 이상","","","","","","146","150","153","205","334","270","152","211","255","486","329",
"상계6.7동","합계","계","","","","","","994","1035","1072","1045","1095","1164","1165","1253","1305","929","1459",
"상계6.7동","합계","65~79세","","","","","","675","710","732","691","624","706","778","845","873","601","983",
"상계6.7동","합계","80세 이상","","","","","","319","325","340","354","471","458","387","408","432","328","476",
"상계6.7동","국민기초생활보장 수급권자","계","","","","","","48","48","52","51","58","88","116","142","165","188","210",
"상계6.7동","국민기초생활보장 수급권자","65~79세","","","","","","31","33","37","31","38","50","64","79","92","111","126",
"상계6.7동","국민기초생활보장 수급권자","80세 이상","","","","","","17","15","15","20","20","38","52","63","73","77","84",
"상계6.7동","저소득노인","계","","","","","","32","32","34","33","41","48","63","29","33","26","30",
"상계6.7동","저소득노인","65~79세","","","","","","20","22","24","23","33","23","23","10","15","6","13",
"상계6.7동","저소득노인","80세 이상","","","","","","12","10","10","10","8","25","40","19","18","20","17",
"상계6.7동","일   반","계","","","","","","914","955","986","961","996","1028","986","1082","1107","715","1219",
"상계6.7동","일   반","65~79세","","","","","","624","655","671","637","553","633","691","756","766","484","844",
"상계6.7동","일   반","80세 이상","","","","","","290","300","315","324","443","395","295","326","341","231","375",
"상계8동","합계","계","","","","","","477","488","511","506","537","582","594","639","659","1034","748",
"상계8동","합계","65~79세","","","","","","351","362","382","359","334","384","433","453","454","733","514",
"상계8동","합계","80세 이상","","","","","","126","126","129","147","203","198","161","186","205","301","234",
"상계8동","국민기초생활보장 수급권자","계","","","","","","26","27","30","31","38","34","35","45","53","64","78",
"상계8동","국민기초생활보장 수급권자","65~79세","","","","","","15","16","19","5","11","21","17","22","26","32","38",
"상계8동","국민기초생활보장 수급권자","80세 이상","","","","","","11","11","11","26","27","13","18","23","27","32","40",
"상계8동","저소득노인","계","","","","","","18","19","20","22","28","18","40","10","7","4","8",
"상계8동","저소득노인","65~79세","","","","","","2","4","5","16","18","6","22","4","3","2","2",
"상계8동","저소득노인","80세 이상","","","","","","16","15","15","6","10","12","18","6","4","2","6",
"상계8동","일   반","계","","","","","","433","442","461","453","471","530","519","584","599","966","662",
"상계8동","일   반","65~79세","","","","","","334","342","358","338","305","357","394","427","425","699","474",
"상계8동","일   반","80세 이상","","","","","","99","100","103","115","166","173","125","157","174","267","188",
"상계9동","합계","계","","","","","","585","605","636","683","698","723","729","777","826","2240","943",
"상계9동","합계","65~79세","","","","","","426","446","473","476","414","455","485","522","559","1573","636",
"상계9동","합계","80세 이상","","","","","","159","159","163","207","284","268","244","255","267","667","307",
"상계9동","국민기초생활보장 수급권자","계","","","","","","32","32","35","41","52","62","72","97","111","126","125",
"상계9동","국민기초생활보장 수급권자","65~79세","","","","","","19","20","23","24","30","39","39","54","62","73","75",
"상계9동","국민기초생활보장 수급권자","80세 이상","","","","","","13","12","12","17","22","23","33","43","49","53","50",
"상계9동","저소득노인","계","","","","","","25","25","26","31","36","41","61","25","25","10","15",
"상계9동","저소득노인","65~79세","","","","","","11","14","15","17","22","17","31","11","8","2","5",
"상계9동","저소득노인","80세 이상","","","","","","14","11","11","14","14","24","30","14","17","8","10",
"상계9동","일   반","계","","","","","","528","548","575","611","610","620","596","655","690","2104","803",
"상계9동","일   반","65~79세","","","","","","396","412","435","435","362","399","415","457","489","1498","556",
"상계9동","일   반","80세 이상","","","","","","132","136","140","176","248","221","181","198","201","606","247",
"상계10동","합계","계","","","","","","462","481","504","411","426","444","483","554","569","1732","635",
"상계10동","합계","65~79세","","","","","","317","331","349","280","246","277","331","383","386","1194","436",
"상계10동","합계","80세 이상","","","","","","145","150","155","131","180","167","152","171","183","538","199",
"상계10동","국민기초생활보장 수급권자","계","","","","","","30","32","35","28","34","46","52","69","74","79","79",
"상계10동","국민기초생활보장 수급권자","65~79세","","","","","","20","21","24","10","13","27","30","29","36","43","45",
"상계10동","국민기초생활보장 수급권자","80세 이상","","","","","","10","11","11","18","21","19","22","40","38","36","34",
"상계10동","저소득노인","계","","","","","","19","21","22","20","26","15","21","13","12","9","10",
"상계10동","저소득노인","65~79세","","","","","","7","9","10","10","15","5","11","7","6","3","3",
"상계10동","저소득노인","80세 이상","","","","","","12","12","12","10","11","10","10","6","6","6","7",
"상계10동","일   반","계","","","","","","413","428","447","363","366","383","410","472","483","1644","546",
"상계10동","일   반","65~79세","","","","","","290","301","315","260","218","245","290","347","344","1148","388",
"상계10동","일   반","80세 이상","","","","","","123","127","132","103","148","138","120","125","139","496","158",
"은평구","합계","계","","12401","11796","12716","13834","15424","14849","16628","17971","18865","19974","19437","20800","22087","23291","24602",
"은평구","합계","65~79세","","10484","9862","10029","10909","12182","10817","12228","13178","13517","14907","14671","13782","16276","16905","16066",
"은평구","합계","80세 이상","","1917","1934","2687","2925","3242","4032","4400","4793","5348","5067","4766","7018","5811","6386","8536",
"은평구","국민기초생활보장 수급권자","계","","1795","2080","2295","2477","2652","3011","3374","3753","4617","4756","1718","6273","6927","7630","8985",
"은평구","국민기초생활보장 수급권자","65~79세","","1386","1555","1652","1818","1919","1995","2439","2631","3158","3286","679","4267","4617","5095","5930",
"은평구","국민기초생활보장 수급권자","80세 이상","","409","525","643","659","733","1016","935","1122","1459","1470","1039","2006","2310","2535","3055",
"은평구","저소득노인","계","","299","456","766","602","1008","973","1001","1214","1207","849","1374","695","625","547","1616",
"은평구","저소득노인","65~79세","","235","327","497","402","736","509","622","695","668","471","777","405","354","309","929",
"은평구","저소득노인","80세 이상","","64","129","269","200","272","464","379","519","539","378","597","290","271","238","687",
"은평구","일   반","계","","10307","9260","9655","10755","11764","10865","12253","13004","13041","14369","16345","13832","14535","15114","14001",
"은평구","일   반","65~79세","","8863","7980","7880","8689","9527","8313","9167","9852","9691","11150","13215","9110","11305","11501","9207",
"은평구","일   반","80세 이상","","1444","1280","1775","2066","2237","2552","3086","3152","3350","3219","3130","4722","3230","3613","4794",
"녹번동","합계","계","","","","","","1422","1190","1419","1567","1707","1843","1816","1965","2106","2238","2354",
"녹번동","합계","65~79세","","","","","","1150","853","1049","1164","1186","1396","1371","1605","1549","1626","1704",
"녹번동","합계","80세 이상","","","","","","272","337","370","403","521","447","445","360","557","612","650",
"녹번동","국민기초생활보장 수급권자","계","","","","","","184","204","226","620","303","394","119","524","587","665","793",
"녹번동","국민기초생활보장 수급권자","65~79세","","","","","","124","136","158","392","207","286","48","372","412","461","542",
"녹번동","국민기초생활보장 수급권자","80세 이상","","","","","","60","68","68","228","96","108","71","152","175","204","251",
"녹번동","저소득노인","계","","","","","","67","78","78","108","94","68","96","57","53","49","122",
"녹번동","저소득노인","65~79세","","","","","","54","27","52","66","50","37","50","30","23","25","76",
"녹번동","저소득노인","80세 이상","","","","","","13","51","26","42","44","31","46","27","30","24","46",
"녹번동","일   반","계","","","","","","1171","908","1115","839","1310","1381","1601","1384","1466","1524","1439",
"녹번동","일   반","65~79세","","","","","","972","690","839","706","929","1073","1273","1203","1114","1140","1086",
"녹번동","일   반","80세 이상","","","","","","199","218","276","133","381","308","328","181","352","384","353",
"불광1동","합계","계","","","","","","1379","1403","1576","1731","1849","1985","1897","1995","2143","2263","2392",
"불광1동","합계","65~79세","","","","","","1113","1019","1142","1246","1272","1467","1421","1636","1550","1621","1726",
"불광1동","합계","80세 이상","","","","","","266","384","434","485","577","518","476","359","593","642","666",
"불광1동","국민기초생활보장 수급권자","계","","","","","","218","244","270","267","375","440","125","601","675","758","820",
"불광1동","국민기초생활보장 수급권자","65~79세","","","","","","179","171","204","191","258","305","51","428","459","514","560",
"불광1동","국민기초생활보장 수급권자","80세 이상","","","","","","39","73","66","76","117","135","74","173","216","244","260",
"불광1동","저소득노인","계","","","","","","134","81","84","100","90","57","102","61","46","42","143",
"불광1동","저소득노인","65~79세","","","","","","107","42","58","53","46","29","59","38","29","22","90",
"불광1동","저소득노인","80세 이상","","","","","","27","39","26","47","44","28","43","23","17","20","53",
"불광1동","일   반","계","","","","","","1027","1078","1222","1364","1384","1488","1670","1333","1422","1463","1429",
"불광1동","일   반","65~79세","","","","","","827","806","880","1002","968","1133","1311","1170","1062","1085","1076",
"불광1동","일   반","80세 이상","","","","","","200","272","342","362","416","355","359","163","360","378","353",
"불광2동","합계","계","","","","","","1327","1316","1392","1489","1548","1669","1729","1817","1989","2113","2235",
"불광2동","합계","65~79세","","","","","","1039","950","1048","1119","1166","1269","1345","1163","1504","1575","1648",
"불광2동","합계","80세 이상","","","","","","288","366","344","370","382","400","384","654","485","538","587",
"불광2동","국민기초생활보장 수급권자","계","","","","","","311","333","352","372","475","542","127","641","718","808","928",
"불광2동","국민기초생활보장 수급권자","65~79세","","","","","","224","240","269","277","321","374","51","453","496","568","635",
"불광2동","국민기초생활보장 수급권자","80세 이상","","","","","","87","93","83","95","154","168","76","188","222","240","293",
"불광2동","저소득노인","계","","","","","","104","89","94","117","123","68","137","57","51","45","152",
"불광2동","저소득노인","65~79세","","","","","","85","44","59","70","79","38","82","34","33","32","88",
"불광2동","저소득노인","80세 이상","","","","","","19","45","35","47","44","30","55","23","18","13","64",
"불광2동","일   반","계","","","","","","912","894","946","1000","950","1059","1465","1119","1220","1260","1155",
"불광2동","일   반","65~79세","","","","","","730","666","720","772","766","857","1212","676","975","975","925",
"불광2동","일   반","80세 이상","","","","","","182","228","226","228","184","202","253","443","245","285","230",
"갈현1동","합계","계","","","","","","889","924","993","1064","1103","1167","1164","1209","853","876","909",
"갈현1동","합계","65~79세","","","","","","733","695","746","795","765","905","911","789","655","667","679",
"갈현1동","합계","80세 이상","","","","","","156","229","247","269","338","262","253","420","198","209","230",
"갈현1동","국민기초생활보장 수급권자","계","","","","","","179","217","240","233","296","335","119","423","358","330","378",
"갈현1동","국민기초생활보장 수급권자","65~79세","","","","","","128","158","171","168","204","241","48","293","229","204","191",
"갈현1동","국민기초생활보장 수급권자","80세 이상","","","","","","51","59","69","65","92","94","71","130","129","126","187",
"갈현1동","저소득노인","계","","","","","","91","76","77","83","77","51","91","49","37","27","63",
"갈현1동","저소득노인","65~79세","","","","","","67","46","59","47","40","31","55","31","21","12","35",
"갈현1동","저소득노인","80세 이상","","","","","","24","30","18","36","37","20","36","18","16","15","28",
"갈현1동","일   반","계","","","","","","619","631","676","748","730","781","954","737","458","519","468",
"갈현1동","일   반","65~79세","","","","","","538","491","516","580","521","633","808","465","405","451","453",
"갈현1동","일   반","80세 이상","","","","","","81","140","160","168","209","148","146","272","53","68","15",
"갈현2동","합계","계","","","","","","795","776","881","923","1013","1051","1051","1128","1223","1295","1407",
"갈현2동","합계","65~79세","","","","","","637","572","661","696","699","803","801","730","923","954","1037",
"갈현2동","합계","80세 이상","","","","","","158","204","220","227","314","248","250","398","300","341","370",
"갈현2동","국민기초생활보장 수급권자","계","","","","","","135","160","189","188","225","248","104","301","352","403","501",
"갈현2동","국민기초생활보장 수급권자","65~79세","","","","","","85","113","134","137","167","185","38","203","236","270","347",
"갈현2동","국민기초생활보장 수급권자","80세 이상","","","","","","50","47","55","51","58","63","66","98","116","133","154",
"갈현2동","저소득노인","계","","","","","","65","52","56","74","74","61","73","45","38","36","96",
"갈현2동","저소득노인","65~79세","","","","","","46","26","24","40","41","32","43","26","17","15","55",
"갈현2동","저소득노인","80세 이상","","","","","","19","26","32","34","33","29","30","19","21","21","41",
"갈현2동","일   반","계","","","","","","595","564","636","661","714","742","874","782","833","856","810",
"갈현2동","일   반","65~79세","","","","","","506","433","503","519","491","586","720","501","670","669","635",
"갈현2동","일   반","80세 이상","","","","","","89","131","133","142","223","156","154","281","163","187","175",
"구산동","합계","계","","","","","","785","766","948","1052","1099","1235","1141","1235","1344","1413","1504",
"구산동","합계","65~79세","","","","","","606","559","682","753","776","900","864","784","997","1033","1103",
"구산동","합계","80세 이상","","","","","","179","207","266","299","323","335","277","451","347","380","401",
"구산동","국민기초생활보장 수급권자","계","","","","","","211","209","235","256","302","280","110","385","415","468","613",
"구산동","국민기초생활보장 수급권자","65~79세","","","","","","113","158","203","194","215","194","43","270","276","306","412",
"구산동","국민기초생활보장 수급권자","80세 이상","","","","","","98","51","32","62","87","86","67","115","139","162","201",
"구산동","저소득노인","계","","","","","","71","52","58","64","61","56","80","50","47","43","89",
"구산동","저소득노인","65~79세","","","","","","42","16","22","23","22","23","38","26","27","27","52",
"구산동","저소득노인","80세 이상","","","","","","29","36","36","41","39","33","42","24","20","16","37",
"구산동","일   반","계","","","","","","503","505","655","732","736","899","951","800","882","902","802",
"구산동","일   반","65~79세","","","","","","451","385","457","536","539","683","783","488","694","700","639",
"구산동","일   반","80세 이상","","","","","","52","120","198","196","197","216","168","312","188","202","163",
"대조동","합계","계","","","","","","1212","1145","1322","1466","1524","1408","1327","1459","1531","1608","1738",
"대조동","합계","65~79세","","","","","","987","855","1007","1104","1098","1052","983","913","1122","1155","1255",
"대조동","합계","80세 이상","","","","","","225","290","315","362","426","356","344","546","409","453","483",
"대조동","국민기초생활보장 수급권자","계","","","","","","217","270","293","320","385","344","116","435","487","518","588",
"대조동","국민기초생활보장 수급권자","65~79세","","","","","","157","185","227","230","248","225","46","297","338","357","403",
"대조동","국민기초생활보장 수급권자","80세 이상","","","","","","60","85","66","90","137","119","70","138","149","161","185",
"대조동","저소득노인","계","","","","","","54","62","63","78","81","60","82","40","44","33","109",
"대조동","저소득노인","65~79세","","","","","","38","37","40","43","47","34","42","20","22","13","72",
"대조동","저소득노인","80세 이상","","","","","","16","25","23","35","34","26","40","20","22","20","37",
"대조동","일   반","계","","","","","","941","813","966","1068","1058","1004","1129","984","1000","1057","1041",
"대조동","일   반","65~79세","","","","","","792","633","740","831","803","793","895","596","762","785","780",
"대조동","일   반","80세 이상","","","","","","149","180","226","237","255","211","234","388","238","272","261",
"응암1동","합계","계","","","","","","976","926","868","898","933","993","1071","1163","1252","1326","1371",
"응암1동","합계","65~79세","","","","","","761","666","641","651","636","731","800","725","931","971","980",
"응암1동","합계","80세 이상","","","","","","215","260","227","247","297","262","271","438","321","355","391",
"응암1동","국민기초생활보장 수급권자","계","","","","","","170","157","175","156","183","199","93","278","323","363","370",
"응암1동","국민기초생활보장 수급권자","65~79세","","","","","","121","107","126","109","118","130","35","187","217","245","242",
"응암1동","국민기초생활보장 수급권자","80세 이상","","","","","","49","50","49","47","65","69","58","91","106","118","128",
"응암1동","저소득노인","계","","","","","","69","33","30","52","53","36","61","29","24","23","72",
"응암1동","저소득노인","65~79세","","","","","","43","22","19","33","30","21","33","15","12","11","35",
"응암1동","저소득노인","80세 이상","","","","","","26","11","11","19","23","15","28","14","12","12","37",
"응암1동","일   반","계","","","","","","737","736","663","690","697","758","917","856","905","940","929",
"응암1동","일   반","65~79세","","","","","","597","537","496","509","488","580","732","523","702","715","703",
"응암1동","일   반","80세 이상","","","","","","140","199","167","181","209","178","185","333","203","225","226",
"응암2동","합계","계","","","","","","749","674","664","678","688","781","761","846","931","924","986",
"응암2동","합계","65~79세","","","","","","577","514","486","487","459","564","560","518","675","677","698",
"응암2동","합계","80세 이상","","","","","","172","160","178","191","229","217","201","328","256","247","288",
"응암2동","국민기초생활보장 수급권자","계","","","","","","143","133","156","139","186","228","97","333","355","369","447",
"응암2동","국민기초생활보장 수급권자","65~79세","","","","","","124","97","106","103","126","153","36","208","224","243","284",
"응암2동","국민기초생활보장 수급권자","80세 이상","","","","","","19","36","50","36","60","75","61","125","131","126","163",
"응암2동","저소득노인","계","","","","","","65","39","38","35","43","28","55","25","26","25","76",
"응암2동","저소득노인","65~79세","","","","","","40","12","22","15","26","15","32","14","15","13","39",
"응암2동","저소득노인","80세 이상","","","","","","25","27","16","20","17","13","23","11","11","12","37",
"응암2동","일   반","계","","","","","","541","502","470","504","459","525","609","488","550","530","463",
"응암2동","일   반","65~79세","","","","","","413","405","358","369","307","396","492","296","436","421","375",
"응암2동","일   반","80세 이상","","","","","","128","97","112","135","152","129","117","192","114","109","88",
"응암3동","합계","계","","","","","","1206","1234","1363","1461","1552","1650","1633","1706","1843","1957","2095",
"응암3동","합계","65~79세","","","","","","956","882","982","1059","1126","1200","1175","1004","1304","1353","689",
"응암3동","합계","80세 이상","","","","","","250","352","381","402","426","450","458","702","539","604","1406",
"응암3동","국민기초생활보장 수급권자","계","","","","","","220","271","293","291","362","404","120","527","608","669","795",
"응암3동","국민기초생활보장 수급권자","65~79세","","","","","","165","169","203","199","240","270","49","351","408","448","538",
"응암3동","국민기초생활보장 수급권자","80세 이상","","","","","","55","102","90","92","122","134","71","176","200","221","257",
"응암3동","저소득노인","계","","","","","","49","82","78","105","116","78","131","57","47","40","145",
"응암3동","저소득노인","65~79세","","","","","","41","53","61","68","69","46","79","36","27","20","79",
"응암3동","저소득노인","80세 이상","","","","","","8","29","17","37","47","32","52","21","20","20","66",
"응암3동","일   반","계","","","","","","937","881","992","1065","1074","1168","1382","1122","1188","1248","1155",
"응암3동","일   반","65~79세","","","","","","750","660","718","792","817","884","1047","617","869","885","72",
"응암3동","일   반","80세 이상","","","","","","187","221","274","273","257","284","335","505","319","363","1083",
"역촌동","합계","계","","","","","","1377","1269","1477","1671","1801","1944","1894","1982","2168","2300","2424",
"역촌동","합계","65~79세","","","","","","1106","930","1112","1256","1376","1476","1458","1237","1594","1661","780",
"역촌동","합계","80세 이상","","","","","","271","339","365","415","425","468","436","745","574","639","1644",
"역촌동","국민기초생활보장 수급권자","계","","","","","","223","256","278","300","715","437","125","579","666","739","816",
"역촌동","국민기초생활보장 수급권자","65~79세","","","","","","177","117","203","207","512","312","53","383","436","473","525",
"역촌동","국민기초생활보장 수급권자","80세 이상","","","","","","46","139","75","93","203","125","72","196","230","266","291",
"역촌동","저소득노인","계","","","","","","36","84","86","102","111","108","163","89","83","80","211",
"역촌동","저소득노인","65~79세","","","","","","24","53","50","66","64","67","101","62","55","55","118",
"역촌동","저소득노인","80세 이상","","","","","","12","31","36","36","47","41","62","27","28","25","93",
"역촌동","일   반","계","","","","","","1118","929","1113","1269","975","1399","1606","1314","1419","1481","1397",
"역촌동","일   반","65~79세","","","","","","905","760","859","983","800","1097","1304","792","1103","1133","137",
"역촌동","일   반","80세 이상","","","","","","213","169","254","286","175","302","302","522","316","348","1260",
"신사1동","합계","계","","","","","","707","642","756","841","904","976","932","1006","1105","1155","1216",
"신사1동","합계","65~79세","","","","","","574","480","569","631","657","759","725","632","826","849","898",
"신사1동","합계","80세 이상","","","","","","133","162","187","210","247","217","207","374","279","306","318",
"신사1동","국민기초생활보장 수급권자","계","","","","","","98","105","133","124","156","171","93","252","272","295","376",
"신사1동","국민기초생활보장 수급권자","65~79세","","","","","","53","68","81","86","107","119","35","167","176","200","262",
"신사1동","국민기초생활보장 수급권자","80세 이상","","","","","","45","37","52","38","49","52","58","85","96","95","114",
"신사1동","저소득노인","계","","","","","","37","37","35","45","52","41","59","33","29","22","54",
"신사1동","저소득노인","65~79세","","","","","","26","20","22","24","22","16","29","19","17","11","32",
"신사1동","저소득노인","80세 이상","","","","","","11","17","13","21","30","25","30","14","12","11","22",
"신사1동","일   반","계","","","","","","572","500","588","672","696","764","780","721","804","838","786",
"신사1동","일   반","65~79세","","","","","","495","392","466","521","528","624","661","446","633","638","604",
"신사1동","일   반","80세 이상","","","","","","77","108","122","151","168","140","119","275","171","200","182",
"신사2동","합계","계","","","","","","636","637","701","809","828","911","845","907","935","981","1059",
"신사2동","합계","65~79세","","","","","","483","459","506","576","563","668","615","553","666","693","748",
"신사2동","합계","80세 이상","","","","","","153","178","195","233","265","243","230","354","269","288","311",
"신사2동","국민기초생활보장 수급권자","계","","","","","","96","123","140","124","176","198","100","251","270","306","375",
"신사2동","국민기초생활보장 수급권자","65~79세","","","","","","73","70","81","80","113","126","37","159","167","195","228",
"신사2동","국민기초생활보장 수급권자","80세 이상","","","","","","23","53","59","44","63","72","63","92","103","111","147",
"신사2동","저소득노인","계","","","","","","60","46","48","62","52","39","60","27","24","16","66",
"신사2동","저소득노인","65~79세","","","","","","43","22","31","36","28","22","35","13","10","9","36",
"신사2동","저소득노인","80세 이상","","","","","","17","24","17","26","24","17","25","14","14","7","30",
"신사2동","일   반","계","","","","","","480","468","513","623","600","674","685","629","641","659","618",
"신사2동","일   반","65~79세","","","","","","367","367","394","460","422","520","543","381","489","489","484",
"신사2동","일   반","80세 이상","","","","","","113","101","119","163","178","154","142","248","152","170","134",
"증산동","합계","계","","","","","","563","555","644","629","668","669","649","699","756","781","687",
"증산동","합계","65~79세","","","","","","415","391","460","462","497","519","511","453","574","586","524",
"증산동","합계","80세 이상","","","","","","148","164","184","167","171","150","138","246","182","195","163",
"증산동","국민기초생활보장 수급권자","계","","","","","","39","79","95","82","123","126","81","152","168","199","234",
"증산동","국민기초생활보장 수급권자","65~79세","","","","","","25","51","59","56","73","79","35","106","111","142","160",
"증산동","국민기초생활보장 수급권자","80세 이상","","","","","","14","28","36","26","50","47","46","46","57","57","74",
"증산동","저소득노인","계","","","","","","30","36","40","42","40","23","44","22","16","14","42",
"증산동","저소득노인","65~79세","","","","","","24","22","26","27","28","17","23","14","13","9","24",
"증산동","저소득노인","80세 이상","","","","","","6","14","14","15","12","6","21","8","3","5","18",
"증산동","일   반","계","","","","","","494","440","509","505","505","520","524","525","572","568","411",
"증산동","일   반","65~79세","","","","","","366","318","375","379","396","423","453","333","450","435","340",
"증산동","일   반","80세 이상","","","","","","128","122","134","126","109","97","71","192","122","133","71",
"수색동","합계","계","","","","","","705","684","721","651","572","469","451","495","570","648","732",
"수색동","합계","65~79세","","","","","","522","478","524","462","407","339","338","305","417","459","522",
"수색동","합계","80세 이상","","","","","","183","206","197","189","165","130","113","190","153","189","210",
"수색동","국민기초생활보장 수급권자","계","","","","","","154","152","176","161","160","156","83","209","239","264","354",
"수색동","국민기초생활보장 수급권자","65~79세","","","","","","135","112","140","118","114","110","28","144","159","176","230",
"수색동","국민기초생활보장 수급권자","80세 이상","","","","","","19","40","36","43","46","46","55","65","80","88","124",
"수색동","저소득노인","계","","","","","","39","63","65","64","48","16","36","9","11","12","59",
"수색동","저소득노인","65~79세","","","","","","28","30","39","33","23","6","19","3","4","8","33",
"수색동","저소득노인","80세 이상","","","","","","11","33","26","31","25","10","17","6","7","4","26",
"수색동","일   반","계","","","","","","512","469","480","426","364","297","332","277","320","372","319",
"수색동","일   반","65~79세","","","","","","359","336","345","311","270","223","291","158","254","275","259",
"수색동","일   반","80세 이상","","","","","","153","133","135","115","94","74","41","119","66","97","60",
"진관동","합계","계","","","","","","696","708","903","1041","1076","1223","1076","1188","1338","1413","1493",
"진관동","합계","65~79세","","","","","","523","514","613","717","834","859","793","735","989","1025","1075",
"진관동","합계","80세 이상","","","","","","173","194","290","324","242","364","283","453","349","388","418",
"진관동","국민기초생활보장 수급권자","계","","","","","","54","98","123","120","195","254","106","382","434","476","597",
"진관동","국민기초생활보장 수급권자","65~79세","","","","","","36","43","74","84","135","177","46","246","273","293","371",
"진관동","국민기초생활보장 수급권자","80세 이상","","","","","","18","55","49","36","60","77","60","136","161","183","226",
"진관동","저소득노인","계","","","","","","37","63","71","83","92","59","104","45","49","40","117",
"진관동","저소득노인","65~79세","","","","","","28","37","38","51","53","37","57","24","29","27","65",
"진관동","저소득노인","80세 이상","","","","","","9","26","33","32","39","22","47","21","20","13","52",
"진관동","일   반","계","","","","","","605","547","709","838","789","910","866","761","855","897","779",
"진관동","일   반","65~79세","","","","","","459","434","501","582","646","645","690","465","687","705","639",
"진관동","일   반","80세 이상","","","","","","146","113","208","256","143","265","176","296","168","192","140",
"서대문구","합계","계","","8210","8708","8800","9642","9870","10359","10482","10980","11331","12230","12349","13620","13663","14318","14894",
"서대문구","합계","65~79세","","6232","6061","6927","7854","7861","8091","7996","8221","8364","8780","8893","9651","9563","9867","10213",
"서대문구","합계","80세 이상","","1978","2647","1873","1788","2009","2268","2486","2759","2967","3450","3456","3969","4100","4451","4681",
"서대문구","국민기초생활보장 수급권자","계","","1084","1300","1422","1408","1329","1516","1610","1697","2033","2519","2923","3478","3820","3880","4343",
"서대문구","국민기초생활보장 수급권자","65~79세","","733","853","1053","984","985","1126","1151","1199","1387","1706","1984","2259","2445","2665","2768",
"서대문구","국민기초생활보장 수급권자","80세 이상","","351","447","369","424","344","390","459","498","646","813","939","1219","1375","1215","1575",
"서대문구","저소득노인","계","","374","1211","790","830","370","356","623","640","533","634","543","801","144","329","525",
"서대문구","저소득노인","65~79세","","251","914","529","571","272","262","420","413","340","355","275","466","65","224","274",
"서대문구","저소득노인","80세 이상","","123","297","261","259","98","94","203","227","193","279","268","335","79","105","251",
"서대문구","일   반","계","","6752","6197","6588","7404","8171","8487","8249","8643","8765","9077","8883","9341","9699","10109","10026",
"서대문구","일   반","65~79세","","5248","4294","5345","6299","6604","6703","6425","6609","6637","6719","6634","6926","7053","6978","7171",
"서대문구","일   반","80세 이상","","1504","1903","1243","1105","1567","1784","1824","2034","2128","2358","2249","2415","2646","3131","2855",
"천연동","합계","계","","","","","","709","894","872","894","931","999","952","1001","1000","1033","1072",
"천연동","합계","65~79세","","","","","","523","700","661","655","650","682","646","679","675","685","713",
"천연동","합계","80세 이상","","","","","","186","194","211","239","281","317","306","322","325","348","359",
"천연동","국민기초생활보장 수급권자","계","","","","","","105","205","202","205","256","295","317","341","372","383","383",
"천연동","국민기초생활보장 수급권자","65~79세","","","","","","69","153","151","146","166","179","189","199","225","252","234",
"천연동","국민기초생활보장 수급권자","80세 이상","","","","","","36","52","51","59","90","116","128","142","147","131","149",
"천연동","저소득노인","계","","","","","","25","35","59","59","36","42","25","23","6","12","16",
"천연동","저소득노인","65~79세","","","","","","15","29","35","31","16","19","13","11","3","10","6",
"천연동","저소득노인","80세 이상","","","","","","10","6","24","28","20","23","12","12","3","2","10",
"천연동","일   반","계","","","","","","579","654","611","630","639","662","610","637","622","638","673",
"천연동","일   반","65~79세","","","","","","439","518","475","478","468","484","444","469","447","423","473",
"천연동","일   반","80세 이상","","","","","","140","136","136","152","171","178","166","168","175","215","200",
"북아현동","합계","계","","","","","","984","418","484","538","562","586","595","633","646","669","699",
"북아현동","합계","65~79세","","","","","","764","312","365","409","419","442","436","456","457","478","487",
"북아현동","합계","80세 이상","","","","","","220","106","119","129","143","144","159","177","189","191","212",
"북아현동","국민기초생활보장 수급권자","계","","","","","","174","47","65","72","100","143","175","190","203","210","218",
"북아현동","국민기초생활보장 수급권자","65~79세","","","","","","133","37","50","57","71","104","134","135","139","162","150",
"북아현동","국민기초생활보장 수급권자","80세 이상","","","","","","41","10","15","15","29","39","41","55","64","48","68",
"북아현동","저소득노인","계","","","","","","44","11","20","28","24","22","19","25","6","12","18",
"북아현동","저소득노인","65~79세","","","","","","32","6","12","14","14","11","8","14","2","4","8",
"북아현동","저소득노인","80세 이상","","","","","","12","5","8","14","10","11","11","11","4","8","10",
"북아현동","일   반","계","","","","","","766","360","399","438","438","421","401","418","437","447","463",
"북아현동","일   반","65~79세","","","","","","599","269","303","338","334","327","294","307","316","312","329",
"북아현동","일   반","80세 이상","","","","","","167","91","96","100","104","94","107","111","121","135","134",
"충현동","합계","계","","","","","","162","742","760","783","788","841","861","938","941","987","1009",
"충현동","합계","65~79세","","","","","","144","534","545","562","577","611","637","667","661","688","720",
"충현동","합계","80세 이상","","","","","","18","208","215","221","211","230","224","271","280","299","289",
"충현동","국민기초생활보장 수급권자","계","","","","","","26","114","118","126","138","167","191","247","265","290","292",
"충현동","국민기초생활보장 수급권자","65~79세","","","","","","22","74","76","78","85","119","146","168","175","208","199",
"충현동","국민기초생활보장 수급권자","80세 이상","","","","","","4","40","42","48","53","48","45","79","90","82","93",
"충현동","저소득노인","계","","","","","","4","17","38","38","38","47","43","40","14","21","36",
"충현동","저소득노인","65~79세","","","","","","4","9","20","19","27","28","22","23","6","9","27",
"충현동","저소득노인","80세 이상","","","","","","0","8","18","19","11","19","21","17","8","12","9",
"충현동","일   반","계","","","","","","132","611","604","619","612","627","627","651","662","676","681",
"충현동","일   반","65~79세","","","","","","118","451","449","465","465","464","469","476","480","471","494",
"충현동","일   반","80세 이상","","","","","","14","160","155","154","147","163","158","175","182","205","187",
"신촌동","합계","계","","","","","","347","525","528","548","545","562","537","609","593","646","641",
"신촌동","합계","65~79세","","","","","","294","400","394","398","383","386","374","418","392","425","416",
"신촌동","합계","80세 이상","","","","","","53","125","134","150","162","176","163","191","201","221","225",
"신촌동","국민기초생활보장 수급권자","계","","","","","","32","53","54","52","60","79","88","93","96","107","109",
"신촌동","국민기초생활보장 수급권자","65~79세","","","","","","22","40","38","34","42","51","56","58","62","71","70",
"신촌동","국민기초생활보장 수급권자","80세 이상","","","","","","10","13","16","18","18","28","32","35","34","36","39",
"신촌동","저소득노인","계","","","","","","12","14","27","25","23","26","24","42","19","14","20",
"신촌동","저소득노인","65~79세","","","","","","11","11","20","19","17","16","12","18","7","4","7",
"신촌동","저소득노인","80세 이상","","","","","","1","3","7","6","6","10","12","24","12","10","13",
"신촌동","일   반","계","","","","","","303","458","447","471","462","457","425","474","478","525","512",
"신촌동","일   반","65~79세","","","","","","261","349","336","345","324","319","306","342","323","350","339",
"신촌동","일   반","80세 이상","","","","","","42","109","111","126","138","138","119","132","155","175","173",
"연희동","합계","계","","","","","","988","1237","1245","1314","1365","1481","1317","1408","1435","1479","1561",
"연희동","합계","65~79세","","","","","","822","941","938","973","998","1025","916","966","983","986","996",
"연희동","합계","80세 이상","","","","","","166","296","307","341","367","456","401","442","452","493","565",
"연희동","국민기초생활보장 수급권자","계","","","","","","114","116","113","137","172","211","206","252","281","291","342",
"연희동","국민기초생활보장 수급권자","65~79세","","","","","","79","81","78","91","116","155","140","155","176","207","212",
"연희동","국민기초생활보장 수급권자","80세 이상","","","","","","35","35","35","46","56","56","66","97","105","84","130",
"연희동","저소득노인","계","","","","","","42","18","44","47","36","46","43","49","13","23","33",
"연희동","저소득노인","65~79세","","","","","","32","12","30","34","26","29","24","28","6","13","18",
"연희동","저소득노인","80세 이상","","","","","","10","6","14","13","10","17","19","21","7","10","15",
"연희동","일   반","계","","","","","","832","1103","1088","1130","1157","1224","1068","1107","1141","1165","1186",
"연희동","일   반","65~79세","","","","","","711","848","830","848","856","841","752","783","801","766","766",
"연희동","일   반","80세 이상","","","","","","121","255","258","282","301","383","316","324","340","399","420",
"홍제1동","합계","계","","","","","","840","846","832","853","832","923","1010","1104","1127","1195","1272",
"홍제1동","합계","65~79세","","","","","","665","673","639","628","611","654","733","784","790","841","895",
"홍제1동","합계","80세 이상","","","","","","175","173","193","225","221","269","277","320","337","354","377",
"홍제1동","국민기초생활보장 수급권자","계","","","","","","184","109","109","114","135","159","199","246","267","267","276",
"홍제1동","국민기초생활보장 수급권자","65~79세","","","","","","138","87","81","83","93","108","147","171","182","193","183",
"홍제1동","국민기초생활보장 수급권자","80세 이상","","","","","","46","22","28","31","42","51","52","75","85","74","93",
"홍제1동","저소득노인","계","","","","","","37","25","44","42","27","45","41","62","18","31","45",
"홍제1동","저소득노인","65~79세","","","","","","28","16","27","25","17","31","26","32","9","15","16",
"홍제1동","저소득노인","80세 이상","","","","","","9","9","17","17","10","14","15","30","9","16","29",
"홍제1동","일   반","계","","","","","","619","712","679","697","670","719","770","796","842","897","951",
"홍제1동","일   반","65~79세","","","","","","499","570","531","520","501","515","560","581","599","633","696",
"홍제1동","일   반","80세 이상","","","","","","120","142","148","177","169","204","210","215","243","264","255",
"홍제3동","합계","계","","","","","","368","783","760","741","775","847","896","1061","1009","1054","1090",
"홍제3동","합계","65~79세","","","","","","286","599","546","521","542","581","618","715","674","690","717",
"홍제3동","합계","80세 이상","","","","","","82","184","214","220","233","266","278","346","335","364","373",
"홍제3동","국민기초생활보장 수급권자","계","","","","","","36","126","127","127","143","176","214","255","284","315","325",
"홍제3동","국민기초생활보장 수급권자","65~79세","","","","","","28","97","87","85","93","110","142","153","165","204","190",
"홍제3동","국민기초생활보장 수급권자","80세 이상","","","","","","8","29","40","42","50","66","72","102","119","111","135",
"홍제3동","저소득노인","계","","","","","","3","52","74","68","56","81","70","90","9","41","64",
"홍제3동","저소득노인","65~79세","","","","","","1","30","43","40","30","39","29","50","5","30","30",
"홍제3동","저소득노인","80세 이상","","","","","","2","22","31","28","26","42","41","40","4","11","34",
"홍제3동","일   반","계","","","","","","329","605","559","546","576","590","612","716","716","698","701",
"홍제3동","일   반","65~79세","","","","","","257","472","416","396","419","432","447","512","504","456","497",
"홍제3동","일   반","80세 이상","","","","","","72","133","143","150","157","158","165","204","212","242","204",
"홍제2동","합계","계","","","","","","509","472","498","535","539","604","622","701","709","724","727",
"홍제2동","합계","65~79세","","","","","","395","393","400","424","412","437","453","507","506","503","490",
"홍제2동","합계","80세 이상","","","","","","114","79","98","111","127","167","169","194","203","221","237",
"홍제2동","국민기초생활보장 수급권자","계","","","","","","42","82","92","92","106","154","182","214","251","136","278",
"홍제2동","국민기초생활보장 수급권자","65~79세","","","","","","31","69","73","76","85","108","122","142","167","54","163",
"홍제2동","국민기초생활보장 수급권자","80세 이상","","","","","","11","13","19","16","21","46","60","72","84","82","115",
"홍제2동","저소득노인","계","","","","","","28","25","56","50","56","37","27","51","9","15","24",
"홍제2동","저소득노인","65~79세","","","","","","20","22","41","34","37","28","19","28","4","10","7",
"홍제2동","저소득노인","80세 이상","","","","","","8","3","15","16","19","9","8","23","5","5","17",
"홍제2동","일   반","계","","","","","","439","365","350","393","377","413","413","436","449","573","425",
"홍제2동","일   반","65~79세","","","","","","344","302","286","314","290","301","312","337","335","439","320",
"홍제2동","일   반","80세 이상","","","","","","95","63","64","79","87","112","101","99","114","134","105",
"홍은1동","합계","계","","","","","","1216","902","897","939","968","976","1006","1120","1129","1181","1212",
"홍은1동","합계","65~79세","","","","","","952","718","685","707","704","690","698","772","776","792","805",
"홍은1동","합계","80세 이상","","","","","","264","184","212","232","264","286","308","348","353","389","407",
"홍은1동","국민기초생활보장 수급권자","계","","","","","","111","166","185","188","215","231","246","294","309","328","364",
"홍은1동","국민기초생활보장 수급권자","65~79세","","","","","","81","122","131","133","146","160","156","180","188","216","213",
"홍은1동","국민기초생활보장 수급권자","80세 이상","","","","","","30","44","54","55","69","71","90","114","121","112","151",
"홍은1동","저소득노인","계","","","","","","20","23","46","59","56","63","52","76","12","39","53",
"홍은1동","저소득노인","65~79세","","","","","","13","21","33","37","35","27","21","43","4","31","26",
"홍은1동","저소득노인","80세 이상","","","","","","7","2","13","22","21","36","31","33","8","8","27",
"홍은1동","일   반","계","","","","","","1085","713","666","692","697","682","708","750","808","814","795",
"홍은1동","일   반","65~79세","","","","","","858","575","521","537","523","503","521","549","584","545","566",
"홍은1동","일   반","80세 이상","","","","","","227","138","145","155","174","179","187","201","224","269","229",
"홍은2동","합계","계","","","","","","881","874","891","926","966","1023","1085","1226","1209","1275","1299",
"홍은2동","합계","65~79세","","","","","","725","678","688","694","716","737","770","864","847","874","913",
"홍은2동","합계","80세 이상","","","","","","156","196","203","232","250","286","315","362","362","401","386",
"홍은2동","국민기초생활보장 수급권자","계","","","","","","88","111","127","131","150","168","207","276","303","256","355",
"홍은2동","국민기초생활보장 수급권자","65~79세","","","","","","67","83","92","98","110","119","149","191","196","172","227",
"홍은2동","국민기초생활보장 수급권자","80세 이상","","","","","","21","28","35","33","40","49","58","85","107","84","128",
"홍은2동","저소득노인","계","","","","","","31","30","44","47","48","53","51","96","6","26","57",
"홍은2동","저소득노인","65~79세","","","","","","22","22","36","35","31","32","29","63","1","21","33",
"홍은2동","저소득노인","80세 이상","","","","","","9","8","8","12","17","21","22","33","5","5","24",
"홍은2동","일   반","계","","","","","","762","733","720","748","768","802","827","854","900","993","887",
"홍은2동","일   반","65~79세","","","","","","636","573","560","561","575","586","592","610","650","681","653",
"홍은2동","일   반","80세 이상","","","","","","126","160","160","187","193","216","235","244","250","312","234",
"남가좌1동","합계","계","","","","","","431","262","340","353","353","364","369","430","422","444","469",
"남가좌1동","합계","65~79세","","","","","","356","227","276","280","289","289","293","331","323","333","340",
"남가좌1동","합계","80세 이상","","","","","","75","35","64","73","64","75","76","99","99","111","129",
"남가좌1동","국민기초생활보장 수급권자","계","","","","","","76","29","46","47","54","72","80","101","118","130","140",
"남가좌1동","국민기초생활보장 수급권자","65~79세","","","","","","64","25","34","33","36","46","52","64","75","88","95",
"남가좌1동","국민기초생활보장 수급권자","80세 이상","","","","","","12","4","12","14","18","26","28","37","43","42","45",
"남가좌1동","저소득노인","계","","","","","","31","11","22","20","11","13","13","22","5","5","12",
"남가좌1동","저소득노인","65~79세","","","","","","25","9","14","11","8","10","8","14","2","5","8",
"남가좌1동","저소득노인","80세 이상","","","","","","6","2","8","9","3","3","5","8","3","-","4",
"남가좌1동","일   반","계","","","","","","324","222","272","286","288","279","276","307","299","309","317",
"남가좌1동","일   반","65~79세","","","","","","267","193","228","236","245","233","233","253","246","240","237",
"남가좌1동","일   반","80세 이상","","","","","","57","29","44","50","43","46","43","54","53","69","80",
"남가좌2동","합계","계","","","","","","757","950","826","870","937","1086","1152","1239","1280","1368","1432",
"남가좌2동","합계","65~79세","","","","","","603","736","620","655","699","800","854","903","915","968","1013",
"남가좌2동","합계","80세 이상","","","","","","154","214","206","215","238","286","298","336","365","400","419",
"남가좌2동","국민기초생활보장 수급권자","계","","","","","","106","177","165","177","217","280","366","407","441","470","507",
"남가좌2동","국민기초생활보장 수급권자","65~79세","","","","","","77","132","112","122","141","191","249","274","295","338","343",
"남가좌2동","국민기초생활보장 수급권자","80세 이상","","","","","","29","45","53","55","76","89","117","133","146","132","164",
"남가좌2동","저소득노인","계","","","","","","45","46","58","62","53","70","52","65","7","27","39",
"남가좌2동","저소득노인","65~79세","","","","","","29","34","41","45","37","41","24","41","5","22","26",
"남가좌2동","저소득노인","80세 이상","","","","","","16","12","17","17","16","29","28","24","2","5","13",
"남가좌2동","일   반","계","","","","","","606","727","603","631","667","736","734","767","832","871","886",
"남가좌2동","일   반","65~79세","","","","","","497","570","467","488","521","568","581","588","615","608","644",
"남가좌2동","일   반","80세 이상","","","","","","109","157","136","143","146","168","153","179","217","263","242",
"북가좌1동","합계","계","","","","","","864","378","388","416","437","493","501","569","559","585","612",
"북가좌1동","합계","65~79세","","","","","","696","295","303","323","331","358","371","409","399","397","425",
"북가좌1동","합계","80세 이상","","","","","","168","83","85","93","106","135","130","160","160","188","187",
"북가좌1동","국민기초생활보장 수급권자","계","","","","","","140","40","44","49","75","103","116","144","154","164","184",
"북가좌1동","국민기초생활보장 수급권자","65~79세","","","","","","103","28","32","35","53","65","73","91","97","114","114",
"북가좌1동","국민기초생활보장 수급권자","80세 이상","","","","","","37","12","12","14","22","38","43","53","57","50","70",
"북가좌1동","저소득노인","계","","","","","","28","14","24","23","18","26","21","37","10","15","30",
"북가좌1동","저소득노인","65~79세","","","","","","25","12","19","20","13","15","12","25","5","7","18",
"북가좌1동","저소득노인","80세 이상","","","","","","3","2","5","3","5","11","9","12","5","8","12",
"북가좌1동","일   반","계","","","","","","696","324","320","344","344","364","364","388","395","406","398",
"북가좌1동","일   반","65~79세","","","","","","568","255","252","268","265","278","286","293","297","276","293",
"북가좌1동","일   반","80세 이상","","","","","","128","69","68","76","79","86","78","95","98","130","105",
"북가좌2동","합계","계","","","","","","814","1076","1161","1270","1333","1445","1446","1581","1604","1678","1799",
"북가좌2동","합계","65~79세","","","","","","636","885","936","992","1033","1088","1094","1180","1165","1207","1283",
"북가좌2동","합계","80세 이상","","","","","","178","191","225","278","300","357","352","401","439","471","516",
"북가좌2동","국민기초생활보장 수급권자","계","","","","","","95","141","163","180","212","281","336","418","476","533","570",
"북가좌2동","국민기초생활보장 수급권자","65~79세","","","","","","71","98","116","128","150","191","229","278","303","386","375",
"북가좌2동","국민기초생활보장 수급권자","80세 이상","","","","","","24","43","47","52","62","90","107","140","173","147","195",
"북가좌2동","저소득노인","계","","","","","","20","35","67","72","51","63","62","123","10","48","78",
"북가좌2동","저소득노인","65~79세","","","","","","15","29","49","49","32","29","28","76","6","43","44",
"북가좌2동","저소득노인","80세 이상","","","","","","5","6","18","23","19","34","34","47","4","5","34",
"북가좌2동","일   반","계","","","","","","699","900","931","1018","1070","1101","1048","1040","1118","1097","1151",
"북가좌2동","일   반","65~79세","","","","","","550","758","771","815","851","868","837","826","856","778","864",
"북가좌2동","일   반","80세 이상","","","","","","149","142","160","203","219","233","211","214","262","319","287",
"마포구","합계","계","","8676","8900","9216","10844","11260","10317","10268","10451","11097","12067","12545","13329","13821","14065","14426",
"마포구","합계","65~79세","","5844","6971","7314","8375","8356","7639","7583","7814","7925","8675","8804","9102","9375","9715","9840",
"마포구","합계","80세 이상","","2832","1929","1902","2469","2904","2678","2685","2637","3172","3392","3741","4227","4446","4350","4586",
"마포구","국민기초생활보장 수급권자","계","","1159","1910","1357","1269","1759","1537","1615","1583","1956","2277","2622","3059","3152","3593","3939",
"마포구","국민기초생활보장 수급권자","65~79세","","808","1288","982","882","1275","1102","1110","1135","1288","1589","1839","2009","2054","2377","2528",
"마포구","국민기초생활보장 수급권자","80세 이상","","351","622","375","387","484","435","505","448","668","688","783","1050","1098","1216","1411",
"마포구","저소득노인","계","","179","958","523","446","1402","491","561","895","935","688","631","554","859","396","650",
"마포구","저소득노인","65~79세","","117","590","345","348","954","344","370","576","603","422","382","300","526","239","411",
"마포구","저소득노인","80세 이상","","62","368","178","98","448","147","191","319","332","266","249","254","333","157","239",
"마포구","일   반","계","","7338","6032","7336","9129","8099","8289","8092","7973","8206","9102","9292","9716","9810","10076","9837",
"마포구","일   반","65~79세","","4919","5093","5987","7145","6127","6193","6103","6103","6034","6664","6583","6793","6795","7099","6901",
"마포구","일   반","80세 이상","","2419","939","1349","1984","1972","2096","1989","1870","2172","2438","2709","2923","3015","2977","2936",
"아현동","합계","계","","","","","","767","851","527","498","474","654","547","617","928","805","812",
"아현동","합계","65~79세","","","","","","545","605","364","380","352","464","376","443","638","559","569",
"아현동","합계","80세 이상","","","","","","222","246","163","118","122","190","171","174","290","246","243",
"아현동","국민기초생활보장 수급권자","계","","","","","","114","158","116","83","86","123","125","145","177","204","245",
"아현동","국민기초생활보장 수급권자","65~79세","","","","","","86","126","89","64","65","79","74","86","110","126","162",
"아현동","국민기초생활보장 수급권자","80세 이상","","","","","","28","32","27","19","21","44","51","59","67","78","83",
"아현동","저소득노인","계","","","","","","42","57","43","26","25","23","26","21","24","25","38",
"아현동","저소득노인","65~79세","","","","","","9","46","35","18","8","13","18","16","17","17","25",
"아현동","저소득노인","80세 이상","","","","","","33","11","8","8","17","10","8","5","7","8","13",
"아현동","일   반","계","","","","","","611","636","368","389","363","508","396","451","727","576","529",
"아현동","일   반","65~79세","","","","","","450","433","240","298","279","372","284","341","511","416","382",
"아현동","일   반","80세 이상","","","","","","161","203","128","91","84","136","112","110","216","160","147",
"공덕동","합계","계","","","","","","1371","1317","1378","1434","1520","1574","1557","1805","1713","1790","1830",
"공덕동","합계","65~79세","","","","","","1022","973","1017","1066","1130","1073","972","1222","1180","1221","1254",
"공덕동","합계","80세 이상","","","","","","349","344","361","368","390","501","585","583","533","569","576",
"공덕동","국민기초생활보장 수급권자","계","","","","","","225","177","198","209","127","297","297","467","418","444","502",
"공덕동","국민기초생활보장 수급권자","65~79세","","","","","","155","120","134","131","70","216","216","290","274","306","333",
"공덕동","국민기초생활보장 수급권자","80세 이상","","","","","","70","57","64","78","57","81","81","177","144","138","169",
"공덕동","저소득노인","계","","","","","","502","18","18","250","360","62","69","84","79","53","74",
"공덕동","저소득노인","65~79세","","","","","","348","9","9","149","243","37","36","43","44","30","43",
"공덕동","저소득노인","80세 이상","","","","","","154","9","9","101","117","25","33","41","35","23","31",
"공덕동","일   반","계","","","","","","644","1122","1162","975","1033","1215","1191","1254","1216","1293","1254",
"공덕동","일   반","65~79세","","","","","","519","844","874","786","817","820","720","889","862","885","878",
"공덕동","일   반","80세 이상","","","","","","125","278","288","189","216","395","471","365","354","408","376",
"도화동","합계","계","","","","","","719","668","645","695","726","730","832","818","914","929","941",
"도화동","합계","65~79세","","","","","","516","490","474","481","497","497","552","557","611","610","608",
"도화동","합계","80세 이상","","","","","","203","178","171","214","229","233","280","261","303","319","333",
"도화동","국민기초생활보장 수급권자","계","","","","","","115","126","122","134","146","175","193","203","86","237","249",
"도화동","국민기초생활보장 수급권자","65~79세","","","","","","83","91","82","92","97","112","124","129","49","146","147",
"도화동","국민기초생활보장 수급권자","80세 이상","","","","","","32","35","40","42","49","63","69","74","37","91","102",
"도화동","저소득노인","계","","","","","","59","42","41","37","37","37","40","16","35","17","26",
"도화동","저소득노인","65~79세","","","","","","44","26","21","19","21","6","34","9","19","10","15",
"도화동","저소득노인","80세 이상","","","","","","15","16","20","18","16","31","6","7","16","7","11",
"도화동","일   반","계","","","","","","545","500","482","524","543","518","599","599","793","675","666",
"도화동","일   반","65~79세","","","","","","389","373","371","370","379","379","394","419","543","454","446",
"도화동","일   반","80세 이상","","","","","","156","127","111","154","164","139","205","180","250","221","220",
"용강동","합계","계","","","","","","593","600","623","569","576","650","642","661","709","721","732",
"용강동","합계","65~79세","","","","","","435","458","333","388","391","401","452","457","488","480","489",
"용강동","합계","80세 이상","","","","","","158","142","290","181","185","249","190","204","221","241","243",
"용강동","국민기초생활보장 수급권자","계","","","","","","49","56","74","66","148","129","129","165","181","193","205",
"용강동","국민기초생활보장 수급권자","65~79세","","","","","","38","48","24","46","47","95","84","108","117","123","127",
"용강동","국민기초생활보장 수급권자","80세 이상","","","","","","11","8","50","20","101","34","45","57","64","70","78",
"용강동","저소득노인","계","","","","","","31","29","24","20","49","30","24","23","49","22","39",
"용강동","저소득노인","65~79세","","","","","","21","21","13","11","31","21","11","10","32","11","27",
"용강동","저소득노인","80세 이상","","","","","","10","8","11","9","18","9","13","13","17","11","12",
"용강동","일   반","계","","","","","","513","515","525","483","379","491","489","473","479","506","488",
"용강동","일   반","65~79세","","","","","","376","389","296","331","313","285","357","339","339","346","335",
"용강동","일   반","80세 이상","","","","","","137","126","229","152","66","206","132","134","140","160","153",
"대흥동","합계","계","","","","","","605","494","515","528","542","594","608","627","649","685","692",
"대흥동","합계","65~79세","","","","","","449","387","387","400","413","445","463","469","464","473","480",
"대흥동","합계","80세 이상","","","","","","156","107","128","128","129","149","145","158","185","212","212",
"대흥동","국민기초생활보장 수급권자","계","","","","","","82","83","86","104","106","127","158","180","140","196","190",
"대흥동","국민기초생활보장 수급권자","65~79세","","","","","","62","63","67","87","81","97","127","145","99","139","122",
"대흥동","국민기초생활보장 수급권자","80세 이상","","","","","","20","20","19","17","25","30","31","35","41","57","68",
"대흥동","저소득노인","계","","","","","","25","28","32","42","42","36","38","31","31","11","22",
"대흥동","저소득노인","65~79세","","","","","","15","20","23","28","33","20","26","18","20","7","18",
"대흥동","저소득노인","80세 이상","","","","","","10","8","9","14","9","16","12","13","11","4","4",
"대흥동","일   반","계","","","","","","498","383","397","382","394","431","412","416","478","478","480",
"대흥동","일   반","65~79세","","","","","","372","304","297","285","299","328","310","306","345","327","340",
"대흥동","일   반","80세 이상","","","","","","126","79","100","97","95","103","102","110","133","151","140",
"염리동","합계","계","","","","","","644","492","476","445","431","436","632","544","778","588","594",
"염리동","합계","65~79세","","","","","","473","360","350","339","325","324","487","161","538","417","404",
"염리동","합계","80세 이상","","","","","","171","132","126","106","106","112","145","383","240","171","190",
"염리동","국민기초생활보장 수급권자","계","","","","","","102","85","82","94","87","112","111","141","163","165","186",
"염리동","국민기초생활보장 수급권자","65~79세","","","","","","71","60","57","70","64","78","76","44","111","110","118",
"염리동","국민기초생활보장 수급권자","80세 이상","","","","","","31","25","25","24","23","34","35","97","52","55","68",
"염리동","저소득노인","계","","","","","","31","8","8","17","19","21","23","22","49","17","30",
"염리동","저소득노인","65~79세","","","","","","23","7","7","12","10","17","18","5","32","13","20",
"염리동","저소득노인","80세 이상","","","","","","8","1","1","5","9","4","5","17","17","4","10",
"염리동","일   반","계","","","","","","511","399","386","334","325","303","498","381","566","406","378",
"염리동","일   반","65~79세","","","","","","379","293","286","257","251","229","393","112","395","294","266",
"염리동","일   반","80세 이상","","","","","","132","106","100","77","74","74","105","269","171","112","112",
"신수동","합계","계","","","","","","599","511","527","546","633","662","654","716","704","745","763",
"신수동","합계","65~79세","","","","","","437","401","399","421","483","510","468","527","493","498","509",
"신수동","합계","80세 이상","","","","","","162","110","128","125","150","152","186","189","211","247","254",
"신수동","국민기초생활보장 수급권자","계","","","","","","56","44","60","41","58","91","110","111","125","137","155",
"신수동","국민기초생활보장 수급권자","65~79세","","","","","","38","26","38","29","44","67","71","75","77","83","89",
"신수동","국민기초생활보장 수급권자","80세 이상","","","","","","18","18","22","12","14","24","39","36","48","54","66",
"신수동","저소득노인","계","","","","","","322","11","22","12","8","21","16","12","53","16","23",
"신수동","저소득노인","65~79세","","","","","","236","7","13","6","7","14","10","8","35","12","14",
"신수동","저소득노인","80세 이상","","","","","","86","4","9","6","1","7","6","4","18","4","9",
"신수동","일   반","계","","","","","","221","456","445","493","567","550","528","593","526","592","585",
"신수동","일   반","65~79세","","","","","","163","368","348","386","432","429","387","444","381","403","406",
"신수동","일   반","80세 이상","","","","","","58","88","97","107","135","121","141","149","145","189","179",
"서강동","합계","계","","","","","","608","482","535","543","567","670","703","772","658","693","739",
"서강동","합계","65~79세","","","","","","436","357","403","398","414","463","490","538","446","455","487",
"서강동","합계","80세 이상","","","","","","172","125","132","145","153","207","213","234","212","238","252",
"서강동","국민기초생활보장 수급권자","계","","","","","","83","59","69","60","94","68","88","106","112","122","141",
"서강동","국민기초생활보장 수급권자","65~79세","","","","","","53","40","47","39","61","42","59","77","79","81","93",
"서강동","국민기초생활보장 수급권자","80세 이상","","","","","","30","19","22","21","33","26","29","29","33","41","48",
"서강동","저소득노인","계","","","","","","27","14","20","20","31","21","19","22","41","20","34",
"서강동","저소득노인","65~79세","","","","","","13","10","13","16","7","16","12","15","28","15","25",
"서강동","저소득노인","80세 이상","","","","","","14","4","7","4","24","5","7","7","13","5","9",
"서강동","일   반","계","","","","","","498","409","446","463","442","581","596","644","505","551","564",
"서강동","일   반","65~79세","","","","","","370","307","343","343","346","405","419","446","339","359","369",
"서강동","일   반","80세 이상","","","","","","128","102","103","120","96","176","177","198","166","192","195",
"서교동","합계","계","","","","","","706","608","614","617","655","687","776","791","815","858","872",
"서교동","합계","65~79세","","","","","","513","464","456","446","467","478","552","561","254","598","594",
"서교동","합계","80세 이상","","","","","","193","144","158","171","188","209","224","230","561","260","278",
"서교동","국민기초생활보장 수급권자","계","","","","","","261","43","46","44","68","65","161","93","103","107","106",
"서교동","국민기초생활보장 수급권자","65~79세","","","","","","195","35","37","40","57","54","152","76","45","87","80",
"서교동","국민기초생활보장 수급권자","80세 이상","","","","","","66","8","9","4","11","11","9","17","58","20","26",
"서교동","저소득노인","계","","","","","","16","22","26","28","89","29","32","33","19","17","28",
"서교동","저소득노인","65~79세","","","","","","9","16","17","16","77","18","20","21","1","11","19",
"서교동","저소득노인","80세 이상","","","","","","7","6","9","12","12","11","12","12","18","6","9",
"서교동","일   반","계","","","","","","429","543","542","545","498","593","583","665","693","734","738",
"서교동","일   반","65~79세","","","","","","309","413","402","390","333","406","380","464","208","500","495",
"서교동","일   반","80세 이상","","","","","","120","130","140","155","165","187","203","201","485","234","243",
"합정동","합계","계","","","","","","596","495","525","558","590","648","666","646","650","678","710",
"합정동","합계","65~79세","","","","","","453","401","402","435","455","573","481","476","471","474","489",
"합정동","합계","80세 이상","","","","","","143","94","123","123","135","75","185","170","179","204","221",
"합정동","국민기초생활보장 수급권자","계","","","","","","67","68","71","59","57","96","88","122","124","130","144",
"합정동","국민기초생활보장 수급권자","65~79세","","","","","","45","47","49","44","44","62","63","88","93","93","96",
"합정동","국민기초생활보장 수급권자","80세 이상","","","","","","22","21","22","15","13","34","25","34","31","37","48",
"합정동","저소득노인","계","","","","","","7","23","22","24","25","37","25","20","23","14","31",
"합정동","저소득노인","65~79세","","","","","","6","14","13","18","19","24","16","11","13","7","20",
"합정동","저소득노인","80세 이상","","","","","","1","9","9","6","6","13","9","9","10","7","11",
"합정동","일   반","계","","","","","","522","404","432","475","508","515","553","504","503","534","535",
"합정동","일   반","65~79세","","","","","","402","340","340","373","392","487","402","377","365","374","373",
"합정동","일   반","80세 이상","","","","","","120","64","92","102","116","28","151","127","138","160","162",
"망원1동","합계","계","","","","","","705","710","720","733","947","839","725","832","858","902","923",
"망원1동","합계","65~79세","","","","","","540","534","531","540","663","589","508","671","613","645","638",
"망원1동","합계","80세 이상","","","","","","165","176","189","193","284","250","217","161","245","257","285",
"망원1동","국민기초생활보장 수급권자","계","","","","","","126","131","138","173","166","168","192","208","203","223","253",
"망원1동","국민기초생활보장 수급권자","65~79세","","","","","","85","84","82","118","120","111","128","174","135","150","165",
"망원1동","국민기초생활보장 수급권자","80세 이상","","","","","","41","47","56","55","46","57","64","34","68","73","88",
"망원1동","저소득노인","계","","","","","","58","26","48","87","24","46","47","48","63","18","24",
"망원1동","저소득노인","65~79세","","","","","","37","20","29","49","16","23","25","22","31","11","14",
"망원1동","저소득노인","80세 이상","","","","","","21","6","19","38","8","23","22","26","32","7","10",
"망원1동","일   반","계","","","","","","521","553","534","473","757","625","486","576","592","661","646",
"망원1동","일   반","65~79세","","","","","","418","430","420","373","527","455","355","475","447","484","459",
"망원1동","일   반","80세 이상","","","","","","103","123","114","100","230","170","131","101","145","177","187",
"망원2동","합계","계","","","","","","572","474","492","532","548","621","659","671","686","720","729",
"망원2동","합계","65~79세","","","","","","429","390","397","411","278","456","417","484","474","490","483",
"망원2동","합계","80세 이상","","","","","","143","84","95","121","270","165","242","187","212","230","246",
"망원2동","국민기초생활보장 수급권자","계","","","","","","59","56","57","54","75","72","121","153","142","159","173",
"망원2동","국민기초생활보장 수급권자","65~79세","","","","","","38","36","40","33","35","47","78","93","85","93","98",
"망원2동","국민기초생활보장 수급권자","80세 이상","","","","","","21","20","17","21","40","25","43","60","57","66","75",
"망원2동","저소득노인","계","","","","","","29","25","23","21","52","36","27","29","43","18","27",
"망원2동","저소득노인","65~79세","","","","","","14","13","13","10","19","20","12","15","23","8","15",
"망원2동","저소득노인","80세 이상","","","","","","15","12","10","11","33","16","15","14","20","10","12",
"망원2동","일   반","계","","","","","","484","393","412","457","421","513","511","489","501","543","529",
"망원2동","일   반","65~79세","","","","","","377","341","344","368","224","389","327","376","366","389","370",
"망원2동","일   반","80세 이상","","","","","","107","52","68","89","197","124","184","113","135","154","159",
"연남동","합계","계","","","","","","539","458","462","466","474","611","520","520","546","567","579",
"연남동","합계","65~79세","","","","","","405","351","343","341","326","416","367","156","387","399","398",
"연남동","합계","80세 이상","","","","","","134","107","119","125","148","195","153","364","159","168","181",
"연남동","국민기초생활보장 수급권자","계","","","","","","102","65","67","50","69","68","76","83","99","113","118",
"연남동","국민기초생활보장 수급권자","65~79세","","","","","","64","45","48","35","42","46","49","21","63","75","78",
"연남동","국민기초생활보장 수급권자","80세 이상","","","","","","38","20","19","15","27","22","27","62","36","38","40",
"연남동","저소득노인","계","","","","","","60","9","21","97","29","31","24","24","39","20","31",
"연남동","저소득노인","65~79세","","","","","","35","5","15","76","18","14","16","10","21","14","20",
"연남동","저소득노인","80세 이상","","","","","","25","4","6","21","11","17","8","14","18","6","11",
"연남동","일   반","계","","","","","","377","384","374","319","376","512","420","413","408","434","430",
"연남동","일   반","65~79세","","","","","","306","301","280","230","266","356","302","125","303","310","300",
"연남동","일   반","80세 이상","","","","","","71","83","94","89","110","156","118","288","105","124","130",
"성산1동","합계","계","","","","","","577","622","538","521","542","637","606","806","679","720","729",
"성산1동","합계","65~79세","","","","","","428","461","424","403","408","463","455","583","495","526","518",
"성산1동","합계","80세 이상","","","","","","149","161","114","118","134","174","151","223","184","194","211",
"성산1동","국민기초생활보장 수급권자","계","","","","","","71","89","94","91","138","120","121","132","211","168","158",
"성산1동","국민기초생활보장 수급권자","65~79세","","","","","","43","60","68","69","94","36","79","86","137","113","108",
"성산1동","국민기초생활보장 수급권자","80세 이상","","","","","","28","29","26","22","44","84","42","46","74","55","50",
"성산1동","저소득노인","계","","","","","","29","29","32","31","35","31","29","27","37","23","30",
"성산1동","저소득노인","65~79세","","","","","","24","20","22","24","28","18","19","17","25","14","16",
"성산1동","저소득노인","80세 이상","","","","","","5","9","10","7","7","13","10","10","12","9","14",
"성산1동","일   반","계","","","","","","477","504","412","399","369","486","456","647","431","529","541",
"성산1동","일   반","65~79세","","","","","","361","381","334","310","286","409","357","480","333","399","394",
"성산1동","일   반","80세 이상","","","","","","116","123","78","89","83","77","99","167","98","130","147",
"성산2동","합계","계","","","","","","1189","1167","1313","1353","1412","1513","1596","1669","1799","1870","1928",
"성산2동","합계","65~79세","","","","","","929","920","1006","1052","1076","1121","1189","1231","1284","1291","1301",
"성산2동","합계","80세 이상","","","","","","260","247","307","301","336","392","407","438","515","579","627",
"성산2동","국민기초생활보장 수급권자","계","","","","","","183","227","261","234","413","438","517","578","643","721","795",
"성산2동","국민기초생활보장 수급권자","65~79세","","","","","","178","173","196","183","323","369","384","417","453","489","518",
"성산2동","국민기초생활보장 수급권자","80세 이상","","","","","","5","54","65","51","90","69","133","161","190","232","277",
"성산2동","저소득노인","계","","","","","","114","114","112","125","75","167","57","81","153","65","115",
"성산2동","저소득노인","65~79세","","","","","","94","89","83","89","51","131","29","52","108","41","76",
"성산2동","저소득노인","80세 이상","","","","","","20","25","29","36","24","36","28","29","45","24","39",
"성산2동","일   반","계","","","","","","892","826","940","994","924","908","1022","1010","1003","1084","1018",
"성산2동","일   반","65~79세","","","","","","657","658","727","780","702","621","776","762","723","761","707",
"성산2동","일   반","80세 이상","","","","","","235","168","213","214","222","287","246","248","280","323","311",
"상암동","합계","계","","","","","","470","368","378","413","460","541","822","834","735","794","853",
"상암동","합계","65~79세","","","","","","346","87","297","313","247","402","575","566","539","579","619",
"상암동","합계","80세 이상","","","","","","124","281","81","100","213","139","247","268","196","215","234",
"상암동","국민기초생활보장 수급권자","계","","","","","","64","70","74","87","118","128","135","172","225","274","319",
"상암동","국민기초생활보장 수급권자","65~79세","","","","","","41","48","52","55","44","78","75","100","127","163","194",
"상암동","국민기초생활보장 수급권자","80세 이상","","","","","","23","22","22","32","74","50","60","72","98","111","125",
"상암동","저소득노인","계","","","","","","50","36","69","58","35","60","135","61","121","40","78",
"상암동","저소득노인","65~79세","","","","","","26","21","44","35","15","30","80","28","77","18","44",
"상암동","저소득노인","80세 이상","","","","","","24","15","25","23","20","30","55","33","44","22","34",
"상암동","일   반","계","","","","","","356","262","235","268","307","353","552","601","389","480","456",
"상암동","일   반","65~79세","","","","","","279","18","201","223","188","294","420","438","335","398","381",
"상암동","일   반","80세 이상","","","","","","77","244","34","45","119","59","132","163","54","82","75",
"양천구","합계","계","","8075","8190","8861","9263","10130","10581","10178","12031","13864","13614","14098","15131","16744","17825","19007",
"양천구","합계","65~79세","","6434","6195","7123","7245","7879","8121","7809","8940","10233","10093","10805","11571","12576","13301","14158",
"양천구","합계","80세 이상","","1641","1995","1738","2018","2251","2460","2369","3091","3631","3521","3293","3560","4168","4524","4849",
"양천구","국민기초생활보장 수급권자","계","","1370","1438","1412","1605","1729","1848","1997","2076","3072","3288","3937","4680","5103","5791","6389",
"양천구","국민기초생활보장 수급권자","65~79세","","995","1025","1082","1188","1268","1368","1427","1441","2186","2203","2711","3205","3453","3904","3799",
"양천구","국민기초생활보장 수급권자","80세 이상","","375","413","330","417","461","480","570","635","886","1085","1226","1475","1650","1887","2590",
"양천구","저소득노인","계","","277","438","877","493","605","765","859","997","881","995","859","558","529","471","439",
"양천구","저소득노인","65~79세","","212","286","673","359","430","484","524","576","483","575","452","291","272","255","260",
"양천구","저소득노인","80세 이상","","65","152","204","134","175","281","335","421","398","420","407","267","257","216","179",
"양천구","일   반","계","","6428","6314","6572","7165","7796","7968","7322","8958","9911","9331","9302","9893","11112","11563","12179",
"양천구","일   반","65~79세","","5227","4884","5368","5698","6181","6269","5858","6923","7564","7315","7642","8075","8851","9142","10099",
"양천구","일   반","80세 이상","","1201","1430","1204","1467","1615","1699","1464","2035","2347","2016","1660","1818","2261","2421","2080",
"목1동","합계","계","","","","","","347","372","363","388","397","439","485","504","557","586","618",
"목1동","합계","65~79세","","","","","","252","271","269","286","302","332","369","378","404","417","424",
"목1동","합계","80세 이상","","","","","","95","101","94","102","95","107","116","126","153","169","194",
"목1동","국민기초생활보장 수급권자","계","","","","","","35","41","53","42","73","61","80","131","149","160","169",
"목1동","국민기초생활보장 수급권자","65~79세","","","","","","23","30","41","30","48","38","54","86","91","100","95",
"목1동","국민기초생활보장 수급권자","80세 이상","","","","","","12","11","12","12","25","23","26","45","58","60","74",
"목1동","저소득노인","계","","","","","","18","23","36","35","17","23","13","10","12","16","11",
"목1동","저소득노인","65~79세","","","","","","16","12","23","24","11","18","8","5","7","7","7",
"목1동","저소득노인","80세 이상","","","","","","2","11","13","11","6","5","5","5","5","9","4",
"목1동","일   반","계","","","","","","294","308","274","311","307","355","392","363","396","410","438",
"목1동","일   반","65~79세","","","","","","213","229","205","232","243","276","307","287","306","310","322",
"목1동","일   반","80세 이상","","","","","","81","79","69","79","64","79","85","76","90","100","116",
"목2동","합계","계","","","","","","596","634","602","647","878","829","842","878","960","1001","1077",
"목2동","합계","65~79세","","","","","","461","486","457","485","667","638","663","681","728","760","820",
"목2동","합계","80세 이상","","","","","","135","148","145","162","211","191","179","197","232","241","257",
"목2동","국민기초생활보장 수급권자","계","","","","","","72","84","96","97","129","191","206","266","269","302","344",
"목2동","국민기초생활보장 수급권자","65~79세","","","","","","55","62","67","75","100","131","144","186","192","207","247",
"목2동","국민기초생활보장 수급권자","80세 이상","","","","","","17","22","29","22","29","60","62","80","77","95","97",
"목2동","저소득노인","계","","","","","","42","56","35","65","45","58","35","37","31","28","24",
"목2동","저소득노인","65~79세","","","","","","28","35","27","37","24","28","13","14","13","14","10",
"목2동","저소득노인","80세 이상","","","","","","14","21","8","28","21","30","22","23","18","14","14",
"목2동","일   반","계","","","","","","482","494","471","485","704","580","601","575","660","671","709",
"목2동","일   반","65~79세","","","","","","378","389","363","373","543","479","506","481","523","539","563",
"목2동","일   반","80세 이상","","","","","","104","105","108","112","161","101","95","94","137","132","146",
"목3동","합계","계","","","","","","567","572","529","585","625","711","732","744","839","917","970",
"목3동","합계","65~79세","","","","","","419","404","375","411","460","516","553","561","640","693","738",
"목3동","합계","80세 이상","","","","","","148","168","154","174","165","195","179","183","199","224","232",
"목3동","국민기초생활보장 수급권자","계","","","","","","90","96","102","134","130","154","186","217","257","301","337",
"목3동","국민기초생활보장 수급권자","65~79세","","","","","","58","67","73","89","85","91","119","152","187","215","245",
"목3동","국민기초생활보장 수급권자","80세 이상","","","","","","32","29","29","45","45","63","67","65","70","86","92",
"목3동","저소득노인","계","","","","","","44","33","57","92","56","38","46","28","32","20","21",
"목3동","저소득노인","65~79세","","","","","","25","18","30","57","37","18","27","14","16","11","11",
"목3동","저소득노인","80세 이상","","","","","","19","15","27","35","19","20","19","14","16","9","10",
"목3동","일   반","계","","","","","","433","443","370","359","439","519","500","499","550","596","612",
"목3동","일   반","65~79세","","","","","","336","319","272","265","338","407","407","395","437","467","482",
"목3동","일   반","80세 이상","","","","","","97","124","98","94","101","112","93","104","113","129","130",
"목4동","합계","계","","","","","","527","532","527","583","599","696","721","762","848","879","931",
"목4동","합계","65~79세","","","","","","413","420","404","435","406","512","540","573","617","634","669",
"목4동","합계","80세 이상","","","","","","114","112","123","148","193","184","181","189","231","245","262",
"목4동","국민기초생활보장 수급권자","계","","","","","","81","73","104","115","138","245","210","219","240","258","289",
"목4동","국민기초생활보장 수급권자","65~79세","","","","","","55","51","70","78","91","156","149","149","161","169","188",
"목4동","국민기초생활보장 수급권자","80세 이상","","","","","","26","22","34","37","47","89","61","70","79","89","101",
"목4동","저소득노인","계","","","","","","22","33","17","62","16","54","41","23","25","25","24",
"목4동","저소득노인","65~79세","","","","","","13","22","8","36","10","27","23","12","14","15","15",
"목4동","저소득노인","80세 이상","","","","","","9","11","9","26","6","27","18","11","11","10","9",
"목4동","일   반","계","","","","","","424","426","406","406","445","397","470","520","583","596","618",
"목4동","일   반","65~79세","","","","","","345","347","326","321","305","329","368","412","442","450","466",
"목4동","일   반","80세 이상","","","","","","79","79","80","85","140","68","102","108","141","146","152",
"목5동","합계","계","","","","","","466","474","443","453","438","316","500","558","633","621","640",
"목5동","합계","65~79세","","","","","","285","278","253","238","220","208","318","365","428","424","434",
"목5동","합계","80세 이상","","","","","","181","196","190","215","218","108","182","193","205","197","206",
"목5동","국민기초생활보장 수급권자","계","","","","","","5","4","3","4","9","5","6","11","13","13","15",
"목5동","국민기초생활보장 수급권자","65~79세","","","","","","3","2","2","4","5","2","4","7","8","8","10",
"목5동","국민기초생활보장 수급권자","80세 이상","","","","","","2","2","1","0","4","3","2","4","5","5","5",
"목5동","저소득노인","계","","","","","","3","5","2","5","4","2","0","4","5","3","3",
"목5동","저소득노인","65~79세","","","","","","1","1","2","1","0","0","0","0","2","1","1",
"목5동","저소득노인","80세 이상","","","","","","2","4","0","4","4","2","0","4","3","2","2",
"목5동","일   반","계","","","","","","458","465","438","444","425","309","494","543","615","605","622",
"목5동","일   반","65~79세","","","","","","281","275","249","233","215","206","314","358","418","415","423",
"목5동","일   반","80세 이상","","","","","","177","190","189","211","210","103","180","185","197","190","199",
"신월1동","합계","계","","","","","","770","810","816","881","1417","472","1166","1234","1388","1474","1607",
"신월1동","합계","65~79세","","","","","","630","651","658","711","1068","265","922","983","1094","1147","1260",
"신월1동","합계","80세 이상","","","","","","140","159","158","170","349","207","244","251","294","327","347",
"신월1동","국민기초생활보장 수급권자","계","","","","","","197","208","227","266","361","4","290","504","562","605","680",
"신월1동","국민기초생활보장 수급권자","65~79세","","","","","","154","171","181","205","249","2","231","354","404","428","495",
"신월1동","국민기초생활보장 수급권자","80세 이상","","","","","","43","37","46","61","112","2","59","150","158","177","185",
"신월1동","저소득노인","계","","","","","","46","58","95","75","92","1","70","43","44","36","33",
"신월1동","저소득노인","65~79세","","","","","","34","36","62","52","55","0","40","26","23","19","21",
"신월1동","저소득노인","80세 이상","","","","","","12","22","33","23","37","1","30","17","21","17","12",
"신월1동","일   반","계","","","","","","527","544","494","540","964","467","806","687","782","833","894",
"신월1동","일   반","65~79세","","","","","","442","444","415","454","764","263","651","603","667","700","744",
"신월1동","일   반","80세 이상","","","","","","85","100","79","86","200","204","155","84","115","133","150",
"신월2동","합계","계","","","","","","526","545","528","861","651","1168","761","810","893","994","1084",
"신월2동","합계","65~79세","","","","","","430","437","428","651","526","922","603","646","690","763","839",
"신월2동","합계","80세 이상","","","","","","96","108","100","210","125","246","158","164","203","231","245",
"신월2동","국민기초생활보장 수급권자","계","","","","","","94","114","118","149","146","396","194","211","230","284","323",
"신월2동","국민기초생활보장 수급권자","65~79세","","","","","","71","83","78","99","99","285","119","136","145","182","210",
"신월2동","국민기초생활보장 수급권자","80세 이상","","","","","","23","31","40","50","47","111","75","75","85","102","113",
"신월2동","저소득노인","계","","","","","","32","40","58","77","64","98","83","38","34","27","28",
"신월2동","저소득노인","65~79세","","","","","","26","28","33","41","38","56","42","20","19","15","18",
"신월2동","저소득노인","80세 이상","","","","","","6","12","25","36","26","42","41","18","15","12","10",
"신월2동","일   반","계","","","","","","400","391","352","635","441","674","484","561","629","683","733",
"신월2동","일   반","65~79세","","","","","","333","326","317","511","389","581","442","490","526","566","611",
"신월2동","일   반","80세 이상","","","","","","67","65","35","124","52","93","42","71","103","117","122",
"신월3동","합계","계","","","","","","659","716","755","756","1224","742","1004","1064","1157","1275","1365",
"신월3동","합계","65~79세","","","","","","536","567","602","614","954","575","801","837","883","979","1060",
"신월3동","합계","80세 이상","","","","","","123","149","153","142","270","167","203","227","274","296","305",
"신월3동","국민기초생활보장 수급권자","계","","","","","","148","170","186","190","272","167","345","436","452","507","551",
"신월3동","국민기초생활보장 수급권자","65~79세","","","","","","113","127","138","148","210","108","254","320","319","368","403",
"신월3동","국민기초생활보장 수급권자","80세 이상","","","","","","35","43","48","42","62","59","91","116","133","139","148",
"신월3동","저소득노인","계","","","","","","64","87","92","97","91","63","89","43","37","36","35",
"신월3동","저소득노인","65~79세","","","","","","41","54","50","57","55","31","45","27","25","23","25",
"신월3동","저소득노인","80세 이상","","","","","","23","33","42","40","36","32","44","16","12","13","10",
"신월3동","일   반","계","","","","","","447","459","477","469","861","512","570","585","668","732","779",
"신월3동","일   반","65~79세","","","","","","382","386","414","409","689","436","502","490","539","588","632",
"신월3동","일   반","80세 이상","","","","","","65","73","63","60","172","76","68","95","129","144","147",
"신월4동","합계","계","","","","","","357","368","353","458","527","985","530","596","660","711","740",
"신월4동","합계","65~79세","","","","","","285","289","280","335","389","769","413","462","495","531","541",
"신월4동","합계","80세 이상","","","","","","72","79","73","123","138","216","117","134","165","180","199",
"신월4동","국민기초생활보장 수급권자","계","","","","","","47","50","46","54","62","230","133","116","123","143","151",
"신월4동","국민기초생활보장 수급권자","65~79세","","","","","","32","36","31","16","43","169","88","75","78","91","97",
"신월4동","국민기초생활보장 수급권자","80세 이상","","","","","","15","14","15","38","19","61","45","41","45","52","54",
"신월4동","저소득노인","계","","","","","","22","25","25","21","35","88","22","31","27","28","15",
"신월4동","저소득노인","65~79세","","","","","","12","10","11","10","14","49","8","11","8","13","5",
"신월4동","저소득노인","80세 이상","","","","","","10","15","14","11","21","39","14","20","19","15","10",
"신월4동","일   반","계","","","","","","288","293","282","383","430","667","375","449","510","540","574",
"신월4동","일   반","65~79세","","","","","","241","243","238","309","332","551","317","376","409","427","439",
"신월4동","일   반","80세 이상","","","","","","47","50","44","74","98","116","58","73","101","113","135",
"신월5동","합계","계","","","","","","374","393","377","432","433","523","524","597","650","674","737",
"신월5동","합계","65~79세","","","","","","286","305","300","337","344","401","417","482","514","534","572",
"신월5동","합계","80세 이상","","","","","","88","88","77","95","89","122","107","115","136","140","165",
"신월5동","국민기초생활보장 수급권자","계","","","","","","64","71","105","65","107","128","169","198","211","238","265",
"신월5동","국민기초생활보장 수급권자","65~79세","","","","","","50","56","71","46","81","84","128","146","153","171","186",
"신월5동","국민기초생활보장 수급권자","80세 이상","","","","","","14","15","34","19","26","44","41","52","58","67","79",
"신월5동","저소득노인","계","","","","","","27","30","44","16","31","67","40","24","19","17","13",
"신월5동","저소득노인","65~79세","","","","","","20","20","28","9","18","37","22","15","10","11","8",
"신월5동","저소득노인","80세 이상","","","","","","7","10","16","7","13","30","18","9","9","6","5",
"신월5동","일   반","계","","","","","","283","292","228","351","295","328","315","375","420","419","459",
"신월5동","일   반","65~79세","","","","","","216","229","201","282","245","280","267","321","351","352","378",
"신월5동","일   반","80세 이상","","","","","","67","63","27","69","50","48","48","54","69","67","81",
"신월6동","합계","계","","","","","","348","250","172","205","192","515","286","364","389","414","427",
"신월6동","합계","65~79세","","","","","","272","202","142","166","151","408","241","301","312","330","346",
"신월6동","합계","80세 이상","","","","","","76","48","30","39","41","107","45","63","77","84","81",
"신월6동","국민기초생활보장 수급권자","계","","","","","","45","27","24","37","26","98","78","68","89","102","109",
"신월6동","국민기초생활보장 수급권자","65~79세","","","","","","32","19","16","25","18","80","55","45","59","68","71",
"신월6동","국민기초생활보장 수급권자","80세 이상","","","","","","13","8","8","12","8","18","23","23","30","34","38",
"신월6동","저소득노인","계","","","","","","16","6","5","10","4","169","20","9","7","5","4",
"신월6동","저소득노인","65~79세","","","","","","12","5","0","3","3","127","13","6","3","3","2",
"신월6동","저소득노인","80세 이상","","","","","","4","1","5","7","1","42","7","3","4","2","2",
"신월6동","일   반","계","","","","","","287","217","143","158","162","248","188","287","293","307","314",
"신월6동","일   반","65~79세","","","","","","228","178","126","138","130","201","173","250","250","259","273",
"신월6동","일   반","80세 이상","","","","","","59","39","17","20","32","47","15","37","43","48","41",
"신월7동","합계","계","","","","","","661","740","755","906","1024","255","1133","1164","1276","1370","1488",
"신월7동","합계","65~79세","","","","","","536","582","586","683","740","66","830","846","922","971","1045",
"신월7동","합계","80세 이상","","","","","","125","158","169","223","284","189","303","318","354","399","443",
"신월7동","국민기초생활보장 수급권자","계","","","","","","90","91","105","110","154","38","254","300","314","369","425",
"신월7동","국민기초생활보장 수급권자","65~79세","","","","","","67","64","72","83","107","22","171","197","206","237","268",
"신월7동","국민기초생활보장 수급권자","80세 이상","","","","","","23","27","33","27","47","16","83","103","108","132","157",
"신월7동","저소득노인","계","","","","","","27","46","52","65","112","3","89","87","74","67","63",
"신월7동","저소득노인","65~79세","","","","","","21","33","33","35","52","2","39","41","30","26","35",
"신월7동","저소득노인","80세 이상","","","","","","6","13","19","30","60","1","50","46","44","41","28",
"신월7동","일   반","계","","","","","","544","603","598","731","758","214","790","777","888","934","1000",
"신월7동","일   반","65~79세","","","","","","448","485","481","565","581","42","620","608","686","708","742",
"신월7동","일   반","80세 이상","","","","","","96","118","117","166","177","172","170","169","202","226","258",
"신정1동","합계","계","","","","","","334","377","351","382","388","1102","432","466","510","523","541",
"신정1동","합계","65~79세","","","","","","241","278","244","270","258","809","304","328","351","347","363",
"신정1동","합계","80세 이상","","","","","","93","99","107","112","130","293","128","138","159","176","178",
"신정1동","국민기초생활보장 수급권자","계","","","","","","38","39","54","47","55","238","73","74","82","95","105",
"신정1동","국민기초생활보장 수급권자","65~79세","","","","","","26","26","35","31","36","151","53","52","56","61","72",
"신정1동","국민기초생활보장 수급권자","80세 이상","","","","","","12","13","19","16","19","87","20","22","26","34","33",
"신정1동","저소득노인","계","","","","","","7","20","38","28","13","100","25","16","15","11","13",
"신정1동","저소득노인","65~79세","","","","","","3","12","22","19","11","58","14","7","5","4","6",
"신정1동","저소득노인","80세 이상","","","","","","4","8","16","9","2","42","11","9","10","7","7",
"신정1동","일   반","계","","","","","","289","318","259","307","320","764","334","376","413","417","423",
"신정1동","일   반","65~79세","","","","","","212","240","187","220","211","600","237","269","290","282","285",
"신정1동","일   반","80세 이상","","","","","","77","78","72","87","109","164","97","107","123","135","138",
"신정2동","합계","계","","","","","","437","462","419","454","674","435","549","597","640","687","724",
"신정2동","합계","65~79세","","","","","","325","337","316","325","460","303","404","440","469","493","510",
"신정2동","합계","80세 이상","","","","","","112","125","103","129","214","132","145","157","171","194","214",
"신정2동","국민기초생활보장 수급권자","계","","","","","","102","109","97","113","171","63","239","260","284","328","352",
"신정2동","국민기초생활보장 수급권자","65~79세","","","","","","72","76","59","72","108","45","152","169","181","205","221",
"신정2동","국민기초생활보장 수급권자","80세 이상","","","","","","30","33","38","41","63","18","87","91","103","123","131",
"신정2동","저소득노인","계","","","","","","19","30","35","34","54","36","55","22","27","20","18",
"신정2동","저소득노인","65~79세","","","","","","14","18","20","17","25","24","38","15","21","15","12",
"신정2동","저소득노인","80세 이상","","","","","","5","12","15","17","29","12","17","7","6","5","6",
"신정2동","일   반","계","","","","","","316","323","287","307","449","336","255","315","329","339","354",
"신정2동","일   반","65~79세","","","","","","239","243","237","236","327","234","214","256","267","273","277",
"신정2동","일   반","80세 이상","","","","","","77","80","50","71","122","102","41","59","62","66","77",
"신정3동","합계","계","","","","","","923","1162","1012","1170","1822","540","1439","1575","1760","1911","2025",
"신정3동","합계","65~79세","","","","","","698","930","814","859","1320","390","1136","1222","1352","1473","1536",
"신정3동","합계","80세 이상","","","","","","225","232","198","311","502","150","303","353","408","438","489",
"신정3동","국민기초생활보장 수급권자","계","","","","","","208","240","208","110","521","196","340","502","567","669","732",
"신정3동","국민기초생활보장 수급권자","65~79세","","","","","","151","180","158","49","373","120","233","342","386","464","228",
"신정3동","국민기초생활보장 수급권자","80세 이상","","","","","","57","60","50","61","148","76","107","160","181","205","504",
"신정3동","저소득노인","계","","","","","","73","97","40","67","132","20","115","62","67","60","52",
"신정3동","저소득노인","65~79세","","","","","","61","69","31","40","76","9","62","33","36","35","33",
"신정3동","저소득노인","80세 이상","","","","","","12","28","9","27","56","11","53","29","31","25","19",
"신정3동","일   반","계","","","","","","642","825","764","993","1169","324","984","1011","1126","1182","1241",
"신정3동","일   반","65~79세","","","","","","486","681","625","770","871","261","841","847","930","974","1275",
"신정3동","일   반","80세 이상","","","","","","156","144","139","223","298","63","143","164","196","208","-34",
"신정4동","합계","계","","","","","","1112","980","1004","1110","1202","1211","1378","1493","1664","1759","1920",
"신정4동","합계","65~79세","","","","","","944","786","816","913","977","874","1105","1201","1301","1362","1479",
"신정4동","합계","80세 이상","","","","","","168","194","188","197","225","337","273","292","363","397","441",
"신정4동","국민기초생활보장 수급권자","계","","","","","","174","170","195","230","253","521","447","466","524","580","654",
"신정4동","국민기초생활보장 수급권자","65~79세","","","","","","122","122","136","177","185","350","313","326","358","401","194",
"신정4동","국민기초생활보장 수급권자","80세 이상","","","","","","52","48","59","53","68","171","134","140","166","179","460",
"신정4동","저소득노인","계","","","","","","52","63","73","51","45","64","64","35","31","33","37",
"신정4동","저소득노인","65~79세","","","","","","37","40","44","36","24","31","32","20","19","23","25",
"신정4동","저소득노인","80세 이상","","","","","","15","23","29","15","21","33","32","15","12","10","12",
"신정4동","일   반","계","","","","","","886","747","736","829","904","626","867","992","1109","1146","1229",
"신정4동","일   반","65~79세","","","","","","785","624","636","700","768","493","760","855","924","938","1260",
"신정4동","일   반","80세 이상","","","","","","101","123","100","129","136","133","107","137","185","208","-31",
"신정6동","합계","계","","","","","","265","267","258","243","288","1338","331","349","398","403","410",
"신정6동","합계","65~79세","","","","","","188","184","174","159","183","1043","227","238","270","267","283",
"신정6동","합계","80세 이상","","","","","","77","83","84","84","105","295","104","111","128","136","127",
"신정6동","국민기초생활보장 수급권자","계","","","","","","5","3","3","5","3","333","12","13","14","15","11",
"신정6동","국민기초생활보장 수급권자","65~79세","","","","","","2","1","1","1","0","232","7","10","7","7","5",
"신정6동","국민기초생활보장 수급권자","80세 이상","","","","","","3","2","2","4","3","101","5","3","7","8","6",
"신정6동","저소득노인","계","","","","","","1","8","8","6","3","77","5","4","5","3","2",
"신정6동","저소득노인","65~79세","","","","","","1","2","2","0","0","46","0","0","-","-","-",
"신정6동","저소득노인","80세 이상","","","","","","0","6","6","6","3","31","5","4","5","3","2",
"신정6동","일   반","계","","","","","","259","256","247","232","282","928","314","332","379","385","397",
"신정6동","일   반","65~79세","","","","","","185","181","171","158","183","765","220","228","263","260","278",
"신정6동","일   반","80세 이상","","","","","","74","75","76","74","99","163","94","104","116","125","119",
"신정7동","합계","계","","","","","","861","927","914","1517","1085","1337","1285","1376","1522","1626","1703",
"신정7동","합계","65~79세","","","","","","678","714","691","1062","808","1062","959","1027","1106","1176","1239",
"신정7동","합계","80세 이상","","","","","","183","213","223","455","277","275","326","349","416","450","464",
"신정7동","국민기초생활보장 수급권자","계","","","","","","234","258","271","308","462","220","675","688","723","822","877",
"신정7동","국민기초생활보장 수급권자","65~79세","","","","","","182","195","198","213","348","137","437","453","462","522","564",
"신정7동","국민기초생활보장 수급권자","80세 이상","","","","","","52","63","73","95","114","83","238","235","261","300","313",
"신정7동","저소득노인","계","","","","","","90","105","147","191","67","34","47","42","37","36","43",
"신정7동","저소득노인","65~79세","","","","","","65","69","98","102","30","14","26","25","21","20","26",
"신정7동","저소득노인","80세 이상","","","","","","25","36","49","89","37","20","21","17","16","16","17",
"신정7동","일   반","계","","","","","","537","564","496","1018","556","1083","563","646","762","768","783",
"신정7동","일   반","65~79세","","","","","","431","450","395","747","430","911","496","549","623","634","649",
"신정7동","일   반","80세 이상","","","","","","106","114","101","271","126","172","67","97","139","134","134",
"강서구","합계","계","","10577","12930","13991","13213","14073","15024","15548","16226","17468","19498","20897","22863","24691","26046","40551",
"강서구","합계","65~79세","","5485","10009","10409","9882","10984","11065","12267","12812","13142","14692","15790","17209","18473","19493","29272",
"강서구","합계","80세 이상","","5092","2921","3582","3331","3089","3959","3281","3414","4326","4806","5107","5654","6218","6553","11279",
"강서구","국민기초생활보장 수급권자","계","","2443","2630","2764","3110","3190","3693","3095","3313","5115","5956","7418","8818","9757","10606","11609",
"강서구","국민기초생활보장 수급권자","65~79세","","978","1834","1880","2188","2261","2250","2183","2312","3587","4113","4994","6046","6670","7326","7594",
"강서구","국민기초생활보장 수급권자","80세 이상","","1465","796","884","922","929","1443","912","1001","1528","1843","2424","2772","3087","3280","4015",
"강서구","저소득노인","계","","549","512","585","839","950","980","888","976","1128","1373","990","698","676","642","1077",
"강서구","저소득노인","65~79세","","227","359","422","605","649","593","578","658","677","774","607","402","411","391","678",
"강서구","저소득노인","80세 이상","","322","153","163","234","301","387","310","318","451","599","383","296","265","251","399",
"강서구","일   반","계","","7585","9788","10642","9264","9933","10351","11565","11937","11225","12169","12489","13347","14258","14798","27865",
"강서구","일   반","65~79세","","4280","7816","8107","7089","8074","8222","9506","9842","8878","9805","10189","10761","11392","11776","21000",
"강서구","일   반","80세 이상","","3305","1972","2535","2175","1859","2129","2059","2095","2347","2364","2300","2586","2866","3022","6865",
"염창동","합계","계","","","","","","501","451","446","421","566","522","572","629","677","681","804",
"염창동","합계","65~79세","","","","","","395","356","350","324","428","396","445","487","516","512","587",
"염창동","합계","80세 이상","","","","","","106","95","96","97","138","126","127","142","161","169","217",
"염창동","국민기초생활보장 수급권자","계","","","","","","34","34","25","29","41","9","47","73","72","78","85",
"염창동","국민기초생활보장 수급권자","65~79세","","","","","","27","28","20","22","36","5","31","42","41","43","51",
"염창동","국민기초생활보장 수급권자","80세 이상","","","","","","7","6","5","7","5","4","16","31","31","35","34",
"염창동","저소득노인","계","","","","","","22","11","2","5","38","13","21","15","16","16","18",
"염창동","저소득노인","65~79세","","","","","","18","6","1","2","22","1","7","8","7","10","8",
"염창동","저소득노인","80세 이상","","","","","","4","5","1","3","16","12","14","7","9","6","10",
"염창동","일   반","계","","","","","","445","406","419","387","487","500","504","541","589","587","701",
"염창동","일   반","65~79세","","","","","","350","322","329","300","370","390","407","437","468","459","528",
"염창동","일   반","80세 이상","","","","","","95","84","90","87","117","110","97","104","121","128","173",
"등촌1동","합계","계","","","","","","537","522","552","543","649","668","725","758","778","835","967",
"등촌1동","합계","65~79세","","","","","","326","312","337","351","370","383","409","419","430","472","546",
"등촌1동","합계","80세 이상","","","","","","211","210","215","192","279","285","316","339","348","363","421",
"등촌1동","국민기초생활보장 수급권자","계","","","","","","37","41","36","34","37","61","70","86","82","95","95",
"등촌1동","국민기초생활보장 수급권자","65~79세","","","","","","27","29","25","27","28","45","51","56","51","60","47",
"등촌1동","국민기초생활보장 수급권자","80세 이상","","","","","","10","12","11","7","9","16","19","30","31","35","48",
"등촌1동","저소득노인","계","","","","","","10","16","15","18","3","16","21","12","6","10","19",
"등촌1동","저소득노인","65~79세","","","","","","10","12","9","12","0","11","8","5","1","4","12",
"등촌1동","저소득노인","80세 이상","","","","","","0","4","6","6","3","5","13","7","5","6","7",
"등촌1동","일   반","계","","","","","","490","465","501","491","609","591","634","660","690","730","853",
"등촌1동","일   반","65~79세","","","","","","289","271","303","312","342","327","350","358","378","408","487",
"등촌1동","일   반","80세 이상","","","","","","201","194","198","179","267","264","284","302","312","322","366",
"등촌2동","합계","계","","","","","","316","319","348","347","414","448","482","530","576","604","839",
"등촌2동","합계","65~79세","","","","","","253","242","258","296","307","309","363","398","419","449","603",
"등촌2동","합계","80세 이상","","","","","","63","77","90","51","107","139","119","132","157","155","236",
"등촌2동","국민기초생활보장 수급권자","계","","","","","","30","44","45","51","79","40","91","106","104","129","144",
"등촌2동","국민기초생활보장 수급권자","65~79세","","","","","","23","32","25","29","49","19","58","66","62","80","91",
"등촌2동","국민기초생활보장 수급권자","80세 이상","","","","","","7","12","20","22","30","21","33","40","42","49","53",
"등촌2동","저소득노인","계","","","","","","27","27","22","27","31","21","27","17","21","18","36",
"등촌2동","저소득노인","65~79세","","","","","","17","18","15","20","18","6","17","9","9","8","23",
"등촌2동","저소득노인","80세 이상","","","","","","10","9","7","7","13","15","10","8","12","10","13",
"등촌2동","일   반","계","","","","","","259","248","281","269","304","387","364","407","451","457","659",
"등촌2동","일   반","65~79세","","","","","","213","192","218","247","240","284","288","323","348","361","489",
"등촌2동","일   반","80세 이상","","","","","","46","56","63","22","64","103","76","84","103","96","170",
"등촌3동","합계","계","","","","","","1481","1622","1652","1934","1961","2339","2448","2696","2864","3055","5656",
"등촌3동","합계","65~79세","","","","","","1023","455","1180","1429","1320","1561","1710","1863","1994","2152","3810",
"등촌3동","합계","80세 이상","","","","","","458","1167","472","505","641","778","738","833","870","903","1846",
"등촌3동","국민기초생활보장 수급권자","계","","","","","","776","904","719","781","1038","1330","1587","1777","1905","2092","2269",
"등촌3동","국민기초생활보장 수급권자","65~79세","","","","","","522","281","473","494","720","845","1092","1247","1341","1477","1399",
"등촌3동","국민기초생활보장 수급권자","80세 이상","","","","","","254","623","246","287","318","485","495","530","564","615","870",
"등촌3동","저소득노인","계","","","","","","121","160","105","118","137","184","85","61","65","60","105",
"등촌3동","저소득노인","65~79세","","","","","","69","52","69","75","90","120","57","31","44","39","66",
"등촌3동","저소득노인","80세 이상","","","","","","52","108","36","43","47","64","28","30","21","21","39",
"등촌3동","일   반","계","","","","","","584","558","828","1035","786","825","776","858","894","903","3282",
"등촌3동","일   반","65~79세","","","","","","432","122","638","860","510","596","561","585","609","636","2345",
"등촌3동","일   반","80세 이상","","","","","","152","436","190","175","276","229","215","273","285","267","937",
"화곡1동","합계","계","","","","","","1179","993","1279","1378","1506","1762","1779","1978","2087","2261","3362",
"화곡1동","합계","65~79세","","","","","","984","843","1137","1187","1360","1406","1431","1559","1652","1791","2629",
"화곡1동","합계","80세 이상","","","","","","195","150","142","191","146","356","348","419","435","470","733",
"화곡1동","국민기초생활보장 수급권자","계","","","","","","166","215","176","186","253","481","449","522","576","671","749",
"화곡1동","국민기초생활보장 수급권자","65~79세","","","","","","126","168","132","136","224","356","327","384","423","497","556",
"화곡1동","국민기초생활보장 수급권자","80세 이상","","","","","","40","47","44","50","29","125","122","138","153","174","193",
"화곡1동","저소득노인","계","","","","","","97","67","66","66","66","180","83","58","64","61","94",
"화곡1동","저소득노인","65~79세","","","","","","63","46","42","52","52","114","48","30","35","33","57",
"화곡1동","저소득노인","80세 이상","","","","","","34","21","24","14","14","66","35","28","29","28","37",
"화곡1동","일   반","계","","","","","","916","711","1037","1126","1187","1101","1247","1398","1447","1529","2519",
"화곡1동","일   반","65~79세","","","","","","795","629","963","999","1084","936","1056","1145","1194","1261","2016",
"화곡1동","일   반","80세 이상","","","","","","121","82","74","127","103","165","191","253","253","268","503",
"화곡2동","합계","계","","","","","","435","460","467","434","441","565","626","674","757","802","1206",
"화곡2동","합계","65~79세","","","","","","359","375","387","329","330","463","503","531","597","628","901",
"화곡2동","합계","80세 이상","","","","","","76","85","80","105","111","102","123","143","160","174","305",
"화곡2동","국민기초생활보장 수급권자","계","","","","","","64","86","82","83","88","188","184","216","249","270","304",
"화곡2동","국민기초생활보장 수급권자","65~79세","","","","","","53","66","62","61","65","131","132","153","178","189","204",
"화곡2동","국민기초생활보장 수급권자","80세 이상","","","","","","11","20","20","22","23","57","52","63","71","81","100",
"화곡2동","저소득노인","계","","","","","","30","19","26","29","31","34","37","29","25","25","44",
"화곡2동","저소득노인","65~79세","","","","","","25","13","20","24","26","24","26","17","20","21","34",
"화곡2동","저소득노인","80세 이상","","","","","","5","6","6","5","5","10","11","12","5","4","10",
"화곡2동","일   반","계","","","","","","341","355","359","322","322","343","405","429","483","507","858",
"화곡2동","일   반","65~79세","","","","","","281","296","305","244","239","308","345","361","399","418","663",
"화곡2동","일   반","80세 이상","","","","","","60","59","54","78","83","35","60","68","84","89","195",
"화곡3동","합계","계","","","","","","492","532","557","613","622","704","723","781","826","850","1160",
"화곡3동","합계","65~79세","","","","","","388","419","443","493","195","535","542","583","620","628","839",
"화곡3동","합계","80세 이상","","","","","","104","113","114","120","427","169","181","198","206","222","321",
"화곡3동","국민기초생활보장 수급권자","계","","","","","","59","108","71","75","108","143","160","183","187","194","227",
"화곡3동","국민기초생활보장 수급권자","65~79세","","","","","","42","60","45","52","40","93","99","116","119","126","151",
"화곡3동","국민기초생활보장 수급권자","80세 이상","","","","","","17","48","26","23","68","50","61","67","68","68","76",
"화곡3동","저소득노인","계","","","","","","15","18","21","22","20","29","16","13","18","19","21",
"화곡3동","저소득노인","65~79세","","","","","","12","12","13","15","4","21","13","9","13","11","15",
"화곡3동","저소득노인","80세 이상","","","","","","3","6","8","7","16","8","3","4","5","8","6",
"화곡3동","일   반","계","","","","","","418","406","465","516","494","532","547","585","621","637","912",
"화곡3동","일   반","65~79세","","","","","","334","347","385","426","151","421","430","458","488","491","673",
"화곡3동","일   반","80세 이상","","","","","","84","59","80","90","343","111","117","127","133","146","239",
"화곡4동","합계","계","","","","","","613","809","650","712","668","737","841","903","979","1051","1623",
"화곡4동","합계","65~79세","","","","","","507","639","490","511","538","594","529","728","767","816","1025",
"화곡4동","합계","80세 이상","","","","","","106","170","160","201","130","143","312","175","212","235","598",
"화곡4동","국민기초생활보장 수급권자","계","","","","","","96","120","106","145","174","199","239","303","337","393","431",
"화곡4동","국민기초생활보장 수급권자","65~79세","","","","","","76","93","80","85","123","141","43","208","238","275","121",
"화곡4동","국민기초생활보장 수급권자","80세 이상","","","","","","20","27","26","60","51","58","196","95","99","118","310",
"화곡4동","저소득노인","계","","","","","","34","39","35","38","36","34","48","30","28","27","45",
"화곡4동","저소득노인","65~79세","","","","","","25","29","26","28","25","23","29","16","16","12","26",
"화곡4동","저소득노인","80세 이상","","","","","","9","10","9","10","11","11","19","14","12","15","19",
"화곡4동","일   반","계","","","","","","483","650","509","529","458","504","554","570","614","631","1147",
"화곡4동","일   반","65~79세","","","","","","406","517","384","398","390","430","457","504","513","529","878",
"화곡4동","일   반","80세 이상","","","","","","77","133","125","131","68","74","97","66","101","102","269",
"화곡본동","합계","계","","","","","","741","762","691","745","934","995","1076","1212","1332","1427","2229",
"화곡본동","합계","65~79세","","","","","","595","612","521","609","749","804","872","960","1044","1113","1670",
"화곡본동","합계","80세 이상","","","","","","146","150","170","136","185","191","204","252","288","314","559",
"화곡본동","국민기초생활보장 수급권자","계","","","","","","145","147","129","152","221","244","309","404","441","501","578",
"화곡본동","국민기초생활보장 수급권자","65~79세","","","","","","96","98","85","92","132","167","206","260","285","341","393",
"화곡본동","국민기초생활보장 수급권자","80세 이상","","","","","","49","49","44","60","89","77","103","144","156","160","185",
"화곡본동","저소득노인","계","","","","","","43","45","43","46","62","84","73","59","40","38","70",
"화곡본동","저소득노인","65~79세","","","","","","33","34","28","36","38","48","43","28","17","20","42",
"화곡본동","저소득노인","80세 이상","","","","","","10","11","15","10","24","36","30","31","23","18","28",
"화곡본동","일   반","계","","","","","","553","570","519","547","651","667","694","749","851","888","1581",
"화곡본동","일   반","65~79세","","","","","","466","480","408","481","579","589","623","672","742","752","1235",
"화곡본동","일   반","80세 이상","","","","","","87","90","111","66","72","78","71","77","109","136","346",
"화곡6동","합계","계","","","","","","522","541","553","553","721","880","852","917","999","1053","1564",
"화곡6동","합계","65~79세","","","","","","415","368","379","397","580","690","670","711","776","808","1100",
"화곡6동","합계","80세 이상","","","","","","107","173","174","156","141","190","182","206","223","245","464",
"화곡6동","국민기초생활보장 수급권자","계","","","","","","71","79","70","72","119","179","210","270","305","327","385",
"화곡6동","국민기초생활보장 수급권자","65~79세","","","","","","55","26","54","61","71","124","140","162","192","214","175",
"화곡6동","국민기초생활보장 수급권자","80세 이상","","","","","","16","53","16","11","48","55","70","108","113","113","210",
"화곡6동","저소득노인","계","","","","","","42","33","44","48","34","56","39","32","28","23","29",
"화곡6동","저소득노인","65~79세","","","","","","33","5","28","33","15","33","21","20","18","12","14",
"화곡6동","저소득노인","80세 이상","","","","","","9","28","16","15","19","23","18","12","10","11","15",
"화곡6동","일   반","계","","","","","","409","429","439","433","568","645","603","615","666","703","1150",
"화곡6동","일   반","65~79세","","","","","","327","337","297","303","494","533","509","529","566","582","911",
"화곡6동","일   반","80세 이상","","","","","","82","92","142","130","74","112","94","86","100","121","239",
"화곡8동","합계","계","","","","","","571","610","619","623","821","845","900","1011","1071","1132","1595",
"화곡8동","합계","65~79세","","","","","","492","501","506","516","665","692","741","832","861","911","1229",
"화곡8동","합계","80세 이상","","","","","","79","109","113","107","156","153","159","179","210","221","366",
"화곡8동","국민기초생활보장 수급권자","계","","","","","","91","110","86","89","185","171","220","272","288","328","363",
"화곡8동","국민기초생활보장 수급권자","65~79세","","","","","","69","78","67","72","142","128","147","192","203","239","263",
"화곡8동","국민기초생활보장 수급권자","80세 이상","","","","","","22","32","19","17","43","43","73","80","85","89","100",
"화곡8동","저소득노인","계","","","","","","12","8","14","15","20","20","35","40","31","30","41",
"화곡8동","저소득노인","65~79세","","","","","","8","7","9","15","17","16","25","29","21","19","22",
"화곡8동","저소득노인","80세 이상","","","","","","4","1","5","0","3","4","10","11","10","11","19",
"화곡8동","일   반","계","","","","","","468","492","519","519","616","654","645","699","752","774","1191",
"화곡8동","일   반","65~79세","","","","","","415","416","430","429","506","548","569","611","637","653","944",
"화곡8동","일   반","80세 이상","","","","","","53","76","89","90","110","106","76","88","115","121","247",
"가양1동","합계","계","","","","","","306","369","334","321","359","534","487","539","568","584","745",
"가양1동","합계","65~79세","","","","","","242","295","254","259","301","391","377","413","441","452","567",
"가양1동","합계","80세 이상","","","","","","64","74","80","62","58","143","110","126","127","132","178",
"가양1동","국민기초생활보장 수급권자","계","","","","","","10","14","15","15","19","43","61","67","60","68","86",
"가양1동","국민기초생활보장 수급권자","65~79세","","","","","","9","12","11","13","15","21","33","34","31","34","50",
"가양1동","국민기초생활보장 수급권자","80세 이상","","","","","","1","2","4","2","4","22","28","33","29","34","36",
"가양1동","저소득노인","계","","","","","","5","8","12","19","23","32","21","19","20","22","34",
"가양1동","저소득노인","65~79세","","","","","","3","4","7","9","13","15","10","9","7","9","19",
"가양1동","저소득노인","80세 이상","","","","","","2","4","5","10","10","17","11","10","13","13","15",
"가양1동","일   반","계","","","","","","291","347","307","287","317","459","405","453","488","494","625",
"가양1동","일   반","65~79세","","","","","","230","279","236","237","273","355","334","370","403","409","498",
"가양1동","일   반","80세 이상","","","","","","61","68","71","50","44","104","71","83","85","85","127",
"가양2동","합계","계","","","","","","879","951","997","1028","1209","1348","1547","1690","1926","1982","3838",
"가양2동","합계","65~79세","","","","","","661","710","762","761","920","998","1154","1253","1408","1463","2795",
"가양2동","합계","80세 이상","","","","","","218","241","235","267","289","350","393","437","518","519","1043",
"가양2동","국민기초생활보장 수급권자","계","","","","","","461","505","466","510","655","571","1009","1205","1403","1477","1596",
"가양2동","국민기초생활보장 수급권자","65~79세","","","","","","300","349","318","312","449","390","688","838","971","1026","1123",
"가양2동","국민기초생활보장 수급권자","80세 이상","","","","","","161","156","148","198","206","181","321","367","432","451","473",
"가양2동","저소득노인","계","","","","","","114","109","105","116","183","88","85","44","54","45","104",
"가양2동","저소득노인","65~79세","","","","","","75","75","60","67","117","47","54","29","36","29","67",
"가양2동","저소득노인","80세 이상","","","","","","39","34","45","49","66","41","31","15","18","16","37",
"가양2동","일   반","계","","","","","","304","337","426","402","371","689","453","441","469","460","2138",
"가양2동","일   반","65~79세","","","","","","286","286","384","382","354","561","412","386","401","408","1605",
"가양2동","일   반","80세 이상","","","","","","18","51","42","20","17","128","41","55","68","52","533",
"가양3동","합계","계","","","","","","725","736","781","791","960","1116","1217","1328","1425","1515","2571",
"가양3동","합계","65~79세","","","","","","568","565","620","654","728","821","933","986","1059","1125","1840",
"가양3동","합계","80세 이상","","","","","","157","171","161","137","232","295","284","342","366","390","731",
"가양3동","국민기초생활보장 수급권자","계","","","","","","319","330","277","278","554","619","683","817","884","921","966",
"가양3동","국민기초생활보장 수급권자","65~79세","","","","","","223","241","201","229","395","433","485","561","597","617","647",
"가양3동","국민기초생활보장 수급권자","80세 이상","","","","","","96","89","76","49","159","186","198","256","287","304","319",
"가양3동","저소득노인","계","","","","","","73","62","82","86","0","59","64","43","42","45","65",
"가양3동","저소득노인","65~79세","","","","","","48","47","54","54","0","35","39","28","25","28","46",
"가양3동","저소득노인","80세 이상","","","","","","25","15","28","32","0","24","25","15","17","17","19",
"가양3동","일   반","계","","","","","","333","344","422","427","406","438","470","468","499","549","1540",
"가양3동","일   반","65~79세","","","","","","297","277","365","371","333","353","409","397","437","480","1147",
"가양3동","일   반","80세 이상","","","","","","36","67","57","56","73","85","61","71","62","69","393",
"발산1동","합계","계","","","","","","530","551","601","603","644","732","796","893","995","1095","1750",
"발산1동","합계","65~79세","","","","","","433","453","493","483","512","581","629","699","752","819","1271",
"발산1동","합계","80세 이상","","","","","","97","98","108","120","132","151","167","194","243","276","479",
"발산1동","국민기초생활보장 수급권자","계","","","","","","69","83","60","61","155","192","210","281","319","400","456",
"발산1동","국민기초생활보장 수급권자","65~79세","","","","","","42","52","44","42","99","125","139","188","201","266","308",
"발산1동","국민기초생활보장 수급권자","80세 이상","","","","","","27","31","16","19","56","67","71","93","118","134","148",
"발산1동","저소득노인","계","","","","","","71","43","33","35","51","51","54","42","47","43","70",
"발산1동","저소득노인","65~79세","","","","","","51","27","20","29","30","29","35","27","32","31","47",
"발산1동","저소득노인","80세 이상","","","","","","20","16","13","6","21","22","19","15","15","12","23",
"발산1동","일   반","계","","","","","","390","425","508","507","438","489","532","570","629","652","1224",
"발산1동","일   반","65~79세","","","","","","340","374","429","412","383","427","455","484","519","522","916",
"발산1동","일   반","80세 이상","","","","","","50","51","79","95","55","62","77","86","110","130","308",
"우장산동","합계","계","","","","","","716","659","741","761","773","731","807","904","996","1011","1331",
"우장산동","합계","65~79세","","","","","","554","533","607","602","611","575","637","695","768","767","994",
"우장산동","합계","80세 이상","","","","","","162","126","134","159","162","156","170","209","228","244","337",
"우장산동","국민기초생활보장 수급권자","계","","","","","","14","68","59","61","134","109","136","169","196","199","214",
"우장산동","국민기초생활보장 수급권자","65~79세","","","","","","6","19","39","40","93","77","91","114","126","130","140",
"우장산동","국민기초생활보장 수급권자","80세 이상","","","","","","8","49","20","21","41","32","45","55","70","69","74",
"우장산동","저소득노인","계","","","","","","10","27","30","31","65","44","27","12","14","15","19",
"우장산동","저소득노인","65~79세","","","","","","7","15","17","19","42","23","15","4","3","5","9",
"우장산동","저소득노인","80세 이상","","","","","","3","12","13","12","23","21","12","8","11","10","10",
"우장산동","일   반","계","","","","","","692","564","652","669","574","578","644","723","786","797","1098",
"우장산동","일   반","65~79세","","","","","","541","499","551","543","476","475","531","577","639","632","845",
"우장산동","일   반","80세 이상","","","","","","151","65","101","126","98","103","113","146","147","165","253",
"공항동","합계","계","","","","","","712","1281","1308","1317","782","914","938","1021","1051","1081","1697",
"공항동","합계","65~79세","","","","","","561","1136","1153","1112","603","720","764","816","841","860","1321",
"공항동","합계","80세 이상","","","","","","151","145","155","205","179","194","174","205","210","221","376",
"공항동","국민기초생활보장 수급권자","계","","","","","","105","112","101","105","214","166","303","333","374","367","427",
"공항동","국민기초생활보장 수급권자","65~79세","","","","","","85","91","79","81","148","129","215","235","262","256","307",
"공항동","국민기초생활보장 수급권자","80세 이상","","","","","","20","21","22","24","66","37","88","98","112","111","120",
"공항동","저소득노인","계","","","","","","57","88","56","59","49","45","50","55","44","39","89",
"공항동","저소득노인","65~79세","","","","","","37","44","32","31","27","26","28","35","34","31","56",
"공항동","저소득노인","80세 이상","","","","","","20","44","24","28","22","19","22","20","10","8","33",
"공항동","일   반","계","","","","","","550","1081","1151","1153","519","703","585","633","633","675","1181",
"공항동","일   반","65~79세","","","","","","439","1001","1042","1000","428","565","521","546","545","573","958",
"공항동","일   반","80세 이상","","","","","","111","80","109","153","91","138","64","87","88","102","223",
"방화1동","합계","계","","","","","","804","886","906","911","981","1065","1158","1228","1314","1368","1742",
"방화1동","합계","65~79세","","","","","","650","718","737","845","754","819","890","936","1008","1062","1325",
"방화1동","합계","80세 이상","","","","","","154","168","169","66","227","246","268","292","306","306","417",
"방화1동","국민기초생활보장 수급권자","계","","","","","","86","136","106","113","195","212","275","307","351","369","388",
"방화1동","국민기초생활보장 수급권자","65~79세","","","","","","65","102","75","82","134","152","182","201","235","260","282",
"방화1동","국민기초생활보장 수급권자","80세 이상","","","","","","21","34","31","31","61","60","93","106","116","109","106",
"방화1동","저소득노인","계","","","","","","29","72","41","43","75","88","63","50","35","29","48",
"방화1동","저소득노인","65~79세","","","","","","20","49","27","22","47","50","36","26","20","18","29",
"방화1동","저소득노인","80세 이상","","","","","","9","23","14","21","28","38","27","24","15","11","19",
"방화1동","일   반","계","","","","","","689","678","759","755","711","765","820","871","928","970","1306",
"방화1동","일   반","65~79세","","","","","","565","567","635","741","573","617","672","709","753","784","1014",
"방화1동","일   반","80세 이상","","","","","","124","111","124","14","138","148","148","162","175","186","292",
"방화2동","합계","계","","","","","","1017","980","1001","1018","1150","1159","1346","1449","1571","1667","2718",
"방화2동","합계","65~79세","","","","","","813","771","824","834","891","882","1021","1078","1148","1226","1981",
"방화2동","합계","80세 이상","","","","","","204","209","177","184","259","277","325","371","423","441","737",
"방화2동","국민기초생활보장 수급권자","계","","","","","","252","245","152","164","373","453","517","609","684","727","814",
"방화2동","국민기초생활보장 수급권자","65~79세","","","","","","181","200","104","120","273","320","371","417","464","503","578",
"방화2동","국민기초생활보장 수급권자","80세 이상","","","","","","71","45","48","44","100","133","146","192","220","224","236",
"방화2동","저소득노인","계","","","","","","56","48","46","47","76","81","65","40","40","41","63",
"방화2동","저소득노인","65~79세","","","","","","37","38","38","47","53","49","46","27","30","30","46",
"방화2동","저소득노인","80세 이상","","","","","","19","10","8","0","23","32","19","13","10","11","17",
"방화2동","일   반","계","","","","","","709","687","803","807","701","625","764","800","847","899","1841",
"방화2동","일   반","65~79세","","","","","","595","533","682","667","565","513","604","634","654","693","1357",
"방화2동","일   반","80세 이상","","","","","","114","154","121","140","136","112","160","166","193","206","484",
"방화3동","합계","계","","","","","","996","990","1065","1173","1307","1434","1577","1722","1899","1992","3154",
"방화3동","합계","65~79세","","","","","","765","762","829","820","980","1072","1170","1262","1372","1439","2239",
"방화3동","합계","80세 이상","","","","","","231","228","236","353","327","362","407","460","527","553","915",
"방화3동","국민기초생활보장 수급권자","계","","","","","","305","312","314","309","473","546","658","818","940","1000","1032",
"방화3동","국민기초생활보장 수급권자","65~79세","","","","","","234","225","244","262","351","412","464","572","650","693","708",
"방화3동","국민기초생활보장 수급권자","80세 이상","","","","","","71","87","70","47","122","134","194","246","290","307","324",
"방화3동","저소득노인","계","","","","","","82","80","90","108","128","214","76","27","38","36","63",
"방화3동","저소득노인","65~79세","","","","","","58","60","63","68","41","83","50","15","23","21","40",
"방화3동","저소득노인","80세 이상","","","","","","24","20","27","40","87","131","26","12","15","15","23",
"방화3동","일   반","계","","","","","","609","598","661","756","706","674","843","877","921","956","2059",
"방화3동","일   반","65~79세","","","","","","473","477","522","490","588","577","656","675","699","725","1491",
"방화3동","일   반","80세 이상","","","","","","136","121","139","266","118","97","187","202","222","231","568",
"구로구","합계","계","","8024","8023","13246","12774","10688","11265","11732","11693","13427","14414","14924","15983","17186","18521","21474",
"구로구","합계","65~79세","","6101","6659","4920","10429","8555","8459","9528","8300","10187","10815","11467","12041","12868","13703","15633",
"구로구","합계","80세 이상","","1923","1364","8326","2345","2133","2806","2204","3393","3240","3599","3457","3942","4318","4818","5841",
"구로구","국민기초생활보장 수급권자","계","","1306","1348","1300","1529","1506","1676","1771","1870","1698","2718","3190","3770","4345","4799","5361",
"구로구","국민기초생활보장 수급권자","65~79세","","977","1002","368","1121","1123","1240","1292","1362","1188","1860","2168","2535","2902","3232","3625",
"구로구","국민기초생활보장 수급권자","80세 이상","","329","346","932","408","383","436","479","508","510","858","1022","1235","1443","1567","1736",
"구로구","저소득노인","계","","210","486","1275","1936","3643","703","712","828","2393","686","959","576","524","470","313",
"구로구","저소득노인","65~79세","","148","352","374","1523","2849","462","431","460","1539","392","533","325","293","268","162",
"구로구","저소득노인","80세 이상","","62","134","901","413","794","241","281","368","854","294","426","251","231","202","151",
"구로구","일   반","계","","6508","6189","10671","9309","5539","8886","9249","8995","9336","11010","10775","11637","12317","13252","15800",
"구로구","일   반","65~79세","","4976","5305","4178","7785","4583","6757","7805","6478","7460","8563","8766","9181","9673","10203","11846",
"구로구","일   반","80세 이상","","1532","884","6493","1524","956","2129","1444","2517","1876","2447","2009","2456","2644","3049","3954",
"신도림동","합계","계","","","","","","468","485","501","496","553","590","577","621","655","682","805",
"신도림동","합계","65~79세","","","","","","368","352","395","332","402","424","434","460","478","480","558",
"신도림동","합계","80세 이상","","","","","","100","133","106","164","151","166","143","161","177","202","247",
"신도림동","국민기초생활보장 수급권자","계","","","","","","22","22","25","28","26","41","44","53","65","69","75",
"신도림동","국민기초생활보장 수급권자","65~79세","","","","","","18","17","19","22","20","28","30","32","40","39","39",
"신도림동","국민기초생활보장 수급권자","80세 이상","","","","","","4","5","6","6","6","13","14","21","25","30","36",
"신도림동","저소득노인","계","","","","","","110","13","13","18","46","18","25","19","18","13","9",
"신도림동","저소득노인","65~79세","","","","","","85","7","7","10","30","9","9","7","6","3","2",
"신도림동","저소득노인","80세 이상","","","","","","25","6","6","8","16","9","16","12","12","10","7",
"신도림동","일   반","계","","","","","","336","450","463","450","481","531","508","549","572","600","721",
"신도림동","일   반","65~79세","","","","","","265","328","369","300","352","387","395","421","432","438","517",
"신도림동","일   반","80세 이상","","","","","","71","122","94","150","129","144","113","128","140","162","204",
"구로1동","합계","계","","","","","","246","258","270","274","307","329","355","380","403","433","544",
"구로1동","합계","65~79세","","","","","","171","171","198","163","215","232","259","280","307","322","397",
"구로1동","합계","80세 이상","","","","","","75","87","72","111","92","97","96","100","96","111","147",
"구로1동","국민기초생활보장 수급권자","계","","","","","","10","8","12","14","11","21","19","25","34","42","45",
"구로1동","국민기초생활보장 수급권자","65~79세","","","","","","6","5","6","7","7","12","13","16","16","24","27",
"구로1동","국민기초생활보장 수급권자","80세 이상","","","","","","4","3","6","7","4","9","6","9","18","18","18",
"구로1동","저소득노인","계","","","","","","38","8","9","11","22","10","14","12","11","12","6",
"구로1동","저소득노인","65~79세","","","","","","10","5","5","5","12","3","6","2","5","7","4",
"구로1동","저소득노인","80세 이상","","","","","","28","3","4","6","10","7","8","10","6","5","2",
"구로1동","일   반","계","","","","","","198","242","249","249","274","298","322","343","358","379","493",
"구로1동","일   반","65~79세","","","","","","155","161","187","151","196","217","240","262","286","291","366",
"구로1동","일   반","80세 이상","","","","","","43","81","62","98","78","81","82","81","72","88","127",
"구로2동","합계","계","","","","","","1275","1344","1383","1274","1500","1574","1543","1634","1702","1835","2226",
"구로2동","합계","65~79세","","","","","","1034","1008","1133","911","1144","1190","1178","1209","1245","1340","1600",
"구로2동","합계","80세 이상","","","","","","241","336","250","363","356","384","365","425","457","495","626",
"구로2동","국민기초생활보장 수급권자","계","","","","","","119","190","85","213","205","324","373","416","465","487","555",
"구로2동","국민기초생활보장 수급권자","65~79세","","","","","","94","141","61","154","145","224","249","280","309","336","390",
"구로2동","국민기초생활보장 수급권자","80세 이상","","","","","","25","49","24","59","60","100","124","136","156","151","165",
"구로2동","저소득노인","계","","","","","","444","89","48","96","279","58","76","53","50","45","25",
"구로2동","저소득노인","65~79세","","","","","","342","58","25","50","177","29","43","31","29","29","14",
"구로2동","저소득노인","80세 이상","","","","","","102","31","23","46","102","29","33","22","21","16","11",
"구로2동","일   반","계","","","","","","712","1065","1250","965","1016","1192","1094","1165","1187","1303","1646",
"구로2동","일   반","65~79세","","","","","","598","809","1047","707","822","937","886","898","907","975","1196",
"구로2동","일   반","80세 이상","","","","","","114","256","203","258","194","255","208","267","280","328","450",
"구로3동","합계","계","","","","","","587","631","648","576","713","760","701","760","810","883","1070",
"구로3동","합계","65~79세","","","","","","469","470","514","388","530","554","526","563","612","669","747",
"구로3동","합계","80세 이상","","","","","","118","161","134","188","183","206","175","197","198","214","323",
"구로3동","국민기초생활보장 수급권자","계","","","","","","187","68","201","68","72","91","113","139","152","160","179",
"구로3동","국민기초생활보장 수급권자","65~79세","","","","","","140","49","147","44","43","59","71","90","98","111","121",
"구로3동","국민기초생활보장 수급권자","80세 이상","","","","","","47","19","54","24","29","32","42","49","54","49","58",
"구로3동","저소득노인","계","","","","","","175","34","79","55","110","55","60","33","24","25","18",
"구로3동","저소득노인","65~79세","","","","","","143","15","45","31","63","31","31","18","15","18","12",
"구로3동","저소득노인","80세 이상","","","","","","32","19","34","24","47","24","29","15","9","7","6",
"구로3동","일   반","계","","","","","","225","529","368","453","531","614","528","588","634","698","873",
"구로3동","일   반","65~79세","","","","","","186","406","322","313","424","464","424","455","499","540","614",
"구로3동","일   반","80세 이상","","","","","","39","123","46","140","107","150","104","133","135","158","259",
"구로4동","합계","계","","","","","","919","983","1011","955","1103","1187","1235","1338","1433","1511","1826",
"구로4동","합계","65~79세","","","","","","740","737","821","708","822","875","921","985","1056","1085","1295",
"구로4동","합계","80세 이상","","","","","","179","246","190","247","281","312","314","353","377","426","531",
"구로4동","국민기초생활보장 수급권자","계","","","","","","58","172","65","185","161","253","313","364","421","451","513",
"구로4동","국민기초생활보장 수급권자","65~79세","","","","","","44","123","44","128","113","162","204","247","283","303","347",
"구로4동","국민기초생활보장 수급권자","80세 이상","","","","","","14","49","21","57","48","91","109","117","138","148","166",
"구로4동","저소득노인","계","","","","","","334","60","43","65","218","54","85","43","36","33","25",
"구로4동","저소득노인","65~79세","","","","","","273","37","23","34","143","35","51","28","23","20","12",
"구로4동","저소득노인","80세 이상","","","","","","61","23","20","31","75","19","34","15","13","13","13",
"구로4동","일   반","계","","","","","","527","751","903","705","724","880","837","931","976","1027","1288",
"구로4동","일   반","65~79세","","","","","","423","577","754","546","566","678","666","710","750","762","936",
"구로4동","일   반","80세 이상","","","","","","104","174","149","159","158","202","171","221","226","265","352",
"구로5동","합계","계","","","","","","709","700","731","781","861","917","975","1034","1132","1231","1376",
"구로5동","합계","65~79세","","","","","","572","516","586","567","645","681","745","774","841","891","1010",
"구로5동","합계","80세 이상","","","","","","137","184","145","214","216","236","230","260","291","340","366",
"구로5동","국민기초생활보장 수급권자","계","","","","","","155","79","193","93","70","128","146","186","224","239","266",
"구로5동","국민기초생활보장 수급권자","65~79세","","","","","","113","56","136","69","47","85","99","122","149","158","181",
"구로5동","국민기초생활보장 수급권자","80세 이상","","","","","","42","23","57","24","23","43","47","64","75","81","85",
"구로5동","저소득노인","계","","","","","","171","35","62","44","102","30","48","34","31","30","20",
"구로5동","저소득노인","65~79세","","","","","","133","24","36","25","62","18","23","23","19","17","9",
"구로5동","저소득노인","80세 이상","","","","","","38","11","26","19","40","12","25","11","12","13","11",
"구로5동","일   반","계","","","","","","383","586","476","644","689","759","781","814","877","962","1090",
"구로5동","일   반","65~79세","","","","","","326","436","414","473","536","578","623","629","673","716","820",
"구로5동","일   반","80세 이상","","","","","","57","150","62","171","153","181","158","185","204","246","270",
"가리봉동","합계","계","","","","","","842","829","793","701","819","865","797","838","843","939","1103",
"가리봉동","합계","65~79세","","","","","","658","602","618","507","595","626","624","646","642","712","796",
"가리봉동","합계","80세 이상","","","","","","184","227","175","194","224","239","173","192","201","227","307",
"가리봉동","국민기초생활보장 수급권자","계","","","","","","115","193","162","171","158","197","230","251","285","316","355",
"가리봉동","국민기초생활보장 수급권자","65~79세","","","","","","90","154","118","124","110","144","170","188","219","242","274",
"가리봉동","국민기초생활보장 수급권자","80세 이상","","","","","","25","39","44","47","48","53","60","63","66","74","81",
"가리봉동","저소득노인","계","","","","","","282","63","71","57","190","29","31","13","15","11","9",
"가리봉동","저소득노인","65~79세","","","","","","228","42","42","31","130","19","18","9","11","5","4",
"가리봉동","저소득노인","80세 이상","","","","","","54","21","29","26","60","10","13","4","4","6","5",
"가리봉동","일   반","계","","","","","","445","573","560","473","471","639","536","574","543","612","739",
"가리봉동","일   반","65~79세","","","","","","340","406","458","352","355","463","436","449","412","465","518",
"가리봉동","일   반","80세 이상","","","","","","105","167","102","121","116","176","100","125","131","147","221",
"고척1동","합계","계","","","","","","601","620","663","686","770","835","871","931","960","1036","1176",
"고척1동","합계","65~79세","","","","","","473","453","530","412","585","632","663","688","702","737","822",
"고척1동","합계","80세 이상","","","","","","128","167","133","274","185","203","208","243","258","299","354",
"고척1동","국민기초생활보장 수급권자","계","","","","","","84","60","87","77","71","136","147","178","186","200","223",
"고척1동","국민기초생활보장 수급권자","65~79세","","","","","","63","36","61","59","57","106","112","125","123","127","145",
"고척1동","국민기초생활보장 수급권자","80세 이상","","","","","","21","24","26","18","14","30","35","53","63","73","78",
"고척1동","저소득노인","계","","","","","","147","27","38","45","111","28","48","21","30","26","18",
"고척1동","저소득노인","65~79세","","","","","","110","18","24","23","77","15","31","14","16","11","6",
"고척1동","저소득노인","80세 이상","","","","","","37","9","14","22","34","13","17","7","14","15","12",
"고척1동","일   반","계","","","","","","370","533","538","564","588","671","676","732","744","810","935",
"고척1동","일   반","65~79세","","","","","","300","399","445","330","451","511","520","549","563","599","671",
"고척1동","일   반","80세 이상","","","","","","70","134","93","234","137","160","156","183","181","211","264",
"고척2동","합계","계","","","","","","753","808","850","889","984","1055","1176","1274","1385","1494","1668",
"고척2동","합계","65~79세","","","","","","604","600","680","546","747","782","885","942","1006","1081","1201",
"고척2동","합계","80세 이상","","","","","","149","208","170","343","237","273","291","332","379","413","467",
"고척2동","국민기초생활보장 수급권자","계","","","","","","49","118","75","143","146","225","270","338","398","446","484",
"고척2동","국민기초생활보장 수급권자","65~79세","","","","","","30","88","49","109","102","149","183","222","259","292","322",
"고척2동","국민기초생활보장 수급권자","80세 이상","","","","","","19","30","26","34","44","76","87","116","139","154","162",
"고척2동","저소득노인","계","","","","","","291","64","39","66","189","56","71","51","41","33","12",
"고척2동","저소득노인","65~79세","","","","","","221","40","26","35","117","34","40","31","26","20","7",
"고척2동","저소득노인","80세 이상","","","","","","70","24","13","31","72","22","31","20","15","13","5",
"고척2동","일   반","계","","","","","","413","626","736","680","649","774","835","885","946","1015","1172",
"고척2동","일   반","65~79세","","","","","","353","472","605","402","528","599","662","689","721","769","872",
"고척2동","일   반","80세 이상","","","","","","60","154","131","278","121","175","173","196","225","246","300",
"개봉1동","합계","계","","","","","","985","1039","1116","1187","1314","1376","1398","1507","1624","1785","2041",
"개봉1동","합계","65~79세","","","","","","787","789","923","982","1024","1063","1092","1167","1249","1360","1559",
"개봉1동","합계","80세 이상","","","","","","198","250","193","205","290","313","306","340","375","425","482",
"개봉1동","국민기초생활보장 수급권자","계","","","","","","72","174","179","209","165","311","350","417","446","523","571",
"개봉1동","국민기초생활보장 수급권자","65~79세","","","","","","47","123","135","155","114","213","236","280","298","363","407",
"개봉1동","국민기초생활보장 수급권자","80세 이상","","","","","","25","51","44","54","51","98","114","137","148","160","164",
"개봉1동","저소득노인","계","","","","","","347","78","52","87","231","74","112","51","40","36","24",
"개봉1동","저소득노인","65~79세","","","","","","258","48","33","48","147","47","67","35","24","25","19",
"개봉1동","저소득노인","80세 이상","","","","","","89","30","19","39","84","27","45","16","16","11","5",
"개봉1동","일   반","계","","","","","","566","787","885","891","918","991","936","1039","1138","1226","1446",
"개봉1동","일   반","65~79세","","","","","","482","618","755","779","763","803","789","852","927","972","1133",
"개봉1동","일   반","80세 이상","","","","","","84","169","130","112","155","188","147","187","211","254","313",
"개봉2동","합계","계","","","","","","689","750","815","802","888","954","1008","1110","1191","1279","1497",
"개봉2동","합계","65~79세","","","","","","566","591","680","589","695","732","803","858","908","958","1124",
"개봉2동","합계","80세 이상","","","","","","123","159","135","213","193","222","205","252","283","321","373",
"개봉2동","국민기초생활보장 수급권자","계","","","","","","111","118","124","134","117","180","212","255","291","312","339",
"개봉2동","국민기초생활보장 수급권자","65~79세","","","","","","80","97","91","105","89","127","148","168","191","204","226",
"개봉2동","국민기초생활보장 수급권자","80세 이상","","","","","","31","21","33","29","28","53","64","87","100","108","113",
"개봉2동","저소득노인","계","","","","","","221","26","62","38","161","35","52","38","27","25","16",
"개봉2동","저소득노인","65~79세","","","","","","184","20","36","25","112","21","29","20","15","15","5",
"개봉2동","저소득노인","80세 이상","","","","","","37","6","26","13","49","14","23","18","12","10","11",
"개봉2동","일   반","계","","","","","","357","606","629","630","610","739","744","817","873","942","1142",
"개봉2동","일   반","65~79세","","","","","","302","474","553","459","494","584","626","670","702","739","893",
"개봉2동","일   반","80세 이상","","","","","","55","132","76","171","116","155","118","147","171","203","249",
"개봉3동","합계","계","","","","","","523","553","579","635","736","809","862","929","992","1066","1188",
"개봉3동","합계","65~79세","","","","","","403","400","462","437","552","598","661","703","759","817","897",
"개봉3동","합계","80세 이상","","","","","","120","153","117","198","184","211","201","226","233","249","291",
"개봉3동","국민기초생활보장 수급권자","계","","","","","","158","97","191","123","116","170","162","184","203","216","250",
"개봉3동","국민기초생활보장 수급권자","65~79세","","","","","","113","74","145","87","80","113","102","122","135","139","167",
"개봉3동","국민기초생활보장 수급권자","80세 이상","","","","","","45","23","46","36","36","57","60","62","68","77","83",
"개봉3동","저소득노인","계","","","","","","223","45","72","43","151","41","50","32","37","34","19",
"개봉3동","저소득노인","65~79세","","","","","","168","32","42","31","102","27","28","14","19","20","8",
"개봉3동","저소득노인","80세 이상","","","","","","55","13","30","12","49","14","22","18","18","14","11",
"개봉3동","일   반","계","","","","","","142","411","316","469","469","598","650","713","752","816","919",
"개봉3동","일   반","65~79세","","","","","","122","294","275","319","370","458","531","567","605","658","722",
"개봉3동","일   반","80세 이상","","","","","","20","117","41","150","99","140","119","146","147","158","197",
"오류1동","합계","계","","","","","","610","661","686","663","857","925","969","1019","1114","1184","1371",
"오류1동","합계","65~79세","","","","","","497","507","575","380","660","693","730","747","808","847","985",
"오류1동","합계","80세 이상","","","","","","113","154","111","283","197","232","239","272","306","337","386",
"오류1동","국민기초생활보장 수급권자","계","","","","","","102","148","121","139","136","220","278","349","404","426","451",
"오류1동","국민기초생활보장 수급권자","65~79세","","","","","","83","112","99","106","97","155","193","229","254","270","297",
"오류1동","국민기초생활보장 수급권자","80세 이상","","","","","","19","36","22","33","39","65","85","120","150","156","154",
"오류1동","저소득노인","계","","","","","","254","44","34","63","206","54","92","38","45","41","31",
"오류1동","저소득노인","65~79세","","","","","","211","36","26","36","133","28","53","20","25","23","18",
"오류1동","저소득노인","80세 이상","","","","","","43","8","8","27","73","26","39","18","20","18","13",
"오류1동","일   반","계","","","","","","254","469","531","461","515","651","599","632","665","717","889",
"오류1동","일   반","65~79세","","","","","","203","359","450","238","430","510","484","498","529","554","670",
"오류1동","일   반","80세 이상","","","","","","51","110","81","223","85","141","115","134","136","163","219",
"오류2동","합계","계","","","","","","856","937","987","1050","1243","1381","1321","1396","1544","1632","1845",
"오류2동","합계","65~79세","","","","","","723","742","833","851","964","1068","1036","1064","1167","1214","1312",
"오류2동","합계","80세 이상","","","","","","133","195","154","199","279","313","285","332","377","418","533",
"오류2동","국민기초생활보장 수급권자","계","","","","","","73","150","108","176","160","283","304","338","438","493","568",
"오류2동","국민기초생활보장 수급권자","65~79세","","","","","","53","111","75","125","109","193","205","226","298","325","346",
"오류2동","국민기초생활보장 수급권자","80세 이상","","","","","","20","39","33","51","51","90","99","112","140","168","222",
"오류2동","저소득노인","계","","","","","","324","76","40","83","245","82","105","69","53","53","32",
"오류2동","저소득노인","65~79세","","","","","","262","55","24","46","152","41","54","32","23","25","14",
"오류2동","저소득노인","80세 이상","","","","","","62","21","16","37","93","41","51","37","30","28","18",
"오류2동","일   반","계","","","","","","459","711","839","791","838","1016","912","989","1053","1086","1245",
"오류2동","일   반","65~79세","","","","","","408","576","734","680","703","834","777","806","846","864","952",
"오류2동","일   반","80세 이상","","","","","","51","135","105","111","135","182","135","183","207","222","293",
"수궁동","합계","계","","","","","","625","667","699","724","779","857","928","984","1110","1205","1364",
"수궁동","합계","65~79세","","","","","","490","521","580","527","607","665","739","765","852","922","1021",
"수궁동","합계","80세 이상","","","","","","135","146","119","197","172","192","189","219","258","283","343",
"수궁동","국민기초생활보장 수급권자","계","","","","","","191","79","143","97","84","138","177","208","251","319","355",
"수궁동","국민기초생활보장 수급권자","65~79세","","","","","","149","54","106","68","55","90","116","138","167","219","233",
"수궁동","국민기초생활보장 수급권자","80세 이상","","","","","","42","25","37","29","29","48","61","70","84","100","122",
"수궁동","저소득노인","계","","","","","","282","41","50","57","132","62","77","61","59","47","42",
"수궁동","저소득노인","65~79세","","","","","","221","25","37","30","82","35","42","38","34","26","24",
"수궁동","저소득노인","80세 이상","","","","","","61","16","13","27","50","27","35","23","25","21","18",
"수궁동","일   반","계","","","","","","152","547","506","570","563","657","674","715","800","839","967",
"수궁동","일   반","65~79세","","","","","","120","442","437","429","470","540","581","589","651","677","764",
"수궁동","일   반","80세 이상","","","","","","32","105","69","141","93","117","93","126","149","162","203",
"항동","합계","계","","","","","","","","","","","","208","228","288","326","374",
"항동","합계","65~79세","","","","","","","","","","","","171","190","236","268","309",
"항동","합계","80세 이상","","","","","","","","","","","","37","38","52","58","65",
"항동","국민기초생활보장 수급권자","계","","","","","","","","","","","","52","69","82","100","132",
"항동","국민기초생활보장 수급권자","65~79세","","","","","","","","","","","","37","50","63","80","103",
"항동","국민기초생활보장 수급권자","80세 이상","","","","","","","","","","","","15","19","19","20","29",
"항동","저소득노인","계","","","","","","","","","","","","13","8","7","6","7",
"항동","저소득노인","65~79세","","","","","","","","","","","","8","3","3","4","4",
"항동","저소득노인","80세 이상","","","","","","","","","","","","5","5","4","2","3",
"항동","일   반","계","","","","","","","","","","","","143","151","199","220","235",
"항동","일   반","65~79세","","","","","","","","","","","","126","137","170","184","202",
"항동","일   반","80세 이상","","","","","","","","","","","","17","14","29","36","33",
"금천구","합계","계","","4660","5651","6048","6354","7197","7660","8070","8552","9148","10540","10220","10731","11425","12219","19795",
"금천구","합계","65~79세","","3539","4322","4541","4655","5276","6067","6542","6646","7073","8080","7791","8102","8640","9157","14467",
"금천구","합계","80세 이상","","1121","1329","1507","1699","1921","1593","1528","1906","2075","2460","2429","2629","2785","3062","5328",
"금천구","국민기초생활보장 수급권자","계","","1449","1534","1714","1697","1658","1422","1872","1950","2170","2609","3120","3535","3929","3131","4887",
"금천구","국민기초생활보장 수급권자","65~79세","","1068","1093","1223","1161","1178","1033","1371","1465","1573","1889","2153","2470","2708","1957","3426",
"금천구","국민기초생활보장 수급권자","80세 이상","","381","441","491","536","480","389","501","485","597","720","967","1065","1221","1174","1461",
"금천구","저소득노인","계","","592","405","338","729","896","581","569","590","1045","869","674","504","722","669","1587",
"금천구","저소득노인","65~79세","","491","290","205","507","645","415","388","410","708","541","436","268","480","433","983",
"금천구","저소득노인","80세 이상","","101","115","133","222","251","166","181","180","337","328","238","236","242","236","604",
"금천구","일   반","계","","2619","3712","3996","3928","4643","5657","5629","6012","5933","7062","6426","6692","6774","8419","13321",
"금천구","일   반","65~79세","","1980","2939","3113","2987","3453","4619","4783","4771","4792","5650","5202","5364","5452","6767","10058",
"금천구","일   반","80세 이상","","639","773","883","941","1190","1038","846","1241","1141","1412","1224","1328","1322","1652","3263",
"가산동","합계","계","","","","","","593","607","623","642","660","710","758","731","815","902","1348",
"가산동","합계","65~79세","","","","","","509","506","529","521","530","571","601","580","631","704","1034",
"가산동","합계","80세 이상","","","","","","84","101","94","121","130","139","157","151","184","198","314",
"가산동","국민기초생활보장 수급권자","계","","","","","","126","125","132","120","144","136","210","245","264","220","333",
"가산동","국민기초생활보장 수급권자","65~79세","","","","","","100","98","104","96","105","107","162","191","201","153","256",
"가산동","국민기초생활보장 수급권자","80세 이상","","","","","","26","27","28","24","39","29","48","54","63","67","77",
"가산동","저소득노인","계","","","","","","48","31","40","45","60","76","153","47","25","24","64",
"가산동","저소득노인","65~79세","","","","","","34","18","25","34","46","54","132","33","21","18","42",
"가산동","저소득노인","80세 이상","","","","","","14","13","15","11","14","22","21","14","4","6","22",
"가산동","일   반","계","","","","","","419","451","451","477","456","498","395","439","526","658","951",
"가산동","일   반","65~79세","","","","","","375","390","400","391","379","410","307","356","409","533","736",
"가산동","일   반","80세 이상","","","","","","44","61","51","86","77","88","88","83","117","125","215",
"독산1동","합계","계","","","","","","781","818","889","980","1133","1148","1252","1413","1441","1521","2653",
"독산1동","합계","65~79세","","","","","","579","658","736","781","908","915","1055","1081","1101","1141","1902",
"독산1동","합계","80세 이상","","","","","","202","160","153","199","225","233","197","332","340","380","751",
"독산1동","국민기초생활보장 수급권자","계","","","","","","197","56","248","255","296","375","442","474","512","377","679",
"독산1동","국민기초생활보장 수급권자","65~79세","","","","","","140","38","173","191","222","274","294","331","355","232","452",
"독산1동","국민기초생활보장 수급권자","80세 이상","","","","","","57","18","75","64","74","101","148","143","157","145","227",
"독산1동","저소득노인","계","","","","","","102","59","62","55","138","61","47","38","90","80","256",
"독산1동","저소득노인","65~79세","","","","","","90","53","55","50","105","43","36","25","64","50","154",
"독산1동","저소득노인","80세 이상","","","","","","12","6","7","5","33","18","11","13","26","30","102",
"독산1동","일   반","계","","","","","","482","703","579","670","699","712","763","901","839","1064","1718",
"독산1동","일   반","65~79세","","","","","","349","567","508","540","581","598","725","725","682","859","1296",
"독산1동","일   반","80세 이상","","","","","","133","136","71","130","118","114","38","176","157","205","422",
"독산2동","합계","계","","","","","","681","731","781","835","875","1207","992","1075","1121","1193","1922",
"독산2동","합계","65~79세","","","","","","530","591","642","658","674","935","726","832","865","916","1442",
"독산2동","합계","80세 이상","","","","","","151","140","139","177","201","272","266","243","256","277","480",
"독산2동","국민기초생활보장 수급권자","계","","","","","","151","155","195","204","234","211","236","328","399","329","478",
"독산2동","국민기초생활보장 수급권자","65~79세","","","","","","104","109","150","153","167","167","171","231","283","216","345",
"독산2동","국민기초생활보장 수급권자","80세 이상","","","","","","47","46","45","51","67","44","65","97","116","113","133",
"독산2동","저소득노인","계","","","","","","79","60","68","69","109","126","81","70","62","56","139",
"독산2동","저소득노인","65~79세","","","","","","62","40","44","47","77","75","41","44","41","38","89",
"독산2동","저소득노인","80세 이상","","","","","","17","20","24","22","32","51","40","26","21","18","50",
"독산2동","일   반","계","","","","","","451","516","518","562","532","870","675","677","660","808","1305",
"독산2동","일   반","65~79세","","","","","","364","442","448","458","430","693","514","557","541","662","1008",
"독산2동","일   반","80세 이상","","","","","","87","74","70","104","102","177","161","120","119","146","297",
"독산3동","합계","계","","","","","","891","960","980","1028","1082","1520","1163","1258","1316","1436","2275",
"독산3동","합계","65~79세","","","","","","715","755","788","802","836","1119","855","924","1002","1076","1703",
"독산3동","합계","80세 이상","","","","","","176","205","192","226","246","401","308","334","314","360","572",
"독산3동","국민기초생활보장 수급권자","계","","","","","","205","181","218","208","220","280","314","336","381","288","526",
"독산3동","국민기초생활보장 수급권자","65~79세","","","","","","146","129","155","158","164","195","224","239","267","180","388",
"독산3동","국민기초생활보장 수급권자","80세 이상","","","","","","59","52","63","50","56","85","90","97","114","108","138",
"독산3동","저소득노인","계","","","","","","77","40","41","51","94","121","72","60","74","80","145",
"독산3동","저소득노인","65~79세","","","","","","57","29","28","31","60","73","33","27","42","51","93",
"독산3동","저소득노인","80세 이상","","","","","","20","11","13","20","34","48","39","33","32","29","52",
"독산3동","일   반","계","","","","","","609","739","721","769","768","1119","777","862","861","1068","1604",
"독산3동","일   반","65~79세","","","","","","512","597","605","613","612","851","598","658","693","845","1222",
"독산3동","일   반","80세 이상","","","","","","97","142","116","156","156","268","179","204","168","223","382",
"독산4동","합계","계","","","","","","481","524","535","582","627","635","724","752","792","875","1346",
"독산4동","합계","65~79세","","","","","","69","423","434","471","497","512","569","592","622","695","1072",
"독산4동","합계","80세 이상","","","","","","412","101","101","111","130","123","155","160","170","180","274",
"독산4동","국민기초생활보장 수급권자","계","","","","","","79","100","114","129","132","155","209","222","252","190","311",
"독산4동","국민기초생활보장 수급권자","65~79세","","","","","","18","74","84","97","104","109","151","125","178","121","241",
"독산4동","국민기초생활보장 수급권자","80세 이상","","","","","","61","26","30","32","28","46","58","97","74","69","70",
"독산4동","저소득노인","계","","","","","","38","45","46","39","72","40","49","30","42","44","90",
"독산4동","저소득노인","65~79세","","","","","","7","37","32","28","46","26","35","22","31","32","64",
"독산4동","저소득노인","80세 이상","","","","","","31","8","14","11","26","14","14","8","11","12","26",
"독산4동","일   반","계","","","","","","364","379","375","414","423","440","466","500","498","641","945",
"독산4동","일   반","65~79세","","","","","","44","312","318","346","347","377","383","445","413","542","767",
"독산4동","일   반","80세 이상","","","","","","320","67","57","68","76","63","83","55","85","99","178",
"시흥1동","합계","계","","","","","","1168","1231","1315","1422","1477","1446","1715","1720","1869","1971","3095",
"시흥1동","합계","65~79세","","","","","","924","992","1085","1120","1148","1127","1300","1319","1415","1474","2240",
"시흥1동","합계","80세 이상","","","","","","244","239","230","302","329","319","415","401","454","497","855",
"시흥1동","국민기초생활보장 수급권자","계","","","","","","337","230","259","274","293","386","442","494","565","408","699",
"시흥1동","국민기초생활보장 수급권자","65~79세","","","","","","263","167","189","202","207","275","304","343","390","243","490",
"시흥1동","국민기초생활보장 수급권자","80세 이상","","","","","","74","63","70","72","86","111","138","151","175","165","209",
"시흥1동","저소득노인","계","","","","","","132","133","84","78","124","110","79","66","121","99","248",
"시흥1동","저소득노인","65~79세","","","","","","104","98","55","49","77","66","48","44","75","56","152",
"시흥1동","저소득노인","80세 이상","","","","","","28","35","29","29","47","44","31","22","46","43","96",
"시흥1동","일   반","계","","","","","","699","868","972","1070","1060","950","1194","1160","1183","1464","2148",
"시흥1동","일   반","65~79세","","","","","","557","727","841","869","864","786","948","932","950","1175","1598",
"시흥1동","일   반","80세 이상","","","","","","142","141","131","201","196","164","246","228","233","289","550",
"시흥2동","합계","계","","","","","","622","658","701","719","769","720","866","887","999","1042","1852",
"시흥2동","합계","65~79세","","","","","","464","484","534","524","561","536","615","635","719","734","1262",
"시흥2동","합계","80세 이상","","","","","","158","174","167","195","208","184","251","252","280","308","590",
"시흥2동","국민기초생활보장 수급권자","계","","","","","","178","187","231","244","262","246","389","397","447","370","526",
"시흥2동","국민기초생활보장 수급권자","65~79세","","","","","","132","131","163","172","180","170","249","249","281","210","335",
"시흥2동","국민기초생활보장 수급권자","80세 이상","","","","","","46","56","68","72","82","76","140","148","166","160","191",
"시흥2동","저소득노인","계","","","","","","170","45","52","65","117","80","53","55","84","85","195",
"시흥2동","저소득노인","65~79세","","","","","","125","31","37","41","75","49","35","33","59","56","114",
"시흥2동","저소득노인","80세 이상","","","","","","45","14","15","24","42","31","18","22","25","29","81",
"시흥2동","일   반","계","","","","","","274","426","418","410","390","394","424","435","468","587","1131",
"시흥2동","일   반","65~79세","","","","","","207","322","334","311","306","317","331","353","379","468","813",
"시흥2동","일   반","80세 이상","","","","","","67","104","84","99","84","77","93","82","89","119","318",
"시흥3동","합계","계","","","","","","379","407","431","437","476","579","514","556","548","580","872",
"시흥3동","합계","65~79세","","","","","","304","321","349","340","368","449","397","400","409","428","621",
"시흥3동","합계","80세 이상","","","","","","75","86","82","97","108","130","117","156","139","152","251",
"시흥3동","국민기초생활보장 수급권자","계","","","","","","61","53","56","59","69","91","63","102","125","98","157",
"시흥3동","국민기초생활보장 수급권자","65~79세","","","","","","47","39","42","46","52","74","36","62","74","52","95",
"시흥3동","국민기초생활보장 수급권자","80세 이상","","","","","","14","14","14","13","17","17","27","40","51","46","62",
"시흥3동","저소득노인","계","","","","","","69","33","36","43","60","35","21","31","41","33","70",
"시흥3동","저소득노인","65~79세","","","","","","47","20","24","31","38","22","13","14","24","19","38",
"시흥3동","저소득노인","80세 이상","","","","","","22","13","12","12","22","13","8","17","17","14","32",
"시흥3동","일   반","계","","","","","","249","321","339","335","347","453","430","423","382","449","645",
"시흥3동","일   반","65~79세","","","","","","210","262","283","263","278","353","348","324","311","357","488",
"시흥3동","일   반","80세 이상","","","","","","39","59","56","72","69","100","82","99","71","92","157",
"시흥4동","합계","계","","","","","","661","708","759","794","854","1401","952","1002","1097","1165","1952",
"시흥4동","합계","65~79세","","","","","","515","567","621","604","669","1050","751","783","850","893","1424",
"시흥4동","합계","80세 이상","","","","","","146","141","138","190","185","351","201","219","247","272","528",
"시흥4동","국민기초생활보장 수급권자","계","","","","","","136","125","163","185","199","339","348","415","410","331","507",
"시흥4동","국민기초생활보장 수급권자","65~79세","","","","","","114","99","130","147","155","254","257","356","291","219","358",
"시흥4동","국민기초생활보장 수급권자","80세 이상","","","","","","22","26","33","38","44","85","91","59","119","112","149",
"시흥4동","저소득노인","계","","","","","","76","56","60","55","119","135","65","39","76","70","180",
"시흥4동","저소득노인","65~79세","","","","","","43","36","40","35","73","75","36","9","50","47","108",
"시흥4동","저소득노인","80세 이상","","","","","","33","20","20","20","46","60","29","30","26","23","72",
"시흥4동","일   반","계","","","","","","449","527","536","554","536","927","539","548","611","764","1265",
"시흥4동","일   반","65~79세","","","","","","358","432","451","422","441","721","458","418","509","627","958",
"시흥4동","일   반","80세 이상","","","","","","91","95","85","132","95","206","81","130","102","137","307",
"시흥5동","합계","계","","","","","","940","1016","1056","1113","1195","1174","1284","1337","1427","1534","2480",
"시흥5동","합계","65~79세","","","","","","667","770","824","825","882","866","922","956","1026","1096","1767",
"시흥5동","합계","80세 이상","","","","","","273","246","232","288","313","308","362","381","401","438","713",
"시흥5동","국민기초생활보장 수급권자","계","","","","","","188","210","256","272","321","390","467","522","574","520","671",
"시흥5동","국민기초생활보장 수급권자","65~79세","","","","","","114","149","181","203","217","264","305","343","388","331","466",
"시흥5동","국민기초생활보장 수급권자","80세 이상","","","","","","74","61","75","69","104","126","162","179","186","189","205",
"시흥5동","저소득노인","계","","","","","","105","79","80","90","152","85","54","68","107","98","200",
"시흥5동","저소득노인","65~79세","","","","","","76","53","48","64","111","58","27","17","73","66","129",
"시흥5동","저소득노인","80세 이상","","","","","","29","26","32","26","41","27","27","51","34","32","71",
"시흥5동","일   반","계","","","","","","647","727","720","751","722","699","763","747","746","916","1609",
"시흥5동","일   반","65~79세","","","","","","477","568","595","558","554","544","590","596","565","699","1172",
"시흥5동","일   반","80세 이상","","","","","","170","159","125","193","168","155","173","151","181","217","437",
"영등포구","합계","계","","8955","9687","10027","12086","12620","12347","13239","13401","14330","14613","13868","15208","15344","16508","17340",
"영등포구","합계","65~79세","","6978","7766","7889","9223","9910","9105","9781","9597","10324","10730","10342","11129","11265","6027","12838",
"영등포구","합계","80세 이상","","1977","1921","2138","2863","2710","3242","3458","3804","4006","3883","3526","4079","4079","10481","4502",
"영등포구","국민기초생활보장 수급권자","계","","1788","1946","1861","1922","1920","1893","2169","2724","2214","2919","3455","3455","4297","1514","3598",
"영등포구","국민기초생활보장 수급권자","65~79세","","1290","1410","1414","1443","1470","1449","1573","2055","1682","2166","2548","2548","3066","613","2451",
"영등포구","국민기초생활보장 수급권자","80세 이상","","498","536","447","479","450","444","596","669","532","753","907","907","1231","901","1147",
"영등포구","저소득노인","계","","469","756","532","503","584","233","208","561","481","582","554","427","347","756","212",
"영등포구","저소득노인","65~79세","","385","580","398","354","400","154","135","368","310","340","312","217","232","241","108",
"영등포구","저소득노인","80세 이상","","84","176","134","149","184","79","73","193","171","242","242","210","115","515","104",
"영등포구","일   반","계","","6698","6985","7634","9661","10116","10221","10862","10116","11635","11112","9859","11326","10700","14238","13530",
"영등포구","일   반","65~79세","","5303","5776","6077","7426","8040","7502","8073","7174","8332","8224","7482","8364","7967","5173","10279",
"영등포구","일   반","80세 이상","","1395","1209","1557","2235","2076","2719","2789","2942","3303","2888","2377","2962","2733","9065","3251",
"영등포본동","합계","계","","","","","","902","927","1010","1026","1103","1128","1085","1224","1264","1344","1403",
"영등포본동","합계","65~79세","","","","","","727","710","768","758","824","853","848","941","970","578","1072",
"영등포본동","합계","80세 이상","","","","","","175","217","242","268","279","275","237","283","294","766","331",
"영등포본동","국민기초생활보장 수급권자","계","","","","","","147","177","186","331","223","285","325","325","431","103","352",
"영등포본동","국민기초생활보장 수급권자","65~79세","","","","","","117","135","150","205","181","228","272","272","345","48","266",
"영등포본동","국민기초생활보장 수급권자","80세 이상","","","","","","30","42","36","126","42","57","53","53","86","55","86",
"영등포본동","저소득노인","계","","","","","","47","10","16","50","33","34","23","17","20","49","10",
"영등포본동","저소득노인","65~79세","","","","","","34","8","13","36","24","23","18","13","15","18","9",
"영등포본동","저소득노인","80세 이상","","","","","","13","2","3","14","9","11","5","4","5","31","1",
"영등포본동","일   반","계","","","","","","708","740","808","645","847","809","737","882","813","1192","1041",
"영등포본동","일   반","65~79세","","","","","","576","567","605","517","619","602","558","656","610","512","797",
"영등포본동","일   반","80세 이상","","","","","","132","173","203","128","228","207","179","226","203","680","244",
"영등포동","합계","계","","","","","","1116","1119","1240","1278","1405","1454","1351","1372","1317","1483","1588",
"영등포동","합계","65~79세","","","","","","873","878","991","1003","1111","1168","1126","1123","1075","872","1292",
"영등포동","합계","80세 이상","","","","","","243","241","249","275","294","286","225","249","242","611","296",
"영등포동","국민기초생활보장 수급권자","계","","","","","","322","311","472","397","427","500","571","571","594","107","508",
"영등포동","국민기초생활보장 수급권자","65~79세","","","","","","287","272","340","346","376","432","493","493","509","52","421",
"영등포동","국민기초생활보장 수급권자","80세 이상","","","","","","35","39","132","51","51","68","78","78","85","55","87",
"영등포동","저소득노인","계","","","","","","53","10","17","32","26","28","31","21","26","54","13",
"영등포동","저소득노인","65~79세","","","","","","36","7","14","24","18","18","21","11","18","26","8",
"영등포동","저소득노인","80세 이상","","","","","","17","3","3","8","8","10","10","10","8","28","5",
"영등포동","일   반","계","","","","","","741","798","751","849","952","926","749","780","697","1322","1067",
"영등포동","일   반","65~79세","","","","","","550","599","637","633","717","718","612","619","548","794","863",
"영등포동","일   반","80세 이상","","","","","","191","199","114","216","235","208","137","161","149","528","204",
"여의동","합계","계","","","","","","948","940","991","991","1019","1036","885","964","964","1032","1057",
"여의동","합계","65~79세","","","","","","826","595","628","589","620","653","545","591","588","259","625",
"여의동","합계","80세 이상","","","","","","122","345","363","402","399","383","340","373","376","773","432",
"여의동","국민기초생활보장 수급권자","계","","","","","","15","30","15","22","18","28","38","38","39","41","33",
"여의동","국민기초생활보장 수급권자","65~79세","","","","","","10","5","9","14","9","18","19","19","20","12","14",
"여의동","국민기초생활보장 수급권자","80세 이상","","","","","","5","25","6","8","9","10","19","19","19","29","19",
"여의동","저소득노인","계","","","","","","8","8","2","3","3","5","6","7","8","7","4",
"여의동","저소득노인","65~79세","","","","","","8","1","0","2","1","3","1","2","6","2","1",
"여의동","저소득노인","80세 이상","","","","","","0","7","2","1","2","2","5","5","2","5","3",
"여의동","일   반","계","","","","","","925","902","974","966","998","1003","841","919","917","984","1020",
"여의동","일   반","65~79세","","","","","","808","589","619","573","610","632","525","570","562","245","610",
"여의동","일   반","80세 이상","","","","","","117","313","355","393","388","371","316","349","355","739","410",
"당산1동","합계","계","","","","","","693","656","740","753","834","839","798","872","891","953","982",
"당산1동","합계","65~79세","","","","","","556","490","563","550","615","628","600","639","655","369","725",
"당산1동","합계","80세 이상","","","","","","137","166","177","203","219","211","198","233","236","584","257",
"당산1동","국민기초생활보장 수급권자","계","","","","","","102","79","110","125","106","150","158","158","209","89","167",
"당산1동","국민기초생활보장 수급권자","65~79세","","","","","","79","73","88","104","88","127","121","121","151","37","111",
"당산1동","국민기초생활보장 수급권자","80세 이상","","","","","","23","6","22","21","18","23","37","37","58","52","56",
"당산1동","저소득노인","계","","","","","","30","10","10","29","22","34","36","30","21","38","13",
"당산1동","저소득노인","65~79세","","","","","","26","10","7","22","16","24","22","19","16","13","5",
"당산1동","저소득노인","80세 이상","","","","","","4","0","3","7","6","10","14","11","5","25","8",
"당산1동","일   반","계","","","","","","561","567","620","599","706","655","604","684","661","826","802",
"당산1동","일   반","65~79세","","","","","","451","407","468","424","511","477","457","499","488","319","609",
"당산1동","일   반","80세 이상","","","","","","110","160","152","175","195","178","147","185","173","507","193",
"당산2동","합계","계","","","","","","639","654","686","688","746","756","664","763","754","776","827",
"당산2동","합계","65~79세","","","","","","447","462","486","473","513","531","469","526","532","234","568",
"당산2동","합계","80세 이상","","","","","","192","192","200","215","233","225","195","237","222","542","259",
"당산2동","국민기초생활보장 수급권자","계","","","","","","37","67","39","52","40","58","70","70","89","51","64",
"당산2동","국민기초생활보장 수급권자","65~79세","","","","","","26","38","27","38","30","35","44","44","53","17","31",
"당산2동","국민기초생활보장 수급권자","80세 이상","","","","","","11","29","12","14","10","23","26","26","36","34","33",
"당산2동","저소득노인","계","","","","","","11","7","4","9","13","19","26","21","11","24","7",
"당산2동","저소득노인","65~79세","","","","","","9","3","2","7","12","15","15","12","9","9","3",
"당산2동","저소득노인","80세 이상","","","","","","2","4","2","2","1","4","11","9","2","15","4",
"당산2동","일   반","계","","","","","","591","580","643","627","693","679","568","672","654","701","756",
"당산2동","일   반","65~79세","","","","","","412","421","457","428","471","481","410","470","470","208","534",
"당산2동","일   반","80세 이상","","","","","","179","159","186","199","222","198","158","202","184","493","222",
"도림동","합계","계","","","","","","687","748","802","822","895","909","846","934","918","1019","1099",
"도림동","합계","65~79세","","","","","","639","549","579","578","630","646","606","654","652","386","785",
"도림동","합계","80세 이상","","","","","","48","199","223","244","265","263","240","280","266","633","314",
"도림동","국민기초생활보장 수급권자","계","","","","","","120","97","146","196","163","202","226","226","327","104","279",
"도림동","국민기초생활보장 수급권자","65~79세","","","","","","90","84","104","143","126","150","167","167","228","46","184",
"도림동","국민기초생활보장 수급권자","80세 이상","","","","","","30","13","42","53","37","52","59","59","99","58","95",
"도림동","저소득노인","계","","","","","","38","5","13","44","38","48","44","38","37","38","14",
"도림동","저소득노인","65~79세","","","","","","27","4","5","30","19","25","25","20","21","17","4",
"도림동","저소득노인","80세 이상","","","","","","11","1","8","14","19","23","19","18","16","21","10",
"도림동","일   반","계","","","","","","529","646","643","582","694","659","576","670","554","877","806",
"도림동","일   반","65~79세","","","","","","522","461","470","405","485","471","414","467","403","323","597",
"도림동","일   반","80세 이상","","","","","","7","185","173","177","209","188","162","203","151","554","209",
"문래동","합계","계","","","","","","760","762","832","833","847","844","753","792","811","855","884",
"문래동","합계","65~79세","","","","","","615","537","590","563","569","591","539","545","551","271","599",
"문래동","합계","80세 이상","","","","","","145","225","242","270","278","253","214","247","260","584","285",
"문래동","국민기초생활보장 수급권자","계","","","","","","58","99","75","91","80","100","117","117","116","68","78",
"문래동","국민기초생활보장 수급권자","65~79세","","","","","","48","81","59","74","60","72","82","82","86","28","54",
"문래동","국민기초생활보장 수급권자","80세 이상","","","","","","10","18","16","17","20","28","35","35","30","40","24",
"문래동","저소득노인","계","","","","","","10","11","9","25","22","25","31","18","13","30","11",
"문래동","저소득노인","65~79세","","","","","","8","7","5","17","14","17","20","10","7","12","5",
"문래동","저소득노인","80세 이상","","","","","","2","4","4","8","8","8","11","8","6","18","6",
"문래동","일   반","계","","","","","","692","652","748","717","745","719","605","657","682","757","795",
"문래동","일   반","65~79세","","","","","","559","449","526","472","495","502","437","453","458","231","540",
"문래동","일   반","80세 이상","","","","","","133","203","222","245","250","217","168","204","224","526","255",
"양평1동","합계","계","","","","","","490","501","540","549","576","585","542","598","592","635","666",
"양평1동","합계","65~79세","","","","","","383","366","390","378","418","432","387","423","418","207","452",
"양평1동","합계","80세 이상","","","","","","107","135","150","171","158","153","155","175","174","428","214",
"양평1동","국민기초생활보장 수급권자","계","","","","","","47","62","59","67","57","83","90","90","115","77","89",
"양평1동","국민기초생활보장 수급권자","65~79세","","","","","","34","50","40","47","32","51","55","55","71","33","46",
"양평1동","국민기초생활보장 수급권자","80세 이상","","","","","","13","12","19","20","25","32","35","35","44","44","43",
"양평1동","저소득노인","계","","","","","","13","1","6","26","14","25","21","18","10","18","6",
"양평1동","저소득노인","65~79세","","","","","","8","1","3","15","8","11","12","7","6","5","2",
"양평1동","저소득노인","80세 이상","","","","","","5","0","3","11","6","14","9","11","4","13","4",
"양평1동","일   반","계","","","","","","430","438","475","456","505","477","431","490","467","540","571",
"양평1동","일   반","65~79세","","","","","","341","315","347","316","378","370","320","361","341","169","404",
"양평1동","일   반","80세 이상","","","","","","89","123","128","140","127","107","111","129","126","371","167",
"양평2동","합계","계","","","","","","399","400","434","448","490","493","446","475","487","538","574",
"양평2동","합계","65~79세","","","","","","305","306","328","331","346","357","329","339","361","178","420",
"양평2동","합계","80세 이상","","","","","","94","94","106","117","144","136","117","136","126","360","154",
"양평2동","국민기초생활보장 수급권자","계","","","","","","41","70","46","52","41","66","88","88","101","65","83",
"양평2동","국민기초생활보장 수급권자","65~79세","","","","","","32","22","27","32","27","45","62","62","73","27","53",
"양평2동","국민기초생활보장 수급권자","80세 이상","","","","","","9","48","19","20","14","21","26","26","28","38","30",
"양평2동","저소득노인","계","","","","","","36","18","3","19","17","24","15","12","11","24","4",
"양평2동","저소득노인","65~79세","","","","","","27","10","3","14","11","14","10","7","8","7","2",
"양평2동","저소득노인","80세 이상","","","","","","9","8","0","5","6","10","5","5","3","17","2",
"양평2동","일   반","계","","","","","","322","312","385","377","432","403","343","375","375","449","487",
"양평2동","일   반","65~79세","","","","","","246","274","298","285","308","298","257","270","280","144","365",
"양평2동","일   반","80세 이상","","","","","","76","38","87","92","124","105","86","105","95","305","122",
"신길1동","합계","계","","","","","","911","950","1022","1024","1026","1063","1054","1113","1188","1276","1330",
"신길1동","합계","65~79세","","","","","","685","710","757","737","726","775","780","806","867","469","978",
"신길1동","합계","80세 이상","","","","","","226","240","265","287","300","288","274","307","321","807","352",
"신길1동","국민기초생활보장 수급권자","계","","","","","","150","182","193","246","186","245","279","279","362","111","337",
"신길1동","국민기초생활보장 수급권자","65~79세","","","","","","109","149","141","190","140","181","207","207","244","48","225",
"신길1동","국민기초생활보장 수급권자","80세 이상","","","","","","41","33","52","56","46","64","72","72","118","63","112",
"신길1동","저소득노인","계","","","","","","63","25","24","70","66","79","80","61","36","80","27",
"신길1동","저소득노인","65~79세","","","","","","41","20","15","41","43","45","39","27","19","21","13",
"신길1동","저소득노인","80세 이상","","","","","","22","5","9","29","23","34","41","34","17","59","14",
"신길1동","일   반","계","","","","","","698","743","805","708","774","739","695","773","790","1085","966",
"신길1동","일   반","65~79세","","","","","","535","541","601","506","543","549","534","572","604","400","740",
"신길1동","일   반","80세 이상","","","","","","163","202","204","202","231","190","161","201","186","685","226",
"신길3동","합계","계","","","","","","617","635","698","711","804","819","803","869","866","915","956",
"신길3동","합계","65~79세","","","","","","477","465","519","513","590","611","609","648","642","302","693",
"신길3동","합계","80세 이상","","","","","","140","170","179","198","214","208","194","221","224","613","263",
"신길3동","국민기초생활보장 수급권자","계","","","","","","146","140","132","171","138","200","235","235","263","88","224",
"신길3동","국민기초생활보장 수급권자","65~79세","","","","","","109","115","93","131","93","140","165","165","180","33","155",
"신길3동","국민기초생활보장 수급권자","80세 이상","","","","","","37","25","39","40","45","60","70","70","83","55","69",
"신길3동","저소득노인","계","","","","","","56","22","17","44","33","37","32","29","30","49","18",
"신길3동","저소득노인","65~79세","","","","","","40","16","10","26","18","16","14","12","25","12","10",
"신길3동","저소득노인","80세 이상","","","","","","16","6","7","18","15","21","18","17","5","37","8",
"신길3동","일   반","계","","","","","","415","473","549","496","633","582","536","605","573","778","714",
"신길3동","일   반","65~79세","","","","","","328","334","416","356","479","455","430","471","437","257","528",
"신길3동","일   반","80세 이상","","","","","","87","139","133","140","154","127","106","134","136","521","186",
"신길4동","합계","계","","","","","","563","510","524","517","586","599","614","713","713","770","823",
"신길4동","합계","65~79세","","","","","","425","378","394","384","442","460","471","539","535","272","625",
"신길4동","합계","80세 이상","","","","","","138","132","130","133","144","139","143","174","178","498","198",
"신길4동","국민기초생활보장 수급권자","계","","","","","","116","102","125","179","142","168","215","215","313","96","278",
"신길4동","국민기초생활보장 수급권자","65~79세","","","","","","88","78","95","139","108","127","160","160","221","37","185",
"신길4동","국민기초생활보장 수급권자","80세 이상","","","","","","28","24","30","40","34","41","55","55","92","59","93",
"신길4동","저소득노인","계","","","","","","31","27","19","35","37","39","36","27","12","63","11",
"신길4동","저소득노인","65~79세","","","","","","14","19","13","23","21","23","21","14","5","14","6",
"신길4동","저소득노인","80세 이상","","","","","","17","8","6","12","16","16","15","13","7","49","5",
"신길4동","일   반","계","","","","","","416","381","380","303","407","392","363","471","388","611","534",
"신길4동","일   반","65~79세","","","","","","323","281","286","222","313","310","290","365","309","221","434",
"신길4동","일   반","80세 이상","","","","","","93","100","94","81","94","82","73","106","79","390","100",
"신길5동","합계","계","","","","","","675","591","548","546","518","523","497","540","563","608","635",
"신길5동","합계","65~79세","","","","","","499","447","404","393","378","390","384","411","433","217","490",
"신길5동","합계","80세 이상","","","","","","176","144","144","153","140","133","113","129","130","391","145",
"신길5동","국민기초생활보장 수급권자","계","","","","","","89","91","95","120","92","134","178","178","217","99","230",
"신길5동","국민기초생활보장 수급권자","65~79세","","","","","","65","71","67","85","66","96","125","125","152","36","163",
"신길5동","국민기초생활보장 수급권자","80세 이상","","","","","","24","20","28","35","26","38","53","53","65","63","67",
"신길5동","저소득노인","계","","","","","","38","18","21","38","29","36","31","21","15","63","14",
"신길5동","저소득노인","65~79세","","","","","","25","10","14","29","22","24","19","9","9","27","8",
"신길5동","저소득노인","80세 이상","","","","","","13","8","7","9","7","12","12","12","6","36","6",
"신길5동","일   반","계","","","","","","548","482","432","388","397","353","288","341","331","446","391",
"신길5동","일   반","65~79세","","","","","","409","366","323","279","290","270","240","277","272","154","319",
"신길5동","일   반","80세 이상","","","","","","139","116","109","109","107","83","48","64","59","292","72",
"신길6동","합계","계","","","","","","770","694","713","695","711","717","670","797","784","826","857",
"신길6동","합계","65~79세","","","","","","568","510","529","496","519","527","500","598","596","269","626",
"신길6동","합계","80세 이상","","","","","","202","184","184","199","192","190","170","199","188","557","231",
"신길6동","국민기초생활보장 수급권자","계","","","","","","118","94","88","124","99","141","151","151","213","87","178",
"신길6동","국민기초생활보장 수급권자","65~79세","","","","","","84","56","68","98","70","91","100","99","139","34","113",
"신길6동","국민기초생활보장 수급권자","80세 이상","","","","","","34","38","20","26","29","50","51","52","74","53","65",
"신길6동","저소득노인","계","","","","","","36","23","9","25","20","25","25","20","19","52","8",
"신길6동","저소득노인","65~79세","","","","","","16","12","7","14","13","15","14","11","15","17","6",
"신길6동","저소득노인","80세 이상","","","","","","20","11","2","11","7","10","11","9","4","35","2",
"신길6동","일   반","계","","","","","","616","577","616","546","592","551","494","626","552","687","671",
"신길6동","일   반","65~79세","","","","","","468","442","454","384","436","421","386","488","442","218","507",
"신길6동","일   반","80세 이상","","","","","","148","135","162","162","156","130","108","138","110","469","164",
"신길7동","합계","계","","","","","","411","308","330","340","349","363","348","410","444","469","492",
"신길7동","합계","65~79세","","","","","","307","206","220","220","231","245","247","296","325","149","334",
"신길7동","합계","80세 이상","","","","","","104","102","110","120","118","118","101","114","119","320","158",
"신길7동","국민기초생활보장 수급권자","계","","","","","","51","70","32","40","27","49","73","73","97","61","91",
"신길7동","국민기초생활보장 수급권자","65~79세","","","","","","39","70","18","27","19","27","44","45","63","22","53",
"신길7동","국민기초생활보장 수급권자","80세 이상","","","","","","12","0","14","13","8","22","29","28","34","39","38",
"신길7동","저소득노인","계","","","","","","13","9","7","13","10","15","19","13","21","18","8",
"신길7동","저소득노인","65~79세","","","","","","10","9","4","7","6","6","9","6","11","2","3",
"신길7동","저소득노인","80세 이상","","","","","","3","0","3","6","4","9","10","7","10","16","5",
"신길7동","일   반","계","","","","","","347","229","291","287","312","299","256","324","326","390","393",
"신길7동","일   반","65~79세","","","","","","258","127","198","186","206","212","194","245","251","125","278",
"신길7동","일   반","80세 이상","","","","","","89","102","93","101","106","87","62","79","75","265","115",
"대림1동","합계","계","","","","","","634","628","688","690","765","777","765","848","854","908","968",
"대림1동","합계","65~79세","","","","","","467","489","524","505","559","576","582","633","627","282","720",
"대림1동","합계","80세 이상","","","","","","167","139","164","185","206","201","183","215","227","626","248",
"대림1동","국민기초생활보장 수급권자","계","","","","","","98","117","121","167","106","143","175","175","254","84","154",
"대림1동","국민기초생활보장 수급권자","65~79세","","","","","","64","76","87","124","74","100","128","128","177","31","96",
"대림1동","국민기초생활보장 수급권자","80세 이상","","","","","","34","41","34","43","32","43","47","47","77","53","58",
"대림1동","저소득노인","계","","","","","","27","18","14","28","30","36","32","24","22","47","11",
"대림1동","저소득노인","65~79세","","","","","","16","10","9","19","21","20","15","9","15","12","5",
"대림1동","저소득노인","80세 이상","","","","","","11","8","5","9","9","16","17","15","7","35","6",
"대림1동","일   반","계","","","","","","509","493","553","495","629","598","558","649","578","777","803",
"대림1동","일   반","65~79세","","","","","","387","403","428","362","464","456","439","496","435","239","619",
"대림1동","일   반","80세 이상","","","","","","122","90","125","133","165","142","119","153","143","538","184",
"대림2동","합계","계","","","","","","686","642","667","694","764","783","777","832","826","888","916",
"대림2동","합계","65~79세","","","","","","559","484","504","518","565","585","589","609","607","272","892",
"대림2동","합계","80세 이상","","","","","","127","158","163","176","199","198","188","223","219","616","24",
"대림2동","국민기초생활보장 수급권자","계","","","","","","168","104","112","167","121","166","204","204","240","83","196",
"대림2동","국민기초생활보장 수급권자","65~79세","","","","","","117","73","71","119","74","99","128","128","154","31","118",
"대림2동","국민기초생활보장 수급권자","80세 이상","","","","","","51","31","41","48","47","67","76","76","86","52","78",
"대림2동","저소득노인","계","","","","","","49","10","9","29","28","26","26","19","16","39","11",
"대림2동","저소득노인","65~79세","","","","","","40","6","5","15","16","18","17","14","12","11","8",
"대림2동","저소득노인","80세 이상","","","","","","9","4","4","14","12","8","9","5","4","28","3",
"대림2동","일   반","계","","","","","","469","528","546","498","615","591","547","609","570","766","709",
"대림2동","일   반","65~79세","","","","","","402","405","428","384","475","468","444","467","441","230","766",
"대림2동","일   반","80세 이상","","","","","","67","123","118","114","140","123","103","142","129","536","-57",
"대림3동","합계","계","","","","","","719","682","774","796","892","925","970","1092","1108","1213","1283",
"대림3동","합계","65~79세","","","","","","552","523","607","608","668","702","731","808","831","441","942",
"대림3동","합계","80세 이상","","","","","","167","159","167","188","224","223","239","284","277","772","341",
"대림3동","국민기초생활보장 수급권자","계","","","","","","95","1","123","177","148","201","262","262","317","100","257",
"대림3동","국민기초생활보장 수급권자","65~79세","","","","","","72","1","89","139","109","147","176","176","200","41","163",
"대림3동","국민기초생활보장 수급권자","80세 이상","","","","","","23","0","34","38","39","54","86","86","117","59","94",
"대림3동","저소득노인","계","","","","","","25","1","8","42","40","47","40","31","19","63","22",
"대림3동","저소득노인","65~79세","","","","","","15","1","6","27","27","23","20","14","15","16","10",
"대림3동","저소득노인","80세 이상","","","","","","10","0","2","15","13","24","20","17","4","47","12",
"대림3동","일   반","계","","","","","","599","680","643","577","704","677","668","799","772","1050","1004",
"대림3동","일   반","65~79세","","","","","","465","521","512","442","532","532","535","618","616","384","769",
"대림3동","일   반","80세 이상","","","","","","134","159","131","135","172","145","133","181","156","666","235",
"동작구","합계","계","","8638","8711","8975","10740","11170","11769","11751","11740","13550","14228","14595","14691","15104","15892","16473",
"동작구","합계","65~79세","","6603","7040","6843","7656","8656","8825","8561","8527","10048","10447","10826","10982","11031","11440","11839",
"동작구","합계","80세 이상","","2035","1671","2132","3084","2514","2944","3190","3213","3502","3781","3769","3709","4073","4452","4634",
"동작구","국민기초생활보장 수급권자","계","","1426","1385","1318","1467","1902","1772","1637","1615","2201","2779","3272","3741","4105","4387","4816",
"동작구","국민기초생활보장 수급권자","65~79세","","972","988","902","1053","1473","1294","1100","1191","1549","1878","2208","2520","2736","2917","3253",
"동작구","국민기초생활보장 수급권자","80세 이상","","454","397","416","414","429","478","537","424","652","901","1064","1221","1369","1470","1563",
"동작구","저소득노인","계","","123","61","657","860","778","800","824","893","1190","934","925","421","464","280","491",
"동작구","저소득노인","65~79세","","92","40","431","586","487","488","483","496","719","490","473","199","253","139","284",
"동작구","저소득노인","80세 이상","","31","21","226","274","291","312","341","397","471","444","452","222","211","141","207",
"동작구","일   반","계","","7089","7265","7000","8413","8490","9197","9290","9232","10159","10515","10398","10529","10535","11225","11166",
"동작구","일   반","65~79세","","5539","6012","5510","6017","6696","7043","6978","6840","7780","8079","8145","8263","8042","8384","8302",
"동작구","일   반","80세 이상","","1550","1253","1490","2396","1794","2154","2312","2392","2379","2436","2253","2266","2493","2841","2864",
"노량진1동","합계","계","","","","","","584","947","941","1027","1235","1314","1356","1296","1389","1455","1554",
"노량진1동","합계","65~79세","","","","","","460","707","703","760","873","926","955","937","979","1004","1073",
"노량진1동","합계","80세 이상","","","","","","124","240","238","267","362","388","401","359","410","451","481",
"노량진1동","국민기초생활보장 수급권자","계","","","","","","61","179","164","182","194","284","326","387","423","453","498",
"노량진1동","국민기초생활보장 수급권자","65~79세","","","","","","42","126","117","136","138","178","204","248","274","283","313",
"노량진1동","국민기초생활보장 수급권자","80세 이상","","","","","","19","53","47","46","56","106","122","139","149","170","185",
"노량진1동","저소득노인","계","","","","","","21","82","51","94","86","91","79","30","44","21","47",
"노량진1동","저소득노인","65~79세","","","","","","16","46","35","40","45","38","32","15","28","15","32",
"노량진1동","저소득노인","80세 이상","","","","","","5","36","16","54","41","53","47","15","16","6","15",
"노량진1동","일   반","계","","","","","","502","686","726","751","955","939","951","879","922","981","1009",
"노량진1동","일   반","65~79세","","","","","","402","535","551","584","690","710","719","674","677","706","728",
"노량진1동","일   반","80세 이상","","","","","","100","151","175","167","265","229","232","205","245","275","281",
"노량진2동","합계","계","","","","","","1046","1046","671","733","1061","908","895","785","803","821","693",
"노량진2동","합계","65~79세","","","","","","798","798","502","264","843","687","667","587","601","612","541",
"노량진2동","합계","80세 이상","","","","","","248","248","169","469","218","221","228","198","202","209","152",
"노량진2동","국민기초생활보장 수급권자","계","","","","","","169","169","131","157","213","238","273","258","302","302","253",
"노량진2동","국민기초생활보장 수급권자","65~79세","","","","","","118","118","99","121","159","172","205","184","214","218","196",
"노량진2동","국민기초생활보장 수급권자","80세 이상","","","","","","51","51","32","36","54","66","68","74","88","84","57",
"노량진2동","저소득노인","계","","","","","","80","80","53","74","67","63","58","28","31","20","19",
"노량진2동","저소득노인","65~79세","","","","","","50","50","28","48","45","40","34","14","19","10","11",
"노량진2동","저소득노인","80세 이상","","","","","","30","30","25","26","22","23","24","14","12","10","8",
"노량진2동","일   반","계","","","","","","797","797","487","502","781","607","564","499","470","499","421",
"노량진2동","일   반","65~79세","","","","","","630","630","375","95","639","475","428","389","368","384","334",
"노량진2동","일   반","80세 이상","","","","","","167","167","112","407","142","132","136","110","102","115","87",
"상도1동","합계","계","","","","","","652","997","1339","1245","1270","1343","1374","1369","1510","1575","1627",
"상도1동","합계","65~79세","","","","","","509","762","968","884","731","958","995","996","1076","1107","1130",
"상도1동","합계","80세 이상","","","","","","143","235","371","361","539","385","379","373","434","468","497",
"상도1동","국민기초생활보장 수급권자","계","","","","","","99","162","199","28","306","352","392","406","459","496","517",
"상도1동","국민기초생활보장 수급권자","65~79세","","","","","","63","128","133","18","183","205","225","235","267","286","309",
"상도1동","국민기초생활보장 수급권자","80세 이상","","","","","","36","34","66","10","123","147","167","171","192","210","208",
"상도1동","저소득노인","계","","","","","","41","84","104","67","197","112","120","55","51","43","79",
"상도1동","저소득노인","65~79세","","","","","","25","42","61","39","111","46","58","26","29","24","51",
"상도1동","저소득노인","80세 이상","","","","","","16","42","43","28","86","66","62","29","22","19","28",
"상도1동","일   반","계","","","","","","512","751","1036","1150","767","879","862","908","1000","1036","1031",
"상도1동","일   반","65~79세","","","","","","421","592","774","827","437","707","712","735","780","797","770",
"상도1동","일   반","80세 이상","","","","","","91","159","262","323","330","172","150","173","220","239","261",
"상도2동","합계","계","","","","","","1099","1023","951","732","858","904","848","798","818","863","912",
"상도2동","합계","65~79세","","","","","","838","801","617","547","623","645","612","578","574","586","623",
"상도2동","합계","80세 이상","","","","","","261","222","334","185","235","259","236","220","244","277","289",
"상도2동","국민기초생활보장 수급권자","계","","","","","","259","124","96","97","130","130","152","149","157","173","187",
"상도2동","국민기초생활보장 수급권자","65~79세","","","","","","198","99","76","77","88","87","105","103","100","105","118",
"상도2동","국민기초생활보장 수급권자","80세 이상","","","","","","61","25","20","20","42","43","47","46","57","68","69",
"상도2동","저소득노인","계","","","","","","88","118","74","58","74","58","52","21","31","18","29",
"상도2동","저소득노인","65~79세","","","","","","23","79","43","29","40","26","22","9","14","4","13",
"상도2동","저소득노인","80세 이상","","","","","","65","39","31","29","34","32","30","12","17","14","16",
"상도2동","일   반","계","","","","","","752","781","781","577","654","716","644","628","630","672","696",
"상도2동","일   반","65~79세","","","","","","617","623","498","441","495","532","485","466","460","477","492",
"상도2동","일   반","80세 이상","","","","","","135","158","283","136","159","184","159","162","170","195","204",
"상도3동","합계","계","","","","","","752","557","727","830","802","940","976","1004","1093","1155","1225",
"상도3동","합계","65~79세","","","","","","579","190","564","623","600","689","725","748","798","842","893",
"상도3동","합계","80세 이상","","","","","","173","367","163","207","202","251","251","256","295","313","332",
"상도3동","국민기초생활보장 수급권자","계","","","","","","73","117","112","122","120","179","217","276","298","329","352",
"상도3동","국민기초생활보장 수급권자","65~79세","","","","","","58","101","30","88","86","125","145","179","199","221","224",
"상도3동","국민기초생활보장 수급권자","80세 이상","","","","","","15","16","82","34","34","54","72","97","99","108","128",
"상도3동","저소득노인","계","","","","","","82","72","66","85","86","74","75","41","41","28","50",
"상도3동","저소득노인","65~79세","","","","","","48","43","27","42","43","41","37","23","26","17","26",
"상도3동","저소득노인","80세 이상","","","","","","34","29","39","43","43","33","38","18","15","11","24",
"상도3동","일   반","계","","","","","","597","368","549","623","596","687","684","687","754","798","823",
"상도3동","일   반","65~79세","","","","","","473","46","507","493","471","523","543","546","573","604","643",
"상도3동","일   반","80세 이상","","","","","","124","322","42","130","125","164","141","141","181","194","180",
"상도4동","합계","계","","","","","","708","1098","1032","1192","1070","1174","1283","1366","1453","1530","1629",
"상도4동","합계","65~79세","","","","","","545","822","799","896","847","880","984","1049","1087","1121","1188",
"상도4동","합계","80세 이상","","","","","","163","276","233","296","223","294","299","317","366","409","441",
"상도4동","국민기초생활보장 수급권자","계","","","","","","118","181","119","168","255","270","305","370","403","456","488",
"상도4동","국민기초생활보장 수급권자","65~79세","","","","","","97","118","91","115","192","179","205","251","270","308","330",
"상도4동","국민기초생활보장 수급권자","80세 이상","","","","","","21","63","28","53","63","91","100","119","133","148","158",
"상도4동","저소득노인","계","","","","","","95","76","78","98","217","86","83","51","41","31","49",
"상도4동","저소득노인","65~79세","","","","","","70","48","50","54","136","45","42","24","17","15","29",
"상도4동","저소득노인","80세 이상","","","","","","25","28","28","44","81","41","41","27","24","16","20",
"상도4동","일   반","계","","","","","","495","841","835","926","598","818","895","945","1009","1043","1092",
"상도4동","일   반","65~79세","","","","","","378","656","658","727","519","656","737","774","800","798","829",
"상도4동","일   반","80세 이상","","","","","","117","185","177","199","79","162","158","171","209","245","263",
"흑석동","합계","계","","","","","","917","1313","1129","1059","1304","1360","1312","658","999","1019","1013",
"흑석동","합계","65~79세","","","","","","715","992","845","777","902","936","938","490","674","653","650",
"흑석동","합계","80세 이상","","","","","","202","321","284","282","402","424","374","168","325","366","363",
"흑석동","국민기초생활보장 수급권자","계","","","","","","156","159","130","130","126","200","238","166","243","217","242",
"흑석동","국민기초생활보장 수급권자","65~79세","","","","","","116","111","92","88","86","135","165","118","145","128","139",
"흑석동","국민기초생활보장 수급권자","80세 이상","","","","","","40","48","38","42","40","65","73","48","98","89","103",
"흑석동","저소득노인","계","","","","","","65","55","69","54","50","64","74","14","29","14","24",
"흑석동","저소득노인","65~79세","","","","","","49","37","42","34","37","38","44","6","16","8","11",
"흑석동","저소득노인","80세 이상","","","","","","16","18","27","20","13","26","30","8","13","6","13",
"흑석동","일   반","계","","","","","","696","1099","930","875","1128","1096","1000","478","727","788","747",
"흑석동","일   반","65~79세","","","","","","550","844","711","655","779","763","729","366","513","517","500",
"흑석동","일   반","80세 이상","","","","","","146","255","219","220","349","333","271","112","214","271","247",
"사당1동","합계","계","","","","","","820","580","622","385","766","832","873","903","943","1011","1045",
"사당1동","합계","65~79세","","","","","","654","497","217","276","596","676","706","731","742","789","808",
"사당1동","합계","80세 이상","","","","","","166","83","405","109","170","156","167","172","201","222","237",
"사당1동","국민기초생활보장 수급권자","계","","","","","","117","93","103","104","107","152","193","230","241","259","273",
"사당1동","국민기초생활보장 수급권자","65~79세","","","","","","78","78","36","85","87","118","144","168","178","192","198",
"사당1동","국민기초생활보장 수급권자","80세 이상","","","","","","39","15","67","19","20","34","49","62","63","67","75",
"사당1동","저소득노인","계","","","","","","65","24","35","38","41","38","43","26","25","11","13",
"사당1동","저소득노인","65~79세","","","","","","41","20","5","17","27","20","23","13","13","5","6",
"사당1동","저소득노인","80세 이상","","","","","","24","4","30","21","14","18","20","13","12","6","7",
"사당1동","일   반","계","","","","","","638","463","484","243","618","642","637","647","677","741","759",
"사당1동","일   반","65~79세","","","","","","535","399","176","174","482","538","539","550","551","592","604",
"사당1동","일   반","80세 이상","","","","","","103","64","308","69","136","104","98","97","126","149","155",
"사당2동","합계","계","","","","","","501","890","844","751","1168","1048","1022","1073","1131","1208","1276",
"사당2동","합계","65~79세","","","","","","393","677","636","570","940","791","777","823","835","877","926",
"사당2동","합계","80세 이상","","","","","","108","213","208","181","228","257","245","250","296","331","350",
"사당2동","국민기초생활보장 수급권자","계","","","","","","63","97","119","96","151","131","160","192","244","275","306",
"사당2동","국민기초생활보장 수급권자","65~79세","","","","","","53","80","82","67","106","87","110","141","183","201","218",
"사당2동","국민기초생활보장 수급권자","80세 이상","","","","","","10","17","37","29","45","44","50","51","61","74","88",
"사당2동","저소득노인","계","","","","","","30","40","25","59","35","38","42","25","32","21","47",
"사당2동","저소득노인","65~79세","","","","","","16","22","11","32","18","18","21","13","14","11","31",
"사당2동","저소득노인","80세 이상","","","","","","14","18","14","27","17","20","21","12","18","10","16",
"사당2동","일   반","계","","","","","","408","753","700","596","982","879","820","856","855","912","923",
"사당2동","일   반","65~79세","","","","","","324","575","543","471","816","686","646","669","638","665","677",
"사당2동","일   반","80세 이상","","","","","","84","178","157","125","166","193","174","187","217","247","246",
"사당3동","합계","계","","","","","","1291","585","585","567","714","733","718","742","799","851","902",
"사당3동","합계","65~79세","","","","","","959","456","464","446","583","555","561","576","613","647","673",
"사당3동","합계","80세 이상","","","","","","332","129","121","121","131","178","157","166","186","204","229",
"사당3동","국민기초생활보장 수급권자","계","","","","","","456","44","45","46","86","94","127","136","153","175","203",
"사당3동","국민기초생활보장 수급권자","65~79세","","","","","","400","31","32","32","56","65","84","95","112","131","158",
"사당3동","국민기초생활보장 수급권자","80세 이상","","","","","","56","13","13","14","30","29","43","41","41","44","45",
"사당3동","저소득노인","계","","","","","","92","25","17","19","17","29","28","14","24","9","19",
"사당3동","저소득노인","65~79세","","","","","","71","13","12","11","11","18","16","6","15","-","10",
"사당3동","저소득노인","80세 이상","","","","","","21","12","5","8","6","11","12","8","9","9","9",
"사당3동","일   반","계","","","","","","743","516","523","502","611","610","563","592","622","667","680",
"사당3동","일   반","65~79세","","","","","","488","412","420","403","516","472","461","475","486","516","505",
"사당3동","일   반","80세 이상","","","","","","255","104","103","99","95","138","102","117","136","151","175",
"사당4동","합계","계","","","","","","594","486","469","491","541","582","618","633","658","708","777",
"사당4동","합계","65~79세","","","","","","492","383","372","398","420","434","467","480","489","519","566",
"사당4동","합계","80세 이상","","","","","","102","103","97","93","121","148","151","153","169","189","211",
"사당4동","국민기초생활보장 수급권자","계","","","","","","88","88","61","84","75","125","145","171","182","207","374",
"사당4동","국민기초생활보장 수급권자","65~79세","","","","","","75","44","47","63","54","85","96","109","119","136","292",
"사당4동","국민기초생활보장 수급권자","80세 이상","","","","","","13","44","14","21","21","40","49","62","63","71","82",
"사당4동","저소득노인","계","","","","","","30","17","23","21","64","50","45","14","21","13","16",
"사당4동","저소득노인","65~79세","","","","","","29","11","6","9","36","24","26","5","8","4","7",
"사당4동","저소득노인","80세 이상","","","","","","1","6","17","12","28","26","19","9","13","9","9",
"사당4동","일   반","계","","","","","","476","381","385","386","402","407","428","448","455","488","387",
"사당4동","일   반","65~79세","","","","","","388","328","319","326","330","325","345","366","362","379","267",
"사당4동","일   반","80세 이상","","","","","","88","53","66","60","72","82","83","82","93","109","120",
"사당5동","합계","계","","","","","","834","392","347","364","424","460","484","507","541","557","577",
"사당5동","합계","65~79세","","","","","","631","292","261","288","329","336","353","388","407","412","430",
"사당5동","합계","80세 이상","","","","","","203","100","86","76","95","124","131","119","134","145","147",
"사당5동","국민기초생활보장 수급권자","계","","","","","","75","35","33","46","62","78","93","104","126","138","137",
"사당5동","국민기초생활보장 수급권자","65~79세","","","","","","62","26","26","31","41","47","58","69","76","86","85",
"사당5동","국민기초생활보장 수급권자","80세 이상","","","","","","13","9","7","15","21","31","35","35","50","52","52",
"사당5동","저소득노인","계","","","","","","32","27","21","32","34","34","33","20","15","8","15",
"사당5동","저소득노인","65~79세","","","","","","19","12","9","13","17","16","10","6","9","4","8",
"사당5동","저소득노인","80세 이상","","","","","","13","15","12","19","17","18","23","14","6","4","7",
"사당5동","일   반","계","","","","","","727","330","293","286","328","348","358","383","400","411","425",
"사당5동","일   반","65~79세","","","","","","550","254","226","244","271","273","285","313","322","322","337",
"사당5동","일   반","80세 이상","","","","","","177","76","67","42","57","75","73","70","78","89","88",
"대방동","합계","계","","","","","","587","746","990","1236","1163","1253","1354","1400","1343","1409","1382",
"대방동","합계","65~79세","","","","","","468","585","736","910","862","916","981","1025","961","1011","989",
"대방동","합계","80세 이상","","","","","","119","161","254","326","301","337","373","375","382","398","393",
"대방동","국민기초생활보장 수급권자","계","","","","","","61","175","183","190","183","306","360","421","475","471","500",
"대방동","국민기초생활보장 수급권자","65~79세","","","","","","39","123","132","136","130","225","257","297","329","326","344",
"대방동","국민기초생활보장 수급권자","80세 이상","","","","","","22","52","51","54","53","81","103","124","146","145","156",
"대방동","저소득노인","계","","","","","","22","50","161","101","129","111","109","38","41","24","52",
"대방동","저소득노인","65~79세","","","","","","9","32","119","67","94","73","68","20","27","15","34",
"대방동","저소득노인","80세 이상","","","","","","13","18","42","34","35","38","41","18","14","9","18",
"대방동","일   반","계","","","","","","504","521","646","945","851","836","885","941","827","914","830",
"대방동","일   반","65~79세","","","","","","420","430","485","707","638","618","656","708","605","670","611",
"대방동","일   반","80세 이상","","","","","","84","91","161","238","213","218","229","233","222","244","219",
"신대방1동","합계","계","","","","","","446","662","604","625","655","758","857","872","925","990","1071",
"신대방1동","합계","65~79세","","","","","","355","507","475","492","492","560","645","674","693","732","785",
"신대방1동","합계","80세 이상","","","","","","91","155","129","133","163","198","212","198","232","258","286",
"신대방1동","국민기초생활보장 수급권자","계","","","","","","75","75","76","87","82","116","153","200","230","250","282",
"신대방1동","국민기초생활보장 수급권자","65~79세","","","","","","52","54","55","72","61","78","107","143","160","176","202",
"신대방1동","국민기초생활보장 수급권자","80세 이상","","","","","","23","21","21","15","21","38","46","57","70","74","80",
"신대방1동","저소득노인","계","","","","","","16","30","32","45","45","46","42","16","21","12","21",
"신대방1동","저소득노인","65~79세","","","","","","9","24","24","30","29","28","21","5","8","4","9",
"신대방1동","저소득노인","80세 이상","","","","","","7","6","8","15","16","18","21","11","13","8","12",
"신대방1동","일   반","계","","","","","","355","557","496","493","528","596","662","656","674","728","768",
"신대방1동","일   반","65~79세","","","","","","294","429","396","390","402","454","517","526","525","552","574",
"신대방1동","일   반","80세 이상","","","","","","61","128","100","103","126","142","145","130","149","176","194",
"신대방2동","합계","계","","","","","","339","447","500","503","519","619","625","1285","699","740","790",
"신대방2동","합계","65~79세","","","","","","260","356","402","396","407","458","460","900","502","528","564",
"신대방2동","합계","80세 이상","","","","","","79","91","98","107","112","161","165","385","197","212","226",
"신대방2동","국민기초생활보장 수급권자","계","","","","","","32","74","66","78","111","124","138","275","169","186","204",
"신대방2동","국민기초생활보장 수급권자","65~79세","","","","","","22","57","52","62","82","92","98","180","110","120","127",
"신대방2동","국민기초생활보장 수급권자","80세 이상","","","","","","10","17","14","16","29","32","40","95","59","66","77",
"신대방2동","저소득노인","계","","","","","","19","20","15","48","48","40","42","28","17","7","11",
"신대방2동","저소득노인","65~79세","","","","","","12","9","11","31","30","19","19","14","10","3","6",
"신대방2동","저소득노인","80세 이상","","","","","","7","11","4","17","18","21","23","14","7","4","5",
"신대방2동","일   반","계","","","","","","288","353","419","377","360","455","445","982","513","547","575",
"신대방2동","일   반","65~79세","","","","","","226","290","339","303","295","347","343","706","382","405","431",
"신대방2동","일   반","80세 이상","","","","","","62","63","80","74","65","108","102","276","131","142","144",
"관악구","합계","계","","10250","11107","12625","12435","14318","14974","15655","16490","17358","18725","21349","20308","21113","22579","24154",
"관악구","합계","65~79세","","8617","8693","9960","10356","11583","10942","11840","12901","13345","14304","16239","15688","16078","16940","17937",
"관악구","합계","80세 이상","","1633","2414","2665","2079","2735","4032","3815","3589","4013","4421","5110","4620","5035","5639","6217",
"관악구","국민기초생활보장 수급권자","계","","1788","1784","1930","2070","1952","2498","2765","2913","3061","4382","5597","6325","6799","7417","8017",
"관악구","국민기초생활보장 수급권자","65~79세","","1304","1279","1446","1567","1472","1813","1914","2177","2246","3032","3842","4302","4584","5063","5556",
"관악구","국민기초생활보장 수급권자","80세 이상","","484","505","484","503","480","685","851","736","815","1350","1755","2023","2215","2354","2461",
"관악구","저소득노인","계","","5178","3662","4854","4951","9223","785","524","552","685","855","1184","573","795","438","397",
"관악구","저소득노인","65~79세","","4308","2766","3821","3895","7428","512","336","361","456","525","798","327","503","262","231",
"관악구","저소득노인","80세 이상","","870","896","1033","1056","1795","273","188","191","229","330","386","246","292","176","166",
"관악구","일   반","계","","3284","5661","5841","5414","3143","11691","12366","13025","13612","13488","14568","13410","13519","14724","15740",
"관악구","일   반","65~79세","","3005","4648","4693","4894","2683","8617","9590","10363","10643","10747","11599","11059","10991","11615","12150",
"관악구","일   반","80세 이상","","279","1013","1148","520","460","3074","2776","2662","2969","2741","2969","2351","2528","3109","3590",
"보라매동","합계","계","","","","","","799","821","846","881","930","1024","1136","1114","1163","1254","1339",
"보라매동","합계","65~79세","","","","","","604","589","628","667","637","767","874","840","859","924","988",
"보라매동","합계","80세 이상","","","","","","195","232","218","214","293","257","262","274","304","330","351",
"보라매동","국민기초생활보장 수급권자","계","","","","","","158","134","172","179","162","207","257","302","334","376","410",
"보라매동","국민기초생활보장 수급권자","65~79세","","","","","","86","99","105","122","116","148","190","219","234","273","298",
"보라매동","국민기초생활보장 수급권자","80세 이상","","","","","","72","35","67","57","46","59","67","83","100","103","112",
"보라매동","저소득노인","계","","","","","","592","37","17","17","24","41","56","32","42","19","23",
"보라매동","저소득노인","65~79세","","","","","","450","24","10","11","16","25","35","17","26","7","7",
"보라매동","저소득노인","80세 이상","","","","","","142","13","7","6","8","16","21","15","16","12","16",
"보라매동","일   반","계","","","","","","49","650","657","685","744","776","823","780","787","859","906",
"보라매동","일   반","65~79세","","","","","","68","466","513","534","505","594","649","604","599","644","683",
"보라매동","일   반","80세 이상","","","","","","-19","184","144","151","239","182","174","176","188","215","223",
"청림동","합계","계","","","","","","525","552","584","601","611","638","722","654","682","720","748",
"청림동","합계","65~79세","","","","","","377","367","405","442","439","456","507","468","490","505","516",
"청림동","합계","80세 이상","","","","","","148","185","179","159","172","182","215","186","192","215","232",
"청림동","국민기초생활보장 수급권자","계","","","","","","97","113","126","129","126","181","207","218","235","238","257",
"청림동","국민기초생활보장 수급권자","65~79세","","","","","","63","75","76","101","83","121","148","139","144","142","159",
"청림동","국민기초생활보장 수급권자","80세 이상","","","","","","34","38","50","28","43","60","59","79","91","96","98",
"청림동","저소득노인","계","","","","","","347","32","28","28","22","24","35","10","23","10","11",
"청림동","저소득노인","65~79세","","","","","","253","22","19","21","16","17","19","4","15","6","6",
"청림동","저소득노인","80세 이상","","","","","","94","10","9","7","6","7","16","6","8","4","5",
"청림동","일   반","계","","","","","","81","407","430","444","463","433","480","426","424","472","480",
"청림동","일   반","65~79세","","","","","","61","270","310","320","340","318","340","325","331","357","351",
"청림동","일   반","80세 이상","","","","","","20","137","120","124","123","115","140","101","93","115","129",
"성현동","합계","계","","","","","","965","1011","1079","1135","1217","1201","1391","1315","1403","1496","1547",
"성현동","합계","65~79세","","","","","","769","730","804","878","914","863","996","978","1032","1076","1093",
"성현동","합계","80세 이상","","","","","","196","281","275","257","303","338","395","337","371","420","454",
"성현동","국민기초생활보장 수급권자","계","","","","","","166","226","236","248","275","401","510","547","589","633","688",
"성현동","국민기초생활보장 수급권자","65~79세","","","","","","130","155","161","175","189","244","323","351","367","389","432",
"성현동","국민기초생활보장 수급권자","80세 이상","","","","","","36","71","75","73","86","157","187","196","222","244","256",
"성현동","저소득노인","계","","","","","","827","74","45","48","43","52","94","41","74","33","34",
"성현동","저소득노인","65~79세","","","","","","678","39","23","25","24","28","66","25","51","19","19",
"성현동","저소득노인","80세 이상","","","","","","149","35","22","23","19","24","28","16","23","14","15",
"성현동","일   반","계","","","","","","-28","711","798","839","899","748","787","727","740","830","825",
"성현동","일   반","65~79세","","","","","","-39","536","620","678","701","591","607","602","614","668","642",
"성현동","일   반","80세 이상","","","","","","11","175","178","161","198","157","180","125","126","162","183",
"행운동","합계","계","","","","","","840","890","912","947","983","1009","1117","1101","1139","1205","1299",
"행운동","합계","65~79세","","","","","","679","658","689","739","762","785","854","859","871","921","972",
"행운동","합계","80세 이상","","","","","","161","232","223","208","221","224","263","242","268","284","327",
"행운동","국민기초생활보장 수급권자","계","","","","","","129","170","188","195","187","271","339","354","375","407","456",
"행운동","국민기초생활보장 수급권자","65~79세","","","","","","96","128","129","156","135","185","221","223","235","269","307",
"행운동","국민기초생활보장 수급권자","80세 이상","","","","","","33","42","59","39","52","86","118","131","140","138","149",
"행운동","저소득노인","계","","","","","","563","53","36","36","37","33","59","30","46","28","24",
"행운동","저소득노인","65~79세","","","","","","449","32","24","26","29","23","41","22","35","21","18",
"행운동","저소득노인","80세 이상","","","","","","114","21","12","10","8","10","18","8","11","7","6",
"행운동","일   반","계","","","","","","148","667","688","716","759","705","719","717","718","770","819",
"행운동","일   반","65~79세","","","","","","134","498","536","557","598","577","592","614","601","631","647",
"행운동","일   반","80세 이상","","","","","","14","169","152","159","161","128","127","103","117","139","172",
"낙성대동","합계","계","","","","","","462","477","481","493","496","528","586","528","536","581","617",
"낙성대동","합계","65~79세","","","","","","374","360","372","385","381","416","454","419","410","433","447",
"낙성대동","합계","80세 이상","","","","","","88","117","109","108","115","112","132","109","126","148","170",
"낙성대동","국민기초생활보장 수급권자","계","","","","","","17","66","63","64","58","83","125","119","125","147","166",
"낙성대동","국민기초생활보장 수급권자","65~79세","","","","","","14","52","44","49","42","59","103","91","87","105","119",
"낙성대동","국민기초생활보장 수급권자","80세 이상","","","","","","3","14","19","15","16","24","22","28","38","42","47",
"낙성대동","저소득노인","계","","","","","","294","16","13","13","13","14","19","11","12","3","1",
"낙성대동","저소득노인","65~79세","","","","","","232","12","11","11","11","9","12","4","8","2","1",
"낙성대동","저소득노인","80세 이상","","","","","","62","4","2","2","2","5","7","7","4","1","",
"낙성대동","일   반","계","","","","","","151","395","405","416","425","431","442","398","399","431","450",
"낙성대동","일   반","65~79세","","","","","","128","296","317","325","328","348","339","324","315","326","327",
"낙성대동","일   반","80세 이상","","","","","","23","99","88","91","97","83","103","74","84","105","123",
"청룡동","합계","계","","","","","","971","914","933","939","996","1148","1334","1248","1290","1388","1498",
"청룡동","합계","65~79세","","","","","","827","704","742","765","790","898","1021","985","1000","1062","1125",
"청룡동","합계","80세 이상","","","","","","144","210","191","174","206","250","313","263","290","326","373",
"청룡동","국민기초생활보장 수급권자","계","","","","","","85","121","123","123","149","230","341","406","416","445","491",
"청룡동","국민기초생활보장 수급권자","65~79세","","","","","","74","94","94","96","124","177","257","301","306","325","359",
"청룡동","국민기초생활보장 수급권자","80세 이상","","","","","","11","27","29","27","25","53","84","105","110","120","132",
"청룡동","저소득노인","계","","","","","","210","30","26","26","51","46","50","20","40","20","16",
"청룡동","저소득노인","65~79세","","","","","","205","18","13","13","34","31","30","13","21","11","10",
"청룡동","저소득노인","80세 이상","","","","","","5","12","13","13","17","15","20","7","19","9","6",
"청룡동","일   반","계","","","","","","676","763","784","790","796","872","943","822","834","923","991",
"청룡동","일   반","65~79세","","","","","","548","592","635","656","632","690","734","671","673","726","756",
"청룡동","일   반","80세 이상","","","","","","128","171","149","134","164","182","209","151","161","197","235",
"은천동","합계","계","","","","","","932","997","1048","1127","1191","1290","1496","1454","1519","1592","1691",
"은천동","합계","65~79세","","","","","","751","714","792","890","947","1011","1148","1138","1169","1198","1253",
"은천동","합계","80세 이상","","","","","","181","283","256","237","244","279","348","316","350","394","438",
"은천동","국민기초생활보장 수급권자","계","","","","","","162","207","233","250","261","374","461","496","551","582","626",
"은천동","국민기초생활보장 수급권자","65~79세","","","","","","132","151","166","186","197","266","321","334","379","392","424",
"은천동","국민기초생활보장 수급권자","80세 이상","","","","","","30","56","67","64","64","108","140","162","172","190","202",
"은천동","저소득노인","계","","","","","","784","61","38","41","51","75","101","49","73","34","26",
"은천동","저소득노인","65~79세","","","","","","636","42","27","30","37","49","60","24","44","21","17",
"은천동","저소득노인","80세 이상","","","","","","148","19","11","11","14","26","41","25","29","13","9",
"은천동","일   반","계","","","","","","-14","729","777","836","879","841","934","909","895","976","1039",
"은천동","일   반","65~79세","","","","","","-17","521","599","674","713","696","767","780","746","785","812",
"은천동","일   반","80세 이상","","","","","","3","208","178","162","166","145","167","129","149","191","227",
"중앙동","합계","계","","","","","","498","535","552","589","617","671","743","676","695","735","796",
"중앙동","합계","65~79세","","","","","","415","409","430","472","482","526","576","524","535","550","585",
"중앙동","합계","80세 이상","","","","","","83","126","122","117","135","145","167","152","160","185","211",
"중앙동","국민기초생활보장 수급권자","계","","","","","","51","76","84","89","110","156","189","216","219","228","250",
"중앙동","국민기초생활보장 수급권자","65~79세","","","","","","43","64","67","84","90","115","133","145","151","150","166",
"중앙동","국민기초생활보장 수급권자","80세 이상","","","","","","8","12","17","5","20","41","56","71","68","78","84",
"중앙동","저소득노인","계","","","","","","340","29","19","19","23","29","32","14","14","12","9",
"중앙동","저소득노인","65~79세","","","","","","283","20","14","15","18","18","22","9","8","7","6",
"중앙동","저소득노인","80세 이상","","","","","","57","9","5","4","5","11","10","5","6","5","3",
"중앙동","일   반","계","","","","","","107","430","449","481","484","486","522","446","462","495","537",
"중앙동","일   반","65~79세","","","","","","89","325","349","373","374","393","421","370","376","393","413",
"중앙동","일   반","80세 이상","","","","","","18","105","100","108","110","93","101","76","86","102","124",
"인헌동","합계","계","","","","","","635","683","704","722","755","813","917","908","945","1007","1064",
"인헌동","합계","65~79세","","","","","","546","531","561","582","600","638","727","711","716","736","767",
"인헌동","합계","80세 이상","","","","","","89","152","143","140","155","175","190","197","229","271","297",
"인헌동","국민기초생활보장 수급권자","계","","","","","","47","68","74","75","77","111","181","192","206","220","239",
"인헌동","국민기초생활보장 수급권자","65~79세","","","","","","39","53","55","62","56","70","109","120","133","142","166",
"인헌동","국민기초생활보장 수급권자","80세 이상","","","","","","8","15","19","13","21","41","72","72","73","78","73",
"인헌동","저소득노인","계","","","","","","114","31","22","22","27","48","52","28","47","22","24",
"인헌동","저소득노인","65~79세","","","","","","86","23","14","15","18","30","35","16","23","12","14",
"인헌동","저소득노인","80세 이상","","","","","","28","8","8","7","9","18","17","12","24","10","10",
"인헌동","일   반","계","","","","","","474","584","608","625","651","654","684","688","692","765","801",
"인헌동","일   반","65~79세","","","","","","421","455","492","505","526","538","583","575","560","582","587",
"인헌동","일   반","80세 이상","","","","","","53","129","116","120","125","116","101","113","132","183","214",
"남현동","합계","계","","","","","","369","404","396","421","441","471","562","573","610","663","719",
"남현동","합계","65~79세","","","","","","302","276","308","342","357","390","464","481","509","543","569",
"남현동","합계","80세 이상","","","","","","67","128","88","79","84","81","98","92","101","120","150",
"남현동","국민기초생활보장 수급권자","계","","","","","","23","36","40","42","47","74","98","125","130","151","149",
"남현동","국민기초생활보장 수급권자","65~79세","","","","","","16","25","28","31","33","50","70","87","94","114","110",
"남현동","국민기초생활보장 수급권자","80세 이상","","","","","","7","11","12","11","14","24","28","38","36","37","39",
"남현동","저소득노인","계","","","","","","180","16","8","8","17","31","40","19","24","14","10",
"남현동","저소득노인","65~79세","","","","","","143","10","7","7","13","19","30","13","14","9","6",
"남현동","저소득노인","80세 이상","","","","","","37","6","1","1","4","12","10","6","10","5","4",
"남현동","일   반","계","","","","","","166","352","348","371","377","366","424","429","456","498","560",
"남현동","일   반","65~79세","","","","","","143","241","273","304","311","321","364","381","401","420","453",
"남현동","일   반","80세 이상","","","","","","23","111","75","67","66","45","60","48","55","78","107",
"서원동","합계","계","","","","","","565","601","613","621","662","746","793","795","836","896","967",
"서원동","합계","65~79세","","","","","","475","458","477","503","530","588","615","630","642","681","731",
"서원동","합계","80세 이상","","","","","","90","143","136","118","132","158","178","165","194","215","236",
"서원동","국민기초생활보장 수급권자","계","","","","","","63","82","87","88","98","144","161","190","219","243","276",
"서원동","국민기초생활보장 수급권자","65~79세","","","","","","55","64","66","69","77","108","117","136","150","168","190",
"서원동","국민기초생활보장 수급권자","80세 이상","","","","","","8","18","21","19","21","36","44","54","69","75","86",
"서원동","저소득노인","계","","","","","","374","32","21","20","19","25","43","22","37","16","17",
"서원동","저소득노인","65~79세","","","","","","328","18","11","12","12","13","27","7","24","8","9",
"서원동","저소득노인","80세 이상","","","","","","46","14","10","8","7","12","16","15","13","8","8",
"서원동","일   반","계","","","","","","128","487","505","513","545","577","589","583","580","637","674",
"서원동","일   반","65~79세","","","","","","92","376","400","422","441","467","471","487","468","505","532",
"서원동","일   반","80세 이상","","","","","","36","111","105","91","104","110","118","96","112","132","142",
"신원동","합계","계","","","","","","648","658","697","749","814","870","1016","971","977","1038","1130",
"신원동","합계","65~79세","","","","","","528","489","535","588","631","659","782","750","740","772","828",
"신원동","합계","80세 이상","","","","","","120","169","162","161","183","211","234","221","237","266","302",
"신원동","국민기초생활보장 수급권자","계","","","","","","66","105","121","130","146","204","269","324","347","387","402",
"신원동","국민기초생활보장 수급권자","65~79세","","","","","","56","78","90","98","116","151","188","236","250","281","295",
"신원동","국민기초생활보장 수급권자","80세 이상","","","","","","10","27","31","32","30","53","81","88","97","106","107",
"신원동","저소득노인","계","","","","","","407","36","34","36","45","52","67","35","36","26","28",
"신원동","저소득노인","65~79세","","","","","","326","25","25","27","20","31","44","21","23","13","11",
"신원동","저소득노인","80세 이상","","","","","","81","11","9","9","25","21","23","14","13","13","17",
"신원동","일   반","계","","","","","","175","517","542","583","623","614","680","612","594","625","700",
"신원동","일   반","65~79세","","","","","","146","386","420","463","495","477","550","493","467","478","522",
"신원동","일   반","80세 이상","","","","","","29","131","122","120","128","137","130","119","127","147","178",
"서림동","합계","계","","","","","","569","595","636","689","742","793","933","824","892","978","1050",
"서림동","합계","65~79세","","","","","","456","419","469","535","567","602","711","629","685","751","793",
"서림동","합계","80세 이상","","","","","","113","176","167","154","175","191","222","195","207","227","257",
"서림동","국민기초생활보장 수급권자","계","","","","","","58","86","86","94","107","144","171","204","241","274","302",
"서림동","국민기초생활보장 수급권자","65~79세","","","","","","39","59","58","66","80","109","126","149","177","201","223",
"서림동","국민기초생활보장 수급권자","80세 이상","","","","","","19","27","28","28","27","35","45","55","64","73","79",
"서림동","저소득노인","계","","","","","","361","20","16","17","18","24","38","15","27","19","14",
"서림동","저소득노인","65~79세","","","","","","284","14","9","10","11","9","28","9","21","14","11",
"서림동","저소득노인","80세 이상","","","","","","77","6","7","7","7","15","10","6","6","5","3",
"서림동","일   반","계","","","","","","150","489","534","578","617","625","724","605","624","685","734",
"서림동","일   반","65~79세","","","","","","133","346","402","459","476","484","557","471","487","536","559",
"서림동","일   반","80세 이상","","","","","","17","143","132","119","141","141","167","134","137","149","175",
"신사동","합계","계","","","","","","659","659","701","758","794","889","1002","984","1017","1080","1164",
"신사동","합계","65~79세","","","","","","534","491","536","602","626","701","790","774","799","828","883",
"신사동","합계","80세 이상","","","","","","125","168","165","156","168","188","212","210","218","252","281",
"신사동","국민기초생활보장 수급권자","계","","","","","","89","124","141","153","146","232","280","323","347","371","399",
"신사동","국민기초생활보장 수급권자","65~79세","","","","","","65","80","90","101","103","155","183","216","227","255","265",
"신사동","국민기초생활보장 수급권자","80세 이상","","","","","","24","44","51","52","43","77","97","107","120","116","134",
"신사동","저소득노인","계","","","","","","140","34","15","16","35","36","47","21","32","19","15",
"신사동","저소득노인","65~79세","","","","","","109","21","10","11","24","24","33","11","22","14","12",
"신사동","저소득노인","80세 이상","","","","","","31","13","5","5","11","12","14","10","10","5","3",
"신사동","일   반","계","","","","","","430","501","545","589","613","621","675","640","638","690","750",
"신사동","일   반","65~79세","","","","","","360","390","436","490","499","522","574","547","550","559","606",
"신사동","일   반","80세 이상","","","","","","70","111","109","99","114","99","101","93","88","131","144",
"신림동","합계","계","","","","","","449","468","475","508","526","573","661","625","624","682","737",
"신림동","합계","65~79세","","","","","","359","342","360","404","414","452","539","521","513","545","592",
"신림동","합계","80세 이상","","","","","","90","126","115","104","112","121","122","104","111","137","145",
"신림동","국민기초생활보장 수급권자","계","","","","","","46","70","79","85","88","123","164","195","201","227","255",
"신림동","국민기초생활보장 수급권자","65~79세","","","","","","38","54","62","69","68","98","135","161","158","180","202",
"신림동","국민기초생활보장 수급권자","80세 이상","","","","","","8","16","17","16","20","25","29","34","43","47","53",
"신림동","저소득노인","계","","","","","","237","14","16","17","14","16","12","6","12","8","10",
"신림동","저소득노인","65~79세","","","","","","197","12","12","13","11","9","6","3","5","5","6",
"신림동","저소득노인","80세 이상","","","","","","40","2","4","4","3","7","6","3","7","3","4",
"신림동","일   반","계","","","","","","166","384","380","406","424","434","485","424","411","447","472",
"신림동","일   반","65~79세","","","","","","124","276","286","322","335","345","398","357","350","360","384",
"신림동","일   반","80세 이상","","","","","","42","108","94","84","89","89","87","67","61","87","88",
"난향동","합계","계","","","","","","427","462","476","508","531","605","682","609","612","645","699",
"난향동","합계","65~79세","","","","","","337","329","346","375","393","437","491","449","458","473","500",
"난향동","합계","80세 이상","","","","","","90","133","130","133","138","168","191","160","154","172","199",
"난향동","국민기초생활보장 수급권자","계","","","","","","68","85","85","90","88","158","177","190","210","218","253",
"난향동","국민기초생활보장 수급권자","65~79세","","","","","","50","59","52","56","62","93","104","115","119","132","158",
"난향동","국민기초생활보장 수급권자","80세 이상","","","","","","18","26","33","34","26","65","73","75","91","86","95",
"난향동","저소득노인","계","","","","","","275","28","13","16","23","32","54","25","30","21","17",
"난향동","저소득노인","65~79세","","","","","","215","18","7","8","15","18","38","13","17","10","8",
"난향동","저소득노인","80세 이상","","","","","","60","10","6","8","8","14","16","12","13","11","9",
"난향동","일   반","계","","","","","","84","349","378","402","420","415","451","394","372","406","429",
"난향동","일   반","65~79세","","","","","","72","252","287","311","316","326","349","321","322","331","334",
"난향동","일   반","80세 이상","","","","","","12","97","91","91","104","89","102","73","50","75","95",
"조원동","합계","계","","","","","","532","542","559","607","626","698","799","750","788","855","941",
"조원동","합계","65~79세","","","","","","427","372","404","456","462","509","585","579","605","653","714",
"조원동","합계","80세 이상","","","","","","105","170","155","151","164","189","214","171","183","202","227",
"조원동","국민기초생활보장 수급권자","계","","","","","","51","65","71","77","93","140","194","225","241","269","305",
"조원동","국민기초생활보장 수급권자","65~79세","","","","","","39","45","47","53","64","96","135","156","166","193","233",
"조원동","국민기초생활보장 수급권자","80세 이상","","","","","","12","20","24","24","29","44","59","69","75","76","72",
"조원동","저소득노인","계","","","","","","302","31","24","27","26","27","35","14","17","9","7",
"조원동","저소득노인","65~79세","","","","","","233","22","15","17","17","17","24","8","14","5","5",
"조원동","저소득노인","80세 이상","","","","","","69","9","9","10","9","10","11","6","3","4","2",
"조원동","일   반","계","","","","","","179","446","464","503","507","531","570","511","530","577","629",
"조원동","일   반","65~79세","","","","","","155","305","342","386","381","396","426","415","425","455","476",
"조원동","일   반","80세 이상","","","","","","24","141","122","117","126","135","144","96","105","122","153",
"대학동","합계","계","","","","","","472","497","545","559","602","666","818","826","875","968","1069",
"대학동","합계","65~79세","","","","","","389","360","408","430","457","494","623","652","673","727","809",
"대학동","합계","80세 이상","","","","","","83","137","137","129","145","172","195","174","202","241","260",
"대학동","국민기초생활보장 수급권자","계","","","","","","41","58","67","68","73","104","135","187","223","259","297",
"대학동","국민기초생활보장 수급권자","65~79세","","","","","","33","48","54","56","59","79","110","157","185","214","248",
"대학동","국민기초생활보장 수급권자","80세 이상","","","","","","8","10","13","12","14","25","25","30","38","45","49",
"대학동","저소득노인","계","","","","","","225","17","9","10","20","24","26","27","27","19","15",
"대학동","저소득노인","65~79세","","","","","","183","10","4","4","13","14","18","19","23","12","10",
"대학동","저소득노인","80세 이상","","","","","","42","7","5","6","7","10","8","8","4","7","5",
"대학동","일   반","계","","","","","","206","422","469","481","509","538","657","612","625","690","757",
"대학동","일   반","65~79세","","","","","","173","302","350","370","385","401","495","476","465","501","551",
"대학동","일   반","80세 이상","","","","","","33","120","119","111","124","137","162","136","160","189","206",
"삼성동","합계","계","","","","","","1192","1268","1325","1377","1464","1556","1755","1518","1586","1677","1719",
"삼성동","합계","65~79세","","","","","","934","894","957","1033","1095","1157","1286","1129","1154","1207","1230",
"삼성동","합계","80세 이상","","","","","","258","374","368","344","369","399","469","389","432","470","489",
"삼성동","국민기초생활보장 수급권자","계","","","","","","236","255","281","292","319","436","599","640","632","684","733",
"삼성동","국민기초생활보장 수급권자","65~79세","","","","","","161","168","183","197","224","287","383","401","386","420","451",
"삼성동","국민기초생활보장 수급권자","80세 이상","","","","","","75","87","98","95","95","149","216","239","246","264","282",
"삼성동","저소득노인","계","","","","","","1095","78","50","53","88","104","124","59","59","32","27",
"삼성동","저소득노인","65~79세","","","","","","864","47","26","28","55","61","80","32","34","21","17",
"삼성동","저소득노인","80세 이상","","","","","","231","31","24","25","33","43","44","27","25","11","10",
"삼성동","일   반","계","","","","","","-139","935","994","1032","1057","1016","1032","819","895","961","959",
"삼성동","일   반","65~79세","","","","","","-91","679","748","808","816","809","823","696","734","766","762",
"삼성동","일   반","80세 이상","","","","","","-48","256","246","224","241","207","209","123","161","195","197",
"미성동","합계","계","","","","","","842","912","972","1031","1095","1180","1354","1317","1365","1446","1554",
"미성동","합계","65~79세","","","","","","702","686","760","835","863","914","1034","1023","1037","1101","1200",
"미성동","합계","80세 이상","","","","","","140","226","212","196","232","266","320","294","328","345","354",
"미성동","국민기초생활보장 수급권자","계","","","","","","117","145","173","185","177","222","298","332","359","404","343",
"미성동","국민기초생활보장 수급권자","65~79세","","","","","","94","110","126","167","135","159","203","209","225","267","249",
"미성동","국민기초생활보장 수급권자","80세 이상","","","","","","23","35","47","18","42","63","95","123","134","137","94",
"미성동","저소득노인","계","","","","","","674","58","34","37","45","59","95","50","56","39","37",
"미성동","저소득노인","65~79세","","","","","","555","42","25","23","30","35","67","33","32","25","21",
"미성동","저소득노인","80세 이상","","","","","","119","16","9","14","15","24","28","17","24","14","16",
"미성동","일   반","계","","","","","","51","709","765","809","873","899","961","935","950","1003","1174",
"미성동","일   반","65~79세","","","","","","53","534","609","645","698","720","764","781","780","809","930",
"미성동","일   반","80세 이상","","","","","","-2","175","156","164","175","179","197","154","170","194","244",
"난곡동","합계","계","","","","","","967","1028","1121","1228","1265","1356","1532","1518","1559","1673","1806",
"난곡동","합계","65~79세","","","","","","798","764","857","978","998","1041","1162","1149","1181","1254","1342",
"난곡동","합계","80세 이상","","","","","","169","264","264","250","267","315","370","369","378","419","464",
"난곡동","국민기초생활보장 수급권자","계","","","","","","182","206","235","257","274","387","441","540","599","654","720",
"난곡동","국민기초생활보장 수급권자","65~79세","","","","","","149","152","161","183","193","262","283","356","411","451","502",
"난곡동","국민기초생활보장 수급권자","80세 이상","","","","","","33","54","74","74","81","125","158","184","188","203","218",
"난곡동","저소득노인","계","","","","","","882","58","40","45","44","63","105","45","67","35","32",
"난곡동","저소득노인","65~79세","","","","","","719","41","30","34","32","45","83","24","43","20","17",
"난곡동","저소득노인","80세 이상","","","","","","163","17","10","11","12","18","22","21","24","15","15",
"난곡동","일   반","계","","","","","","-97","764","846","926","947","906","986","933","893","984","1054",
"난곡동","일   반","65~79세","","","","","","-70","571","666","761","773","734","796","769","727","783","823",
"난곡동","일   반","80세 이상","","","","","","-27","193","180","165","174","172","190","164","166","201","231",
"서초구","합계","계","","6367","5596","7246","6809","7903","8684","8811","9189","9506","9405","9553","10318","10737","10945","11476",
"서초구","합계","65~79세","","4864","4344","5564","4582","6007","5715","5854","6182","6862","7158","7367","7784","8020","8160","8479",
"서초구","합계","80세 이상","","1503","1252","1682","2227","1896","2969","2957","3007","2644","2247","2186","2534","2717","2785","2997",
"서초구","국민기초생활보장 수급권자","계","","538","517","613","532","674","708","540","680","811","1494","1698","1899","2061","2332","2538",
"서초구","국민기초생활보장 수급권자","65~79세","","406","362","447","322","485","502","341","427","568","1023","1198","1332","1455","1714","1828",
"서초구","국민기초생활보장 수급권자","80세 이상","","132","155","166","210","189","206","199","253","243","471","500","567","606","618","710",
"서초구","저소득노인","계","","1416","265","371","284","254","279","121","128","119","370","344","447","475","220","219",
"서초구","저소득노인","65~79세","","1041","210","264","182","163","176","89","90","81","227","208","267","342","138","141",
"서초구","저소득노인","80세 이상","","375","55","107","102","91","103","32","38","38","143","136","180","133","82","78",
"서초구","일   반","계","","4413","4814","6262","5993","6975","7697","8150","8381","8576","7541","7511","7972","8201","8393","8719",
"서초구","일   반","65~79세","","3417","3772","4853","4078","5359","5037","5424","5665","6213","5908","5961","6185","6223","6308","6510",
"서초구","일   반","80세 이상","","996","1042","1409","1915","1616","2660","2726","2716","2363","1633","1550","1787","1978","2085","2209",
"서초1동","합계","계","","","","","","382","442","439","429","461","518","519","610","643","638","679",
"서초1동","합계","65~79세","","","","","","283","296","282","290","314","375","387","446","473","470","486",
"서초1동","합계","80세 이상","","","","","","99","146","157","139","147","143","132","164","170","168","193",
"서초1동","국민기초생활보장 수급권자","계","","","","","","48","49","34","46","55","117","109","118","122","140","158",
"서초1동","국민기초생활보장 수급권자","65~79세","","","","","","32","34","19","28","27","75","76","81","85","98","106",
"서초1동","국민기초생활보장 수급권자","80세 이상","","","","","","16","15","15","18","28","42","33","37","37","42","52",
"서초1동","저소득노인","계","","","","","","14","13","10","8","3","12","10","25","21","10","9",
"서초1동","저소득노인","65~79세","","","","","","10","8","6","6","2","4","3","13","15","4","3",
"서초1동","저소득노인","80세 이상","","","","","","4","5","4","2","1","8","7","12","6","6","6",
"서초1동","일   반","계","","","","","","320","380","395","375","403","389","400","467","500","488","512",
"서초1동","일   반","65~79세","","","","","","241","254","257","256","285","296","308","352","373","368","377",
"서초1동","일   반","80세 이상","","","","","","79","126","138","119","118","93","92","115","127","120","135",
"서초2동","합계","계","","","","","","315","406","400","400","334","313","363","429","473","424","435",
"서초2동","합계","65~79세","","","","","","199","247","254","259","238","244","292","330","365","321","330",
"서초2동","합계","80세 이상","","","","","","116","159","146","141","96","69","71","99","108","103","105",
"서초2동","국민기초생활보장 수급권자","계","","","","","","14","15","9","14","14","28","31","38","51","45","44",
"서초2동","국민기초생활보장 수급권자","65~79세","","","","","","9","11","2","9","11","21","22","31","39","34","32",
"서초2동","국민기초생활보장 수급권자","80세 이상","","","","","","5","4","7","5","3","7","9","7","12","11","12",
"서초2동","저소득노인","계","","","","","","4","7","3","6","0","9","7","10","17","8","5",
"서초2동","저소득노인","65~79세","","","","","","3","5","1","3","0","5","2","4","11","5","2",
"서초2동","저소득노인","80세 이상","","","","","","1","2","2","3","0","4","5","6","6","3","3",
"서초2동","일   반","계","","","","","","297","384","388","380","320","276","325","381","405","371","386",
"서초2동","일   반","65~79세","","","","","","187","231","251","247","227","218","268","295","315","282","296",
"서초2동","일   반","80세 이상","","","","","","110","153","137","133","93","58","57","86","90","89","90",
"서초3동","합계","계","","","","","","575","611","623","633","680","688","739","812","837","839","902",
"서초3동","합계","65~79세","","","","","","460","425","428","437","510","538","566","599","605","614","663",
"서초3동","합계","80세 이상","","","","","","115","186","195","196","170","150","173","213","232","225","239",
"서초3동","국민기초생활보장 수급권자","계","","","","","","37","40","37","46","47","83","97","105","99","110","127",
"서초3동","국민기초생활보장 수급권자","65~79세","","","","","","27","27","25","33","32","58","69","72","66","77","91",
"서초3동","국민기초생활보장 수급권자","80세 이상","","","","","","10","13","12","13","15","25","28","33","33","33","36",
"서초3동","저소득노인","계","","","","","","21","18","6","6","8","17","17","22","22","10","9",
"서초3동","저소득노인","65~79세","","","","","","11","10","3","5","6","11","7","11","14","4","5",
"서초3동","저소득노인","80세 이상","","","","","","10","8","3","1","2","6","10","11","8","6","4",
"서초3동","일   반","계","","","","","","517","553","580","581","625","588","625","685","716","719","766",
"서초3동","일   반","65~79세","","","","","","422","388","400","399","472","469","490","516","525","533","567",
"서초3동","일   반","80세 이상","","","","","","95","165","180","182","153","119","135","169","191","186","199",
"서초4동","합계","계","","","","","","358","425","442","435","456","397","437","493","495","510","519",
"서초4동","합계","65~79세","","","","","","260","263","283","278","313","283","321","353","336","345","348",
"서초4동","합계","80세 이상","","","","","","98","162","159","157","143","114","116","140","159","165","171",
"서초4동","국민기초생활보장 수급권자","계","","","","","","6","9","1","0","3","14","19","25","25","29","35",
"서초4동","국민기초생활보장 수급권자","65~79세","","","","","","6","8","1","0","2","12","15","18","17","18","23",
"서초4동","국민기초생활보장 수급권자","80세 이상","","","","","","0","1","0","0","1","2","4","7","8","11","12",
"서초4동","저소득노인","계","","","","","","9","5","0","0","1","7","6","6","5","3","2",
"서초4동","저소득노인","65~79세","","","","","","8","2","0","0","1","3","3","5","3","-2","1",
"서초4동","저소득노인","80세 이상","","","","","","1","3","0","0","0","4","3","1","2","5","1",
"서초4동","일   반","계","","","","","","343","411","441","435","452","376","412","462","465","478","482",
"서초4동","일   반","65~79세","","","","","","246","253","282","278","310","268","303","330","316","329","324",
"서초4동","일   반","80세 이상","","","","","","97","158","159","157","142","108","109","132","149","149","158",
"잠원동","합계","계","","","","","","634","696","695","708","758","703","558","611","623","632","666",
"잠원동","합계","65~79세","","","","","","437","401","407","421","505","490","408","454","466","462","488",
"잠원동","합계","80세 이상","","","","","","197","295","288","287","253","213","150","157","157","170","178",
"잠원동","국민기초생활보장 수급권자","계","","","","","","35","38","31","35","46","76","77","81","94","106","125",
"잠원동","국민기초생활보장 수급권자","65~79세","","","","","","23","26","18","23","32","52","56","59","71","82","98",
"잠원동","국민기초생활보장 수급권자","80세 이상","","","","","","12","12","13","12","14","24","21","22","23","24","27",
"잠원동","저소득노인","계","","","","","","9","15","4","3","3","13","17","16","22","9","9",
"잠원동","저소득노인","65~79세","","","","","","3","8","2","2","3","8","9","9","15","4","4",
"잠원동","저소득노인","80세 이상","","","","","","6","7","2","1","0","5","8","7","7","5","5",
"잠원동","일   반","계","","","","","","590","643","660","670","709","614","464","514","507","517","532",
"잠원동","일   반","65~79세","","","","","","411","367","387","396","470","430","343","386","380","376","386",
"잠원동","일   반","80세 이상","","","","","","179","276","273","274","239","184","121","128","127","141","146",
"반포본동","합계","계","","","","","","198","247","252","258","267","247","178","3","3","3","2",
"반포본동","합계","65~79세","","","","","","146","147","152","159","178","177","139","3","2","2","2",
"반포본동","합계","80세 이상","","","","","","52","100","100","99","89","70","39","0","1","1","-",
"반포본동","국민기초생활보장 수급권자","계","","","","","","0","0","0","0","0","3","5","0","-","-","-",
"반포본동","국민기초생활보장 수급권자","65~79세","","","","","","0","0","0","0","0","1","2","0","-","-","-",
"반포본동","국민기초생활보장 수급권자","80세 이상","","","","","","0","0","0","0","0","2","3","0","-","-","-",
"반포본동","저소득노인","계","","","","","","1","2","0","0","0","4","2","0","-","-","-",
"반포본동","저소득노인","65~79세","","","","","","1","2","0","0","0","1","1","0","-","-","-",
"반포본동","저소득노인","80세 이상","","","","","","0","0","0","0","0","3","1","0","-","-","-",
"반포본동","일   반","계","","","","","","197","245","252","258","267","240","171","3","3","3","2",
"반포본동","일   반","65~79세","","","","","","145","145","152","159","178","175","136","3","2","2","2",
"반포본동","일   반","80세 이상","","","","","","52","100","100","99","89","65","35","0","1","1","-",
"반포1동","합계","계","","","","","","507","595","545","575","542","583","644","694","736","763","786",
"반포1동","합계","65~79세","","","","","","400","417","391","387","408","476","534","557","594","608","610",
"반포1동","합계","80세 이상","","","","","","107","178","154","188","134","107","110","137","142","155","176",
"반포1동","국민기초생활보장 수급권자","계","","","","","","46","45","29","40","59","86","109","124","126","151","164",
"반포1동","국민기초생활보장 수급권자","65~79세","","","","","","41","39","24","0","48","73","92","99","94","128","130",
"반포1동","국민기초생활보장 수급권자","80세 이상","","","","","","5","6","5","40","11","13","17","25","32","23","34",
"반포1동","저소득노인","계","","","","","","18","10","4","3","3","24","19","18","15","4","6",
"반포1동","저소득노인","65~79세","","","","","","12","7","4","0","3","16","12","12","12","3","3",
"반포1동","저소득노인","80세 이상","","","","","","6","3","0","3","0","8","7","6","3","1","3",
"반포1동","일   반","계","","","","","","443","540","512","532","480","473","516","552","595","608","616",
"반포1동","일   반","65~79세","","","","","","347","371","363","387","357","387","430","446","488","477","477",
"반포1동","일   반","80세 이상","","","","","","96","169","149","145","123","86","86","106","107","131","139",
"반포2동","합계","계","","","","","","268","312","322","331","380","181","198","211","217","308","331",
"반포2동","합계","65~79세","","","","","","204","194","206","214","266","139","149","153","152","223","230",
"반포2동","합계","80세 이상","","","","","","64","118","116","117","114","42","49","58","65","85","101",
"반포2동","국민기초생활보장 수급권자","계","","","","","","3","2","1","2","4","2","4","5","5","11","11",
"반포2동","국민기초생활보장 수급권자","65~79세","","","","","","1","0","0","2","2","2","2","3","3","4","6",
"반포2동","국민기초생활보장 수급권자","80세 이상","","","","","","2","2","1","0","2","0","2","2","2","7","5",
"반포2동","저소득노인","계","","","","","","1","0","0","0","1","1","1","2","-","5","9",
"반포2동","저소득노인","65~79세","","","","","","0","0","0","0","0","0","1","0","-","2","4",
"반포2동","저소득노인","80세 이상","","","","","","1","0","0","0","1","1","0","2","-","3","5",
"반포2동","일   반","계","","","","","","264","310","321","329","375","178","193","204","212","292","311",
"반포2동","일   반","65~79세","","","","","","203","194","206","212","264","137","146","150","149","217","220",
"반포2동","일   반","80세 이상","","","","","","61","116","115","117","111","41","47","54","63","75","91",
"반포3동","합계","계","","","","","","333","448","381","392","370","382","416","439","459","461","475",
"반포3동","합계","65~79세","","","","","","228","258","221","234","235","259","276","295","294","296","311",
"반포3동","합계","80세 이상","","","","","","105","190","160","158","135","123","140","144","165","165","164",
"반포3동","국민기초생활보장 수급권자","계","","","","","","6","6","0","2","3","4","4","8","7","12","13",
"반포3동","국민기초생활보장 수급권자","65~79세","","","","","","5","5","0","1","3","4","4","7","6","4","10",
"반포3동","국민기초생활보장 수급권자","80세 이상","","","","","","1","1","0","1","0","0","0","1","1","8","3",
"반포3동","저소득노인","계","","","","","","3","2","1","0","0","5","8","8","9","6","1",
"반포3동","저소득노인","65~79세","","","","","","1","2","1","0","0","4","5","4","5","2","-",
"반포3동","저소득노인","80세 이상","","","","","","2","0","0","0","0","1","3","4","4","4","1",
"반포3동","일   반","계","","","","","","324","440","380","390","367","373","404","423","443","443","461",
"반포3동","일   반","65~79세","","","","","","222","251","220","233","232","251","267","284","283","290","301",
"반포3동","일   반","80세 이상","","","","","","102","189","160","157","135","122","137","139","160","153","160",
"반포4동","합계","계","","","","","","308","354","359","374","384","380","384","400","439","441","426",
"반포4동","합계","65~79세","","","","","","218","226","229","242","263","276","292","292","323","328","298",
"반포4동","합계","80세 이상","","","","","","90","128","130","132","121","104","92","108","116","113","128",
"반포4동","국민기초생활보장 수급권자","계","","","","","","13","12","5","7","6","17","16","22","31","32","30",
"반포4동","국민기초생활보장 수급권자","65~79세","","","","","","9","7","1","2","3","9","10","14","20","23","22",
"반포4동","국민기초생활보장 수급권자","80세 이상","","","","","","4","5","4","5","3","8","6","8","11","9","8",
"반포4동","저소득노인","계","","","","","","2","2","2","0","3","9","10","7","6","5","5",
"반포4동","저소득노인","65~79세","","","","","","2","2","1","0","2","5","5","3","5","4","3",
"반포4동","저소득노인","80세 이상","","","","","","0","0","1","0","1","4","5","4","1","1","2",
"반포4동","일   반","계","","","","","","293","340","352","367","375","354","358","371","402","404","391",
"반포4동","일   반","65~79세","","","","","","207","217","227","240","258","262","277","275","298","301","273",
"반포4동","일   반","80세 이상","","","","","","86","123","125","127","117","92","81","96","104","103","118",
"방배본동","합계","계","","","","","","382","408","413","423","425","447","464","516","533","549","574",
"방배본동","합계","65~79세","","","","","","297","264","267","282","296","317","341","362","374","392","399",
"방배본동","합계","80세 이상","","","","","","85","144","146","141","129","130","123","154","159","157","175",
"방배본동","국민기초생활보장 수급권자","계","","","","","","22","16","21","23","26","59","69","70","75","101","105",
"방배본동","국민기초생활보장 수급권자","65~79세","","","","","","14","11","11","14","22","43","52","53","57","73","77",
"방배본동","국민기초생활보장 수급권자","80세 이상","","","","","","8","5","10","9","4","16","17","17","18","28","28",
"방배본동","저소득노인","계","","","","","","7","6","3","3","6","17","21","28","17","11","13",
"방배본동","저소득노인","65~79세","","","","","","4","4","3","3","5","10","13","19","11","5","4",
"방배본동","저소득노인","80세 이상","","","","","","3","2","0","0","1","7","8","9","6","6","9",
"방배본동","일   반","계","","","","","","353","386","389","397","393","371","374","418","441","437","456",
"방배본동","일   반","65~79세","","","","","","279","249","253","265","269","264","276","290","306","314","318",
"방배본동","일   반","80세 이상","","","","","","74","137","136","132","124","107","98","128","135","123","138",
"방배1동","합계","계","","","","","","369","374","385","402","425","438","445","503","543","561","593",
"방배1동","합계","65~79세","","","","","","281","232","258","271","306","330","337","374","407","417","444",
"방배1동","합계","80세 이상","","","","","","88","142","127","131","119","108","108","129","136","144","149",
"방배1동","국민기초생활보장 수급권자","계","","","","","","46","47","33","42","53","83","92","97","109","123","141",
"방배1동","국민기초생활보장 수급권자","65~79세","","","","","","30","31","20","25","38","55","59","62","73","86","101",
"방배1동","국민기초생활보장 수급권자","80세 이상","","","","","","16","16","13","17","15","28","33","35","36","37","40",
"방배1동","저소득노인","계","","","","","","10","15","7","5","3","14","13","19","28","17","17",
"방배1동","저소득노인","65~79세","","","","","","8","10","4","3","2","8","9","13","24","16","15",
"방배1동","저소득노인","80세 이상","","","","","","2","5","3","2","1","6","4","6","4","1","2",
"방배1동","일   반","계","","","","","","313","312","345","355","369","341","340","387","406","421","435",
"방배1동","일   반","65~79세","","","","","","243","191","234","243","266","267","269","299","310","315","328",
"방배1동","일   반","80세 이상","","","","","","70","121","111","112","103","74","71","88","96","106","107",
"방배2동","합계","계","","","","","","647","662","706","742","804","685","678","729","738","737","769",
"방배2동","합계","65~79세","","","","","","532","478","514","548","615","548","538","571","548","542","550",
"방배2동","합계","80세 이상","","","","","","115","184","192","194","189","137","140","158","190","195","219",
"방배2동","국민기초생활보장 수급권자","계","","","","","","60","68","53","67","79","132","154","187","203","206","219",
"방배2동","국민기초생활보장 수급권자","65~79세","","","","","","43","48","35","47","56","89","107","125","142","148","147",
"방배2동","국민기초생활보장 수급권자","80세 이상","","","","","","17","20","18","20","23","43","47","62","61","58","72",
"방배2동","저소득노인","계","","","","","","29","36","12","21","14","41","37","34","46","18","23",
"방배2동","저소득노인","65~79세","","","","","","18","25","8","14","10","21","23","20","34","14","19",
"방배2동","저소득노인","80세 이상","","","","","","11","11","4","7","4","20","14","14","12","4","4",
"방배2동","일   반","계","","","","","","558","558","641","654","711","512","487","508","489","513","527",
"방배2동","일   반","65~79세","","","","","","471","405","471","487","549","438","408","426","372","380","384",
"방배2동","일   반","80세 이상","","","","","","87","153","170","167","162","74","79","82","117","133","143",
"방배3동","합계","계","","","","","","477","551","518","555","560","554","485","435","382","353","340",
"방배3동","합계","65~79세","","","","","","349","341","322","355","395","416","370","325","279","256","240",
"방배3동","합계","80세 이상","","","","","","128","210","196","200","165","138","115","110","103","97","100",
"방배3동","국민기초생활보장 수급권자","계","","","","","","41","40","27","35","47","76","81","44","36","42","38",
"방배3동","국민기초생활보장 수급권자","65~79세","","","","","","30","29","17","20","29","46","52","28","26","31","25",
"방배3동","국민기초생활보장 수급권자","80세 이상","","","","","","11","11","10","15","18","30","29","16","10","11","13",
"방배3동","저소득노인","계","","","","","","21","31","23","16","4","29","30","18","17","11","11",
"방배3동","저소득노인","65~79세","","","","","","13","22","20","14","4","25","26","14","12","11","10",
"방배3동","저소득노인","80세 이상","","","","","","8","9","3","2","0","4","4","4","5","-","1",
"방배3동","일   반","계","","","","","","415","480","468","504","509","449","374","373","329","300","291",
"방배3동","일   반","65~79세","","","","","","306","290","285","321","362","345","292","283","241","214","205",
"방배3동","일   반","80세 이상","","","","","","109","190","183","183","147","104","82","90","88","86","86",
"방배4동","합계","계","","","","","","472","498","523","547","603","579","589","655","653","665","696",
"방배4동","합계","65~79세","","","","","","365","331","350","369","441","433","427","467","464","470","486",
"방배4동","합계","80세 이상","","","","","","107","167","173","178","162","146","162","188","189","195","210",
"방배4동","국민기초생활보장 수급권자","계","","","","","","32","36","25","25","40","80","78","99","111","126","126",
"방배4동","국민기초생활보장 수급권자","65~79세","","","","","","24","27","16","17","26","55","54","67","73","79","78",
"방배4동","국민기초생활보장 수급권자","80세 이상","","","","","","8","9","9","8","14","25","24","32","38","47","48",
"방배4동","저소득노인","계","","","","","","14","13","8","3","7","15","21","27","21","8","10",
"방배4동","저소득노인","65~79세","","","","","","9","8","7","1","4","9","13","10","14","4","7",
"방배4동","저소득노인","80세 이상","","","","","","5","5","1","2","3","6","8","17","7","4","3",
"방배4동","일   반","계","","","","","","426","449","490","519","556","484","490","529","521","531","560",
"방배4동","일   반","65~79세","","","","","","332","296","327","351","411","369","360","390","377","387","401",
"방배4동","일   반","80세 이상","","","","","","94","153","163","168","145","115","130","139","144","144","159",
"양재1동","합계","계","","","","","","811","814","882","978","1037","1215","1298","1433","1545","1614","1725",
"양재1동","합계","65~79세","","","","","","650","581","617","690","781","960","1049","1129","1221","1275","1377",
"양재1동","합계","80세 이상","","","","","","161","233","265","288","256","255","249","304","324","339","348",
"양재1동","국민기초생활보장 수급권자","계","","","","","","156","167","150","209","204","401","481","549","579","686","732",
"양재1동","국민기초생활보장 수급권자","65~79세","","","","","","116","123","98","147","150","269","336","382","406","509","543",
"양재1동","국민기초생활보장 수급권자","80세 이상","","","","","","40","44","52","62","54","132","145","167","173","177","189",
"양재1동","저소득노인","계","","","","","","62","57","13","31","43","93","73","117","133","51","50",
"양재1동","저소득노인","65~79세","","","","","","40","30","11","21","23","51","37","63","93","29","29",
"양재1동","저소득노인","80세 이상","","","","","","22","27","2","10","20","42","36","54","40","22","21",
"양재1동","일   반","계","","","","","","593","590","719","738","790","721","744","767","833","877","943",
"양재1동","일   반","65~79세","","","","","","494","428","508","522","608","640","676","684","722","737","805",
"양재1동","일   반","80세 이상","","","","","","99","162","211","216","182","81","68","83","111","140","138",
"양재2동","합계","계","","","","","","433","469","476","505","539","576","612","742","806","829","889",
"양재2동","합계","65~79세","","","","","","350","341","349","380","432","485","516","610","651","674","712",
"양재2동","합계","80세 이상","","","","","","83","128","127","125","107","91","96","132","155","155","177",
"양재2동","국민기초생활보장 수급권자","계","","","","","","66","63","50","46","74","137","151","189","239","252","299",
"양재2동","국민기초생활보장 수급권자","65~79세","","","","","","44","42","31","32","53","104","116","148","183","210","228",
"양재2동","국민기초생활보장 수급권자","80세 이상","","","","","","22","21","19","14","21","33","35","41","56","42","71",
"양재2동","저소득노인","계","","","","","","19","25","12","12","11","28","31","52","45","24","22",
"양재2동","저소득노인","65~79세","","","","","","12","15","9","8","8","22","22","39","36","19","19",
"양재2동","저소득노인","80세 이상","","","","","","7","10","3","4","3","6","9","13","9","5","3",
"양재2동","일   반","계","","","","","","348","381","414","447","454","411","430","501","522","553","568",
"양재2동","일   반","65~79세","","","","","","294","284","309","340","371","359","378","423","432","445","465",
"양재2동","일   반","80세 이상","","","","","","54","97","105","107","83","52","52","78","90","108","103",
"내곡동","합계","계","","","","","","434","372","450","502","481","519","546","603","612","618","669",
"내곡동","합계","65~79세","","","","","","348","273","324","366","366","412","425","464","466","465","505",
"내곡동","합계","80세 이상","","","","","","86","99","126","136","115","107","121","139","146","153","164",
"내곡동","국민기초생활보장 수급권자","계","","","","","","43","55","34","41","51","96","121","138","149","160","171",
"내곡동","국민기초생활보장 수급권자","65~79세","","","","","","31","34","23","27","34","55","74","83","94","110","111",
"내곡동","국민기초생활보장 수급권자","80세 이상","","","","","","12","21","11","14","17","41","47","55","55","50","60",
"내곡동","저소득노인","계","","","","","","10","22","13","11","9","32","21","38","51","20","18",
"내곡동","저소득노인","65~79세","","","","","","8","16","9","10","8","24","17","28","38","14","13",
"내곡동","저소득노인","80세 이상","","","","","","2","6","4","1","1","8","4","10","13","6","5",
"내곡동","일   반","계","","","","","","381","295","403","450","421","391","404","427","412","438","480",
"내곡동","일   반","65~79세","","","","","","309","223","292","329","324","333","334","353","334","341","381",
"내곡동","일   반","80세 이상","","","","","","72","72","111","121","97","58","70","74","78","97","99",
"강남구","합계","계","","8484","9728","9151","10519","11249","10710","11218","11396","11749","12358","13592","15432","19102","20973","23747",
"강남구","합계","65~79세","","6237","6969","6670","7902","8184","8080","8619","8673","8405","9434","10515","11869","13986","15616","17512",
"강남구","합계","80세 이상","","2247","2759","2481","2617","3065","2630","2599","2723","3344","2924","3077","3563","5116","5357","6235",
"강남구","국민기초생활보장 수급권자","계","","1159","1204","1207","1643","1634","1450","1716","1706","1840","2959","3994","3970","3492","3660","5218",
"강남구","국민기초생활보장 수급권자","65~79세","","833","863","860","1227","1212","1099","1232","1304","1285","2246","3173","2987","2531","2640","3819",
"강남구","국민기초생활보장 수급권자","80세 이상","","326","341","347","416","422","351","484","402","555","713","821","983","961","1020","1399",
"강남구","저소득노인","계","","1897","190","276","440","797","425","123","475","2973","213","747","324","233","423","1173",
"강남구","저소득노인","65~79세","","1334","164","204","326","583","320","89","327","2232","119","598","190","132","260","785",
"강남구","저소득노인","80세 이상","","563","26","72","114","214","105","34","148","741","94","149","134","101","163","388",
"강남구","일   반","계","","5428","8334","7668","8436","8818","8835","9379","9215","6936","9186","8851","11138","15377","16890","17356",
"강남구","일   반","65~79세","","4070","5942","5606","6349","6389","6661","7298","7042","4888","7069","6744","8692","11323","12716","12908",
"강남구","일   반","80세 이상","","1358","2392","2062","2087","2429","2174","2081","2173","2048","2117","2107","2446","4054","4174","4448",
"신사동","합계","계","","","","","","650","388","380","406","429","425","463","518","562","578","605",
"신사동","합계","65~79세","","","","","","475","280","267","284","259","290","331","372","380","384","390",
"신사동","합계","80세 이상","","","","","","175","108","113","122","170","135","132","146","182","194","215",
"신사동","국민기초생활보장 수급권자","계","","","","","","18","32","81","27","25","45","53","66","59","54","66",
"신사동","국민기초생활보장 수급권자","65~79세","","","","","","13","20","75","25","18","35","38","49","42","35","44",
"신사동","국민기초생활보장 수급권자","80세 이상","","","","","","5","12","6","2","7","10","15","17","17","19","22",
"신사동","저소득노인","계","","","","","","284","2","2","7","51","11","6","6","7","10","13",
"신사동","저소득노인","65~79세","","","","","","193","1","1","2","32","6","3","4","4","6","10",
"신사동","저소득노인","80세 이상","","","","","","91","1","1","5","19","5","3","2","3","4","3",
"신사동","일   반","계","","","","","","348","354","297","372","353","369","404","446","496","514","526",
"신사동","일   반","65~79세","","","","","","269","259","191","257","209","249","290","319","334","343","336",
"신사동","일   반","80세 이상","","","","","","79","95","106","115","144","120","114","127","162","171","190",
"논현1동","합계","계","","","","","","491","491","500","509","536","571","606","700","809","905","989",
"논현1동","합계","65~79세","","","","","","371","411","412","421","403","455","484","550","644","720","782",
"논현1동","합계","80세 이상","","","","","","120","80","88","88","133","116","122","150","165","185","207",
"논현1동","국민기초생활보장 수급권자","계","","","","","","60","53","54","61","60","117","134","165","153","161","216",
"논현1동","국민기초생활보장 수급권자","65~79세","","","","","","48","50","48","52","47","99","118","138","128","138","184",
"논현1동","국민기초생활보장 수급권자","80세 이상","","","","","","12","3","6","9","13","18","16","27","25","23","32",
"논현1동","저소득노인","계","","","","","","6","8","4","11","148","11","12","4","4","6","22",
"논현1동","저소득노인","65~79세","","","","","","4","7","4","10","123","7","8","3","4","6","19",
"논현1동","저소득노인","80세 이상","","","","","","2","1","0","1","25","4","4","1","-","-","3",
"논현1동","일   반","계","","","","","","425","430","442","437","328","443","460","531","652","738","751",
"논현1동","일   반","65~79세","","","","","","319","354","360","359","233","349","358","409","512","576","579",
"논현1동","일   반","80세 이상","","","","","","106","76","82","78","95","94","102","122","140","162","172",
"논현2동","합계","계","","","","","","458","405","409","435","468","470","545","614","667","731","779",
"논현2동","합계","65~79세","","","","","","368","321","316","330","330","368","421","473","517","554","572",
"논현2동","합계","80세 이상","","","","","","90","84","93","105","138","102","124","141","150","177","207",
"논현2동","국민기초생활보장 수급권자","계","","","","","","68","41","29","53","48","79","87","97","80","74","118",
"논현2동","국민기초생활보장 수급권자","65~79세","","","","","","57","31","20","42","38","66","72","79","64","56","89",
"논현2동","국민기초생활보장 수급권자","80세 이상","","","","","","11","10","9","11","10","13","15","18","16","18","29",
"논현2동","저소득노인","계","","","","","","14","3","3","12","106","13","16","5","3","10","26",
"논현2동","저소득노인","65~79세","","","","","","13","3","2","7","81","8","12","2","2","6","16",
"논현2동","저소득노인","80세 이상","","","","","","1","0","1","5","25","5","4","3","1","4","10",
"논현2동","일   반","계","","","","","","376","361","377","370","314","378","442","512","584","647","635",
"논현2동","일   반","65~79세","","","","","","298","287","294","281","211","294","337","392","451","492","467",
"논현2동","일   반","80세 이상","","","","","","78","74","83","89","103","84","105","120","133","155","168",
"압구정동","합계","계","","","","","","672","682","647","682","705","726","762","820","812","876","876",
"압구정동","합계","65~79세","","","","","","448","462","440","455","456","491","532","546","540","564","556",
"압구정동","합계","80세 이상","","","","","","224","220","207","227","249","235","230","274","272","312","320",
"압구정동","국민기초생활보장 수급권자","계","","","","","","16","13","13","15","19","25","37","34","28","29","36",
"압구정동","국민기초생활보장 수급권자","65~79세","","","","","","11","9","9","11","12","17","34","30","21","17","26",
"압구정동","국민기초생활보장 수급권자","80세 이상","","","","","","5","4","4","4","7","8","3","4","7","12","10",
"압구정동","저소득노인","계","","","","","","4","6","1","2","63","4","9","6","4","5","10",
"압구정동","저소득노인","65~79세","","","","","","3","6","1","2","37","2","5","3","2","3","2",
"압구정동","저소득노인","80세 이상","","","","","","1","0","0","0","26","2","4","3","2","2","8",
"압구정동","일   반","계","","","","","","652","663","633","665","623","697","716","780","780","842","830",
"압구정동","일   반","65~79세","","","","","","434","447","430","442","407","472","493","513","517","544","528",
"압구정동","일   반","80세 이상","","","","","","218","216","203","223","216","225","223","267","263","298","302",
"청담동","합계","계","","","","","","512","502","491","516","551","483","524","618","617","671","682",
"청담동","합계","65~79세","","","","","","399","382","381","403","407","390","412","486","471","502","492",
"청담동","합계","80세 이상","","","","","","113","120","110","113","144","93","112","132","146","169","190",
"청담동","국민기초생활보장 수급권자","계","","","","","","30","21","21","29","28","47","55","52","47","40","63",
"청담동","국민기초생활보장 수급권자","65~79세","","","","","","25","13","17","22","21","33","43","40","33","29","44",
"청담동","국민기초생활보장 수급권자","80세 이상","","","","","","5","8","4","7","7","14","12","12","14","11","19",
"청담동","저소득노인","계","","","","","","8","6","1","8","88","9","15","10","4","6","9",
"청담동","저소득노인","65~79세","","","","","","6","5","0","6","62","5","12","5","1","2","6",
"청담동","저소득노인","80세 이상","","","","","","2","1","1","2","26","4","3","5","3","4","3",
"청담동","일   반","계","","","","","","474","475","469","479","435","427","454","556","566","625","610",
"청담동","일   반","65~79세","","","","","","368","364","364","375","324","352","357","441","437","471","442",
"청담동","일   반","80세 이상","","","","","","106","111","105","104","111","75","97","115","129","154","168",
"삼성1동","합계","계","","","","","","222","238","243","260","289","261","275","325","352","388","404",
"삼성1동","합계","65~79세","","","","","","178","188","189","202","101","205","214","254","264","286","280",
"삼성1동","합계","80세 이상","","","","","","44","50","54","58","188","56","61","71","88","102","124",
"삼성1동","국민기초생활보장 수급권자","계","","","","","","6","13","12","18","17","26","24","29","21","24","30",
"삼성1동","국민기초생활보장 수급권자","65~79세","","","","","","4","7","7","16","11","17","14","16","14","17","17",
"삼성1동","국민기초생활보장 수급권자","80세 이상","","","","","","2","6","5","2","6","9","10","13","7","7","13",
"삼성1동","저소득노인","계","","","","","","9","4","1","5","42","5","6","2","3","2","6",
"삼성1동","저소득노인","65~79세","","","","","","6","4","1","2","28","3","4","0","-","-","1",
"삼성1동","저소득노인","80세 이상","","","","","","3","0","0","3","14","2","2","2","3","2","5",
"삼성1동","일   반","계","","","","","","207","221","230","237","230","230","245","294","328","362","368",
"삼성1동","일   반","65~79세","","","","","","168","177","181","184","62","185","196","238","250","269","262",
"삼성1동","일   반","80세 이상","","","","","","39","44","49","53","168","45","49","56","78","93","106",
"삼성2동","합계","계","","","","","","438","463","479","470","491","539","586","688","772","825","867",
"삼성2동","합계","65~79세","","","","","","345","357","371","365","364","414","456","534","568","592","605",
"삼성2동","합계","80세 이상","","","","","","93","106","108","105","127","125","130","154","204","233","262",
"삼성2동","국민기초생활보장 수급권자","계","","","","","","49","45","59","51","48","70","89","102","96","95","133",
"삼성2동","국민기초생활보장 수급권자","65~79세","","","","","","37","36","50","41","34","54","67","74","61","59","87",
"삼성2동","국민기초생활보장 수급권자","80세 이상","","","","","","12","9","9","10","14","16","22","28","35","36","46",
"삼성2동","저소득노인","계","","","","","","5","2","4","5","89","8","17","11","13","17","21",
"삼성2동","저소득노인","65~79세","","","","","","3","1","4","4","64","7","16","10","11","13","13",
"삼성2동","저소득노인","80세 이상","","","","","","2","1","0","1","25","1","1","1","2","4","8",
"삼성2동","일   반","계","","","","","","384","416","416","414","354","461","480","575","663","713","713",
"삼성2동","일   반","65~79세","","","","","","305","320","317","320","266","353","373","450","496","520","505",
"삼성2동","일   반","80세 이상","","","","","","79","96","99","94","88","108","107","125","167","193","208",
"대치1동","합계","계","","","","","","337","135","151","166","164","163","189","229","212","240","229",
"대치1동","합계","65~79세","","","","","","201","93","110","123","114","118","143","168","153","168","152",
"대치1동","합계","80세 이상","","","","","","136","42","41","43","50","45","46","61","59","72","77",
"대치1동","국민기초생활보장 수급권자","계","","","","","","2","2","3","1","0","1","2","3","2","2","3",
"대치1동","국민기초생활보장 수급권자","65~79세","","","","","","1","1","2","0","0","1","2","2","-","-","1",
"대치1동","국민기초생활보장 수급권자","80세 이상","","","","","","1","1","1","1","0","0","0","1","2","2","2",
"대치1동","저소득노인","계","","","","","","2","1","0","0","11","4","4","1","2","1","2",
"대치1동","저소득노인","65~79세","","","","","","1","1","0","0","7","3","1","0","1","-","-",
"대치1동","저소득노인","80세 이상","","","","","","1","0","0","0","4","1","3","1","1","1","2",
"대치1동","일   반","계","","","","","","333","132","148","165","153","158","183","225","208","237","224",
"대치1동","일   반","65~79세","","","","","","199","91","108","123","107","114","140","166","152","168","151",
"대치1동","일   반","80세 이상","","","","","","134","41","40","42","46","44","43","59","56","69","73",
"대치2동","합계","계","","","","","","454","426","471","482","451","457","528","600","594","638","638",
"대치2동","합계","65~79세","","","","","","338","310","355","363","333","359","416","474","464","484","486",
"대치2동","합계","80세 이상","","","","","","116","116","116","119","118","98","112","126","130","154","152",
"대치2동","국민기초생활보장 수급권자","계","","","","","","30","20","24","20","25","41","49","49","33","37","48",
"대치2동","국민기초생활보장 수급권자","65~79세","","","","","","21","15","19","17","20","31","40","38","22","22","35",
"대치2동","국민기초생활보장 수급권자","80세 이상","","","","","","9","5","5","3","5","10","9","11","11","15","13",
"대치2동","저소득노인","계","","","","","","13","7","3","14","56","8","9","5","4","7","11",
"대치2동","저소득노인","65~79세","","","","","","9","4","3","7","43","5","6","2","2","5","9",
"대치2동","저소득노인","80세 이상","","","","","","4","3","0","7","13","3","3","3","2","2","2",
"대치2동","일   반","계","","","","","","411","399","444","448","370","408","470","546","557","594","579",
"대치2동","일   반","65~79세","","","","","","308","291","333","339","270","323","370","434","440","457","442",
"대치2동","일   반","80세 이상","","","","","","103","108","111","109","100","85","100","112","117","137","137",
"대치4동","합계","계","","","","","","507","331","315","330","358","371","409","452","561","589","641",
"대치4동","합계","65~79세","","","","","","360","277","259","272","290","310","341","372","460","476","503",
"대치4동","합계","80세 이상","","","","","","147","54","56","58","68","61","68","80","101","113","138",
"대치4동","국민기초생활보장 수급권자","계","","","","","","35","34","43","41","53","73","125","117","105","102","134",
"대치4동","국민기초생활보장 수급권자","65~79세","","","","","","32","30","34","30","37","57","106","94","89","85","114",
"대치4동","국민기초생활보장 수급권자","80세 이상","","","","","","3","4","9","11","16","16","19","23","16","17","20",
"대치4동","저소득노인","계","","","","","","7","6","3","12","119","6","11","8","7","5","15",
"대치4동","저소득노인","65~79세","","","","","","5","5","3","8","101","5","9","6","6","4","10",
"대치4동","저소득노인","80세 이상","","","","","","2","1","0","4","18","1","2","2","1","1","5",
"대치4동","일   반","계","","","","","","465","291","269","277","186","292","273","327","449","482","492",
"대치4동","일   반","65~79세","","","","","","323","242","222","234","152","248","226","272","365","387","379",
"대치4동","일   반","80세 이상","","","","","","142","49","47","43","34","44","47","55","84","95","113",
"역삼1동","합계","계","","","","","","680","650","679","698","717","710","803","930","1083","1228","1338",
"역삼1동","합계","65~79세","","","","","","565","526","553","574","557","568","652","744","873","991","1096",
"역삼1동","합계","80세 이상","","","","","","115","124","126","124","160","142","151","186","210","237","242",
"역삼1동","국민기초생활보장 수급권자","계","","","","","","64","48","79","76","80","139","213","221","197","197","263",
"역삼1동","국민기초생활보장 수급권자","65~79세","","","","","","54","44","66","62","57","113","188","188","164","163","226",
"역삼1동","국민기초생활보장 수급권자","80세 이상","","","","","","10","4","13","14","23","26","25","33","33","34","37",
"역삼1동","저소득노인","계","","","","","","10","8","2","13","224","21","43","21","8","18","32",
"역삼1동","저소득노인","65~79세","","","","","","9","7","2","8","175","12","28","9","5","12","21",
"역삼1동","저소득노인","80세 이상","","","","","","1","1","0","5","49","9","15","12","3","6","11",
"역삼1동","일   반","계","","","","","","606","594","598","609","413","550","547","688","878","1013","1043",
"역삼1동","일   반","65~79세","","","","","","502","475","485","504","325","443","436","547","704","816","849",
"역삼1동","일   반","80세 이상","","","","","","104","119","113","105","88","107","111","141","174","197","194",
"역삼2동","합계","계","","","","","","382","457","453","490","491","506","563","684","731","780","821",
"역삼2동","합계","65~79세","","","","","","253","338","345","375","368","397","451","541","208","584","619",
"역삼2동","합계","80세 이상","","","","","","129","119","108","115","123","109","112","143","523","196","202",
"역삼2동","국민기초생활보장 수급권자","계","","","","","","32","28","38","34","30","55","93","85","81","85","127",
"역삼2동","국민기초생활보장 수급권자","65~79세","","","","","","25","20","22","26","22","44","82","73","69","70","104",
"역삼2동","국민기초생활보장 수급권자","80세 이상","","","","","","7","8","16","8","8","11","11","12","12","15","23",
"역삼2동","저소득노인","계","","","","","","4","6","6","10","105","15","25","10","6","13","21",
"역삼2동","저소득노인","65~79세","","","","","","3","1","5","8","79","11","24","6","4","7","16",
"역삼2동","저소득노인","80세 이상","","","","","","1","5","1","2","26","4","1","4","2","6","5",
"역삼2동","일   반","계","","","","","","346","423","409","446","356","436","445","589","644","682","673",
"역삼2동","일   반","65~79세","","","","","","225","317","318","341","267","342","345","462","135","507","499",
"역삼2동","일   반","80세 이상","","","","","","121","106","91","105","89","94","100","127","509","175","174",
"도곡1동","합계","계","","","","","","428","346","338","350","348","407","427","457","477","510","514",
"도곡1동","합계","65~79세","","","","","","255","256","252","262","259","289","319","336","361","381","387",
"도곡1동","합계","80세 이상","","","","","","173","90","86","88","89","118","108","121","116","129","127",
"도곡1동","국민기초생활보장 수급권자","계","","","","","","16","16","24","21","22","33","40","36","33","32","43",
"도곡1동","국민기초생활보장 수급권자","65~79세","","","","","","12","11","20","17","17","25","29","27","26","24","35",
"도곡1동","국민기초생활보장 수급권자","80세 이상","","","","","","4","5","4","4","5","8","11","9","7","8","8",
"도곡1동","저소득노인","계","","","","","","1","4","1","4","69","6","9","10","7","8","8",
"도곡1동","저소득노인","65~79세","","","","","","1","2","0","0","50","2","5","5","6","7","8",
"도곡1동","저소득노인","80세 이상","","","","","","0","2","1","4","19","4","4","5","1","1","",
"도곡1동","일   반","계","","","","","","411","326","313","325","257","368","378","411","437","470","463",
"도곡1동","일   반","65~79세","","","","","","242","243","232","245","192","262","285","304","329","350","344",
"도곡1동","일   반","80세 이상","","","","","","169","83","81","80","65","106","93","107","108","120","119",
"도곡2동","합계","계","","","","","","475","479","478","507","549","542","585","674","661","713","736",
"도곡2동","합계","65~79세","","","","","","351","351","350","366","379","389","421","495","475","498","497",
"도곡2동","합계","80세 이상","","","","","","124","128","128","141","170","153","164","179","186","215","239",
"도곡2동","국민기초생활보장 수급권자","계","","","","","","2","3","3","4","5","17","21","18","16","20","28",
"도곡2동","국민기초생활보장 수급권자","65~79세","","","","","","2","3","1","3","4","11","16","14","13","15","20",
"도곡2동","국민기초생활보장 수급권자","80세 이상","","","","","","0","0","2","1","1","6","5","4","3","5","8",
"도곡2동","저소득노인","계","","","","","","0","2","2","4","58","3","7","5","2","4","7",
"도곡2동","저소득노인","65~79세","","","","","","0","2","2","3","36","1","4","1","1","1","3",
"도곡2동","저소득노인","80세 이상","","","","","","0","0","0","1","22","2","3","4","1","3","4",
"도곡2동","일   반","계","","","","","","473","474","473","499","486","522","557","651","643","689","701",
"도곡2동","일   반","65~79세","","","","","","349","346","347","360","339","377","401","480","461","482","474",
"도곡2동","일   반","80세 이상","","","","","","124","128","126","139","147","145","156","171","182","207","227",
"개포1동","합계","계","","","","","","594","589","907","595","325","331","295","357","407","599","677",
"개포1동","합계","65~79세","","","","","","424","436","769","455","244","249","236","279","298","475","528",
"개포1동","합계","80세 이상","","","","","","170","153","138","140","81","82","59","78","109","124","149",
"개포1동","국민기초생활보장 수급권자","계","","","","","","109","82","97","81","42","55","87","70","57","48","68",
"개포1동","국민기초생활보장 수급권자","65~79세","","","","","","77","64","66","51","25","38","70","46","36","28","44",
"개포1동","국민기초생활보장 수급권자","80세 이상","","","","","","32","18","31","30","17","17","17","24","21","20","24",
"개포1동","저소득노인","계","","","","","","21","21","11","33","152","12","36","17","15","20","43",
"개포1동","저소득노인","65~79세","","","","","","10","18","4","21","128","6","29","12","9","15","27",
"개포1동","저소득노인","80세 이상","","","","","","11","3","7","12","24","6","7","5","6","5","16",
"개포1동","일   반","계","","","","","","464","486","799","481","131","264","172","270","335","531","566",
"개포1동","일   반","65~79세","","","","","","337","354","699","383","91","205","137","221","253","432","457",
"개포1동","일   반","80세 이상","","","","","","127","132","100","98","40","59","35","49","82","99","109",
"개포2동","합계","계","","","","","","435","463","428","299","282","380","416","510","650","754","824",
"개포2동","합계","65~79세","","","","","","341","353","329","235","214","301","336","396","510","594","635",
"개포2동","합계","80세 이상","","","","","","94","110","99","64","68","79","80","114","140","160","189",
"개포2동","국민기초생활보장 수급권자","계","","","","","","42","32","41","20","16","41","69","58","55","60","93",
"개포2동","국민기초생활보장 수급권자","65~79세","","","","","","33","22","29","18","13","27","51","39","39","45","63",
"개포2동","국민기초생활보장 수급권자","80세 이상","","","","","","9","10","12","2","3","14","18","19","16","15","30",
"개포2동","저소득노인","계","","","","","","11","10","9","6","53","6","10","6","5","12","25",
"개포2동","저소득노인","65~79세","","","","","","7","7","6","5","30","5","8","4","2","7","14",
"개포2동","저소득노인","80세 이상","","","","","","4","3","3","1","23","1","2","2","3","5","11",
"개포2동","일   반","계","","","","","","382","421","378","273","213","333","337","446","590","682","706",
"개포2동","일   반","65~79세","","","","","","301","324","294","212","171","269","277","353","469","542","558",
"개포2동","일   반","80세 이상","","","","","","81","97","84","61","42","64","60","93","121","140","148",
"일원2동","합계","계","","","","","","528","583","641","692","758","839","927","1033","","","",
"일원2동","합계","65~79세","","","","","","439","492","531","573","596","682","756","838","","","",
"일원2동","합계","80세 이상","","","","","","89","91","110","119","162","157","171","195","","","",
"일원2동","국민기초생활보장 수급권자","계","","","","","","159","163","213","184","222","368","423","479","","","",
"일원2동","국민기초생활보장 수급권자","65~79세","","","","","","132","131","164","152","159","301","341","372","","","",
"일원2동","국민기초생활보장 수급권자","80세 이상","","","","","","27","32","49","32","63","67","82","107","","","",
"일원2동","저소득노인","계","","","","","","57","95","15","91","291","8","91","37","","","",
"일원2동","저소득노인","65~79세","","","","","","52","70","13","75","229","4","67","19","","","",
"일원2동","저소득노인","80세 이상","","","","","","5","25","2","16","62","4","24","18","","","",
"일원2동","일   반","계","","","","","","312","325","413","417","245","463","413","517","","","",
"일원2동","일   반","65~79세","","","","","","255","291","354","346","208","377","348","447","","","",
"일원2동","일   반","80세 이상","","","","","","57","34","59","71","37","86","65","70","","","",
"개포3동","합계","계","","","","","","","","","","","","","","1533","1628","1993",
"개포3동","합계","65~79세","","","","","","","","","","","","","","1181","1244","1481",
"개포3동","합계","80세 이상","","","","","","","","","","","","","","352","384","512",
"개포3동","국민기초생활보장 수급권자","계","","","","","","","","","","","","","","421","438","621",
"개포3동","국민기초생활보장 수급권자","65~79세","","","","","","","","","","","","","","311","326","451",
"개포3동","국민기초생활보장 수급권자","80세 이상","","","","","","","","","","","","","","110","112","170",
"개포3동","저소득노인","계","","","","","","","","","","","","","","32","62","212",
"개포3동","저소득노인","65~79세","","","","","","","","","","","","","","17","38","157",
"개포3동","저소득노인","80세 이상","","","","","","","","","","","","","","15","24","55",
"개포3동","일   반","계","","","","","","","","","","","","","","1080","1128","1160",
"개포3동","일   반","65~79세","","","","","","","","","","","","","","853","880","873",
"개포3동","일   반","80세 이상","","","","","","","","","","","","","","227","248","287",
"개포4동","합계","계","","","","","","385","412","335","375","386","412","534","615","778","871","957",
"개포4동","합계","65~79세","","","","","","298","312","270","303","291","325","430","496","599","660","739",
"개포4동","합계","80세 이상","","","","","","87","100","65","72","95","87","104","119","179","211","218",
"개포4동","국민기초생활보장 수급권자","계","","","","","","54","70","58","82","74","112","188","156","143","154","213",
"개포4동","국민기초생활보장 수급권자","65~79세","","","","","","40","45","45","64","49","84","158","122","107","112","162",
"개포4동","국민기초생활보장 수급권자","80세 이상","","","","","","14","25","13","18","25","28","30","34","36","42","51",
"개포4동","저소득노인","계","","","","","","22","22","2","18","137","16","30","15","14","16","23",
"개포4동","저소득노인","65~79세","","","","","","16","17","1","12","108","9","24","8","8","11","16",
"개포4동","저소득노인","80세 이상","","","","","","6","5","1","6","29","7","6","7","6","5","7",
"개포4동","일   반","계","","","","","","309","320","275","275","175","284","316","444","621","701","721",
"개포4동","일   반","65~79세","","","","","","242","250","224","227","134","232","248","366","484","537","561",
"개포4동","일   반","80세 이상","","","","","","67","70","51","48","41","52","68","78","137","164","160",
"세곡동","합계","계","","","","","","714","748","766","836","954","1045","1152","1264","1718","1908","2500",
"세곡동","합계","65~79세","","","","","","501","531","543","563","597","694","791","861","1154","1273","1711",
"세곡동","합계","80세 이상","","","","","","213","217","223","273","357","351","361","403","564","635","789",
"세곡동","국민기초생활보장 수급권자","계","","","","","","148","148","162","173","182","293","675","406","359","397","629",
"세곡동","국민기초생활보장 수급권자","65~79세","","","","","","105","123","109","132","133","209","574","272","227","250","417",
"세곡동","국민기초생활보장 수급권자","80세 이상","","","","","","43","25","53","41","49","84","101","134","132","147","212",
"세곡동","저소득노인","계","","","","","","139","47","10","55","320","13","134","50","32","81","221",
"세곡동","저소득노인","65~79세","","","","","","94","27","7","35","206","6","110","28","13","46","139",
"세곡동","저소득노인","80세 이상","","","","","","45","20","3","20","114","7","24","22","19","35","82",
"세곡동","일   반","계","","","","","","427","553","594","608","452","739","343","808","1327","1430","1650",
"세곡동","일   반","65~79세","","","","","","302","381","427","396","258","479","107","561","914","977","1155",
"세곡동","일   반","80세 이상","","","","","","125","172","167","212","194","260","236","247","413","453","495",
"일원본동","합계","계","","","","","","437","388","370","387","408","398","416","463","503","531","522",
"일원본동","합계","65~79세","","","","","","153","227","211","248","257","273","286","331","352","377","367",
"일원본동","합계","80세 이상","","","","","","284","161","159","139","151","125","130","132","151","154","155",
"일원본동","국민기초생활보장 수급권자","계","","","","","","9","11","8","11","5","11","29","21","22","30","28",
"일원본동","국민기초생활보장 수급권자","65~79세","","","","","","2","8","6","9","4","8","23","9","8","17","15",
"일원본동","국민기초생활보장 수급권자","80세 이상","","","","","","7","3","2","2","1","3","6","12","14","13","13",
"일원본동","저소득노인","계","","","","","","2","2","1","2","72","7","6","3","4","5","7",
"일원본동","저소득노인","65~79세","","","","","","1","1","0","1","42","5","6","2","1","1","4",
"일원본동","저소득노인","80세 이상","","","","","","1","1","1","1","30","2","0","1","3","4","3",
"일원본동","일   반","계","","","","","","426","375","361","374","331","380","381","439","477","496","487",
"일원본동","일   반","65~79세","","","","","","150","218","205","238","211","260","257","320","343","359","348",
"일원본동","일   반","80세 이상","","","","","","276","157","156","136","120","120","124","119","134","137","139",
"일원1동","합계","계","","","","","","512","550","602","676","746","793","878","977","1458","1600","1906",
"일원1동","합계","65~79세","","","","","","385","423","474","531","568","630","679","757","1064","1184","1400",
"일원1동","합계","80세 이상","","","","","","127","127","128","145","178","163","199","220","394","416","506",
"일원1동","국민기초생활보장 수급권자","계","","","","","","189","163","226","198","226","382","414","485","417","440","607",
"일원1동","국민기초생활보장 수급권자","65~79세","","","","","","127","115","152","133","145","275","284","331","274","297","420",
"일원1동","국민기초생활보장 수급권자","80세 이상","","","","","","62","48","74","65","81","107","130","154","143","143","187",
"일원1동","저소득노인","계","","","","","","73","65","35","69","315","15","111","37","30","58","141",
"일원1동","저소득노인","65~79세","","","","","","66","62","25","48","236","6","95","23","13","31","82",
"일원1동","저소득노인","80세 이상","","","","","","7","3","10","21","79","9","16","14","17","27","59",
"일원1동","일   반","계","","","","","","250","322","341","409","205","396","353","455","1011","1102","1158",
"일원1동","일   반","65~79세","","","","","","192","246","297","350","187","349","300","403","777","856","898",
"일원1동","일   반","80세 이상","","","","","","58","76","44","59","18","47","53","52","234","246","260",
"수서동","합계","계","","","","","","938","984","1135","1235","1343","1529","1709","1904","3145","3410","4249",
"수서동","합계","65~79세","","","","","","736","754","892","970","1018","1237","1408","1566","2450","2625","3234",
"수서동","합계","80세 이상","","","","","","202","230","243","265","325","292","301","338","695","785","1015",
"수서동","국민기초생활보장 수급권자","계","","","","","","496","412","428","506","613","929","1087","1221","1067","1141","1651",
"수서동","국민기초생활보장 수급권자","65~79세","","","","","","354","301","271","381","419","701","823","934","783","835","1221",
"수서동","국민기초생활보장 수급권자","80세 이상","","","","","","142","111","157","125","194","228","264","287","284","306","430",
"수서동","저소득노인","계","","","","","","105","98","7","94","404","12","140","55","27","57","298",
"수서동","저소득노인","65~79세","","","","","","81","69","5","63","335","1","122","38","20","39","212",
"수서동","저소득노인","80세 이상","","","","","","24","29","2","31","69","11","18","17","7","18","86",
"수서동","일   반","계","","","","","","337","474","700","635","326","588","482","628","2051","2212","2300",
"수서동","일   반","65~79세","","","","","","301","384","616","526","264","535","463","594","1647","1751","1801",
"수서동","일   반","80세 이상","","","","","","36","90","84","109","62","53","19","34","404","461","499",
"송파구","합계","계","","9843","10243","10927","10937","11300","11608","12081","13554","14410","15717","17340","18741","25246","25889","22066",
"송파구","합계","65~79세","","8002","8187","7629","7884","9006","9231","8692","10137","11097","11937","13576","14618","18772","19547","16788",
"송파구","합계","80세 이상","","1841","2056","3298","3053","2294","2377","3389","3417","3313","3780","3764","4123","6474","6342","5278",
"송파구","국민기초생활보장 수급권자","계","","976","1049","962","1212","1364","1480","1634","1833","2312","2827","3497","4186","4667","5154","5708",
"송파구","국민기초생활보장 수급권자","65~79세","","703","759","682","817","1003","1096","1221","1331","1608","2001","2436","2950","3322","3710","4119",
"송파구","국민기초생활보장 수급권자","80세 이상","","273","290","280","395","361","384","413","502","704","826","1061","1236","1345","1444","1589",
"송파구","저소득노인","계","","723","1794","103","252","586","584","603","686","669","696","437","383","288","287","269",
"송파구","저소득노인","65~79세","","553","1426","61","119","402","370","362","420","384","433","254","218","154","193","163",
"송파구","저소득노인","80세 이상","","170","368","42","133","184","214","241","266","285","263","183","165","134","94","106",
"송파구","일   반","계","","8144","7400","9862","9473","9350","9544","9844","11035","11429","12194","13406","14172","20291","20448","16089",
"송파구","일   반","65~79세","","6746","6002","6886","6948","7601","7765","7109","8386","9105","9503","10886","11450","15296","15644","12506",
"송파구","일   반","80세 이상","","1398","1398","2976","2525","1749","1779","2735","2649","2324","2691","2520","2722","4995","4804","3583",
"풍납1동","합계","계","","","","","","457","457","549","586","616","642","674","702","982","1029","804",
"풍납1동","합계","65~79세","","","","","","390","390","430","481","479","520","549","560","764","802","629",
"풍납1동","합계","80세 이상","","","","","","67","67","119","105","137","122","125","142","218","227","175",
"풍납1동","국민기초생활보장 수급권자","계","","","","","","92","70","100","102","127","161","184","189","214","235","245",
"풍납1동","국민기초생활보장 수급권자","65~79세","","","","","","71","51","81","83","88","117","138","131","153","174","178",
"풍납1동","국민기초생활보장 수급권자","80세 이상","","","","","","21","19","19","19","39","44","46","58","61","61","67",
"풍납1동","저소득노인","계","","","","","","30","36","32","19","26","17","17","16","10","11","7",
"풍납1동","저소득노인","65~79세","","","","","","23","24","20","15","14","11","9","11","8","6","5",
"풍납1동","저소득노인","80세 이상","","","","","","7","12","12","4","12","6","8","5","2","5","2",
"풍납1동","일   반","계","","","","","","335","351","417","465","463","464","473","497","758","783","552",
"풍납1동","일   반","65~79세","","","","","","296","315","329","383","377","392","402","418","603","622","446",
"풍납1동","일   반","80세 이상","","","","","","39","36","88","82","86","72","71","79","155","161","106",
"풍납2동","합계","계","","","","","","428","448","484","551","726","640","684","757","985","1002","865",
"풍납2동","합계","65~79세","","","","","","340","350","347","438","553","495","521","577","735","754","648",
"풍납2동","합계","80세 이상","","","","","","88","98","137","113","173","145","163","180","250","248","217",
"풍납2동","국민기초생활보장 수급권자","계","","","","","","36","50","73","75","81","130","139","162","164","171","194",
"풍납2동","국민기초생활보장 수급권자","65~79세","","","","","","25","40","60","61","65","92","92","112","112","120","137",
"풍납2동","국민기초생활보장 수급권자","80세 이상","","","","","","11","10","13","14","16","38","47","50","52","51","57",
"풍납2동","저소득노인","계","","","","","","25","26","28","28","48","19","15","10","9","13","12",
"풍납2동","저소득노인","65~79세","","","","","","15","16","16","17","24","6","7","6","3","7","6",
"풍납2동","저소득노인","80세 이상","","","","","","10","10","12","11","24","13","8","4","6","6","6",
"풍납2동","일   반","계","","","","","","367","372","383","448","597","491","530","585","812","818","659",
"풍납2동","일   반","65~79세","","","","","","300","294","271","360","464","397","422","459","620","627","505",
"풍납2동","일   반","80세 이상","","","","","","67","78","112","88","133","94","108","126","192","191","154",
"거여1동","합계","계","","","","","","322","342","371","389","419","487","549","590","832","877","693",
"거여1동","합계","65~79세","","","","","","272","282","272","155","335","390","429","463","620","646","504",
"거여1동","합계","80세 이상","","","","","","50","60","99","234","84","97","120","127","212","231","189",
"거여1동","국민기초생활보장 수급권자","계","","","","","","67","75","80","83","133","156","178","189","187","220","247",
"거여1동","국민기초생활보장 수급권자","65~79세","","","","","","46","52","50","32","95","109","126","132","135","158","166",
"거여1동","국민기초생활보장 수급권자","80세 이상","","","","","","21","23","30","51","38","47","52","57","52","62","81",
"거여1동","저소득노인","계","","","","","","30","29","31","23","22","31","15","16","18","10","5",
"거여1동","저소득노인","65~79세","","","","","","22","17","21","5","9","17","8","8","11","8","1",
"거여1동","저소득노인","80세 이상","","","","","","8","12","10","18","13","14","7","8","7","2","4",
"거여1동","일   반","계","","","","","","225","238","260","283","264","300","356","385","627","647","441",
"거여1동","일   반","65~79세","","","","","","204","213","201","118","231","264","295","323","474","480","337",
"거여1동","일   반","80세 이상","","","","","","21","25","59","165","33","36","61","62","153","167","104",
"거여2동","합계","계","","","","","","717","717","637","607","686","956","883","1014","1496","1559","1258",
"거여2동","합계","65~79세","","","","","","569","569","466","474","534","684","689","796","1074","1136","951",
"거여2동","합계","80세 이상","","","","","","148","148","171","133","152","272","194","218","422","423","307",
"거여2동","국민기초생활보장 수급권자","계","","","","","","142","123","113","111","174","165","252","284","352","383","411",
"거여2동","국민기초생활보장 수급권자","65~79세","","","","","","109","92","91","88","129","129","166","199","230","254","276",
"거여2동","국민기초생활보장 수급권자","80세 이상","","","","","","33","31","22","23","45","36","86","85","122","129","135",
"거여2동","저소득노인","계","","","","","","52","38","48","62","53","49","39","36","16","12","26",
"거여2동","저소득노인","65~79세","","","","","","37","29","35","42","36","38","27","25","6","10","16",
"거여2동","저소득노인","80세 이상","","","","","","15","9","13","20","17","11","12","11","10","2","10",
"거여2동","일   반","계","","","","","","523","556","476","434","459","742","592","694","1128","1164","821",
"거여2동","일   반","65~79세","","","","","","423","448","340","344","369","517","496","572","838","872","659",
"거여2동","일   반","80세 이상","","","","","","100","108","136","90","90","225","96","122","290","292","162",
"마천1동","합계","계","","","","","","645","800","816","986","955","1000","1110","1197","1807","1847","1275",
"마천1동","합계","65~79세","","","","","","546","661","600","775","754","773","866","937","1327","1370","981",
"마천1동","합계","80세 이상","","","","","","99","139","216","211","201","227","244","260","480","477","294",
"마천1동","국민기초생활보장 수급권자","계","","","","","","163","203","221","189","149","155","376","454","493","529","549",
"마천1동","국민기초생활보장 수급권자","65~79세","","","","","","122","150","159","135","100","107","261","307","330","363","384",
"마천1동","국민기초생활보장 수급권자","80세 이상","","","","","","41","53","62","54","49","48","115","147","163","166","165",
"마천1동","저소득노인","계","","","","","","72","74","75","53","24","67","48","31","22","17","30",
"마천1동","저소득노인","65~79세","","","","","","52","48","39","28","7","33","20","14","12","10","21",
"마천1동","저소득노인","80세 이상","","","","","","20","26","36","25","17","34","28","17","10","7","9",
"마천1동","일   반","계","","","","","","410","523","520","744","782","778","686","712","1292","1301","696",
"마천1동","일   반","65~79세","","","","","","372","463","402","612","647","633","585","616","985","997","576",
"마천1동","일   반","80세 이상","","","","","","38","60","118","132","135","145","101","96","307","304","120",
"마천2동","합계","계","","","","","","535","535","623","708","1061","877","1015","1099","1940","1691","1375",
"마천2동","합계","65~79세","","","","","","450","450","479","579","818","712","823","886","1257","1292","1064",
"마천2동","합계","80세 이상","","","","","","85","85","144","129","243","165","192","213","683","399","311",
"마천2동","국민기초생활보장 수급권자","계","","","","","","144","150","176","261","205","235","318","381","407","441","525",
"마천2동","국민기초생활보장 수급권자","65~79세","","","","","","104","111","133","187","137","159","223","271","290","311","363",
"마천2동","국민기초생활보장 수급권자","80세 이상","","","","","","40","39","43","74","68","76","95","110","117","130","162",
"마천2동","저소득노인","계","","","","","","54","54","54","109","54","69","28","28","16","16","13",
"마천2동","저소득노인","65~79세","","","","","","41","36","30","76","33","47","18","16","11","11","9",
"마천2동","저소득노인","80세 이상","","","","","","13","18","24","33","21","22","10","12","5","5","4",
"마천2동","일   반","계","","","","","","337","331","393","338","802","573","669","690","1517","1234","837",
"마천2동","일   반","65~79세","","","","","","305","303","316","316","648","506","582","599","956","970","692",
"마천2동","일   반","80세 이상","","","","","","32","28","77","22","154","67","87","91","561","264","145",
"방이1동","합계","계","","","","","","243","243","257","289","282","282","332","352","453","491","455",
"방이1동","합계","65~79세","","","","","","182","182","172","204","202","202","234","253","320","355","330",
"방이1동","합계","80세 이상","","","","","","61","61","85","85","80","80","98","99","133","136","125",
"방이1동","국민기초생활보장 수급권자","계","","","","","","19","16","21","26","24","24","60","69","75","91","97",
"방이1동","국민기초생활보장 수급권자","65~79세","","","","","","13","12","15","19","18","18","34","44","47","63","70",
"방이1동","국민기초생활보장 수급권자","80세 이상","","","","","","6","4","6","7","6","6","26","25","28","28","27",
"방이1동","저소득노인","계","","","","","","13","13","15","16","17","17","5","7","8","5","5",
"방이1동","저소득노인","65~79세","","","","","","10","5","5","4","9","9","1","2","4","4","3",
"방이1동","저소득노인","80세 이상","","","","","","3","8","10","12","8","8","4","5","4","1","2",
"방이1동","일   반","계","","","","","","211","214","221","247","241","241","267","276","370","395","353",
"방이1동","일   반","65~79세","","","","","","159","165","152","181","175","175","199","207","269","288","257",
"방이1동","일   반","80세 이상","","","","","","52","49","69","66","66","66","68","69","101","107","96",
"방이2동","합계","계","","","","","","526","526","541","665","724","956","784","843","1162","1229","1033",
"방이2동","합계","65~79세","","","","","","427","427","393","531","578","745","645","689","921","979","827",
"방이2동","합계","80세 이상","","","","","","99","99","148","134","146","211","139","154","241","250","206",
"방이2동","국민기초생활보장 수급권자","계","","","","","","59","61","59","99","126","192","171","207","231","260","309",
"방이2동","국민기초생활보장 수급권자","65~79세","","","","","","42","41","43","76","94","139","128","154","183","209","248",
"방이2동","국민기초생활보장 수급권자","80세 이상","","","","","","17","20","16","23","32","53","43","53","48","51","61",
"방이2동","저소득노인","계","","","","","","26","27","23","53","47","44","16","14","12","13","13",
"방이2동","저소득노인","65~79세","","","","","","16","16","15","32","22","23","8","9","6","7","9",
"방이2동","저소득노인","80세 이상","","","","","","10","11","8","21","25","21","8","5","6","6","4",
"방이2동","일   반","계","","","","","","441","438","459","513","551","720","597","622","919","956","711",
"방이2동","일   반","65~79세","","","","","","369","370","335","423","462","583","509","526","732","763","570",
"방이2동","일   반","80세 이상","","","","","","72","68","124","90","89","137","88","96","187","193","141",
"오륜동","합계","계","","","","","","194","194","191","217","233","240","268","300","311","307","326",
"오륜동","합계","65~79세","","","","","","121","121","100","133","142","153","173","204","216","210","226",
"오륜동","합계","80세 이상","","","","","","73","73","91","84","91","87","95","96","95","97","100",
"오륜동","국민기초생활보장 수급권자","계","","","","","","2","1","4","2","1","3","8","6","8","9","8",
"오륜동","국민기초생활보장 수급권자","65~79세","","","","","","1","0","2","1","0","1","1","1","3","3","3",
"오륜동","국민기초생활보장 수급권자","80세 이상","","","","","","1","1","2","1","1","2","7","5","5","6","5",
"오륜동","저소득노인","계","","","","","","3","4","4","1","1","1","1","1","1","2","1",
"오륜동","저소득노인","65~79세","","","","","","2","2","1","0","0","0","0","","-","-","-",
"오륜동","저소득노인","80세 이상","","","","","","1","2","3","1","1","1","1","1","1","2","1",
"오륜동","일   반","계","","","","","","189","189","183","214","231","236","259","293","302","296","317",
"오륜동","일   반","65~79세","","","","","","118","119","97","132","142","152","172","203","213","207","223",
"오륜동","일   반","80세 이상","","","","","","71","70","86","82","89","84","87","90","89","89","94",
"오금동","합계","계","","","","","","769","769","742","888","962","1010","1182","1258","1743","1861","1593",
"오금동","합계","65~79세","","","","","","586","586","493","661","719","740","872","940","1264","1370","1209",
"오금동","합계","80세 이상","","","","","","183","183","249","227","243","270","310","318","479","491","384",
"오금동","국민기초생활보장 수급권자","계","","","","","","74","83","84","132","162","211","246","285","336","392","451",
"오금동","국민기초생활보장 수급권자","65~79세","","","","","","54","57","57","90","104","136","162","180","224","271","314",
"오금동","국민기초생활보장 수급권자","80세 이상","","","","","","20","26","27","42","58","75","84","105","112","121","137",
"오금동","저소득노인","계","","","","","","39","34","33","48","56","57","36","32","18","22","17",
"오금동","저소득노인","65~79세","","","","","","23","18","17","29","26","33","24","22","6","15","13",
"오금동","저소득노인","80세 이상","","","","","","16","16","16","19","30","24","12","10","12","7","4",
"오금동","일   반","계","","","","","","656","652","625","708","744","742","900","941","1389","1447","1125",
"오금동","일   반","65~79세","","","","","","509","511","419","542","589","571","686","738","1034","1084","882",
"오금동","일   반","80세 이상","","","","","","147","141","206","166","155","171","214","203","355","363","243",
"송파1동","합계","계","","","","","","471","471","465","518","544","572","662","681","883","876","779",
"송파1동","합계","65~79세","","","","","","395","395","361","424","451","465","539","537","676","678","606",
"송파1동","합계","80세 이상","","","","","","76","76","104","94","93","107","123","144","207","198","173",
"송파1동","국민기초생활보장 수급권자","계","","","","","","39","51","64","67","73","81","123","149","160","158","178",
"송파1동","국민기초생활보장 수급권자","65~79세","","","","","","29","42","49","52","53","64","91","110","116","118","135",
"송파1동","국민기초생활보장 수급권자","80세 이상","","","","","","10","9","15","15","20","17","32","39","44","40","43",
"송파1동","저소득노인","계","","","","","","19","20","22","14","13","11","15","11","8","7","6",
"송파1동","저소득노인","65~79세","","","","","","14","14","19","8","8","6","9","7","7","6","5",
"송파1동","저소득노인","80세 이상","","","","","","5","6","3","6","5","5","6","4","1","1","1",
"송파1동","일   반","계","","","","","","413","400","379","437","458","480","524","521","715","711","595",
"송파1동","일   반","65~79세","","","","","","352","339","293","364","390","395","439","420","553","554","466",
"송파1동","일   반","80세 이상","","","","","","61","61","86","73","68","85","85","101","162","157","129",
"송파2동","합계","계","","","","","","282","282","279","305","328","346","388","419","523","504","437",
"송파2동","합계","65~79세","","","","","","202","202","179","225","236","253","288","310","401","378","329",
"송파2동","합계","80세 이상","","","","","","80","80","100","80","92","93","100","109","122","126","108",
"송파2동","국민기초생활보장 수급권자","계","","","","","","30","30","34","38","47","63","77","91","91","78","86",
"송파2동","국민기초생활보장 수급권자","65~79세","","","","","","20","22","21","25","33","42","58","67","72","60","66",
"송파2동","국민기초생활보장 수급권자","80세 이상","","","","","","10","8","13","13","14","21","19","24","19","18","20",
"송파2동","저소득노인","계","","","","","","10","9","10","7","5","5","2","3","5","6","2",
"송파2동","저소득노인","65~79세","","","","","","3","3","2","4","3","3","1","2","4","6","2",
"송파2동","저소득노인","80세 이상","","","","","","7","6","8","3","2","2","1","1","1","-","-",
"송파2동","일   반","계","","","","","","242","243","235","260","276","278","309","325","427","420","349",
"송파2동","일   반","65~79세","","","","","","179","177","156","196","200","208","229","241","325","312","261",
"송파2동","일   반","80세 이상","","","","","","63","66","79","64","76","70","80","84","102","108","88",
"석촌동","합계","계","","","","","","672","672","772","884","925","1263","1079","1123","1507","1637","1366",
"석촌동","합계","65~79세","","","","","","576","576","595","709","740","824","884","923","1195","1303","1081",
"석촌동","합계","80세 이상","","","","","","96","96","177","175","185","439","195","200","312","334","285",
"석촌동","국민기초생활보장 수급권자","계","","","","","","107","110","115","120","224","294","222","242","266","341","378",
"석촌동","국민기초생활보장 수급권자","65~79세","","","","","","88","90","95","90","149","201","170","183","211","274","305",
"석촌동","국민기초생활보장 수급권자","80세 이상","","","","","","19","20","20","30","75","93","52","59","55","67","73",
"석촌동","저소득노인","계","","","","","","31","36","32","40","46","30","23","19","17","20","24",
"석촌동","저소득노인","65~79세","","","","","","19","23","20","25","33","22","10","7","7","15","15",
"석촌동","저소득노인","80세 이상","","","","","","12","13","12","15","13","8","13","12","10","5","9",
"석촌동","일   반","계","","","","","","534","526","625","724","655","939","834","862","1224","1276","964",
"석촌동","일   반","65~79세","","","","","","469","463","480","594","558","601","704","733","977","1014","761",
"석촌동","일   반","80세 이상","","","","","","65","63","145","130","97","338","130","129","247","262","203",
"삼전동","합계","계","","","","","","534","534","643","878","790","848","934","1016","1465","1542","1300",
"삼전동","합계","65~79세","","","","","","446","446","470","533","616","670","753","803","1142","1207","1021",
"삼전동","합계","80세 이상","","","","","","88","88","173","345","174","178","181","213","323","335","279",
"삼전동","국민기초생활보장 수급권자","계","","","","","","90","119","112","113","190","283","210","263","309","362","416",
"삼전동","국민기초생활보장 수급권자","65~79세","","","","","","57","81","70","74","121","206","153","196","237","288","332",
"삼전동","국민기초생활보장 수급권자","80세 이상","","","","","","33","38","42","39","69","77","57","67","72","74","84",
"삼전동","저소득노인","계","","","","","","25","28","45","39","30","36","30","27","15","16","20",
"삼전동","저소득노인","65~79세","","","","","","19","19","32","28","23","27","25","22","8","11","14",
"삼전동","저소득노인","80세 이상","","","","","","6","9","13","11","7","9","5","5","7","5","6",
"삼전동","일   반","계","","","","","","419","387","486","726","570","529","694","726","1141","1164","864",
"삼전동","일   반","65~79세","","","","","","370","346","368","431","472","437","575","585","897","908","675",
"삼전동","일   반","80세 이상","","","","","","49","41","118","295","98","92","119","141","244","256","189",
"가락본동","합계","계","","","","","","495","495","500","569","568","704","733","796","1061","1117","978",
"가락본동","합계","65~79세","","","","","","397","397","356","451","464","590","587","619","800","856","754",
"가락본동","합계","80세 이상","","","","","","98","98","144","118","104","114","146","177","261","261","224",
"가락본동","국민기초생활보장 수급권자","계","","","","","","56","56","67","71","105","127","148","191","184","211","212",
"가락본동","국민기초생활보장 수급권자","65~79세","","","","","","45","44","55","59","77","87","102","138","134","151","154",
"가락본동","국민기초생활보장 수급권자","80세 이상","","","","","","11","12","12","12","28","40","46","53","50","60","58",
"가락본동","저소득노인","계","","","","","","24","23","29","40","27","31","9","13","10","9","7",
"가락본동","저소득노인","65~79세","","","","","","17","17","19","25","15","15","4","6","7","7","4",
"가락본동","저소득노인","80세 이상","","","","","","7","6","10","15","12","16","5","7","3","2","3",
"가락본동","일   반","계","","","","","","415","416","404","458","436","546","576","592","867","897","759",
"가락본동","일   반","65~79세","","","","","","335","336","282","367","372","488","481","475","659","698","596",
"가락본동","일   반","80세 이상","","","","","","80","80","122","91","64","58","95","117","208","199","163",
"가락1동","합계","계","","","","","","20","20","14","11","6","33","436","464","524","540","508",
"가락1동","합계","65~79세","","","","","","16","16","9","9","3","26","370","392","414","422","388",
"가락1동","합계","80세 이상","","","","","","4","4","5","2","3","7","66","72","110","118","120",
"가락1동","국민기초생활보장 수급권자","계","","","","","","0","0","2","0","0","7","33","33","47","51","61",
"가락1동","국민기초생활보장 수급권자","65~79세","","","","","","0","0","2","0","0","5","18","19","28","32","34",
"가락1동","국민기초생활보장 수급권자","80세 이상","","","","","","0","0","0","0","0","2","15","14","19","19","27",
"가락1동","저소득노인","계","","","","","","1","1","1","1","0","1","8","5","13","11","6",
"가락1동","저소득노인","65~79세","","","","","","1","1","1","1","0","1","5","4","10","9","3",
"가락1동","저소득노인","80세 이상","","","","","","0","0","0","0","0","0","3","1","3","2","3",
"가락1동","일   반","계","","","","","","19","19","11","10","6","25","395","426","464","478","441",
"가락1동","일   반","65~79세","","","","","","15","15","6","8","3","20","347","369","376","381","351",
"가락1동","일   반","80세 이상","","","","","","4","4","5","2","3","5","48","57","88","97","90",
"가락2동","합계","계","","","","","","412","412","408","425","473","537","617","686","860","884","821",
"가락2동","합계","65~79세","","","","","","312","312","275","325","352","399","468","522","630","648","605",
"가락2동","합계","80세 이상","","","","","","100","100","133","100","121","138","149","164","230","236","216",
"가락2동","국민기초생활보장 수급권자","계","","","","","","20","34","45","21","56","89","101","118","127","139","157",
"가락2동","국민기초생활보장 수급권자","65~79세","","","","","","13","23","32","14","43","55","67","79","87","95","107",
"가락2동","국민기초생활보장 수급권자","80세 이상","","","","","","7","11","13","7","13","34","34","39","40","44","50",
"가락2동","저소득노인","계","","","","","","19","25","22","6","19","26","18","13","8","11","10",
"가락2동","저소득노인","65~79세","","","","","","10","14","12","5","17","18","10","6","3","5","3",
"가락2동","저소득노인","80세 이상","","","","","","9","11","10","1","2","8","8","7","5","6","7",
"가락2동","일   반","계","","","","","","373","353","341","398","398","422","498","555","725","734","654",
"가락2동","일   반","65~79세","","","","","","289","275","231","306","292","326","391","437","540","548","495",
"가락2동","일   반","80세 이상","","","","","","84","78","110","92","106","96","107","118","185","186","159",
"문정1동","합계","계","","","","","","286","286","310","317","346","381","443","484","622","631","557",
"문정1동","합계","65~79세","","","","","","237","237","239","257","275","304","350","389","491","493","432",
"문정1동","합계","80세 이상","","","","","","49","49","71","60","71","77","93","95","131","138","125",
"문정1동","국민기초생활보장 수급권자","계","","","","","","28","32","36","35","51","58","80","92","109","110","121",
"문정1동","국민기초생활보장 수급권자","65~79세","","","","","","22","22","27","28","36","48","57","67","84","82","88",
"문정1동","국민기초생활보장 수급권자","80세 이상","","","","","","6","10","9","7","15","10","23","25","25","28","33",
"문정1동","저소득노인","계","","","","","","15","14","14","13","26","7","10","9","9","10","8",
"문정1동","저소득노인","65~79세","","","","","","13","10","9","8","19","6","8","6","6","5","3",
"문정1동","저소득노인","80세 이상","","","","","","2","4","5","5","7","1","2","3","3","5","5",
"문정1동","일   반","계","","","","","","243","240","260","269","269","316","353","383","504","511","428",
"문정1동","일   반","65~79세","","","","","","202","205","203","221","220","250","285","316","401","406","341",
"문정1동","일   반","80세 이상","","","","","","41","35","57","48","49","66","68","67","103","105","87",
"문정2동","합계","계","","","","","","279","279","287","298","339","361","438","476","536","540","534",
"문정2동","합계","65~79세","","","","","","196","196","180","220","245","240","312","339","367","362","364",
"문정2동","합계","80세 이상","","","","","","83","83","107","78","94","121","126","137","169","178","170",
"문정2동","국민기초생활보장 수급권자","계","","","","","","15","14","10","8","13","15","27","33","31","28","30",
"문정2동","국민기초생활보장 수급권자","65~79세","","","","","","11","12","10","8","12","14","18","24","20","17","22",
"문정2동","국민기초생활보장 수급권자","80세 이상","","","","","","4","2","0","0","1","1","9","9","11","11","8",
"문정2동","저소득노인","계","","","","","","6","7","6","2","1","2","6","4","8","4","3",
"문정2동","저소득노인","65~79세","","","","","","5","4","3","1","1","1","3","2","6","2","2",
"문정2동","저소득노인","80세 이상","","","","","","1","3","3","1","0","1","3","2","2","2","1",
"문정2동","일   반","계","","","","","","258","258","271","288","325","344","405","439","497","508","501",
"문정2동","일   반","65~79세","","","","","","180","180","167","211","232","225","291","313","341","343","340",
"문정2동","일   반","80세 이상","","","","","","78","78","104","77","93","119","114","126","156","165","161",
"장지동","합계","계","","","","","","712","712","663","740","735","745","802","894","1318","1355","1062",
"장지동","합계","65~79세","","","","","","549","549","484","508","557","578","615","693","981","1007","811",
"장지동","합계","80세 이상","","","","","","163","163","179","232","178","167","187","201","337","348","251",
"장지동","국민기초생활보장 수급권자","계","","","","","","82","98","100","108","161","114","218","286","338","368","396",
"장지동","국민기초생활보장 수급권자","65~79세","","","","","","59","74","75","77","104","84","140","187","224","239","261",
"장지동","국민기초생활보장 수급권자","80세 이상","","","","","","23","24","25","31","57","30","78","99","114","129","135",
"장지동","저소득노인","계","","","","","","30","29","34","39","38","88","33","24","18","17","9",
"장지동","저소득노인","65~79세","","","","","","22","18","20","23","21","61","19","14","10","15","7",
"장지동","저소득노인","80세 이상","","","","","","8","11","14","16","17","27","14","10","8","2","2",
"장지동","일   반","계","","","","","","600","585","529","593","536","543","551","584","962","970","657",
"장지동","일   반","65~79세","","","","","","468","457","389","408","432","433","456","492","747","753","543",
"장지동","일   반","80세 이상","","","","","","132","128","140","185","104","110","95","92","215","217","114",
"위례동","합계","계","","","","","","","113","112","249","243","256","322","405","675","711","548",
"위례동","합계","65~79세","","","","","","","90","73","167","186","196","274","334","522","553","446",
"위례동","합계","80세 이상","","","","","","","23","39","82","57","60","48","71","153","158","102",
"위례동","국민기초생활보장 수급권자","계","","","","","","","1","1","15","55","21","96","163","185","208","255",
"위례동","국민기초생활보장 수급권자","65~79세","","","","","","","0","0","11","32","12","56","113","127","142","175",
"위례동","국민기초생활보장 수급권자","80세 이상","","","","","","","1","1","4","23","9","40","50","58","66","80",
"위례동","저소득노인","계","","","","","","","4","7","10","12","25","15","19","21","21","16",
"위례동","저소득노인","65~79세","","","","","","","4","4","9","10","14","10","9","10","14","8",
"위례동","저소득노인","80세 이상","","","","","","","0","3","1","2","11","5","10","11","7","8",
"위례동","일   반","계","","","","","","","108","104","224","176","210","211","223","469","482","277",
"위례동","일   반","65~79세","","","","","","","86","69","147","144","170","208","212","385","397","263",
"위례동","일   반","80세 이상","","","","","","","22","35","77","32","40","3","11","84","85","14",
"잠실본동","합계","계","","","","","","578","578","601","618","686","780","888","943","1322","1388","1142",
"잠실본동","합계","65~79세","","","","","","478","478","459","510","547","640","744","781","1072","1138","932",
"잠실본동","합계","80세 이상","","","","","","100","100","142","108","139","140","144","162","250","250","210",
"잠실본동","국민기초생활보장 수급권자","계","","","","","","73","72","88","128","117","214","194","248","295","314","334",
"잠실본동","국민기초생활보장 수급권자","65~79세","","","","","","53","57","70","104","92","159","156","208","241","258","274",
"잠실본동","국민기초생활보장 수급권자","80세 이상","","","","","","20","15","18","24","25","55","38","40","54","56","60",
"잠실본동","저소득노인","계","","","","","","41","36","23","46","77","53","29","22","10","14","17",
"잠실본동","저소득노인","65~79세","","","","","","26","26","17","28","39","34","19","11","4","10","8",
"잠실본동","저소득노인","80세 이상","","","","","","15","10","6","18","38","19","10","11","6","4","9",
"잠실본동","일   반","계","","","","","","464","470","490","444","492","513","665","673","1017","1060","791",
"잠실본동","일   반","65~79세","","","","","","399","395","372","378","416","447","569","562","827","870","650",
"잠실본동","일   반","80세 이상","","","","","","65","75","118","66","76","66","96","111","190","190","141",
"잠실2동","합계","계","","","","","","358","358","382","379","404","408","486","526","502","495","533",
"잠실2동","합계","65~79세","","","","","","295","295","285","302","321","322","393","418","363","351","380",
"잠실2동","합계","80세 이상","","","","","","63","63","97","77","83","86","93","108","139","144","153",
"잠실2동","국민기초생활보장 수급권자","계","","","","","","1","5","5","2","5","6","9","11","12","8","10",
"잠실2동","국민기초생활보장 수급권자","65~79세","","","","","","1","4","5","1","2","2","4","6","6","2","4",
"잠실2동","국민기초생활보장 수급권자","80세 이상","","","","","","0","1","0","1","3","4","5","5","6","6","6",
"잠실2동","저소득노인","계","","","","","","5","4","4","2","5","7","3","3","4","3","2",
"잠실2동","저소득노인","65~79세","","","","","","4","2","2","1","4","6","1","","1","2","1",
"잠실2동","저소득노인","80세 이상","","","","","","1","2","2","1","1","1","2","3","3","1","1",
"잠실2동","일   반","계","","","","","","352","349","373","375","394","395","474","512","486","484","521",
"잠실2동","일   반","65~79세","","","","","","290","289","278","300","315","314","388","412","356","347","375",
"잠실2동","일   반","80세 이상","","","","","","62","60","95","75","79","81","86","100","130","137","146",
"잠실3동","합계","계","","","","","","503","503","548","561","561","607","704","737","728","736","765",
"잠실3동","합계","65~79세","","","","","","402","402","406","446","427","459","529","561","538","541","552",
"잠실3동","합계","80세 이상","","","","","","101","101","142","115","134","148","175","176","190","195","213",
"잠실3동","국민기초생활보장 수급권자","계","","","","","","11","11","10","9","10","13","16","22","22","20","15",
"잠실3동","국민기초생활보장 수급권자","65~79세","","","","","","9","8","8","7","8","9","11","11","12","10","9",
"잠실3동","국민기초생활보장 수급권자","80세 이상","","","","","","2","3","2","2","2","4","5","11","10","10","6",
"잠실3동","저소득노인","계","","","","","","9","6","5","4","4","1","4","6","6","6","3",
"잠실3동","저소득노인","65~79세","","","","","","4","2","2","2","3","1","3","3","3","1","1",
"잠실3동","저소득노인","80세 이상","","","","","","5","4","3","2","1","0","1","3","3","5","2",
"잠실3동","일   반","계","","","","","","483","486","533","548","547","593","684","709","700","710","747",
"잠실3동","일   반","65~79세","","","","","","389","392","396","437","416","449","515","547","523","530","542",
"잠실3동","일   반","80세 이상","","","","","","94","94","137","111","131","144","169","162","177","180","205",
"잠실4동","합계","계","","","","","","395","395","414","469","313","289","368","389","389","405","409",
"잠실4동","합계","65~79세","","","","","","298","298","286","324","239","224","292","304","286","297","298",
"잠실4동","합계","80세 이상","","","","","","97","97","128","145","74","65","76","85","103","108","111",
"잠실4동","국민기초생활보장 수급권자","계","","","","","","9","11","10","12","15","2","6","9","10","7","7",
"잠실4동","국민기초생활보장 수급권자","65~79세","","","","","","5","7","7","7","11","1","1","5","6","3","3",
"잠실4동","국민기초생활보장 수급권자","80세 이상","","","","","","4","4","3","5","4","1","5","4","4","4","4",
"잠실4동","저소득노인","계","","","","","","3","4","4","9","15","0","7","11","3","8","4",
"잠실4동","저소득노인","65~79세","","","","","","2","1","1","2","8","0","4","6","1","6","3",
"잠실4동","저소득노인","80세 이상","","","","","","1","3","3","7","7","0","3","5","2","2","1",
"잠실4동","일   반","계","","","","","","383","380","400","448","283","287","355","369","376","390","398",
"잠실4동","일   반","65~79세","","","","","","291","290","278","315","220","223","287","293","279","288","292",
"잠실4동","일   반","80세 이상","","","","","","92","90","122","133","63","64","68","76","97","102","106",
"잠실6동","합계","계","","","","","","258","258","253","251","271","270","310","343","360","371","375",
"잠실6동","합계","65~79세","","","","","","193","193","165","177","196","204","226","236","240","244","254",
"잠실6동","합계","80세 이상","","","","","","65","65","88","74","75","66","84","107","120","127","121",
"잠실6동","국민기초생활보장 수급권자","계","","","","","","4","3","2","3","4","5","3","5","10","16","12",
"잠실6동","국민기초생활보장 수급권자","65~79세","","","","","","3","3","2","0","2","3","1","4","8","11","9",
"잠실6동","국민기초생활보장 수급권자","80세 이상","","","","","","1","0","0","3","2","2","2","1","2","5","3",
"잠실6동","저소득노인","계","","","","","","3","3","1","0","1","1","3","2","3","3","3",
"잠실6동","저소득노인","65~79세","","","","","","2","1","0","0","0","1","1","","-","1","1",
"잠실6동","저소득노인","80세 이상","","","","","","1","2","1","0","1","0","2","2","3","2","2",
"잠실6동","일   반","계","","","","","","251","252","250","248","266","264","304","336","347","352","360",
"잠실6동","일   반","65~79세","","","","","","188","189","163","177","194","200","224","232","232","232","244",
"잠실6동","일   반","80세 이상","","","","","","63","63","87","71","72","64","80","104","115","120","116",
"잠실7동","합계","계","","","","","","209","209","219","196","214","227","249","247","260","264","275",
"잠실7동","합계","65~79세","","","","","","131","131","118","119","128","129","151","152","156","155","166",
"잠실7동","합계","80세 이상","","","","","","78","78","101","77","86","98","98","95","104","109","109",
"잠실7동","국민기초생활보장 수급권자","계","","","","","","1","1","2","3","4","3","2","4","4","4","4",
"잠실7동","국민기초생활보장 수급권자","65~79세","","","","","","1","1","2","2","3","2","2","2","2","2","2",
"잠실7동","국민기초생활보장 수급권자","80세 이상","","","","","","0","0","0","1","1","1","0","2","2","2","2",
"잠실7동","저소득노인","계","","","","","","1","0","1","2","2","1","2","1","-","-","-",
"잠실7동","저소득노인","65~79세","","","","","","0","0","0","2","0","0","0","","-","-","-",
"잠실7동","저소득노인","80세 이상","","","","","","1","0","1","0","2","1","2","1","-","-","-",
"잠실7동","일   반","계","","","","","","207","208","216","191","208","223","245","242","256","260","271",
"잠실7동","일   반","65~79세","","","","","","130","130","116","115","125","127","149","150","154","153","164",
"잠실7동","일   반","80세 이상","","","","","","77","78","100","76","83","96","96","92","102","107","107",
"강동구","합계","계","","8079","8422","8775","9305","10546","10984","11229","12055","12524","13191","14571","16059","17268","18520","22874",
"강동구","합계","65~79세","","6171","6678","6208","6598","8170","8444","8552","9307","9690","10398","11440","12716","13512","14392","17599",
"강동구","합계","80세 이상","","1908","1744","2567","2707","2376","2540","2677","2748","2834","2793","3131","3343","3756","4128","5275",
"강동구","국민기초생활보장 수급권자","계","","1483","1454","1283","1320","1483","1785","1724","2415","2304","2891","3686","4437","4977","5527","6213",
"강동구","국민기초생활보장 수급권자","65~79세","","1024","1025","812","1071","1094","1304","1262","1811","1694","2049","2575","3097","3422","3856","4414",
"강동구","국민기초생활보장 수급권자","80세 이상","","459","429","471","249","389","481","462","604","610","842","1111","1340","1555","1671","1799",
"강동구","저소득노인","계","","908","918","318","351","270","682","512","682","780","929","711","676","632","591","540",
"강동구","저소득노인","65~79세","","510","689","227","267","152","433","291","397","530","536","424","421","391","386","374",
"강동구","저소득노인","80세 이상","","398","229","91","84","118","249","221","285","250","393","287","255","241","205","166",
"강동구","일   반","계","","5688","6050","7174","7634","8793","8517","8993","8958","9440","9371","10174","10946","11659","12402","16121",
"강동구","일   반","65~79세","","4637","4964","5169","5260","6924","6707","6999","7099","7466","7813","8441","9198","9699","10150","12811",
"강동구","일   반","80세 이상","","1051","1086","2005","2374","1869","1810","1994","1859","1974","1558","1733","1748","1960","2252","3310",
"강일동","합계","계","","","","","","419","428","476","518","536","627","870","","","","",
"강일동","합계","65~79세","","","","","","323","329","357","397","423","471","676","","","","",
"강일동","합계","80세 이상","","","","","","96","99","119","121","113","156","194","","","","",
"강일동","국민기초생활보장 수급권자","계","","","","","","56","71","63","142","176","159","306","","","","",
"강일동","국민기초생활보장 수급권자","65~79세","","","","","","36","47","40","100","164","92","193","","","","",
"강일동","국민기초생활보장 수급권자","80세 이상","","","","","","20","24","23","42","12","67","113","","","","",
"강일동","저소득노인","계","","","","","","13","68","41","63","152","91","77","","","","",
"강일동","저소득노인","65~79세","","","","","","9","39","24","33","144","54","46","","","","",
"강일동","저소득노인","80세 이상","","","","","","4","29","17","30","8","37","31","","","","",
"강일동","일   반","계","","","","","","350","289","372","313","208","377","487","","","","",
"강일동","일   반","65~79세","","","","","","278","243","293","264","115","325","437","","","","",
"강일동","일   반","80세 이상","","","","","","72","46","79","49","93","52","50","","","","",
"강일동","합계","계","","","","","","","","","","","","","1091","1247","1357","1582",
"강일동","합계","65~79세","","","","","","","","","","","","","902","1006","1082","1239",
"강일동","합계","80세 이상","","","","","","","","","","","","","189","241","275","343",
"강일동","국민기초생활보장 수급권자","계","","","","","","","","","","","","","486","586","647","758",
"강일동","국민기초생활보장 수급권자","65~79세","","","","","","","","","","","","","352","407","455","529",
"강일동","국민기초생활보장 수급권자","80세 이상","","","","","","","","","","","","","134","179","192","229",
"강일동","저소득노인","계","","","","","","","","","","","","","67","76","68","66",
"강일동","저소득노인","65~79세","","","","","","","","","","","","","44","52","50","52",
"강일동","저소득노인","80세 이상","","","","","","","","","","","","","23","24","18","14",
"강일동","일   반","계","","","","","","","","","","","","","538","585","642","758",
"강일동","일   반","65~79세","","","","","","","","","","","","","506","547","577","658",
"강일동","일   반","80세 이상","","","","","","","","","","","","","32","38","65","100",
"상일동","합계","계","","","","","","469","450","304","286","336","455","513","","","","",
"상일동","합계","65~79세","","","","","","338","327","220","221","264","379","425","","","","",
"상일동","합계","80세 이상","","","","","","131","123","84","65","72","76","88","","","","",
"상일동","국민기초생활보장 수급권자","계","","","","","","39","51","36","51","48","70","90","","","","",
"상일동","국민기초생활보장 수급권자","65~79세","","","","","","23","34","21","31","37","50","57","","","","",
"상일동","국민기초생활보장 수급권자","80세 이상","","","","","","16","17","15","20","11","20","33","","","","",
"상일동","저소득노인","계","","","","","","11","15","10","13","15","28","20","","","","",
"상일동","저소득노인","65~79세","","","","","","5","7","7","7","8","11","8","","","","",
"상일동","저소득노인","80세 이상","","","","","","6","8","3","6","7","17","12","","","","",
"상일동","일   반","계","","","","","","419","384","258","222","273","357","403","","","","",
"상일동","일   반","65~79세","","","","","","310","286","192","183","219","318","360","","","","",
"상일동","일   반","80세 이상","","","","","","109","98","66","39","54","39","43","","","","",
"상일1동","합계","계","","","","","","","","","","","","","609","653","667","860",
"상일1동","합계","65~79세","","","","","","","","","","","","","507","526","534","667",
"상일1동","합계","80세 이상","","","","","","","","","","","","","102","127","133","193",
"상일1동","국민기초생활보장 수급권자","계","","","","","","","","","","","","","100","104","111","143",
"상일1동","국민기초생활보장 수급권자","65~79세","","","","","","","","","","","","","56","56","69","88",
"상일1동","국민기초생활보장 수급권자","80세 이상","","","","","","","","","","","","","44","48","42","55",
"상일1동","저소득노인","계","","","","","","","","","","","","","25","28","17","11",
"상일1동","저소득노인","65~79세","","","","","","","","","","","","","12","11","7","4",
"상일1동","저소득노인","80세 이상","","","","","","","","","","","","","13","17","10","7",
"상일1동","일   반","계","","","","","","","","","","","","","484","521","539","706",
"상일1동","일   반","65~79세","","","","","","","","","","","","","439","459","458","575",
"상일1동","일   반","80세 이상","","","","","","","","","","","","","45","62","81","131",
"상일2동","합계","계","","","","","","","","","","","","","392","446","463","519",
"상일2동","합계","65~79세","","","","","","","","","","","","","318","354","359","408",
"상일2동","합계","80세 이상","","","","","","","","","","","","","74","92","104","111",
"상일2동","국민기초생활보장 수급권자","계","","","","","","","","","","","","","139","212","237","258",
"상일2동","국민기초생활보장 수급권자","65~79세","","","","","","","","","","","","","92","143","158","175",
"상일2동","국민기초생활보장 수급권자","80세 이상","","","","","","","","","","","","","47","69","79","83",
"상일2동","저소득노인","계","","","","","","","","","","","","","32","39","43","47",
"상일2동","저소득노인","65~79세","","","","","","","","","","","","","22","26","30","32",
"상일2동","저소득노인","80세 이상","","","","","","","","","","","","","10","13","13","15",
"상일2동","일   반","계","","","","","","","","","","","","","221","195","183","214",
"상일2동","일   반","65~79세","","","","","","","","","","","","","204","185","171","201",
"상일2동","일   반","80세 이상","","","","","","","","","","","","","17","10","12","13",
"명일1동","합계","계","","","","","","531","522","534","538","510","593","656","701","765","823","1062",
"명일1동","합계","65~79세","","","","","","378","368","379","388","363","437","484","525","590","634","817",
"명일1동","합계","80세 이상","","","","","","153","154","155","150","147","156","172","176","175","189","245",
"명일1동","국민기초생활보장 수급권자","계","","","","","","33","48","42","67","64","81","113","115","129","152","158",
"명일1동","국민기초생활보장 수급권자","65~79세","","","","","","24","33","31","44","44","54","76","75","91","109","109",
"명일1동","국민기초생활보장 수급권자","80세 이상","","","","","","9","15","11","23","20","27","37","40","38","43","49",
"명일1동","저소득노인","계","","","","","","2","21","16","22","17","33","34","25","18","21","15",
"명일1동","저소득노인","65~79세","","","","","","2","13","10","10","9","19","19","12","8","12","9",
"명일1동","저소득노인","80세 이상","","","","","","0","8","6","12","8","14","15","13","10","9","6",
"명일1동","일   반","계","","","","","","496","453","476","449","429","479","509","561","618","650","889",
"명일1동","일   반","65~79세","","","","","","352","322","338","334","310","364","389","438","491","513","699",
"명일1동","일   반","80세 이상","","","","","","144","131","138","115","119","115","120","123","127","137","190",
"명일2동","합계","계","","","","","","231","263","250","261","233","277","309","331","351","372","481",
"명일2동","합계","65~79세","","","","","","161","177","160","165","160","194","212","241","260","272","359",
"명일2동","합계","80세 이상","","","","","","70","86","90","96","73","83","97","90","91","100","122",
"명일2동","국민기초생활보장 수급권자","계","","","","","","12","17","19","25","48","43","48","47","53","56","55",
"명일2동","국민기초생활보장 수급권자","65~79세","","","","","","12","14","15","21","29","23","25","21","26","29","30",
"명일2동","국민기초생활보장 수급권자","80세 이상","","","","","","0","3","4","4","19","20","23","26","27","27","25",
"명일2동","저소득노인","계","","","","","","8","24","14","15","25","22","16","5","7","8","6",
"명일2동","저소득노인","65~79세","","","","","","3","11","6","10","15","10","8","4","6","6","5",
"명일2동","저소득노인","80세 이상","","","","","","5","13","8","5","10","12","8","1","1","2","1",
"명일2동","일   반","계","","","","","","211","222","217","221","160","212","245","279","291","308","420",
"명일2동","일   반","65~79세","","","","","","146","152","139","134","116","161","179","216","228","237","324",
"명일2동","일   반","80세 이상","","","","","","65","70","78","87","44","51","66","63","63","71","96",
"고덕1동","합계","계","","","","","","251","264","272","342","317","372","386","419","440","476","611",
"고덕1동","합계","65~79세","","","","","","167","182","197","255","168","291","294","330","335","361","451",
"고덕1동","합계","80세 이상","","","","","","84","82","75","87","149","81","92","89","105","115","160",
"고덕1동","국민기초생활보장 수급권자","계","","","","","","46","55","151","62","83","94","99","105","130","142","147",
"고덕1동","국민기초생활보장 수급권자","65~79세","","","","","","28","34","89","39","45","55","52","57","72","80","96",
"고덕1동","국민기초생활보장 수급권자","80세 이상","","","","","","18","21","62","23","38","39","47","48","58","62","51",
"고덕1동","저소득노인","계","","","","","","37","20","24","32","7","35","28","22","19","23","19",
"고덕1동","저소득노인","65~79세","","","","","","24","15","14","21","5","23","21","16","12","12","9",
"고덕1동","저소득노인","80세 이상","","","","","","13","5","10","11","2","12","7","6","7","11","10",
"고덕1동","일   반","계","","","","","","168","189","97","248","227","243","259","292","291","311","445",
"고덕1동","일   반","65~79세","","","","","","115","133","94","195","118","213","221","257","251","269","346",
"고덕1동","일   반","80세 이상","","","","","","53","56","3","53","109","30","38","35","40","42","99",
"고덕2동","합계","계","","","","","","481","406","397","409","381","513","571","603","618","659","831",
"고덕2동","합계","65~79세","","","","","","355","277","270","274","260","378","422","467","480","518","651",
"고덕2동","합계","80세 이상","","","","","","126","129","127","135","121","135","149","136","138","141","180",
"고덕2동","국민기초생활보장 수급권자","계","","","","","","106","99","83","124","119","151","191","210","200","199","232",
"고덕2동","국민기초생활보장 수급권자","65~79세","","","","","","69","57","54","79","68","94","118","133","124","127","157",
"고덕2동","국민기초생활보장 수급권자","80세 이상","","","","","","37","42","29","45","51","57","73","77","76","72","75",
"고덕2동","저소득노인","계","","","","","","7","42","29","40","46","42","29","20","18","19","20",
"고덕2동","저소득노인","65~79세","","","","","","3","26","17","22","29","27","14","10","11","12","12",
"고덕2동","저소득노인","80세 이상","","","","","","4","16","12","18","17","15","15","10","7","7","8",
"고덕2동","일   반","계","","","","","","368","265","285","245","216","320","351","373","400","441","579",
"고덕2동","일   반","65~79세","","","","","","283","194","199","173","163","257","290","324","345","379","482",
"고덕2동","일   반","80세 이상","","","","","","85","71","86","72","53","63","61","49","55","62","97",
"암사1동","합계","계","","","","","","1045","1109","1138","1237","1191","1304","1476","1593","1714","1832","2201",
"암사1동","합계","65~79세","","","","","","830","881","878","956","940","1031","1173","1256","1328","1420","1666",
"암사1동","합계","80세 이상","","","","","","215","228","260","281","251","273","303","337","386","412","535",
"암사1동","국민기초생활보장 수급권자","계","","","","","","183","230","208","331","249","331","425","475","547","602","683",
"암사1동","국민기초생활보장 수급권자","65~79세","","","","","","135","171","152","243","169","239","303","332","371","417","482",
"암사1동","국민기초생활보장 수급권자","80세 이상","","","","","","48","59","56","88","80","92","122","143","176","185","201",
"암사1동","저소득노인","계","","","","","","24","71","52","66","62","79","79","82","72","62","53",
"암사1동","저소득노인","65~79세","","","","","","11","41","25","30","24","44","41","39","38","33","31",
"암사1동","저소득노인","80세 이상","","","","","","13","30","27","36","38","35","38","43","34","29","22",
"암사1동","일   반","계","","","","","","838","808","878","840","880","894","972","1036","1095","1168","1465",
"암사1동","일   반","65~79세","","","","","","684","669","701","683","747","748","829","885","919","970","1153",
"암사1동","일   반","80세 이상","","","","","","154","139","177","157","133","146","143","151","176","198","312",
"암사2동","합계","계","","","","","","305","314","330","324","315","355","380","436","463","485","601",
"암사2동","합계","65~79세","","","","","","227","234","250","261","251","283","301","349","356","365","426",
"암사2동","합계","80세 이상","","","","","","78","80","80","63","64","72","79","87","107","120","175",
"암사2동","국민기초생활보장 수급권자","계","","","","","","25","27","26","32","25","36","37","50","50","59","64",
"암사2동","국민기초생활보장 수급권자","65~79세","","","","","","12","17","16","20","17","26","25","35","39","47","48",
"암사2동","국민기초생활보장 수급권자","80세 이상","","","","","","13","10","10","12","8","10","12","15","11","12","16",
"암사2동","저소득노인","계","","","","","","8","14","11","9","2","25","5","7","5","8","9",
"암사2동","저소득노인","65~79세","","","","","","4","7","6","5","1","2","4","6","3","5","7",
"암사2동","저소득노인","80세 이상","","","","","","4","7","5","4","1","23","1","1","2","3","2",
"암사2동","일   반","계","","","","","","272","273","293","283","288","294","338","379","408","418","528",
"암사2동","일   반","65~79세","","","","","","211","210","228","236","233","255","272","308","314","313","371",
"암사2동","일   반","80세 이상","","","","","","61","63","65","47","55","39","66","71","94","105","157",
"암사3동","합계","계","","","","","","200","228","239","273","275","291","313","329","385","391","520",
"암사3동","합계","65~79세","","","","","","145","175","185","210","219","236","251","256","288","289","387",
"암사3동","합계","80세 이상","","","","","","55","53","54","63","56","55","62","73","97","102","133",
"암사3동","국민기초생활보장 수급권자","계","","","","","","11","15","10","21","33","30","39","49","50","40","43",
"암사3동","국민기초생활보장 수급권자","65~79세","","","","","","6","10","9","15","20","17","20","23","24","17","18",
"암사3동","국민기초생활보장 수급권자","80세 이상","","","","","","5","5","1","6","13","13","19","26","26","23","25",
"암사3동","저소득노인","계","","","","","","3","12","8","13","14","16","9","9","10","11","11",
"암사3동","저소득노인","65~79세","","","","","","2","5","4","3","8","10","4","3","5","4","4",
"암사3동","저소득노인","80세 이상","","","","","","1","7","4","10","6","6","5","6","5","7","7",
"암사3동","일   반","계","","","","","","186","201","221","239","228","245","265","271","325","340","466",
"암사3동","일   반","65~79세","","","","","","137","160","172","192","191","209","227","230","259","268","365",
"암사3동","일   반","80세 이상","","","","","","49","41","49","47","37","36","38","41","66","72","101",
"천호1동","합계","계","","","","","","912","976","1003","1131","1128","1233","1317","1396","1493","1595","1911",
"천호1동","합계","65~79세","","","","","","694","750","768","867","861","984","1047","1096","1172","1245","1475",
"천호1동","합계","80세 이상","","","","","","218","226","235","264","267","249","270","300","321","350","436",
"천호1동","국민기초생활보장 수급권자","계","","","","","","141","176","171","254","225","306","388","474","519","571","630",
"천호1동","국민기초생활보장 수급권자","65~79세","","","","","","107","136","137","206","173","234","286","336","371","410","464",
"천호1동","국민기초생활보장 수급권자","80세 이상","","","","","","34","40","34","48","52","72","102","138","148","161","166",
"천호1동","저소득노인","계","","","","","","28","55","44","64","57","89","65","62","60","49","45",
"천호1동","저소득노인","65~79세","","","","","","12","36","25","35","37","54","39","42","39","32","31",
"천호1동","저소득노인","80세 이상","","","","","","16","19","19","29","20","35","26","20","21","17","14",
"천호1동","일   반","계","","","","","","743","745","788","813","846","838","864","860","914","975","1236",
"천호1동","일   반","65~79세","","","","","","575","578","606","626","651","696","722","718","762","803","980",
"천호1동","일   반","80세 이상","","","","","","168","167","182","187","195","142","142","142","152","172","256",
"천호2동","합계","계","","","","","","1229","1309","1339","1482","1971","1538","1673","1683","1799","1912","2245",
"천호2동","합계","65~79세","","","","","","998","1064","1061","1199","1540","1253","1344","1362","1438","1515","1738",
"천호2동","합계","80세 이상","","","","","","231","245","278","283","431","285","329","321","361","397","507",
"천호2동","국민기초생활보장 수급권자","계","","","","","","243","273","240","379","414","429","535","593","658","740","803",
"천호2동","국민기초생활보장 수급권자","65~79세","","","","","","190","208","187","297","314","327","407","461","501","551","603",
"천호2동","국민기초생활보장 수급권자","80세 이상","","","","","","53","65","53","82","100","102","128","132","157","189","200",
"천호2동","저소득노인","계","","","","","","35","65","63","92","104","111","77","73","55","47","36",
"천호2동","저소득노인","65~79세","","","","","","18","44","34","55","70","75","53","47","38","36","30",
"천호2동","저소득노인","80세 이상","","","","","","17","21","29","37","34","36","24","26","17","11","6",
"천호2동","일   반","계","","","","","","951","971","1036","1011","1453","998","1061","1017","1086","1125","1406",
"천호2동","일   반","65~79세","","","","","","790","812","840","847","1156","851","884","854","899","928","1105",
"천호2동","일   반","80세 이상","","","","","","161","159","196","164","297","147","177","163","187","197","301",
"천호3동","합계","계","","","","","","919","993","1048","1135","1265","1219","1300","1348","1421","1497","1748",
"천호3동","합계","65~79세","","","","","","758","802","836","911","1001","967","1029","1077","1115","1161","1360",
"천호3동","합계","80세 이상","","","","","","161","191","212","224","264","252","271","271","306","336","388",
"천호3동","국민기초생활보장 수급권자","계","","","","","","188","224","227","295","334","371","429","461","509","552","618",
"천호3동","국민기초생활보장 수급권자","65~79세","","","","","","146","175","176","228","253","274","307","335","357","394","455",
"천호3동","국민기초생활보장 수급권자","80세 이상","","","","","","42","49","51","67","81","97","122","126","152","158","163",
"천호3동","저소득노인","계","","","","","","22","78","49","75","90","104","66","63","52","48","42",
"천호3동","저소득노인","65~79세","","","","","","16","62","35","55","65","76","50","48","35","31","29",
"천호3동","저소득노인","80세 이상","","","","","","6","16","14","20","25","28","16","15","17","17","13",
"천호3동","일   반","계","","","","","","709","691","772","765","841","744","805","824","860","897","1088",
"천호3동","일   반","65~79세","","","","","","596","565","625","628","683","617","672","694","723","736","876",
"천호3동","일   반","80세 이상","","","","","","113","126","147","137","158","127","133","130","137","161","212",
"성내1동","합계","계","","","","","","317","335","364","411","420","432","485","543","555","584","673",
"성내1동","합계","65~79세","","","","","","244","255","277","318","358","351","386","431","430","452","520",
"성내1동","합계","80세 이상","","","","","","73","80","87","93","62","81","99","112","125","132","153",
"성내1동","국민기초생활보장 수급권자","계","","","","","","17","21","22","45","34","54","68","80","77","83","102",
"성내1동","국민기초생활보장 수급권자","65~79세","","","","","","11","13","18","33","26","43","51","54","50","54","65",
"성내1동","국민기초생활보장 수급권자","80세 이상","","","","","","6","8","4","12","8","11","17","26","27","29","37",
"성내1동","저소득노인","계","","","","","","3","6","3","8","8","5","6","9","8","10","9",
"성내1동","저소득노인","65~79세","","","","","","3","2","1","2","3","3","5","8","5","8","5",
"성내1동","저소득노인","80세 이상","","","","","","0","4","2","6","5","2","1","1","3","2","4",
"성내1동","일   반","계","","","","","","297","308","339","358","378","373","411","454","470","491","562",
"성내1동","일   반","65~79세","","","","","","230","240","258","283","329","305","330","369","375","390","450",
"성내1동","일   반","80세 이상","","","","","","67","68","81","75","49","68","81","85","95","101","112",
"성내2동","합계","계","","","","","","804","812","839","947","932","1067","1159","1206","1294","1404","1660",
"성내2동","합계","65~79세","","","","","","675","661","681","768","756","855","920","941","1001","1075","1267",
"성내2동","합계","80세 이상","","","","","","129","151","158","179","176","212","239","265","293","329","393",
"성내2동","국민기초생활보장 수급권자","계","","","","","","135","161","140","195","138","222","266","300","342","384","442",
"성내2동","국민기초생활보장 수급권자","65~79세","","","","","","108","129","108","148","102","153","193","207","239","268","315",
"성내2동","국민기초생활보장 수급권자","80세 이상","","","","","","27","32","32","47","36","69","73","93","103","116","127",
"성내2동","저소득노인","계","","","","","","24","50","31","44","47","73","61","54","45","49","50",
"성내2동","저소득노인","65~79세","","","","","","16","30","19","32","36","44","38","36","28","34","37",
"성내2동","저소득노인","80세 이상","","","","","","8","20","12","12","11","29","23","18","17","15","13",
"성내2동","일   반","계","","","","","","645","601","668","708","747","772","832","852","907","971","1168",
"성내2동","일   반","65~79세","","","","","","551","502","554","588","618","658","689","698","734","773","915",
"성내2동","일   반","80세 이상","","","","","","94","99","114","120","129","114","143","154","173","198","253",
"성내3동","합계","계","","","","","","568","599","598","653","630","682","761","842","874","973","1170",
"성내3동","합계","65~79세","","","","","","461","472","473","518","503","543","607","659","679","755","900",
"성내3동","합계","80세 이상","","","","","","107","127","125","135","127","139","154","183","195","218","270",
"성내3동","국민기초생활보장 수급권자","계","","","","","","62","74","72","97","65","115","155","167","180","217","254",
"성내3동","국민기초생활보장 수급권자","65~79세","","","","","","51","58","56","72","44","83","113","122","127","162","192",
"성내3동","국민기초생활보장 수급권자","80세 이상","","","","","","11","16","16","25","21","32","42","45","53","55","62",
"성내3동","저소득노인","계","","","","","","11","39","27","31","30","40","32","33","37","32","28",
"성내3동","저소득노인","65~79세","","","","","","9","28","15","19","15","16","16","17","21","23","23",
"성내3동","저소득노인","80세 이상","","","","","","2","11","12","12","15","24","16","16","16","9","5",
"성내3동","일   반","계","","","","","","495","486","499","525","535","527","574","642","657","724","888",
"성내3동","일   반","65~79세","","","","","","401","386","402","427","444","444","478","520","531","570","685",
"성내3동","일   반","80세 이상","","","","","","94","100","97","98","91","83","96","122","126","154","203",
"길동","합계","계","","","","","","1011","1073","1162","1274","1343","1455","1572","1719","1914","2119","2511",
"길동","합계","65~79세","","","","","","795","836","885","974","1058","1153","1232","1370","1514","1666","1945",
"길동","합계","80세 이상","","","","","","216","237","277","300","285","302","340","349","400","453","566",
"길동","국민기초생활보장 수급권자","계","","","","","","122","154","142","196","175","264","337","410","461","556","613",
"길동","국민기초생활보장 수급권자","65~79세","","","","","","94","117","108","158","131","198","242","296","323","403","451",
"길동","국민기초생활보장 수급권자","80세 이상","","","","","","28","37","34","38","44","66","95","114","138","153","162",
"길동","저소득노인","계","","","","","","25","51","46","50","71","77","58","49","52","40","44",
"길동","저소득노인","65~79세","","","","","","11","34","24","31","43","42","33","32","37","27","33",
"길동","저소득노인","80세 이상","","","","","","14","17","22","19","28","35","25","17","15","13","11",
"길동","일   반","계","","","","","","864","868","974","1028","1097","1114","1177","1260","1401","1523","1854",
"길동","일   반","65~79세","","","","","","690","685","753","785","884","913","957","1042","1154","1236","1461",
"길동","일   반","80세 이상","","","","","","174","183","221","243","213","201","220","218","247","287","393",
"둔촌1동","합계","계","","","","","","241","238","247","87","0","3","1","3","2","3","564",
"둔촌1동","합계","65~79세","","","","","","162","159","168","64","0","2","0","2","1","2","476",
"둔촌1동","합계","80세 이상","","","","","","79","79","79","23","0","1","1","1","1","1","88",
"둔촌1동","국민기초생활보장 수급권자","계","","","","","","8","11","7","2","0","0","0","1","1","2","7",
"둔촌1동","국민기초생활보장 수급권자","65~79세","","","","","","4","4","2","2","0","0","0","0","1","1","4",
"둔촌1동","국민기초생활보장 수급권자","80세 이상","","","","","","4","7","5","0","0","0","0","1","-","1","3",
"둔촌1동","저소득노인","계","","","","","","1","10","7","1","0","0","0","0","-","-","2",
"둔촌1동","저소득노인","65~79세","","","","","","0","7","4","0","0","0","0","","-","-","-",
"둔촌1동","저소득노인","80세 이상","","","","","","1","3","3","1","0","0","0","","-","-","2",
"둔촌1동","일   반","계","","","","","","232","217","233","84","0","3","1","2","1","1","555",
"둔촌1동","일   반","65~79세","","","","","","158","148","162","62","0","2","0","2","-","1","472",
"둔촌1동","일   반","80세 이상","","","","","","74","69","71","22","0","1","1","0","1","-","83",
"둔촌2동","합계","계","","","","","","613","665","689","747","741","775","829","815","834","908","1124",
"둔촌2동","합계","65~79세","","","","","","459","495","507","561","565","590","637","627","639","687","847",
"둔촌2동","합계","80세 이상","","","","","","154","170","182","186","176","185","192","188","195","221","277",
"둔촌2동","국민기초생활보장 수급권자","계","","","","","","56","78","65","97","74","135","160","175","169","177","203",
"둔촌2동","국민기초생활보장 수급권자","65~79세","","","","","","38","47","43","75","58","87","107","110","100","105","133",
"둔촌2동","국민기초생활보장 수급권자","80세 이상","","","","","","18","31","22","22","16","48","53","65","69","72","70",
"둔촌2동","저소득노인","계","","","","","","8","41","37","44","33","59","49","39","31","36","27",
"둔촌2동","저소득노인","65~79세","","","","","","4","26","21","27","18","26","25","23","16","24","21",
"둔촌2동","저소득노인","80세 이상","","","","","","4","15","16","17","15","33","24","16","15","12","6",
"둔촌2동","일   반","계","","","","","","549","546","587","606","634","581","620","601","634","695","894",
"둔촌2동","일   반","65~79세","","","","","","417","422","443","459","489","477","505","494","523","558","693",
"둔촌2동","일   반","80세 이상","","","","","","132","124","144","147","145","104","115","107","111","137","201